,episode,reward
0,0,-0.77241667474064
1,1,-0.93549025974899
2,2,-0.93549025974899
3,3,-0.6229925719125067
4,4,-0.93549025974899
5,5,-0.8846291465478249
6,6,-0.93549025974899
7,7,-0.93549025974899
8,8,-0.93549025974899
9,9,-0.93549025974899
10,10,-0.93549025974899
11,11,-0.93549025974899
12,12,-0.93549025974899
13,13,-0.93549025974899
14,14,-0.804607774923932
15,15,-0.93549025974899
16,16,-0.93549025974899
17,17,-0.6323990495981366
18,18,-0.7074602459631087
19,19,-0.93549025974899
20,20,-0.9334033393850021
21,21,-0.8057515441698797
22,22,-0.93549025974899
23,23,-0.93549025974899
24,24,-0.93549025974899
25,25,-0.93549025974899
26,26,-0.93549025974899
27,27,-0.93549025974899
28,28,-0.93549025974899
29,29,-0.93549025974899
30,30,-0.93549025974899
31,31,-0.5965270213460361
32,32,-0.882786469240564
33,33,-0.9188937324275521
34,34,-0.93549025974899
35,35,-0.93549025974899
36,36,-0.93549025974899
37,37,-0.93549025974899
38,38,-0.8722338613461105
39,39,-0.93549025974899
40,40,-0.6250818697627825
41,41,-0.93549025974899
42,42,-0.93549025974899
43,43,-0.93549025974899
44,44,-0.7338183701215435
45,45,-0.93549025974899
46,46,-0.93549025974899
47,47,-0.7882807623886094
48,48,-0.9350743292615835
49,49,-0.8543807988061793
50,50,-0.93549025974899
51,51,-0.93549025974899
52,52,-0.93549025974899
53,53,-0.93549025974899
54,54,-0.93549025974899
55,55,-0.93549025974899
56,56,-0.93549025974899
57,57,-0.93549025974899
58,58,-0.93549025974899
59,59,-0.93549025974899
60,60,-0.93549025974899
61,61,-0.93549025974899
62,62,-0.93549025974899
63,63,-0.93549025974899
64,64,-0.93549025974899
65,65,-0.93549025974899
66,66,-0.93549025974899
67,67,-0.93549025974899
68,68,-0.93549025974899
69,69,-0.93549025974899
70,70,-0.93549025974899
71,71,-0.733671086925904
72,72,-0.93549025974899
73,73,-0.5891816000387409
74,74,-0.7228263820832925
75,75,-0.8308539838865165
76,76,-0.6947808820725232
77,77,-0.6855303409182092
78,78,-0.93549025974899
79,79,-0.7111356432813842
80,80,-0.6299886067512972
81,81,-0.6597564195060048
82,82,-0.5285150710180475
83,83,-0.827110004251427
84,84,-0.526520342666732
85,85,-0.8699375594067877
86,86,-0.93549025974899
87,87,-0.5462002991867401
88,88,-0.46990852168440744
89,89,-0.93549025974899
90,90,-0.467495658275054
91,91,-0.4740598925939743
92,92,-0.599441359367427
93,93,-0.5022066696070215
94,94,-0.49582780161517315
95,95,-0.4674336375531099
96,96,-0.7129831958833055
97,97,-0.37352767086927774
98,98,-0.3063900076019472
99,99,-0.4796932126598432
100,100,-0.46625221661346616
101,101,-0.24356837454460312
102,102,-0.46600670827561974
103,103,-0.655757732959561
104,104,-0.367598372801087
105,105,-0.5611591443869703
106,106,-0.5565620065875301
107,107,-1.1668882909960079
108,108,-0.45711311408404187
109,109,-0.28119083665668443
110,110,-0.3360946242058649
111,111,-0.47639560540630477
112,112,-0.2546429568572678
113,113,-0.3750735493167241
114,114,-0.2259011090377322
115,115,-0.4436527339561014
116,116,-0.4682327878152197
117,117,-0.41797012611799644
118,118,-1.157799497621328
119,119,-0.2839953769894237
120,120,-0.5541221809884878
121,121,-0.7328491010674814
122,122,-1.2120787060380351
123,123,-0.5583715822895035
124,124,-0.5813619790744462
125,125,-0.8876068575149998
126,126,-0.7315574806108432
127,127,-0.9783947923653208
128,128,-0.8892704158948731
129,129,-0.5252751247313387
130,130,-0.4058817881155652
131,131,-1.5689746140217053
132,132,-0.40335544781591537
133,133,-0.7958618070850461
134,134,-0.7611301122928166
135,135,-0.8147190598712093
136,136,-1.2591081512687128
137,137,-0.5108439806234366
138,138,-0.5308024660920379
139,139,-0.617314221634178
140,140,-0.6453002214078529
141,141,-0.5953174732722382
142,142,-0.7101103835653304
143,143,-7.051681511539609
144,144,-0.5555708975984897
145,145,-1.0916084659061553
146,146,-0.4571779338425319
147,147,-0.5493121861673035
148,148,-0.6674034072797436
149,149,-0.6182137361593552
150,150,-0.46960289166087854
151,151,-5.352206594124636
152,152,-0.7874086638480603
153,153,-0.6249941938122081
154,154,-0.8406307450987596
155,155,-0.6326164862737182
156,156,-6.900223884777139
157,157,-0.5265302666709619
158,158,-0.4876065107754468
159,159,-0.7783772329486571
160,160,-0.8352155226420468
161,161,-0.9154824924987156
162,162,-1.1732890331110757
163,163,-0.8066359575017297
164,164,-0.9779693359866882
165,165,-1.2485903588156493
166,166,-7.069108825595383
167,167,-1.1075757515121265
168,168,-0.8400267473845907
169,169,-0.7507717699357848
170,170,-15.163120364379933
171,171,-1.5230196061307186
172,172,-2.111697559577289
173,173,-2.3118395709975204
174,174,-1.9244674713764756
175,175,-1.6098980448987419
176,176,-1.205753410102135
177,177,-2.196762887017586
178,178,-1.2193076684833262
179,179,-1.4821851068971572
180,180,-1.0509395380373587
181,181,-1.6743544226136127
182,182,-1.8074784263505084
183,183,-1.6359538178111421
184,184,-0.8962236656392637
185,185,-1.6395389369470994
186,186,-1.6494232428295508
187,187,-1.2654275531327688
188,188,-2.409010885334384
189,189,-1.3320111081885546
190,190,-1.3216933564391287
191,191,-1.0712046822396477
192,192,-1.056954061975448
193,193,-1.6925522986823172
194,194,-1.1453272768162837
195,195,-1.1063530840213165
196,196,-1.1257605658462584
197,197,-1.1398270526305172
198,198,-1.937703624156848
199,199,-1.983653785304364
200,200,-1.4166486563757648
201,201,-1.3939551589157464
202,202,-1.442727530898269
203,203,-1.799637051710862
204,204,-0.8431884927189106
205,205,-1.281745431947984
206,206,-1.765712886598715
207,207,-1.368504929477341
208,208,-0.9928951126108689
209,209,-1.1337349063262128
210,210,-1.0803339699999928
211,211,-0.7079006276006456
212,212,-0.884079139355082
213,213,-0.8193038029353552
214,214,-0.6973681551618984
215,215,-0.8602740378469953
216,216,-0.6868836013330117
217,217,-0.5905994433953943
218,218,-0.9093301269251732
219,219,-0.6687813724291836
220,220,-0.5709989701203306
221,221,-0.7268932790413647
222,222,-0.5747897471409438
223,223,-0.5430067483841619
224,224,-0.8996455469245124
225,225,-0.7543148556683494
226,226,-1.1130088735155486
227,227,-0.6919360359689115
228,228,-0.9171485856553154
229,229,-0.8080588434832681
230,230,-0.7498064171263685
231,231,-0.5516130142741305
232,232,-0.5280807125670552
233,233,-0.6599507727888501
234,234,-0.4675144113968317
235,235,-0.5486552471636892
236,236,-0.6441927902097611
237,237,-0.46573850948926504
238,238,-0.5291084763220688
239,239,-0.4657774429989794
240,240,-0.48016636293354864
241,241,-0.6768459115547376
242,242,-0.4698289830366773
243,243,-0.6972123111123896
244,244,-0.5424084588887812
245,245,-0.5219301867105686
246,246,-0.4708985242270842
247,247,-0.5383287904568181
248,248,-0.6675753801529485
249,249,-0.4717950290205244
250,250,-0.6028481264673591
251,251,-0.49982704032666314
252,252,-0.5906043136974639
253,253,-0.5118400214247334
254,254,-0.6164965462165473
255,255,-0.5475965066532269
256,256,-0.69476571339972
257,257,-0.47340968163480346
258,258,-0.5325035944766121
259,259,-0.6147676177628547
260,260,-0.5664706992916835
261,261,-0.5006928147775782
262,262,-0.5202738971216494
263,263,-0.612977423740654
264,264,-0.8104361729825662
265,265,-0.6064397182331227
266,266,-0.48387834914727545
267,267,-0.7333234410044316
268,268,-0.5621010497295722
269,269,-0.5894110231371776
270,270,-0.14824583299997585
271,271,-0.5612176781017642
272,272,-0.5449583768415658
273,273,-0.533623024075768
274,274,-0.35179173853221357
275,275,-0.524876658910296
276,276,-0.7915034180384772
277,277,-0.46581201539552997
278,278,-0.09210977518921215
279,279,-0.7489915136385097
280,280,-0.5180558842923824
281,281,-0.5315227189225915
282,282,-0.6476419363326507
283,283,-0.33710036529365306
284,284,-0.1756139137915813
285,285,-0.41426700307254205
286,286,-0.2823393719790418
287,287,-0.48705955182598093
288,288,-0.43598678623607867
289,289,-0.4412379327443521
290,290,-0.46654627288907996
291,291,-0.41849922133348116
292,292,-0.24036709753561425
293,293,-0.3264006949424787
294,294,-0.47398617677489563
295,295,-0.36090515845005733
296,296,-0.08664753870847974
297,297,-0.2858283460593225
298,298,-0.21379032228499284
299,299,-0.2063728964173528
300,300,-0.2550181276074862
301,301,-0.09823140850078682
302,302,-0.6050464816065872
303,303,-0.12591493569967094
304,304,-0.3061771491405758
305,305,-0.2725338171990348
306,306,-0.25942579380936537
307,307,-0.13820266056873864
308,308,-0.1554693944938146
309,309,-0.05036402910260352
310,310,-0.03458693503787753
311,311,-0.3957059953990165
312,312,-0.02918051458909876
313,313,-0.049155160577140755
314,314,-0.027667076982315075
315,315,-0.08466971282347036
316,316,-0.16590188918025045
317,317,-0.31262980595471435
318,318,-0.20511058168229157
319,319,-0.04467319805288117
320,320,-0.003173190852170162
321,321,-0.17315912454425053
322,322,-0.21090597840963854
323,323,-0.2652774774513049
324,324,-0.17924819232650835
325,325,-0.06472377139835842
326,326,-0.03833807508613547
327,327,-0.15607652845148678
328,328,-0.04307731497481804
329,329,-0.0306803513182905
330,330,-0.3163846671546082
331,331,-0.23965327173120266
332,332,-0.4574398193189726
333,333,-0.08667901165570105
334,334,-0.05313614891694274
335,335,-0.16509918385855693
336,336,-0.1966130528942327
337,337,-0.0975506858964158
338,338,-0.05877074354266121
339,339,-0.43556415853683206
340,340,-0.018857819079358684
341,341,-0.1331561386881046
342,342,-0.13851318216129105
343,343,-0.14213344879949696
344,344,-0.4710698512017948
345,345,-0.16850517380168395
346,346,-0.19432420143388934
347,347,-0.17495821541049006
348,348,-0.199698008266735
349,349,-0.34370491397886527
350,350,-0.0348363050013742
351,351,-0.4556350305673118
352,352,-0.014872261473562048
353,353,-0.1026129692895115
354,354,-0.126828112532686
355,355,-0.3192027982820793
356,356,-0.018257561812768608
357,357,-0.1295945673344262
358,358,-0.25098738600638315
359,359,-0.06937683741082923
360,360,-0.3475070098207187
361,361,-0.8878931364481222
362,362,-0.5123791182455903
363,363,-0.14183814659295368
364,364,-0.07176205374550604
365,365,-0.41254409611891063
366,366,-0.2867633768916171
367,367,-0.4882729275060065
368,368,-0.13921385150075594
369,369,-0.2908615121249928
370,370,-0.5116765417530988
371,371,-0.4374783560234512
372,372,-1.0113741436559298
373,373,-0.5261302884342602
374,374,-0.5669974798771111
375,375,-0.6624132079294363
376,376,-0.38962086598706414
377,377,-0.3327084262067168
378,378,-0.7130193001385425
379,379,-0.6684166540859469
380,380,-0.8704925308497042
381,381,-0.5106474393578413
382,382,-0.45216397868792946
383,383,-0.42433054486581234
384,384,-0.471218313309814
385,385,-0.47051219621628926
386,386,-0.9345336667992754
387,387,-0.7932953570419574
388,388,-0.8783050144397411
389,389,-0.5675684364805922
390,390,-0.572055084070549
391,391,-0.6183800180776178
392,392,-0.41011237546007706
393,393,-0.31601880846329244
394,394,-1.2319463118711838
395,395,-0.2772430750551025
396,396,-1.0095426162753895
397,397,-0.8549711855955255
398,398,-0.8651809953561429
399,399,-0.7344533905065891
400,400,-0.28232537209275155
401,401,-0.5635077956939671
402,402,-0.7413396612585395
403,403,-0.7371649115319361
404,404,-0.8106345777177073
405,405,-0.7206838894185541
406,406,-1.1467311154960234
407,407,-0.5678517212418104
408,408,-0.39056832701145305
409,409,-0.9024148709224651
410,410,-0.8655710801989702
411,411,-1.3130321746142073
412,412,-0.9085483019385396
413,413,-1.994965031500442
414,414,-0.3622383985138655
415,415,-1.124656744961312
416,416,-1.4312261129870638
417,417,-0.1022265070919593
418,418,-1.0691163908131234
419,419,-1.4084842514636993
420,420,-0.35578049311260085
421,421,-1.25400249050543
422,422,-0.7381812924045903
423,423,-0.4609959594663593
424,424,-0.29232302925975173
425,425,-10.956120865129447
426,426,-0.6126303207611984
427,427,-0.8243311189201937
428,428,-1.3285024660711233
429,429,-0.9400877307712818
430,430,-0.7809798010844768
431,431,-0.8964669930675245
432,432,-0.38086975105640697
433,433,-0.8681165909859409
434,434,-0.538926884731633
435,435,-0.9771820142346171
436,436,-1.253050234971548
437,437,-1.0454896210746245
438,438,-0.45146483527100045
439,439,-0.17744492631530884
440,440,-0.6625886011560524
441,441,-0.8869751400778771
442,442,-0.7209922475963144
443,443,-0.5729240238459288
444,444,-0.805261186700001
445,445,-0.5348165726493824
446,446,-0.720211748377275
447,447,-6.691614975559553
448,448,-0.7365456652429803
449,449,-0.6375968123325468
450,450,-0.2890001373405636
451,451,-0.8403704858226072
452,452,-1.4612671732176707
453,453,-0.6999499998322065
454,454,-0.8492257215899781
455,455,-0.30795962288635126
456,456,-0.6727823696262831
457,457,-0.7661813753938268
458,458,-1.0360745862710905
459,459,-1.026934258336613
460,460,-0.5230978658937647
461,461,-0.4011467052865556
462,462,-0.24157184777971397
463,463,-0.5990600767980214
464,464,-0.37701603220208785
465,465,-0.45396034237606075
466,466,-0.22000672452655623
467,467,-0.5994046464454801
468,468,-0.4294548030561183
469,469,-0.48828172251516405
470,470,-0.25618967113204905
471,471,-8.615038683060051
472,472,-0.40161197687145256
473,473,-0.07929701693003688
474,474,-0.19510919160738993
475,475,-0.6273996991135178
476,476,-0.1682727861001787
477,477,-0.2755399809024546
478,478,-0.518184259619094
479,479,-0.2786578754400115
480,480,-0.35220786586698916
481,481,-0.10019052257096428
482,482,-0.0763283650003368
483,483,-0.20226792087318393
484,484,-0.13298044213882945
485,485,-0.2073079715318702
486,486,-0.11979385667761022
487,487,-0.06395285869085754
488,488,-0.14069418708018055
489,489,-0.08828104083608013
490,490,-0.17543470830352215
491,491,-0.16020018383964274
492,492,-0.11690461048937184
493,493,-0.3006767920643725
494,494,-0.06557305201374547
495,495,-0.20124847205869623
496,496,-0.061311502185342204
497,497,-0.25470099157075154
498,498,-0.04561198142661163
499,499,-0.01939038020898079
500,500,-0.0839853725650892
501,501,-0.09663820495187395
502,502,-0.1309903376909768
503,503,-0.066036368742064
504,504,-0.45713979885051437
505,505,-0.09361831484685901
506,506,-0.4113291995409103
507,507,-0.15271154803800624
508,508,-0.018384876612863033
509,509,-0.004151930933113085
510,510,-0.3409655934390603
511,511,-0.3308139657014699
512,512,-0.09053182359332468
513,513,-0.3138547983202078
514,514,-0.07417665423654007
515,515,-0.0916957077441232
516,516,-0.4463531228567998
517,517,-0.3935450102729767
518,518,-0.020866437316766184
519,519,-0.11683943463766733
520,520,-0.21293955015804755
521,521,-0.06449426276685044
522,522,-0.049046434165572084
523,523,-0.07977027969788175
524,524,-0.5354068987248333
525,525,-0.5203141066023864
526,526,-0.0394791033790709
527,527,-0.21663975760207382
528,528,-0.19966991722253802
529,529,-0.05798628041627832
530,530,-0.21797583178104674
531,531,-0.31026374149552716
532,532,-0.027279026821811356
533,533,-0.28723776742173257
534,534,-0.45243272270107093
535,535,-0.03760388738911316
536,536,-0.46933489532561723
537,537,-0.024033790467689053
538,538,-0.03531279100902884
539,539,-0.2739642316833444
540,540,-0.10950353741848717
541,541,-0.10155325412829577
542,542,-0.16738523782571602
543,543,-0.08138290732969233
544,544,-0.3592386263350803
545,545,-0.10129122259014345
546,546,-0.3411054718656309
547,547,-0.07191174750117393
548,548,-0.04513002722993209
549,549,-0.009942157001048418
550,550,-0.23088356734378757
551,551,-0.2305615144236555
552,552,-0.10938939202158976
553,553,-0.050798060142082324
554,554,-0.04762530623165076
555,555,-0.34349147371906696
556,556,-0.1384157069680341
557,557,-0.26511645282583096
558,558,-0.15246854634739737
559,559,-0.37888661742804985
560,560,-0.5013455893268919
561,561,-0.5007839443042941
562,562,-0.38861012905664305
563,563,-0.06965821359422364
564,564,-0.29508149653461047
565,565,-0.029448690572765918
566,566,-0.21299792689457497
567,567,-0.499361714908213
568,568,-0.334194960044091
569,569,-0.2477423558394669
570,570,-0.25470954187935746
571,571,-0.20495929044235517
572,572,-0.2463539453523289
573,573,-0.006261210838546721
574,574,-0.3241349521044441
575,575,-0.19717199584296674
576,576,-0.47289754123694916
577,577,-0.31201348809942353
578,578,-0.1453882735596168
579,579,-0.06625328801798114
580,580,-0.4682020748710639
581,581,-0.21959065663617539
582,582,-0.2935397180939305
583,583,-0.0846071793942742
584,584,-0.13886441916562392
585,585,-0.09021620021726351
586,586,-0.20262687048789443
587,587,-0.008056751526008071
588,588,-0.17880370206860177
589,589,-0.5740487071909275
590,590,-0.08685896540169269
591,591,-0.12937575576494487
592,592,-0.13966237676011642
593,593,-0.11470913188122767
594,594,-0.19559504433420516
595,595,-0.35874520303491586
596,596,-0.03374678516989289
597,597,-0.1300303757108101
598,598,-0.1445312703258086
599,599,-0.93549025974899
600,600,-0.46728184711101806
601,601,-0.7855557359654775
602,602,-0.3316754334022983
603,603,-0.10093818670955479
604,604,-0.12308381905637589
605,605,-0.10561834501557243
606,606,-0.2363877202783602
607,607,-0.03742168574700111
608,608,-0.09102446873054373
609,609,-0.3288583968771698
610,610,-0.4502055492649647
611,611,-0.3080338409187817
612,612,-0.11721752985225209
613,613,-0.07210446465778667
614,614,-0.15622822626657634
615,615,-0.04599007148188905
616,616,-0.05675380894203897
617,617,-0.1609351023981227
618,618,-0.007789298396423533
619,619,-0.09636958496706294
620,620,-0.005390114092248995
621,621,-0.03441450557401063
622,622,-0.0575224784982136
623,623,-0.006280164593620748
624,624,-0.05910878680978515
625,625,-0.009138321216788176
626,626,-0.052329022946954185
627,627,-0.012863576281603728
628,628,-0.10626707211987088
629,629,-0.24970176715961578
630,630,-0.10554882523171694
631,631,-0.08637962049389225
632,632,-0.09349770635639354
633,633,-0.14500486175332883
634,634,-0.21090820194857018
635,635,-0.05299239635185027
636,636,-0.084789410621259
637,637,-0.28355408529207127
638,638,-0.33540063526774055
639,639,-0.014114719159510458
640,640,-0.015337098319312958
641,641,-0.04700198303002978
642,642,-0.005787265026687673
643,643,-8.831808135216274e-05
644,644,-0.09267870663699551
645,645,-0.011171221750238908
646,646,-0.05355212858604341
647,647,-0.20918943013592584
648,648,-0.14124784818389796
649,649,-0.03454117503028223
650,650,-0.0909196382373825
651,651,-0.004025792713842985
652,652,-0.1555834092955508
653,653,-0.07365197674170876
654,654,-0.25413124144975185
655,655,-0.04187483435307826
656,656,-0.22217443860055264
657,657,-0.11841324120794733
658,658,-0.06983974269074489
659,659,-0.00866671104562912
660,660,-0.020991876922440207
661,661,-0.020314615369077367
662,662,-0.08885420035698033
663,663,-0.018161539837736496
664,664,-0.49015544639321895
665,665,-0.19427583218413824
666,666,-0.21856991356661581
667,667,-0.06389204514165028
668,668,-0.03675243128292838
669,669,-0.178726228469006
670,670,-0.24277126231087148
671,671,-0.15286631502313242
672,672,-0.07491355512666376
673,673,-0.17064045589253063
674,674,-0.14406995964421856
675,675,-0.16227308808819896
676,676,-0.031109343193769345
677,677,-0.03398178169857194
678,678,-0.3225165543418598
679,679,-0.25604146872067135
680,680,-0.04613012291715471
681,681,-0.035529560347597244
682,682,-0.048213267414277255
683,683,-0.14087475495937385
684,684,-0.15528874249015978
685,685,-0.033519040704587555
686,686,-0.06896181564300266
687,687,-0.021569320013392485
688,688,-0.03483196358772179
689,689,-0.09214136943064677
690,690,-0.028895226683948894
691,691,-0.13800668991858445
692,692,-0.11857851845812784
693,693,-0.0836991015365266
694,694,-0.12665437428631243
695,695,-0.060679940203154925
696,696,-0.04009231745699715
697,697,-0.30140943852345403
698,698,-0.010611219788916881
699,699,-0.16820226959034357
700,700,-0.19318157985035755
701,701,-0.11614616006120082
702,702,-0.00561853829961571
703,703,-0.006709313924893993
704,704,-0.00423584720236448
705,705,-0.07966953659119017
706,706,-0.12416332374324046
707,707,-0.45586279191008616
708,708,-0.010141545284437337
709,709,-0.012809350324717972
710,710,-0.0827546801292458
711,711,-0.02439655897546189
712,712,-0.001694804804843646
713,713,-0.1276614100949208
714,714,-0.00939299405583488
715,715,-0.0027459705147752107
716,716,-0.1951637063474393
717,717,-0.018263638617745562
718,718,-0.11208600828020909
719,719,-0.27037250087275233
720,720,-0.05931911345040897
721,721,-0.0013689720597434324
722,722,-0.17312231479356666
723,723,-0.17994135443223483
724,724,-0.026201689455031013
725,725,-0.05575956488927725
726,726,-0.08545655776850403
727,727,-0.02779398075137629
728,728,-0.21994387259177373
729,729,-0.14269272363534968
730,730,-0.12620687378154127
731,731,-0.14135604687467673
732,732,-0.07262081998370551
733,733,-0.4605005403335447
734,734,-0.45941831454905824
735,735,-0.05490346020134185
736,736,-0.33510098743225925
737,737,-0.0691676890109412
738,738,-0.33956581528660346
739,739,-0.027371331393236997
740,740,-0.12782695304736968
741,741,-0.2864945356757098
742,742,-0.002390156796857341
743,743,-0.055449597070816314
744,744,-0.1863036253307926
745,745,-0.02768197007172335
746,746,-0.056032344397643374
747,747,-0.03441689800491838
748,748,-0.12579071728551128
749,749,-0.2932599437153788
750,750,-0.06210292345302282
751,751,-0.006018601433241268
752,752,-0.08622361605164919
753,753,-0.034808963028835405
754,754,-0.06778696591513855
755,755,-0.12943647497551325
756,756,-0.05190242020657099
757,757,-0.13488984929909487
758,758,-0.09360378834880478
759,759,-0.5891171333302464
760,760,-0.004193115546668402
761,761,-0.21377695760266358
762,762,-0.060370002206409645
763,763,-0.113230257001707
764,764,-0.015552219264965923
765,765,-0.16545426876430236
766,766,-0.013704329968179857
767,767,-0.2962179262382386
768,768,-0.16473267943997172
769,769,-0.09789790760146222
770,770,-0.005626360295162743
771,771,-0.0011830161511002142
772,772,-0.012750905680117275
773,773,-0.15053772216643502
774,774,-0.043177772045142504
775,775,-0.03206096417296467
776,776,-0.032997493270881084
777,777,-0.04349736926932701
778,778,-0.06406358840042113
779,779,-0.2835546075191875
780,780,-0.22965155917342628
781,781,-0.15197072577488602
782,782,-0.2020096205581191
783,783,-0.3149207728705722
784,784,-0.026944724957306404
785,785,-0.08785406046729308
786,786,-0.09158024203159132
787,787,-0.03919158711455737
788,788,-0.08181164930677953
789,789,-0.18694346998394806
790,790,-0.2671185131689868
791,791,-0.042304359928731494
792,792,-0.4189889620305909
793,793,-0.01839082390198546
794,794,-0.08990322898177475
795,795,-0.040734954187738204
796,796,-0.35658998730698865
797,797,-0.37326407923082094
798,798,-0.023989343987991324
799,799,-0.25884787460032044
800,800,-0.11351778613721608
801,801,-0.0039024797217186227
802,802,-0.15008827109984602
803,803,-0.12964864680928906
804,804,-0.13603907974756346
805,805,-0.018501443239018873
806,806,-0.05888594678292991
807,807,-0.10536631950748054
808,808,-0.21443891894614708
809,809,-0.26371243642283027
810,810,-0.007123130330201669
811,811,-0.021406483946471738
812,812,-0.23725028365298043
813,813,-0.0706338325583401
814,814,-0.13202726508727736
815,815,-0.10441559323157223
816,816,-0.05583503096616653
817,817,-0.03419756257129536
818,818,-0.0763605269824934
819,819,-0.005287967115081872
820,820,-0.25844901577828416
821,821,-0.14963915094623026
822,822,-0.03726331650457837
823,823,-0.033393559472297385
824,824,-0.010074618363323802
825,825,-0.10588951493058918
826,826,-0.0008693622356492435
827,827,-0.06697018343057526
828,828,-0.008492287884011837
829,829,-0.11164078503456354
830,830,-0.13951073692481275
831,831,-0.2710218243286362
832,832,-0.20128985451584847
833,833,-0.012756288953453404
834,834,-0.004899209880560251
835,835,-0.05582873498288195
836,836,-0.0064140984959822345
837,837,-0.05553188590099334
838,838,-0.03501436386986301
839,839,-0.3614265607150404
840,840,-0.07287553568768657
841,841,-0.0444001711776264
842,842,-0.018415099387412148
843,843,-0.01580669700497142
844,844,-0.33478195361181307
845,845,-0.06059085430312827
846,846,-0.23967494242799894
847,847,-0.03555931900951492
848,848,-0.125797006943466
849,849,-0.04560286214134068
850,850,-0.0717781706945815
851,851,-0.14776249436902456
852,852,-0.059788682863405995
853,853,-0.05084344754753246
854,854,-0.16174138304284869
855,855,-0.10580747968885307
856,856,-0.056311281539097036
857,857,-0.1409534650578088
858,858,-0.07712597278955702
859,859,-0.15530541173550638
860,860,-0.32315230418282015
861,861,-0.27764748790740024
862,862,-0.10012907119668402
863,863,-0.000952874952444907
864,864,-0.009425157026533626
865,865,-0.11883814813630267
866,866,-0.2036702787163236
867,867,-0.5409785606891067
868,868,-0.07923627864513594
869,869,-0.002041718714488794
870,870,-0.021651377450974257
871,871,-0.07232750518896269
872,872,-0.010588665561550754
873,873,-0.026933722031114243
874,874,-0.12529119333282823
875,875,-0.12457803924800226
876,876,-0.0020699807530207004
877,877,-0.20816669985216496
878,878,-0.005613946603723531
879,879,-0.047952020893981234
880,880,-0.15278314389292724
881,881,-0.14989832809358028
882,882,-0.1263267964082453
883,883,-0.0726474367765797
884,884,-0.11301413165537788
885,885,-0.01772175022067818
886,886,-0.03554674001586655
887,887,-0.019289287549807854
888,888,-0.22729605780725592
889,889,-0.1385421365029078
890,890,-0.0878199664949249
891,891,-0.06891028104673105
892,892,-0.44950779413841424
893,893,-0.05670102709547997
894,894,-0.16482071402950638
895,895,-0.15477827771953045
896,896,-0.07497443039304097
897,897,-0.5486872160651406
898,898,-0.2615392723747778
899,899,-0.2053607431842438
900,900,-0.0656791292093567
901,901,-0.03487700139914089
902,902,-0.1744157243213813
903,903,-0.04831503556562711
904,904,-0.027889618127277527
905,905,-0.006744320845703117
906,906,-0.0651534576409768
907,907,-0.31413375828277745
908,908,-0.03812830103029663
909,909,-0.12248823026640443
910,910,-0.2043189688712395
911,911,-0.005732911375671536
912,912,-0.01668282815792177
913,913,-0.027935674956205588
914,914,-0.20849025183838288
915,915,-0.021849425981514875
916,916,-0.023501736235643583
917,917,-0.005715884646890242
918,918,-0.12381269481215418
919,919,-0.23430181146754103
920,920,-0.0797827893051295
921,921,-0.07458023927797486
922,922,-0.0035295850199758352
923,923,-0.08654037262038417
924,924,-0.46291814671436926
925,925,-0.016872000411295024
926,926,-0.2520841156861562
927,927,-0.19665361458840813
928,928,-0.03831279219880346
929,929,-0.08689494947710455
930,930,-0.11560832826706502
931,931,-0.019991951854967938
932,932,-0.09301195483902314
933,933,-0.005619687600281538
934,934,-0.05183467228564498
935,935,-0.3423239963312352
936,936,-0.0012480766800066628
937,937,-0.04343842277902316
938,938,-0.010505755514370302
939,939,-0.16714065962795843
940,940,-0.0003496403003090988
941,941,-0.05439369953043907
942,942,-0.2495068221830864
943,943,-0.02533203062308171
944,944,-0.10859437734320798
945,945,-0.066631422693324
946,946,-0.4390169188798865
947,947,-0.00589938617064048
948,948,-0.030673373759165234
949,949,-0.06876075216381727
950,950,-0.46636331839631207
951,951,-0.03944751347134415
952,952,-0.20278198808989778
953,953,-0.13283547478888602
954,954,-0.0395246016409142
955,955,-0.02793712180775021
956,956,-0.018263717984636774
957,957,-0.11404796545507401
958,958,-0.19259140415707254
959,959,-0.0262855128228493
960,960,-0.04945938358077509
961,961,-0.030692710645300325
962,962,-0.030007483662342654
963,963,-0.2272484624300688
964,964,-0.3112725701344652
965,965,-0.025497615100322953
966,966,-0.011477930954556743
967,967,-0.02930353145726306
968,968,-0.06271369442407519
969,969,-0.04822082012218676
970,970,-0.02535487242967105
971,971,-0.09436749050224125
972,972,-0.011617408058917216
973,973,-0.4727841050946574
974,974,-0.029509920715120375
975,975,-0.22152609198436046
976,976,-0.12179356437668654
977,977,-0.17568652581236543
978,978,-0.025946388068590065
979,979,-0.03172560643432638
980,980,-0.04690635494547741
981,981,-0.0041488924612977165
982,982,-0.25639046427819434
983,983,-0.04690423627743037
984,984,-0.07830517400778755
985,985,-0.01898299276997973
986,986,-0.06011814476558836
987,987,-0.07018427176389697
988,988,-0.0954828655681852
989,989,-0.08275222749976432
990,990,-0.07371054430470247
991,991,-0.05499213882940138
992,992,-0.020510017038666506
993,993,-0.05672368970655539
994,994,-0.18960037976061495
995,995,-0.0430548950863715
996,996,-0.136383912360035
997,997,-0.034427490383477394
998,998,-0.02996079738016144
999,999,-0.032174650754870915
1000,1000,-0.0018117837767353054
1001,1001,-0.09273137303931112
1002,1002,-0.16514683902357108
1003,1003,-0.0690186621247068
1004,1004,-0.008930512899048233
1005,1005,-0.03628679877219032
1006,1006,-0.25301635588502736
1007,1007,-0.44930095537043657
1008,1008,-0.12188800158059943
1009,1009,-0.009207299605942139
1010,1010,-0.25981810277892814
1011,1011,-0.20390156105510088
1012,1012,-0.028437844966252818
1013,1013,-0.00404425649619898
1014,1014,-0.46812223412281706
1015,1015,-0.46346843576954555
1016,1016,-0.0011755587912973004
1017,1017,-0.14721192331537816
1018,1018,-0.0657177977283454
1019,1019,-0.21298914675831718
1020,1020,-0.11265521393516709
1021,1021,-0.04290371730439303
1022,1022,-0.5449478658982465
1023,1023,-0.030102880254673225
1024,1024,-0.07325025513502414
1025,1025,-0.030224235428166768
1026,1026,-0.10706131270089714
1027,1027,-0.13762627834031216
1028,1028,-0.023041693823829507
1029,1029,-0.21740107469622183
1030,1030,-0.12707392766212156
1031,1031,-0.03503982115324045
1032,1032,-0.05339358755575632
1033,1033,-0.01623803671102153
1034,1034,-0.04861446845628781
1035,1035,-0.028940434673119936
1036,1036,-0.06497348849978302
1037,1037,-0.04302341783959884
1038,1038,-0.15163686046738623
1039,1039,-0.41385448868131075
1040,1040,-0.13747139379315046
1041,1041,-0.031669546375167196
1042,1042,-0.000978920350783066
1043,1043,-0.030541358971321715
1044,1044,-0.053599165150163275
1045,1045,-0.09972693289557322
1046,1046,-0.06750938537448692
1047,1047,-0.17076489749823276
1048,1048,-0.2714332827738475
1049,1049,-0.15600747991083097
1050,1050,-0.322223544664234
1051,1051,-0.0739266034122992
1052,1052,-0.04235500945621162
1053,1053,-0.1907945974070067
1054,1054,-0.030990624949643664
1055,1055,-0.0056693298555220775
1056,1056,-0.051023999739311154
1057,1057,-0.06929249497101309
1058,1058,-0.06437734116518401
1059,1059,-0.03831248105731
1060,1060,-0.09664962985489556
1061,1061,-0.4141839338554121
1062,1062,-0.25312446576485925
1063,1063,-0.09485448694118137
1064,1064,-0.03264493941426841
1065,1065,-0.03603580779542925
1066,1066,-0.025614139646196188
1067,1067,-0.26407585385715215
1068,1068,-0.041597543654773306
1069,1069,-0.3203740468082561
1070,1070,-0.04877852383327843
1071,1071,-0.18900432515186205
1072,1072,-0.04146667181592603
1073,1073,-0.13755289399298987
1074,1074,-0.012822033432015824
1075,1075,-0.20377620486603754
1076,1076,-0.3777149734572749
1077,1077,-0.0613931606585969
1078,1078,-0.10715019951845939
1079,1079,-0.03137202848176579
1080,1080,-5.4669073033687416e-05
1081,1081,-0.03679373440876632
1082,1082,-0.08190546929742215
1083,1083,-0.07839809076609974
1084,1084,-0.004011609200199025
1085,1085,-0.025072912284367033
1086,1086,-0.14980071622192614
1087,1087,-0.05167084689455814
1088,1088,-0.042088602351075366
1089,1089,-0.10022291625207247
1090,1090,-0.04227251559037193
1091,1091,-0.19412659671410937
1092,1092,-0.06368685924702969
1093,1093,-0.0462247862848943
1094,1094,-0.029213500615987487
1095,1095,-0.43132845321001434
1096,1096,-0.006198252329501358
1097,1097,-0.12177814330730688
1098,1098,-0.705074239124146
1099,1099,-0.14420836530433023
1100,1100,-0.1335948728549572
1101,1101,-0.018457619992270247
1102,1102,-0.10675828459268472
1103,1103,-0.08046946627085128
1104,1104,-0.009304075328189098
1105,1105,-0.03232461252536967
1106,1106,-0.10432450317689546
1107,1107,-0.10944319147889435
1108,1108,-0.010175483901032241
1109,1109,-0.1102168832831385
1110,1110,-0.06854166844200371
1111,1111,-0.14897920251759844
1112,1112,-0.027437549695137148
1113,1113,-0.047576738595808354
1114,1114,-0.10035167677743184
1115,1115,-0.01185983442118621
1116,1116,-0.03529087881360771
1117,1117,-0.34243049665638603
1118,1118,-0.09230517041847908
1119,1119,-0.07953327448352676
1120,1120,-0.03583760198225408
1121,1121,-0.020944454302368465
1122,1122,-0.09156633299163058
1123,1123,-0.01360445918535687
1124,1124,-0.0002566400070870144
1125,1125,-0.038580379255184205
1126,1126,-0.036596276484565426
1127,1127,-0.007071573269559667
1128,1128,-0.04511805736859209
1129,1129,-0.23057154055993623
1130,1130,-0.03821946955540015
1131,1131,-0.08540644302983402
1132,1132,-0.042394325710806265
1133,1133,-0.025404453446143838
1134,1134,-0.30559566549782247
1135,1135,-0.015019612323194043
1136,1136,-0.04798902425787066
1137,1137,-0.011674999283309617
1138,1138,-0.01821183410153404
1139,1139,-0.005847840831755713
1140,1140,-0.33157357234636
1141,1141,-0.0030323923120590545
1142,1142,-0.07713224084717465
1143,1143,-0.06257672252591107
1144,1144,-0.11408788331994701
1145,1145,-0.03686845948744363
1146,1146,-0.0025019909424258205
1147,1147,-0.16032231544843434
1148,1148,-0.006785046803874872
1149,1149,-0.13213967271813232
1150,1150,-0.029111186883906265
1151,1151,-0.01344672757172971
1152,1152,-0.0104595783637971
1153,1153,-0.008783182777067668
1154,1154,-0.035344014086802766
1155,1155,-0.1427238678264553
1156,1156,-0.10375586188895991
1157,1157,-0.42441266304603653
1158,1158,-0.05183356314274479
1159,1159,-0.009354955284654187
1160,1160,-0.09019955713373273
1161,1161,-0.04282806536354303
1162,1162,-0.11824695708685662
1163,1163,-0.011948488437609317
1164,1164,-0.009388053466682644
1165,1165,-0.23676130712863774
1166,1166,-0.011108875993215223
1167,1167,-0.005823608304909578
1168,1168,-0.20629870035949738
1169,1169,-0.02481687828340695
1170,1170,-0.10859895037973744
1171,1171,-0.04035385470080233
1172,1172,-0.00036917536121362305
1173,1173,-0.03483316703680108
1174,1174,-0.2583086362097746
1175,1175,-0.07638723725732277
1176,1176,-0.017261773811078407
1177,1177,-0.03122938904320228
1178,1178,-0.007403974512781436
1179,1179,-0.03469184764637934
1180,1180,-0.051819836317876344
1181,1181,-0.02027907499139503
1182,1182,-0.0011207206347340765
1183,1183,-0.013207964364262624
1184,1184,-0.2125199317214328
1185,1185,-0.1505916190880369
1186,1186,-0.055530320122568644
1187,1187,-0.024838924384314343
1188,1188,-0.08761960372607941
1189,1189,-0.006443229190510352
1190,1190,-0.12720273888204936
1191,1191,-0.06953750089694655
1192,1192,-0.041507004545397685
1193,1193,-0.08044404492188584
1194,1194,-0.0011842822882850573
1195,1195,-0.003471661015033378
1196,1196,-0.0796977812197186
1197,1197,-0.06852075151250725
1198,1198,-0.05279173015391028
1199,1199,-0.012631512087173752
1200,1200,-0.25966621362065423
1201,1201,-0.017209486517586692
1202,1202,-0.0017605163094851564
1203,1203,-0.02790156783114031
1204,1204,-0.04848938158985593
1205,1205,-0.047357879159111715
1206,1206,-0.025432554925740397
1207,1207,-0.08424944030554492
1208,1208,-0.0002133675824536282
1209,1209,-0.014832962345964873
1210,1210,-0.4490715245010808
1211,1211,-0.0006807294773567563
1212,1212,-0.06636929216814558
1213,1213,-0.14222429760546265
1214,1214,-0.01817106607731503
1215,1215,-0.23888676093768269
1216,1216,-0.06163626572917302
1217,1217,-0.04264662316960435
1218,1218,-0.00822384253308495
1219,1219,-0.13448096328606288
1220,1220,-0.0579224820880653
1221,1221,-0.10129510874836128
1222,1222,-0.07722542460615367
1223,1223,-0.04624704328360569
1224,1224,-0.07871635707407343
1225,1225,-0.16393301061680043
1226,1226,-0.08077822670338108
1227,1227,-0.011321022870980413
1228,1228,-0.06528291536933939
1229,1229,-0.05234049399464714
1230,1230,-0.009311035274098739
1231,1231,-0.08700167938870962
1232,1232,-0.0677547314703375
1233,1233,-0.024506373435295298
1234,1234,-0.03708736968145516
1235,1235,-0.1258311350935555
1236,1236,-0.0644701364750434
1237,1237,-0.13149873977380694
1238,1238,-0.054895703891698205
1239,1239,-0.0814017205896862
1240,1240,-0.10925218997704045
1241,1241,-0.06634050299618455
1242,1242,-0.13726964506182426
1243,1243,-0.025890947385492802
1244,1244,-0.02120312740410904
1245,1245,-0.03962511849918672
1246,1246,-0.23100888159101274
1247,1247,-0.09873783412077594
1248,1248,-0.006757782993022793
1249,1249,-0.06661228986528034
1250,1250,-0.07514054033361806
1251,1251,-0.06877437313360701
1252,1252,-0.07731485876076372
1253,1253,-0.028339288631939713
1254,1254,-0.062296579873255126
1255,1255,-0.09183873455486102
1256,1256,-0.024974543003731142
1257,1257,-0.014327530418577372
1258,1258,-0.09194940818433073
1259,1259,-0.1339523986722684
1260,1260,-0.09615800942906552
1261,1261,-0.05830485579646327
1262,1262,-0.12055737392106858
1263,1263,-0.04697515850179163
1264,1264,-0.027682892208436366
1265,1265,-0.09776282020548438
1266,1266,-0.06269876758682769
1267,1267,-0.1877048953908994
1268,1268,-0.14293498403071248
1269,1269,-0.11698144607755312
1270,1270,-0.0845160773271374
1271,1271,-0.23329660671470975
1272,1272,-0.3114576521889725
1273,1273,-0.0675563025777568
1274,1274,-0.01764728399024809
1275,1275,-0.0664152357999549
1276,1276,-0.02935606576366577
1277,1277,-0.018450220135932935
1278,1278,-0.010721706815770227
1279,1279,-0.09490940466227282
1280,1280,-0.037171463487747386
1281,1281,-0.05095509822621225
1282,1282,-0.04594813050609858
1283,1283,-0.040150725024876266
1284,1284,-0.05007457568296392
1285,1285,-0.09738069356140822
1286,1286,-0.18168121431944906
1287,1287,-0.46911530161006354
1288,1288,-0.07221005094578165
1289,1289,-0.03222191345687633
1290,1290,-0.16107924630292425
1291,1291,-0.1907591740092247
1292,1292,-0.06619922052100025
1293,1293,-0.04669106463051165
1294,1294,-0.02050294172772385
1295,1295,-0.3632541039700953
1296,1296,-0.10919162252279557
1297,1297,-0.11314589925525098
1298,1298,-0.03703519565369029
1299,1299,-0.05042609473133608
1300,1300,-0.0689003683847618
1301,1301,-0.010499267671241097
1302,1302,-0.06092010480365995
1303,1303,-0.06149834563842538
1304,1304,-0.08000102777190891
1305,1305,-0.038068070436831865
1306,1306,-0.1191345282633205
1307,1307,-0.01493158392135022
1308,1308,-0.020821547279274016
1309,1309,-0.01909334689104425
1310,1310,-0.07105698416222694
1311,1311,-0.015522223858270512
1312,1312,-0.02138816086090503
1313,1313,-0.13586065941509073
1314,1314,-0.10506725299734009
1315,1315,-0.06599660083231529
1316,1316,-0.10422152025212494
1317,1317,-0.37105275177208363
1318,1318,-0.08320317719488612
1319,1319,-0.039638919705973774
1320,1320,-0.3461860206723806
1321,1321,-0.10964696234800408
1322,1322,-0.17082840200152427
1323,1323,-0.03440013031962952
1324,1324,-0.2678859519180402
1325,1325,-0.10885379161949167
1326,1326,-0.19281357090841
1327,1327,-0.0390187817073695
1328,1328,-0.07267668935230065
1329,1329,-0.0988683589162433
1330,1330,-0.09442980496275988
1331,1331,-0.054269140090360435
1332,1332,-0.027001674705061096
1333,1333,-0.04492546222557972
1334,1334,-0.16990395694607452
1335,1335,-0.017667489577383316
1336,1336,-0.03981792110942364
1337,1337,-0.0500760237319986
1338,1338,-0.12860444932127502
1339,1339,-0.028734829304977366
1340,1340,-0.035992622624585274
1341,1341,-0.0001897916739311923
1342,1342,-0.008198958093463495
1343,1343,-0.031159008771034183
1344,1344,-0.09086037390443469
1345,1345,-0.0661165486892582
1346,1346,-0.03750085657849678
1347,1347,-0.4553389648303683
1348,1348,-0.0215928863999576
1349,1349,-0.2845447065238081
1350,1350,-0.14728515040401335
1351,1351,-0.03552673331808876
1352,1352,-0.01706346884818761
1353,1353,-0.030893395122245343
1354,1354,-0.09673155502750597
1355,1355,-0.1018297791048206
1356,1356,-0.2716577413036849
1357,1357,-0.1598094196401627
1358,1358,-0.1289561413854181
1359,1359,-0.10866441833053786
1360,1360,-0.004847312057371135
1361,1361,-0.012773405903732021
1362,1362,-0.5807843826679662
1363,1363,-0.09148019387245876
1364,1364,-0.18540975822867092
1365,1365,-0.14485069975421228
1366,1366,-0.4858528363585882
1367,1367,-0.1284616220901216
1368,1368,-0.2264690457472036
1369,1369,-0.09749417519601566
1370,1370,-0.026458370255897652
1371,1371,-0.07046909741766472
1372,1372,-0.2888684236825103
1373,1373,-0.0006228631380002323
1374,1374,-0.0602897644257903
1375,1375,-0.10304531253050664
1376,1376,-0.1019903404026522
1377,1377,-0.058637588440175414
1378,1378,-0.08886370628132001
1379,1379,-0.1297524899755649
1380,1380,-0.17228436565526195
1381,1381,-0.0702379633088819
1382,1382,-0.2297337391958002
1383,1383,-0.17108385089689931
1384,1384,-0.14082137995416133
1385,1385,-0.06752056684645702
1386,1386,-0.034781449676278164
1387,1387,-0.0029273835853019254
1388,1388,-0.03213026609470447
1389,1389,-0.031818093761169064
1390,1390,-0.1877445799015054
1391,1391,-0.0723187551563852
1392,1392,-0.1294623886778301
1393,1393,-0.06631920593872298
1394,1394,-0.11341658579674396
1395,1395,-0.06998959811097771
1396,1396,-0.0469995174631177
1397,1397,-0.025964860212440266
1398,1398,-0.2139259693099298
1399,1399,-0.05605440163396758
1400,1400,-0.19885972929913376
1401,1401,-0.06259342350264377
1402,1402,-0.01022782191520355
1403,1403,-0.2907754627226248
1404,1404,-0.006899152206505034
1405,1405,-0.16900971085358707
1406,1406,-0.06646403147588309
1407,1407,-0.2367244746783843
1408,1408,-0.08237154094974086
1409,1409,-0.04331551633347977
1410,1410,-0.027448741486508443
1411,1411,-0.08657774042522881
1412,1412,-0.16366543948200274
1413,1413,-0.023453647822000948
1414,1414,-0.08278150020860331
1415,1415,-0.037039050187519296
1416,1416,-0.30452532084847495
1417,1417,-0.14196084527541553
1418,1418,-0.01813439757547395
1419,1419,-0.0585823267063198
1420,1420,-0.04129054404928851
1421,1421,-0.04163327400481098
1422,1422,-0.19970068898278237
1423,1423,-0.03401541769048902
1424,1424,-0.036258907346476854
1425,1425,-0.03070281105355635
1426,1426,-0.07425651512878635
1427,1427,-0.005811776806280311
1428,1428,-0.007624963003006114
1429,1429,-0.07800937123722074
1430,1430,-0.19984411112686395
1431,1431,-0.025606933335663662
1432,1432,-0.31633937048425764
1433,1433,-0.019886356610092776
1434,1434,-0.20372689768709407
1435,1435,-0.3127089142164121
1436,1436,-0.010369024696944396
1437,1437,-7.882990595671537
1438,1438,-0.18124998686210647
1439,1439,-0.03144039503454943
1440,1440,-0.08203350751327464
1441,1441,-0.39063981355502797
1442,1442,-0.07883299228678142
1443,1443,-0.091100027804349
1444,1444,-0.035726585825682555
1445,1445,-0.023071990534359106
1446,1446,-0.0054353227201515576
1447,1447,-0.026556675237914718
1448,1448,-0.3491388648849356
1449,1449,-0.11180855502990728
1450,1450,-0.08593187486390308
1451,1451,-0.10086587789027002
1452,1452,-0.11897108819274094
1453,1453,-0.04845340410161154
1454,1454,-0.11096126790804961
1455,1455,-0.04226150700961295
1456,1456,-0.12731911033454527
1457,1457,-0.16910468259052358
1458,1458,-0.021019609401055073
1459,1459,-0.051307336460104325
1460,1460,-0.024973086953381657
1461,1461,-0.059213375057719564
1462,1462,-0.23679630734153712
1463,1463,-0.03292027057658198
1464,1464,-0.0838543837464375
1465,1465,-0.0939096178872495
1466,1466,-0.04152626885825786
1467,1467,-0.11321792710737899
1468,1468,-0.08237380905059555
1469,1469,-0.0025274936986613705
1470,1470,-0.07785945836680644
1471,1471,-0.04101187683265739
1472,1472,-0.06366740699499529
1473,1473,-0.08956300149591812
1474,1474,-0.018833224216391137
1475,1475,-0.09130849381303563
1476,1476,-0.005669933933790228
1477,1477,-0.06819801923348948
1478,1478,-0.328511604887018
1479,1479,-0.04229793278043292
1480,1480,-0.2109512550500521
1481,1481,-0.046534362366661974
1482,1482,-0.0850916943878155
1483,1483,-0.04791059045329249
1484,1484,-0.20840061124011744
1485,1485,-0.18957982299185439
1486,1486,-0.03652703007189468
1487,1487,-0.05403180282796516
1488,1488,-0.25168301468341703
1489,1489,-0.03625002924245835
1490,1490,-0.08392209370296622
1491,1491,-0.09674810893976815
1492,1492,-0.02410545990173219
1493,1493,-0.04543219125663314
1494,1494,-0.05525372967282438
1495,1495,-0.0638749101333379
1496,1496,-0.06595417617849542
1497,1497,-0.14535329244570683
1498,1498,-0.0032678034014889568
1499,1499,-0.06501717960607378
1500,1500,-0.07353893049647253
1501,1501,-0.03572809413753156
1502,1502,-0.04676598151523562
1503,1503,-0.10608393791730564
1504,1504,-0.03615211566790999
1505,1505,-0.0245213311441074
1506,1506,-0.008271309561327211
1507,1507,-0.16603918755125513
1508,1508,-0.0019695599417646897
1509,1509,-0.045668347107830076
1510,1510,-0.006857229259168991
1511,1511,-0.20279163977907366
1512,1512,-0.11286181595877487
1513,1513,-0.006856630097231094
1514,1514,-0.1043126664724423
1515,1515,-0.03537996150662477
1516,1516,-0.07283789880708191
1517,1517,-0.013242146012837797
1518,1518,-0.006017740527144579
1519,1519,-0.29672427517328126
1520,1520,-0.08747051532678476
1521,1521,-0.004163799002697817
1522,1522,-0.06872350487010559
1523,1523,-0.10164959214945413
1524,1524,-0.17680066741799516
1525,1525,-0.10885058818261698
1526,1526,-0.19845524451659324
1527,1527,-0.07573241148988119
1528,1528,-0.16867861227615188
1529,1529,-0.017735147301774397
1530,1530,-0.05862974787257331
1531,1531,-0.13740599452328983
1532,1532,-0.25680092440091506
1533,1533,-0.03250646062043061
1534,1534,-0.28812108762098276
1535,1535,-0.15084009468275505
1536,1536,-0.0037275164895895375
1537,1537,-0.08721604356201063
1538,1538,-0.04511410115231762
1539,1539,-0.1831098459319751
1540,1540,-0.13568223582007422
1541,1541,-0.09184470818153082
1542,1542,-0.04125332286678199
1543,1543,-0.016753649561494832
1544,1544,-0.03224386190453202
1545,1545,-0.09384872316090409
1546,1546,-0.05234677233413809
1547,1547,-0.08558804365705452
1548,1548,-0.07312820032572642
1549,1549,-0.07631544155585213
1550,1550,-0.0015005245541898707
1551,1551,-0.11006931767036043
1552,1552,-0.0019221923812856052
1553,1553,-0.051210275395032756
1554,1554,-0.004574932173977815
1555,1555,-0.0032928833976346356
1556,1556,-0.1030796797428896
1557,1557,-0.13657189566712447
1558,1558,-0.013045759194352913
1559,1559,-0.02349811361845522
1560,1560,-0.03159431596539719
1561,1561,-0.055741189596609786
1562,1562,-0.07888277148368783
1563,1563,-0.07346417873502142
1564,1564,-0.1617420781425841
1565,1565,-0.02475083196214567
1566,1566,-0.429997210139383
1567,1567,-0.14202827043948618
1568,1568,-0.003518865621954333
1569,1569,-3.829816630439835e-05
1570,1570,-0.12095781487829527
1571,1571,-0.056980510154472364
1572,1572,-0.08540649474681639
1573,1573,-0.01002765042836002
1574,1574,-0.04391896147778056
1575,1575,-0.05351546750219527
1576,1576,-0.0721963089020701
1577,1577,-0.24052842135661726
1578,1578,-0.21001322294209868
1579,1579,-0.22100949796847846
1580,1580,-0.05133241601692762
1581,1581,-0.10708600003531865
1582,1582,-0.022406917927629152
1583,1583,-0.01242814948285409
1584,1584,-0.24501045616555084
1585,1585,-0.24104456163641785
1586,1586,-0.0014660831523094654
1587,1587,-0.02137055900664578
1588,1588,-0.04513726946716796
1589,1589,-0.02426387865915594
1590,1590,-0.06432919655841973
1591,1591,-0.34945046463057317
1592,1592,-0.00048338208121954463
1593,1593,-0.022724135881080083
1594,1594,-0.018200615482216742
1595,1595,-0.0179017469621296
1596,1596,-0.005378731667121002
1597,1597,-0.400739591664399
1598,1598,-0.08999281533335735
1599,1599,-0.03494094618688992
1600,1600,-0.012335265147534913
1601,1601,-0.3830323919473817
1602,1602,-0.12460612111699743
1603,1603,-0.25236734235798863
1604,1604,-0.29058675003377615
1605,1605,-0.07938709321730875
1606,1606,-0.02422394209222889
1607,1607,-0.08251748836842154
1608,1608,-0.08462812132031294
1609,1609,-0.1574544941383782
1610,1610,-0.12306766947834336
1611,1611,-0.01509337026891766
1612,1612,-0.009189718113119534
1613,1613,-0.10633007889079649
1614,1614,-0.03106684410905569
1615,1615,-0.1908096834017443
1616,1616,-0.01960028777344875
1617,1617,-0.05994409286154204
1618,1618,-0.034913078688655674
1619,1619,-0.12329825879541767
1620,1620,-0.10472590334948795
1621,1621,-0.4113784625864635
1622,1622,-0.02967698404802732
1623,1623,-0.07339074062714801
1624,1624,-0.03701750915886726
1625,1625,-0.05130207260994146
1626,1626,-0.0261654399844842
1627,1627,-0.07199266822998318
1628,1628,-0.009270970169841415
1629,1629,-0.009546818627871767
1630,1630,-0.010477502628699719
1631,1631,-0.013344247826415634
1632,1632,-0.03837644711811017
1633,1633,-0.07059503359826014
1634,1634,-0.01767553338673411
1635,1635,-0.1837870636893264
1636,1636,-0.07057641061166331
1637,1637,-0.1094718046129608
1638,1638,-0.09989922504428818
1639,1639,-0.15722680310823467
1640,1640,-0.00976290228217936
1641,1641,-0.14215779288173636
1642,1642,-0.02861701825273344
1643,1643,-0.04593505227976369
1644,1644,-0.10176027676886612
1645,1645,-0.19715205228915744
1646,1646,-0.2593992616581353
1647,1647,-0.09414394849335839
1648,1648,-0.002337376566124984
1649,1649,-0.2005573116393694
1650,1650,-0.06996401045916606
1651,1651,-0.014050888504097636
1652,1652,-0.04891651237167638
1653,1653,-0.016279516279440936
1654,1654,-0.08184717005719211
1655,1655,-0.06327149285340161
1656,1656,-0.02331061981159816
1657,1657,-0.3293738803708579
1658,1658,-0.17500163283197
1659,1659,-0.08610017541909601
1660,1660,-0.1675370668814652
1661,1661,-0.0731948468325534
1662,1662,-0.05085932386971992
1663,1663,-0.0270092119045634
1664,1664,-0.12803637397227385
1665,1665,-0.15569236874552672
1666,1666,-0.042812215512180285
1667,1667,-0.10282284332480451
1668,1668,-0.05820909692173837
1669,1669,-0.09402806994881852
1670,1670,-0.0812917809763272
1671,1671,-0.018702003703957165
1672,1672,-0.09536494874921442
1673,1673,-0.009360847512806976
1674,1674,-0.03156274504634063
1675,1675,-0.045808694935888114
1676,1676,-0.011631225534324725
1677,1677,-0.5189596649054895
1678,1678,-0.016641679204984605
1679,1679,-0.01734891410321074
1680,1680,-0.0022563309988837404
1681,1681,-0.13222932997748338
1682,1682,-0.0201376186238951
1683,1683,-0.057935705559699735
1684,1684,-0.012889155565990991
1685,1685,-0.0620631575083852
1686,1686,-0.15873937235284707
1687,1687,-0.02334941095237309
1688,1688,-0.0528545790526312
1689,1689,-0.0641409463230983
1690,1690,-0.0845534947465626
1691,1691,-0.009946515158966614
1692,1692,-0.018307705131770664
1693,1693,-0.0060551679876874875
1694,1694,-0.10329183449495061
1695,1695,-0.01978614899711962
1696,1696,-0.17772659891948317
1697,1697,-0.03535672662844583
1698,1698,-0.07833778449314466
1699,1699,-0.1928390330148425
1700,1700,-0.16307518315711578
1701,1701,-0.18039500348730655
1702,1702,-0.11418516240954135
1703,1703,-0.07051608392731312
1704,1704,-0.10148453753536002
1705,1705,-0.1205219236944034
1706,1706,-0.33157089314416865
1707,1707,-0.1458775429228637
1708,1708,-0.022610758554788363
1709,1709,-0.49334477816625927
1710,1710,-0.12606918877992668
1711,1711,-0.07485877151587639
1712,1712,-0.10419288584945614
1713,1713,-0.07738499870165041
1714,1714,-0.05650183745996584
1715,1715,-0.23653753604473138
1716,1716,-0.3613656168802244
1717,1717,-0.035679170439811836
1718,1718,-0.08239266602728268
1719,1719,-0.024371185608924595
1720,1720,-0.05340207614531867
1721,1721,-0.03390771063160347
1722,1722,-0.01074310614121627
1723,1723,-0.07330128555186735
1724,1724,-0.09174829975697699
1725,1725,-0.10060421825059196
1726,1726,-0.06621134955849428
1727,1727,-0.07641224008867742
1728,1728,-0.034278978321675924
1729,1729,-0.5144139592942452
1730,1730,-0.02988557517322566
1731,1731,-0.00799609456473363
1732,1732,-0.042460980947930715
1733,1733,-0.11475371342641427
1734,1734,-0.04667706436574906
1735,1735,-0.02146322693343461
1736,1736,-0.021687965729288834
1737,1737,-0.09246963857372917
1738,1738,-0.10432045688350045
1739,1739,-0.05975441497331138
1740,1740,-0.008846833355012223
1741,1741,-0.07962447030147948
1742,1742,-0.021667988296286578
1743,1743,-0.00683910722013896
1744,1744,-0.4399246142185305
1745,1745,-0.058620917802583716
1746,1746,-0.022660619067145338
1747,1747,-0.06736310659933464
1748,1748,-0.5374574140731014
1749,1749,-0.025221711346823855
1750,1750,-0.10864158673907243
1751,1751,-0.042956573747906845
1752,1752,-0.021243768310071354
1753,1753,-0.03943564740018424
1754,1754,-0.07462023842383703
1755,1755,-0.02598377275844513
1756,1756,-0.1258606885330803
1757,1757,-0.018711230083503866
1758,1758,-0.022981926523867657
1759,1759,-0.3382693012406297
1760,1760,-0.055899067211614716
1761,1761,-0.0033430189678141722
1762,1762,-0.08507472608637023
1763,1763,-0.017572425671204473
1764,1764,-0.2648691137931203
1765,1765,-0.09721887885703623
1766,1766,-0.016915065817500463
1767,1767,-0.047011960771448646
1768,1768,-0.08308266050319135
1769,1769,-0.1511732069898799
1770,1770,-0.2527772961709336
1771,1771,-0.014283317112537781
1772,1772,-0.006511086813824757
1773,1773,-0.029522670905468562
1774,1774,-0.0043472321787730046
1775,1775,-0.08416988442122042
1776,1776,-0.12854742520682638
1777,1777,-0.09994758949262206
1778,1778,-0.005379516986349225
1779,1779,-0.018940023522596282
1780,1780,-0.02205148993878387
1781,1781,-0.40623218251139015
1782,1782,-0.0007748777993578735
1783,1783,-0.15464157305943083
1784,1784,-0.15151351328334473
1785,1785,-0.03593808123684339
1786,1786,-0.10746777457450188
1787,1787,-0.3230362346253237
1788,1788,-0.13381366524145166
1789,1789,-0.11133969114573095
1790,1790,-0.4645323962349246
1791,1791,-0.02263570756504285
1792,1792,-0.09640120929914042
1793,1793,-0.08210628461431002
1794,1794,-0.026070431971432773
1795,1795,-0.03438140747219798
1796,1796,-0.22266680701499064
1797,1797,-0.4429157511643016
1798,1798,-0.1623688835796654
1799,1799,-0.2847070896314676
1800,1800,-0.11414385662843474
1801,1801,-0.0060097889851179545
1802,1802,-0.0360026083334461
1803,1803,-0.23807088525142683
1804,1804,-0.029590068510654266
1805,1805,-0.07983458841047142
1806,1806,-0.09401119648049816
1807,1807,-0.07652792544615483
1808,1808,-0.0913908945410801
1809,1809,-0.04299121021906438
1810,1810,-0.04353334595099237
1811,1811,-0.056040943103742635
1812,1812,-0.021767082947387408
1813,1813,-0.0016207796206347616
1814,1814,-0.04644227567357018
1815,1815,-0.11772610379084103
1816,1816,-0.08470071232932286
1817,1817,-0.025604922067062136
1818,1818,-0.08304490645574314
1819,1819,-0.0063995010042337055
1820,1820,-0.22715271844722906
1821,1821,-0.07637769951126228
1822,1822,-0.016144863329105197
1823,1823,-0.0170749304541395
1824,1824,-0.1722867287740356
1825,1825,-0.09381342109798485
1826,1826,-0.08126958779012883
1827,1827,-0.013976117038300595
1828,1828,-0.07338503002109498
1829,1829,-0.084017448934397
1830,1830,-0.029544113979759895
1831,1831,-0.02400557358873842
1832,1832,-0.06695210343765363
1833,1833,-0.11992721310082333
1834,1834,-0.16539562778013028
1835,1835,-0.037619674338752795
1836,1836,-0.006509593135818337
1837,1837,-0.1390120776786663
1838,1838,-0.08297536269403771
1839,1839,-0.08200808814745753
1840,1840,-0.03803731845955774
1841,1841,-0.051912205684741364
1842,1842,-0.10402153496211719
1843,1843,-0.2508898956657255
1844,1844,-0.08224081914771775
1845,1845,-0.007708742636585164
1846,1846,-0.09532993845637527
1847,1847,-0.10316156488965922
1848,1848,-0.30409338080417037
1849,1849,-0.03511164359791019
1850,1850,-0.15084039373682723
1851,1851,-0.5740774564651634
1852,1852,-0.13364696674698173
1853,1853,-0.35343589192139924
1854,1854,-0.15110790582967693
1855,1855,-0.1875014117037943
1856,1856,-0.2890168046510855
1857,1857,-0.00421870801142199
1858,1858,-0.2523366009553496
1859,1859,-0.02809154680654713
1860,1860,-0.08812268062052242
1861,1861,-0.062400663163971554
1862,1862,-0.011726639333713429
1863,1863,-0.04751347887190195
1864,1864,-0.20666399413492664
1865,1865,-0.027522001140643876
1866,1866,-0.3349450824160658
1867,1867,-0.002516940701643884
1868,1868,-0.028623032549204286
1869,1869,-0.05803837782169899
1870,1870,-0.038822631406361136
1871,1871,-0.015231758801193235
1872,1872,-0.11265162238835646
1873,1873,-0.13699362375981794
1874,1874,-0.09054815087338186
1875,1875,-0.06483170886891568
1876,1876,-0.08904220372443428
1877,1877,-0.04251144629005184
1878,1878,-0.058516450369186845
1879,1879,-0.07961448140940464
1880,1880,-0.043685167863100394
1881,1881,-0.0272663140238133
1882,1882,-0.16730309524440395
1883,1883,-0.04778845383765035
1884,1884,-0.06902352964451433
1885,1885,-0.029355943198045353
1886,1886,-0.13767169404479163
1887,1887,-0.04924086466419511
1888,1888,-0.340985710477101
1889,1889,-0.21060395617450756
1890,1890,-0.03449193150824782
1891,1891,-0.19319481336740385
1892,1892,-0.05166354849107191
1893,1893,-0.1884316074368605
1894,1894,-0.029285721602473225
1895,1895,-0.03283261022757747
1896,1896,-0.20202322022874064
1897,1897,-0.017397084249414996
1898,1898,-0.08163064770762862
1899,1899,-0.0993455131670068
1900,1900,-0.024470856053908308
1901,1901,-0.010440923498525045
1902,1902,-0.12392483495198803
1903,1903,-0.0271840797067803
1904,1904,-0.02524667143442339
1905,1905,-0.06975617641384879
1906,1906,-0.04026683565887801
1907,1907,-0.008955774718944404
1908,1908,-0.06859533554957256
1909,1909,-0.09966594425016106
1910,1910,-0.15101169775161916
1911,1911,-0.04827758434961707
1912,1912,-0.18856679906192497
1913,1913,-0.04763309556963691
1914,1914,-0.10994857421996063
1915,1915,-0.040891035606529735
1916,1916,-0.18627916995389526
1917,1917,-0.08334514566107412
1918,1918,-0.016875465321930627
1919,1919,-0.06305474952318327
1920,1920,-0.044144069319502384
1921,1921,-0.059962144272970086
1922,1922,-0.13892013997574582
1923,1923,-0.20408650876894321
1924,1924,-0.05716118916312585
1925,1925,-0.07433625264407707
1926,1926,-0.006826454147712853
1927,1927,-0.17225852899534227
1928,1928,-0.24629406490899097
1929,1929,-0.40152658894349047
1930,1930,-0.03430983220902788
1931,1931,-0.07268735437221896
1932,1932,-0.034528201434841366
1933,1933,-0.20150497609509366
1934,1934,-0.13350131088569273
1935,1935,-0.11233971476100468
1936,1936,-0.2373794253665925
1937,1937,-0.05784319317395037
1938,1938,-0.018262007381685846
1939,1939,-0.14658066822871121
1940,1940,-0.37633239296864973
1941,1941,-0.024033269577527855
1942,1942,-0.00467195119973904
1943,1943,-0.13674078599601394
1944,1944,-0.04637785867709887
1945,1945,-0.039686719189138686
1946,1946,-0.06948491315581887
1947,1947,-0.022212892825780713
1948,1948,-0.0344731571663891
1949,1949,-0.037720532080412844
1950,1950,-0.09659274643223492
1951,1951,-0.1840931160477539
1952,1952,-0.09524289497136713
1953,1953,-0.11961057508473605
1954,1954,-0.002630421873467137
1955,1955,-0.057589918488152425
1956,1956,-0.03548631000546679
1957,1957,-0.008722356710304104
1958,1958,-0.021702066243307283
1959,1959,-0.008968053166440455
1960,1960,-0.013439157369656757
1961,1961,-0.10626123117861047
1962,1962,-0.05627261992698118
1963,1963,-0.21208510410943804
1964,1964,-0.11901612409501938
1965,1965,-0.012871129090793772
1966,1966,-0.046521456413321643
1967,1967,-0.08530800976814312
1968,1968,-0.020346172317138866
1969,1969,-0.07287799763251723
1970,1970,-0.030694333953771774
1971,1971,-0.07708597937530648
1972,1972,-0.1272701393278841
1973,1973,-0.05923821694512166
1974,1974,-0.005966898477400605
1975,1975,-0.07849391954222254
1976,1976,-0.20818404507961089
1977,1977,-0.07267593624782798
1978,1978,-0.24678363380913382
1979,1979,-0.18501842333909774
1980,1980,-0.2376617240404677
1981,1981,-0.14346217200080263
1982,1982,-0.14121343868475458
1983,1983,-0.02855283960351973
1984,1984,-0.03260260314063615
1985,1985,-0.07033927652419772
1986,1986,-0.041985511751938986
1987,1987,-0.027133383547847
1988,1988,-0.0434394178377078
1989,1989,-0.11148600541956999
1990,1990,-0.08678837844276657
1991,1991,-0.033642477532404264
1992,1992,-0.009742135882764584
1993,1993,-0.059719827792641955
1994,1994,-0.0023806181086389617
1995,1995,-0.19604189912369926
1996,1996,-0.012474522349993251
1997,1997,-0.04390876366726108
1998,1998,-0.020883070189385983
1999,1999,-0.08302801603882555
2000,2000,-0.04132544308661923
2001,2001,-0.018206213078392847
2002,2002,-0.099616609005437
2003,2003,-0.050629725400088366
2004,2004,-0.03607046753848822
2005,2005,-0.03220309940345348
2006,2006,-0.0706612766331457
2007,2007,-0.03429803722091862
2008,2008,-0.012211356522638335
2009,2009,-0.008781647161661495
2010,2010,-0.108791784736888
2011,2011,-0.036813543230958534
2012,2012,-0.07123417866698567
2013,2013,-0.0036675085492338393
2014,2014,-0.21118483698998958
2015,2015,-0.10014425492522927
2016,2016,-0.029348691622494316
2017,2017,-0.19974217553428986
2018,2018,-0.027804905374188005
2019,2019,-0.02146526557066089
2020,2020,-0.03517292705270306
2021,2021,-0.2606172611536355
2022,2022,-0.4370390236796773
2023,2023,-0.026133297812757417
2024,2024,-0.1193278374104132
2025,2025,-0.06549908059537979
2026,2026,-0.39670616188216323
2027,2027,-0.002380669804507081
2028,2028,-0.021743507172917648
2029,2029,-0.0692041996383087
2030,2030,-0.05073311230183608
2031,2031,-0.016402704955314623
2032,2032,-0.14663565901261988
2033,2033,-0.08131399694548949
2034,2034,-0.08197785242170241
2035,2035,-0.1369092123213158
2036,2036,-0.011049050489965073
2037,2037,-0.15742299632864531
2038,2038,-0.09938127573883992
2039,2039,-0.12507506579369754
2040,2040,-0.18680818255514042
2041,2041,-0.07734337928950372
2042,2042,-0.27650813022052745
2043,2043,-0.039934500373019405
2044,2044,-0.16946741218271777
2045,2045,-0.1422471208933037
2046,2046,-0.4917863891597847
2047,2047,-0.23136757233493954
2048,2048,-0.023954632484280564
2049,2049,-0.14156297271385698
2050,2050,-0.4060658907396708
2051,2051,-0.2491494421031294
2052,2052,-0.16337093759144716
2053,2053,-0.0761832271076388
2054,2054,-0.04049801716626633
2055,2055,-0.012380533316880937
2056,2056,-0.031032944732112377
2057,2057,-0.31569174500679964
2058,2058,-0.05413126569768478
2059,2059,-0.21832594820221474
2060,2060,-0.15758482666083262
2061,2061,-0.014180546567270679
2062,2062,-0.036133685064078325
2063,2063,-0.22914123140072462
2064,2064,-0.0576194568145147
2065,2065,-0.13022268824145222
2066,2066,-0.0285723112178613
2067,2067,-0.06567490815081832
2068,2068,-0.08282386231621475
2069,2069,-0.25387542458739976
2070,2070,-0.03329781065652407
2071,2071,-0.07545917514282863
2072,2072,-0.1197101857770635
2073,2073,-0.12350161084193201
2074,2074,-0.4431501332674661
2075,2075,-0.0814320859701021
2076,2076,-0.013987523093659388
2077,2077,-0.14229294692715833
2078,2078,-0.02589098200997686
2079,2079,-0.02955506508148885
2080,2080,-0.0014500815506947318
2081,2081,-0.1397904590438717
2082,2082,-0.020668316970796075
2083,2083,-0.04054523997009343
2084,2084,-0.0027855871168204222
2085,2085,-0.07392662573533017
2086,2086,-0.18835990162203456
2087,2087,-0.01267680620601231
2088,2088,-0.1300786974028597
2089,2089,-0.04143666111434799
2090,2090,-0.18008069843940877
2091,2091,-0.06586544711418008
2092,2092,-0.07958544404652182
2093,2093,-0.0432765395865542
2094,2094,-0.06229608628774708
2095,2095,-0.019532948952358797
2096,2096,-0.052738601931163864
2097,2097,-0.06273905145885217
2098,2098,-0.30718006846618273
2099,2099,-0.1608786266510287
2100,2100,-0.006088000719945365
2101,2101,-0.29091503031973853
2102,2102,-0.018984353702379303
2103,2103,-0.05184925347784086
2104,2104,-0.017610346505924107
2105,2105,-0.10787115639764588
2106,2106,-0.03504462798964714
2107,2107,-0.05258702818035499
2108,2108,-0.05665642993395992
2109,2109,-0.029257136512130133
2110,2110,-0.0151956082106276
2111,2111,-0.19823673711756476
2112,2112,-0.21908547303254935
2113,2113,-0.08100353688786102
2114,2114,-0.06587501756188596
2115,2115,-0.041711051318125136
2116,2116,-0.06818281541106119
2117,2117,-0.14329129151180675
2118,2118,-0.284621353629698
2119,2119,-0.14796689437191635
2120,2120,-0.011120268977566017
2121,2121,-0.06223453868668294
2122,2122,-0.13634547749850232
2123,2123,-0.017971494670242644
2124,2124,-0.39163875140310733
2125,2125,-0.022249731183949933
2126,2126,-0.2078769557780209
2127,2127,-0.0032305357928018655
2128,2128,-0.06615223312018692
2129,2129,-0.27125867155008543
2130,2130,-0.04002229501238663
2131,2131,-0.13655013056769594
2132,2132,-0.1364464454845824
2133,2133,-0.005456612567797281
2134,2134,-0.04424121304790207
2135,2135,-0.06164049451992959
2136,2136,-0.14557515461104664
2137,2137,-0.007353336363465392
2138,2138,-0.15752839088889747
2139,2139,-0.060459322216537825
2140,2140,-0.00309818545547544
2141,2141,-0.04201712781109479
2142,2142,-0.0056366253274916026
2143,2143,-0.12026526463367906
2144,2144,-0.014910316473334545
2145,2145,-0.0761191585331501
2146,2146,-0.06871504309858445
2147,2147,-0.15780042939745131
2148,2148,-0.11386098232556652
2149,2149,-0.2087257125403994
2150,2150,-0.15514609650827194
2151,2151,-0.121047519099311
2152,2152,-0.061735984270258754
2153,2153,-0.4157291957322854
2154,2154,-0.035474506020153236
2155,2155,-0.09295915691852025
2156,2156,-0.04981708000137752
2157,2157,-0.027970275051781186
2158,2158,-0.14392558740515193
2159,2159,-0.19946686972137054
2160,2160,-0.01873710049647359
2161,2161,-0.04198994631305064
2162,2162,-0.014372501369178364
2163,2163,-0.13939095793888148
2164,2164,-0.0161240593245867
2165,2165,-0.1338815827559423
2166,2166,-0.03043409200281233
2167,2167,-0.03624928657988413
2168,2168,-0.000763806907023641
2169,2169,-0.022152286565546797
2170,2170,-0.15308021138404415
2171,2171,-0.0015122228299423947
2172,2172,-0.37696554723279363
2173,2173,-0.07517182701075491
2174,2174,-0.08045243175654448
2175,2175,-0.10560718714357947
2176,2176,-0.01191654981646556
2177,2177,-0.010647135075696772
2178,2178,-0.19028530706335012
2179,2179,-0.41583193953318087
2180,2180,-0.005632369848073819
2181,2181,-0.09775821763565506
2182,2182,-5.102934732028176e-05
2183,2183,-0.12660889704266476
2184,2184,-0.046058891784948736
2185,2185,-0.041186592831677374
2186,2186,-0.07900582928164612
2187,2187,-0.032254594042924745
2188,2188,-0.06969879064238116
2189,2189,-0.19938552701751044
2190,2190,-0.03629025771813969
2191,2191,-0.1579390783686172
2192,2192,-0.05064381775337548
2193,2193,-0.0843113546707338
2194,2194,-0.00888725448213512
2195,2195,-0.14212675087267412
2196,2196,-0.25770536024903423
2197,2197,-0.0556199490782843
2198,2198,-0.12682645491582978
2199,2199,-0.07164591597490189
2200,2200,-0.033317464710649
2201,2201,-0.10000634705516598
2202,2202,-0.12321261930393712
2203,2203,-0.043668975354310864
2204,2204,-0.040385729636301965
2205,2205,-0.08774254648595473
2206,2206,-0.023094899203437436
2207,2207,-0.12428563225134193
2208,2208,-0.029925446901604147
2209,2209,-0.33162667965394244
2210,2210,-0.1315448327462878
2211,2211,-0.11425927967680162
2212,2212,-0.06830339189419021
2213,2213,-0.010991029264072071
2214,2214,-0.06804554475659919
2215,2215,-0.038376938390905835
2216,2216,-0.029680688376843123
2217,2217,-0.003476907623976122
2218,2218,-0.01885134883625228
2219,2219,-0.01835001841918471
2220,2220,-0.15968963072336528
2221,2221,-0.13866038048595897
2222,2222,-0.06172598764044077
2223,2223,-0.06131596577652901
2224,2224,-0.11058348018689712
2225,2225,-0.021637063287162223
2226,2226,-0.005238648872624048
2227,2227,-0.05184046704656886
2228,2228,-0.16142199557223558
2229,2229,-0.12899161809830384
2230,2230,-0.013686261593064915
2231,2231,-0.006066383843417379
2232,2232,-0.050556363908876856
2233,2233,-0.0210665840468246
2234,2234,-0.18876497710586415
2235,2235,-0.05628126903776798
2236,2236,-0.01770552933859873
2237,2237,-0.15925741890002332
2238,2238,-0.11956986940267778
2239,2239,-0.039217002985632576
2240,2240,-0.12184177370877514
2241,2241,-0.21535233815974497
2242,2242,-0.18663815425098917
2243,2243,-0.10336168691716108
2244,2244,-0.13255960409754053
2245,2245,-0.2837590632927367
2246,2246,-0.2902112525996956
2247,2247,-0.09481372685490819
2248,2248,-0.036990326259221384
2249,2249,-0.04240011912858599
2250,2250,-0.07098981287482486
2251,2251,-0.1460562595599693
2252,2252,-0.08703796407733266
2253,2253,-0.1341977579264092
2254,2254,-0.07593278419084515
2255,2255,-0.1300747344802039
2256,2256,-0.043457175800221126
2257,2257,-0.11165732218094192
2258,2258,-0.024638032140040317
2259,2259,-0.01678327645103228
2260,2260,-0.2404348632301745
2261,2261,-0.07347152015290803
2262,2262,-0.05898194028824355
2263,2263,-0.02131674697633685
2264,2264,-0.036554794403551145
2265,2265,-0.13149566623379272
2266,2266,-0.18130963928392285
2267,2267,-0.01490000097326219
2268,2268,-0.0336329463681162
2269,2269,-0.03805904443227315
2270,2270,-0.11488659399326141
2271,2271,-0.1456370386714423
2272,2272,-0.02123463869489961
2273,2273,-0.04536830611058662
2274,2274,-0.34846645557667033
2275,2275,-0.04040815406197151
2276,2276,-0.02113232761320749
2277,2277,-0.1403487425746005
2278,2278,-0.00191721056315345
2279,2279,-0.06965130162552982
2280,2280,-0.05988070625107744
2281,2281,-0.21816342416322343
2282,2282,-0.026063403870385034
2283,2283,-0.16985420511731075
2284,2284,-0.006134888444013831
2285,2285,-0.045269271345123485
2286,2286,-0.13746416902358638
2287,2287,-0.2196805270107589
2288,2288,-0.30817398355580394
2289,2289,-0.13901858082897178
2290,2290,-0.11482559342451085
2291,2291,-0.01629933825139873
2292,2292,-0.09122008864957756
2293,2293,-0.10200056257296497
2294,2294,-0.20587637973294548
2295,2295,-0.1162136547020527
2296,2296,-0.4474233006459656
2297,2297,-0.04044031766171907
2298,2298,-0.038858003430899846
2299,2299,-0.17975640170555268
2300,2300,-0.11530137978489041
2301,2301,-0.32887044485552863
2302,2302,-0.18834577770775995
2303,2303,-0.1553965948614029
2304,2304,-0.2271188620550948
2305,2305,-0.0941020589417545
2306,2306,-0.053447527983245396
2307,2307,-0.19626959290346635
2308,2308,-0.006106032068246977
2309,2309,-0.024994560039632963
2310,2310,-0.5113587628913732
2311,2311,-0.23795029364608133
2312,2312,-0.04566585766822073
2313,2313,-0.2710252752827885
2314,2314,-0.06816391892536622
2315,2315,-0.002549731704908312
2316,2316,-0.22906000075721
2317,2317,-0.016620815559961644
2318,2318,-0.47478218868614763
2319,2319,-0.07042859072758856
2320,2320,-0.038525495056757966
2321,2321,-0.05775668342640039
2322,2322,-0.06788711327419694
2323,2323,-0.112149713196942
2324,2324,-0.12809316744331056
2325,2325,-0.0631699977665417
2326,2326,-0.07095533085501773
2327,2327,-0.3697634171642368
2328,2328,-0.052799716772206406
2329,2329,-0.19490232710447453
2330,2330,-0.2289147621288703
2331,2331,-0.006377561353997953
2332,2332,-0.12084406024709218
2333,2333,-0.20680945159654307
2334,2334,-0.04168458718631918
2335,2335,-0.11296354157047661
2336,2336,-0.024776402977094714
2337,2337,-0.013453778313649752
2338,2338,-0.1235099530572179
2339,2339,-0.0719643296321637
2340,2340,-0.03422157142014215
2341,2341,-0.038503734374462084
2342,2342,-0.06633137285590573
2343,2343,-0.014048717688163848
2344,2344,-0.06300885816776347
2345,2345,-0.06262586621576641
2346,2346,-0.02179765799765987
2347,2347,-0.03217873386812126
2348,2348,-0.022699953874035228
2349,2349,-0.0231090798332331
2350,2350,-0.10126436057219168
2351,2351,-0.08254688199416549
2352,2352,-0.001064709212946574
2353,2353,-0.04151722910414657
2354,2354,-0.07319452616647215
2355,2355,-0.10472716806140331
2356,2356,-0.15998504514130943
2357,2357,-0.0807748553133738
2358,2358,-0.15978268330393863
2359,2359,-0.09303644555182622
2360,2360,-0.06976094448754466
2361,2361,-0.03314538881097662
2362,2362,-0.049602300083011724
2363,2363,-0.04331886068581259
2364,2364,-0.036995682368976573
2365,2365,-0.12860833929029702
2366,2366,-0.03342271401406305
2367,2367,-0.013316443692652086
2368,2368,-0.18112375670381553
2369,2369,-0.02162162180761984
2370,2370,-0.048456666551573324
2371,2371,-0.05403521538901391
2372,2372,-0.05619381413159319
2373,2373,-0.13920385810038483
2374,2374,-0.06866951168728613
2375,2375,-0.11195446346856563
2376,2376,-0.002187378613442079
2377,2377,-0.4088601632554689
2378,2378,-0.30849487134321096
2379,2379,-0.15012662893358142
2380,2380,-0.034978154019234285
2381,2381,-0.07205826675320914
2382,2382,-0.025231852798369703
2383,2383,-0.07578136906519609
2384,2384,-0.019225885883874416
2385,2385,-0.003200719707919443
2386,2386,-0.019176935791204747
2387,2387,-0.04506527618279854
2388,2388,-0.10071220265221692
2389,2389,-0.12351788573774813
2390,2390,-0.007083714353162823
2391,2391,-0.1388564084572974
2392,2392,-0.08588921824469553
2393,2393,-0.04709086486892122
2394,2394,-0.1120977386751916
2395,2395,-0.062058332847679254
2396,2396,-0.0017634931956833928
2397,2397,-0.06430805829633315
2398,2398,-0.008487818063772218
2399,2399,-0.0034553901921233893
2400,2400,-0.07407667287147712
2401,2401,-0.0016709880541392122
2402,2402,-0.12375259023439444
2403,2403,-0.015394206737197276
2404,2404,-0.09546706063879862
2405,2405,-0.10550825891848081
2406,2406,-0.030227875821205896
2407,2407,-0.16369491883579546
2408,2408,-0.040864473472389425
2409,2409,-0.23452330211807954
2410,2410,-0.014273908760317533
2411,2411,-0.0012534218678532838
2412,2412,-0.013292932733352553
2413,2413,-0.13551712139372507
2414,2414,-0.018299324566283137
2415,2415,-0.060355321856969964
2416,2416,-0.040623418720351974
2417,2417,-0.023435621311295902
2418,2418,-0.09997323772198856
2419,2419,-0.0961541922032838
2420,2420,-0.4396005106529187
2421,2421,-0.00028526838675933385
2422,2422,-0.018535233324632694
2423,2423,-0.07833422901752352
2424,2424,-0.05119585842501273
2425,2425,-0.02071030278629918
2426,2426,-0.09833343286434071
2427,2427,-0.2838645431596505
2428,2428,-0.01542616910180572
2429,2429,-0.05220877236430235
2430,2430,-0.006650446641993685
2431,2431,-0.16398448045025749
2432,2432,-0.0705413075445051
2433,2433,-0.5304425929521077
2434,2434,-0.20532594443679253
2435,2435,-0.1252146577386847
2436,2436,-0.011144637124433032
2437,2437,-0.17979719650775294
2438,2438,-0.1090198234833154
2439,2439,-0.021760517073031865
2440,2440,-0.028441651082217773
2441,2441,-0.06779672932319036
2442,2442,-0.00393749477269157
2443,2443,-0.011476973720356415
2444,2444,-0.012348267339797943
2445,2445,-0.014779678177687244
2446,2446,-0.01734173281289275
2447,2447,-0.06848025422209997
2448,2448,-0.06316059057867918
2449,2449,-0.0713502448997333
2450,2450,-0.0635414723881329
2451,2451,-0.015483188154188206
2452,2452,-0.036389437921926615
2453,2453,-0.001818536888580061
2454,2454,-0.00760506605904504
2455,2455,-0.08550920300941067
2456,2456,-0.008618819704749016
2457,2457,-0.02719723886768642
2458,2458,-0.05976128163543859
2459,2459,-0.1383829219854804
2460,2460,-0.06451601489349079
2461,2461,-0.09337047017337285
2462,2462,-0.15667070304636233
2463,2463,-0.07547597533796913
2464,2464,-0.013465214718881652
2465,2465,-0.03508299900571569
2466,2466,-0.05658031332706781
2467,2467,-0.06046149677682469
2468,2468,-0.06169299805776962
2469,2469,-0.17863062987597234
2470,2470,-0.3293249826359533
2471,2471,-0.01924128011869919
2472,2472,-0.14569637543678107
2473,2473,-0.20859396020937382
2474,2474,-0.009026938697460562
2475,2475,-0.03637162403213212
2476,2476,-0.3876393151905071
2477,2477,-0.10877877622091692
2478,2478,-0.16576963327268424
2479,2479,-0.38978021906885063
2480,2480,-0.12043882363731717
2481,2481,-0.07886943588808218
2482,2482,-0.12358762193680173
2483,2483,-0.1648070535307804
2484,2484,-0.21506666000575514
2485,2485,-0.07096976017631462
2486,2486,-0.19574499136944867
2487,2487,-0.21592418345802722
2488,2488,-0.22203713497969596
2489,2489,-0.1748773437706388
2490,2490,-0.06819554835873964
2491,2491,-0.0530850369730449
2492,2492,-0.07098568901487046
2493,2493,-0.08728565090329143
2494,2494,-0.001746958249685543
2495,2495,-0.10037936626554123
2496,2496,-0.03631796206870641
2497,2497,-0.11989168082312185
2498,2498,-0.0009363008197754655
2499,2499,-0.03127465249900807
2500,2500,-0.07848237801934843
2501,2501,-0.014470665802371892
2502,2502,-0.17609616359475133
2503,2503,-0.07145367553955054
2504,2504,-0.045496236626758724
2505,2505,-0.0068496851839409695
2506,2506,-0.0297018576280067
2507,2507,-0.032485943952081375
2508,2508,-0.0007382262809883747
2509,2509,-0.24074868724459186
2510,2510,-0.20837810725794492
2511,2511,-0.009178778259921444
2512,2512,-0.08223017165575053
2513,2513,-0.25087115805633076
2514,2514,-0.10226958085526983
2515,2515,-0.04474539029488689
2516,2516,-0.018207878266655486
2517,2517,-0.05662128627623719
2518,2518,-0.029188654544616277
2519,2519,-0.18632802377542612
2520,2520,-0.03404621244615158
2521,2521,-0.11087072909153406
2522,2522,-0.00573399528895885
2523,2523,-0.07627473864668355
2524,2524,-0.24209160988072845
2525,2525,-0.004440253603153492
2526,2526,-0.04771106952175386
2527,2527,-0.037699202573893836
2528,2528,-0.049997779150182
2529,2529,-0.2914345182166215
2530,2530,-0.032079641323104036
2531,2531,-0.034156950916042206
2532,2532,-0.015468355432038838
2533,2533,-0.00033115870293350287
2534,2534,-0.08510762321744825
2535,2535,-0.036724406323271896
2536,2536,-0.013941422210079664
2537,2537,-0.3721290029463007
2538,2538,-0.014221103610489033
2539,2539,-0.02132862000535804
2540,2540,-0.3776368577240571
2541,2541,-0.0006887147777064934
2542,2542,-0.2613922535707509
2543,2543,-0.010451223591666805
2544,2544,-0.22739897766369843
2545,2545,-0.0962565786931564
2546,2546,-0.036830286562008555
2547,2547,-0.0772813250837473
2548,2548,-0.07622464056225964
2549,2549,-0.11850800305117914
2550,2550,-0.04672507052125609
2551,2551,-0.02967910423287015
2552,2552,-0.08804367007217184
2553,2553,-0.01733906510535388
2554,2554,-0.037859381148865
2555,2555,-0.03260873397126718
2556,2556,-0.029465902104964692
2557,2557,-0.2328878227153588
2558,2558,-0.05428045420536931
2559,2559,-0.03754262871104464
2560,2560,-0.04209308287990832
2561,2561,-0.024368646228261293
2562,2562,-0.1199134484816563
2563,2563,-0.48757834589353743
2564,2564,-0.0018541805883620435
2565,2565,-0.030358006012754957
2566,2566,-0.007763185429100317
2567,2567,-0.025217736492895604
2568,2568,-0.18291043865601653
2569,2569,-0.031007972892667768
2570,2570,-0.07839480758652068
2571,2571,-0.07029349677480104
2572,2572,-0.11639456073166032
2573,2573,-0.04004002664613937
2574,2574,-0.12334304775328342
2575,2575,-0.08992184572263565
2576,2576,-0.04313437012855925
2577,2577,-0.2957606825627739
2578,2578,-0.051854199633682985
2579,2579,-0.04039598276513923
2580,2580,-0.09742222054166838
2581,2581,-0.09524677763494482
2582,2582,-0.0027803051528971015
2583,2583,-0.1946941901976158
2584,2584,-0.21495857502392335
2585,2585,-0.02493642282024426
2586,2586,-0.12852914095841708
2587,2587,-0.042340414226039624
2588,2588,-0.13473287005957824
2589,2589,-0.0003144529885446561
2590,2590,-0.016292054966188463
2591,2591,-0.12130268168992597
2592,2592,-0.022771273332732322
2593,2593,-0.11606589849462257
2594,2594,-0.10064617599481496
2595,2595,-0.02336339564811063
2596,2596,-0.0013269549209951343
2597,2597,-0.05555448540679864
2598,2598,-0.09335134581801133
2599,2599,-0.0036588795517525363
2600,2600,-0.0017993664788102173
2601,2601,-0.04167339455359093
2602,2602,-0.2716707255338707
2603,2603,-0.06251254190094635
2604,2604,-0.013385666444283989
2605,2605,-0.04345159536601874
2606,2606,-0.1816954690238508
2607,2607,-0.2951143647865203
2608,2608,-0.15571107298247755
2609,2609,-0.02363748987306183
2610,2610,-0.05994018829022185
2611,2611,-0.06125173529420991
2612,2612,-0.0884233886126854
2613,2613,-0.0629925235558435
2614,2614,-0.08988222597704942
2615,2615,-0.10549086989674808
2616,2616,-0.06412306819755864
2617,2617,-0.011411319758905582
2618,2618,-0.025696853213707634
2619,2619,-0.1230137016394435
2620,2620,-0.11733725141109241
2621,2621,-0.008052607349954034
2622,2622,-0.21548819213664006
2623,2623,-0.16475015668760473
2624,2624,-0.37750750216624773
2625,2625,-0.2551305771184539
2626,2626,-0.009039454903631715
2627,2627,-0.01626623579568423
2628,2628,-0.011925302146126526
2629,2629,-0.022754594542684914
2630,2630,-0.02947629688184819
2631,2631,-0.026651509667898227
2632,2632,-0.045017505816606636
2633,2633,-0.0563732306703546
2634,2634,-8.169165282818783e-05
2635,2635,-0.11336665889495556
2636,2636,-0.0661626791294383
2637,2637,-0.2979398432398082
2638,2638,-0.047098044346827184
2639,2639,-0.18990167139768488
2640,2640,-0.20021779852158683
2641,2641,-0.0034285135796496597
2642,2642,-0.1073874284458487
2643,2643,-0.012423496520319266
2644,2644,-0.16245558266969518
2645,2645,-0.2962029366196095
2646,2646,-0.20756482712775892
2647,2647,-0.14739611152972465
2648,2648,-0.020273854575858015
2649,2649,-0.004833938739387232
2650,2650,-0.24971580675619665
2651,2651,-0.1832533169591546
2652,2652,-0.09258502207895347
2653,2653,-0.016454456638284487
2654,2654,-0.03208075784531572
2655,2655,-0.07941965055560986
2656,2656,-0.11919574340998951
2657,2657,-0.13861378743267583
2658,2658,-0.13811641130366573
2659,2659,-0.18632559057406306
2660,2660,-0.07750548763942522
2661,2661,-0.1383714554841462
2662,2662,-0.08180902337848084
2663,2663,-0.038426862975805776
2664,2664,-0.043053504934456144
2665,2665,-0.06141433537430896
2666,2666,-0.033612591436226524
2667,2667,-0.0619969530091076
2668,2668,-0.04784614895877626
2669,2669,-0.00838661408048405
2670,2670,-0.0024119992403167784
2671,2671,-0.05494050776836801
2672,2672,-0.18193111086602842
2673,2673,-0.09266519528900208
2674,2674,-0.029209872668863324
2675,2675,-0.04603253315025991
2676,2676,-0.21622890152822727
2677,2677,-0.03509061696542359
2678,2678,-0.0666037313105372
2679,2679,-0.0625562896876547
2680,2680,-0.15793237465845156
2681,2681,-0.06235505698070043
2682,2682,-0.00506785914421265
2683,2683,-0.1667589887394998
2684,2684,-0.10399897558788596
2685,2685,-0.19326738895920206
2686,2686,-0.38870848793026314
2687,2687,-0.001029711079782524
2688,2688,-0.05238536200081634
2689,2689,-0.03679597754440156
2690,2690,-0.1844863811912041
2691,2691,-0.3844634870956529
2692,2692,-0.21952607009538605
2693,2693,-0.14345000886001813
2694,2694,-0.12297260851665515
2695,2695,-0.22078460710759285
2696,2696,-0.01192477663703953
2697,2697,-0.055894866265743144
2698,2698,-0.010989075937740705
2699,2699,-0.02047233648760441
2700,2700,-0.1719330490942359
2701,2701,-0.023874531004654753
2702,2702,-0.004679513391357183
2703,2703,-0.03013825042406104
2704,2704,-0.24074093223710527
2705,2705,-0.0039414121648355255
2706,2706,-0.19113373027230018
2707,2707,-0.004451148451678967
2708,2708,-0.07444623726696387
2709,2709,-0.00166477392184502
2710,2710,-0.005208930467603463
2711,2711,-0.08848788187093082
2712,2712,-0.12371526170321667
2713,2713,-0.016902877145467815
2714,2714,-0.05550224790325242
2715,2715,-0.29382804990326694
2716,2716,-0.10014939857492816
2717,2717,-0.04502759325598829
2718,2718,-0.19192227265734374
2719,2719,-0.09025657876366111
2720,2720,-0.030045795406529102
2721,2721,-0.05440106952111323
2722,2722,-0.053239427087033886
2723,2723,-0.11647129871084355
2724,2724,-0.3067260158813685
2725,2725,-0.04829393419891071
2726,2726,-0.2552211219221785
2727,2727,-0.023028907780791474
2728,2728,-0.21404796246553737
2729,2729,-0.019535282459986036
2730,2730,-0.32078960308946103
2731,2731,-0.0838194139295304
2732,2732,-0.007874315424922146
2733,2733,-0.04041890524519798
2734,2734,-0.16411923397715045
2735,2735,-0.1497634786555171
2736,2736,-0.09100956929656515
2737,2737,-0.01711037548509969
2738,2738,-0.04385867732363849
2739,2739,-0.07597932571150512
2740,2740,-0.19908605590851502
2741,2741,-0.0007518163339969775
2742,2742,-0.007296248010940561
2743,2743,-0.08762182796245543
2744,2744,-0.008209443816855679
2745,2745,-0.0188651296003382
2746,2746,-0.03288402665333037
2747,2747,-0.014020036532838565
2748,2748,-0.07833148769802734
2749,2749,-0.057001067476624034
2750,2750,-0.007882346470846104
2751,2751,-0.04063749477599965
2752,2752,-0.0834019762823407
2753,2753,-0.13365577562608255
2754,2754,-0.23047913753724594
2755,2755,-0.11868012072331346
2756,2756,-0.002147291105484334
2757,2757,-0.14844501971573942
2758,2758,-0.2173983208424013
2759,2759,-0.18179153237287693
2760,2760,-0.08566318882841169
2761,2761,-0.0071827594044981125
2762,2762,-0.03615924427426221
2763,2763,-0.4233598237705035
2764,2764,-0.5359524061192253
2765,2765,-0.005121518402795268
2766,2766,-0.1913521668572944
2767,2767,-0.019937511023254834
2768,2768,-0.5534373099814374
2769,2769,-0.024585652845420275
2770,2770,-0.05190634278288764
2771,2771,-0.007754279741328841
2772,2772,-0.02093001020277014
2773,2773,-0.0441840138246609
2774,2774,-0.04085552797700154
2775,2775,-0.03912100580281275
2776,2776,-0.0439119254487011
2777,2777,-0.023853672963596417
2778,2778,-0.01303203283852139
2779,2779,-0.05067901106168282
2780,2780,-0.07952019004179078
2781,2781,-0.08489517098077315
2782,2782,-0.057922478939122196
2783,2783,-0.03234712365372819
2784,2784,-0.05185343927751884
2785,2785,-0.039727030373521766
2786,2786,-0.11754349496961147
2787,2787,-0.04709883381253244
2788,2788,-0.0957459264498165
2789,2789,-0.07235918308226674
2790,2790,-0.23024963061356207
2791,2791,-0.06999960010628659
2792,2792,-0.20222022749304902
2793,2793,-0.04433498158875615
2794,2794,-0.045644894862044066
2795,2795,-0.15735016160909376
2796,2796,-0.17227900836619847
2797,2797,-0.04382709704514076
2798,2798,-0.256535698334901
2799,2799,-0.024233932480188125
2800,2800,-0.09594658889161511
2801,2801,-0.16744593952057096
2802,2802,-0.05112464168549602
2803,2803,-0.019356985541157064
2804,2804,-0.04961445245698082
2805,2805,-0.1724662732746013
2806,2806,-0.2360997533330096
2807,2807,-0.05731074580891482
2808,2808,-0.04754949773906347
2809,2809,-0.014723952599189488
2810,2810,-0.23621844360473654
2811,2811,-0.06141399669519887
2812,2812,-0.02002939810010418
2813,2813,-0.2519831349759838
2814,2814,-0.055078465529986104
2815,2815,-0.044490470637929436
2816,2816,-0.04409711529304151
2817,2817,-0.4657398407057669
2818,2818,-0.13775656066068587
2819,2819,-0.007448325053568157
2820,2820,-0.0762437123686042
2821,2821,-0.03463808663533588
2822,2822,-0.044651994453324684
2823,2823,-0.027520284786611282
2824,2824,-0.18094170999632297
2825,2825,-0.010572781162201745
2826,2826,-0.027849300473029803
2827,2827,-0.05759024433199145
2828,2828,-0.4801683135207817
2829,2829,-0.2618266516072545
2830,2830,-0.02478135651381763
2831,2831,-0.014445669450312892
2832,2832,-0.024270700753882046
2833,2833,-0.002981910377940003
2834,2834,-0.19033605966225275
2835,2835,-0.05040028808642294
2836,2836,-0.03362341488034562
2837,2837,-0.10101808792665404
2838,2838,-0.16444644233247674
2839,2839,-0.0025386715131446927
2840,2840,-0.036627406761800874
2841,2841,-0.009560638497900037
2842,2842,-0.06360555710427784
2843,2843,-0.09308023438151469
2844,2844,-0.016655190834893308
2845,2845,-0.04139355007204515
2846,2846,-0.3270351074581588
2847,2847,-0.09368668072144581
2848,2848,-0.002944816020655605
2849,2849,-0.32244760185373744
2850,2850,-0.05224030193544693
2851,2851,-0.026371312741814174
2852,2852,-0.014898527312266624
2853,2853,-0.018973516810020935
2854,2854,-0.2990033500140613
2855,2855,-0.10073615572211288
2856,2856,-0.17497525271547154
2857,2857,-0.14561059967204948
2858,2858,-0.3382122503182422
2859,2859,-0.008970888457378165
2860,2860,-0.013316920026975154
2861,2861,-0.03496812292970164
2862,2862,-0.018302954242644616
2863,2863,-0.13841819799107935
2864,2864,-0.17579186189039753
2865,2865,-0.3238808410108285
2866,2866,-0.05418700467661186
2867,2867,-0.07528563980832681
2868,2868,-0.21840787487005642
2869,2869,-0.03823137595180066
2870,2870,-0.015201952349621628
2871,2871,-0.015142135895604342
2872,2872,-0.050079673066290915
2873,2873,-0.027743366702970125
2874,2874,-0.12412005401493575
2875,2875,-0.004755692439357834
2876,2876,-0.04321957527992082
2877,2877,-0.12237058153522565
2878,2878,-0.002460869484709541
2879,2879,-0.004418913974787331
2880,2880,-0.016130011833442433
2881,2881,-0.07191113732477789
2882,2882,-0.12208109791086053
2883,2883,-0.010385531730231295
2884,2884,-0.1763103955369112
2885,2885,-0.27857088437374955
2886,2886,-0.04237119805577949
2887,2887,-0.2693174999467023
2888,2888,-0.011698913341755685
2889,2889,-0.177159686030683
2890,2890,-0.31101876338856904
2891,2891,-0.22746009395105382
2892,2892,-0.011181338537153807
2893,2893,-0.04555610704032975
2894,2894,-0.1644577759865734
2895,2895,-0.01980379109345487
2896,2896,-0.010423349481752331
2897,2897,-0.13002228797856397
2898,2898,-0.057669865888300476
2899,2899,-0.028473599062699972
2900,2900,-0.12319157970225747
2901,2901,-0.013049955906372923
2902,2902,-0.022192824865576895
2903,2903,-0.029709185065011412
2904,2904,-0.03755173120458688
2905,2905,-0.07827217583144241
2906,2906,-0.011021437255221866
2907,2907,-0.0037102838978888344
2908,2908,-0.1614127310433099
2909,2909,-0.06636337030478388
2910,2910,-0.015370203563039642
2911,2911,-0.2512210887703681
2912,2912,-0.0715866276727235
2913,2913,-0.10843749525243584
2914,2914,-0.15254995024973297
2915,2915,-0.06088096659818654
2916,2916,-0.04809427718058213
2917,2917,-0.15041739548595334
2918,2918,-0.011333743742304732
2919,2919,-0.1312806902632964
2920,2920,-0.2887643383276749
2921,2921,-0.07641698218346449
2922,2922,-0.06049447748465042
2923,2923,-0.02365837222820133
2924,2924,-0.08192303321994443
2925,2925,-0.07405899306370725
2926,2926,-0.055563534854098595
2927,2927,-0.15050349947131147
2928,2928,-0.028090073298013614
2929,2929,-0.048194824844913775
2930,2930,-0.08849145458610075
2931,2931,-0.08090351716389366
2932,2932,-0.014100110608641366
2933,2933,-0.052927901011010636
2934,2934,-0.20238093142072167
2935,2935,-0.12252863241198897
2936,2936,-0.11248395457755445
2937,2937,-0.05804591202714707
2938,2938,-0.0992642622983434
2939,2939,-0.1546628026335154
2940,2940,-0.0417639006878503
2941,2941,-0.011632390917687536
2942,2942,-0.13884671256109105
2943,2943,-0.02583375818116851
2944,2944,-0.07837007433702192
2945,2945,-0.15568898592616742
2946,2946,-0.04609530898274272
2947,2947,-0.00030300135666688343
2948,2948,-0.10294628362477631
2949,2949,-0.2018791564344884
2950,2950,-0.1268089537518975
2951,2951,-0.7522235245988043
2952,2952,-0.005172777364118197
2953,2953,-0.15654282214436765
2954,2954,-0.17324632613130442
2955,2955,-0.017974308438329922
2956,2956,-0.010368001807386396
2957,2957,-0.17620040053598718
2958,2958,-0.05250518013755201
2959,2959,-0.016371992647676997
2960,2960,-0.12289058362195471
2961,2961,-0.03632601903186583
2962,2962,-0.02678969039587842
2963,2963,-0.0311427981655871
2964,2964,-0.229750993413401
2965,2965,-0.08656862708846824
2966,2966,-0.10103891812116583
2967,2967,-0.007231672909074477
2968,2968,-0.4052561372342698
2969,2969,-0.015793507769372328
2970,2970,-0.02085763485251102
2971,2971,-0.0035926235901719006
2972,2972,-0.03686300353571981
2973,2973,-0.09203931567301649
2974,2974,-0.12027915596486177
2975,2975,-0.05701338947400336
2976,2976,-0.0039024559924443272
2977,2977,-0.01640835703538912
2978,2978,-0.061305549963038275
2979,2979,-0.1177119163014343
2980,2980,-0.12685249007454402
2981,2981,-0.03218008931008731
2982,2982,-0.07935572308899808
2983,2983,-0.08678799773541812
2984,2984,-0.00905062633530232
2985,2985,-0.0046273774298227766
2986,2986,-0.023052545242363838
2987,2987,-0.09625333578704945
2988,2988,-0.04680213291792679
2989,2989,-0.12564931194228723
2990,2990,-0.012786236210898978
2991,2991,-0.05086321511736997
2992,2992,-0.0075900210441982655
2993,2993,-0.027407464884140698
2994,2994,-0.042531677919620536
2995,2995,-0.10251471327035588
2996,2996,-0.08598373382602656
2997,2997,-0.1233449390494763
2998,2998,-0.20368375808567585
2999,2999,-0.14657793043494824
3000,3000,-0.14495615719496702
3001,3001,-0.3151891246142928
3002,3002,-0.1159132657510338
3003,3003,-0.009359746318535596
3004,3004,-0.11908720627660606
3005,3005,-0.1313075859490116
3006,3006,-0.082625386332004
3007,3007,-0.3366400322205809
3008,3008,-0.07508021538182999
3009,3009,-0.28473874406566907
3010,3010,-0.12464455201934943
3011,3011,-0.008899227812022239
3012,3012,-0.01970131415189036
3013,3013,-0.21122618761811118
3014,3014,-0.013516287013355499
3015,3015,-0.013178632190453983
3016,3016,-0.033963837082254145
3017,3017,-0.0008645911806605482
3018,3018,-0.09202786291119092
3019,3019,-0.11299164973860834
3020,3020,-0.3259631295961438
3021,3021,-0.014493166003406015
3022,3022,-0.008024146946874755
3023,3023,-0.18615954062718432
3024,3024,-0.0829884943990038
3025,3025,-0.03239042669355669
3026,3026,-0.05134147276485648
3027,3027,-0.04640134794677023
3028,3028,-0.10800756190926875
3029,3029,-0.005772761878602768
3030,3030,-0.06153399745540236
3031,3031,-0.06162849080241006
3032,3032,-0.1553617274552832
3033,3033,-0.08240425839591803
3034,3034,-0.20429641615327032
3035,3035,-0.07012333106988411
3036,3036,-0.09305990245889101
3037,3037,-0.015212200518942983
3038,3038,-0.06833457961089773
3039,3039,-0.0005558296154969458
3040,3040,-0.06614932964999296
3041,3041,-0.13844816931139725
3042,3042,-0.03278284245971736
3043,3043,-0.0728162689048453
3044,3044,-0.006868570156874483
3045,3045,-0.12912597393993375
3046,3046,-0.006803878681722671
3047,3047,-0.06172802950517653
3048,3048,-0.021773908588750945
3049,3049,-0.14000122466660558
3050,3050,-0.01429841971890558
3051,3051,-0.03258343392146135
3052,3052,-0.12406168591957004
3053,3053,-0.06470777523639637
3054,3054,-0.07359246135556788
3055,3055,-0.15376979975632768
3056,3056,-0.03924556560399817
3057,3057,-0.13071275388826298
3058,3058,-0.06405131591027358
3059,3059,-0.03949700360846908
3060,3060,-0.1341318015191405
3061,3061,-0.071043070371303
3062,3062,-0.03324807565133414
3063,3063,-0.011212575132657727
3064,3064,-0.04831371808367013
3065,3065,-0.04604201163938848
3066,3066,-0.07763335647647773
3067,3067,-0.010485746315229515
3068,3068,-0.06610932068298192
3069,3069,-0.25010432393596205
3070,3070,-0.056070991783166324
3071,3071,-0.21345923039809378
3072,3072,-0.1149443988850738
3073,3073,-0.12060396039071553
3074,3074,-0.1383059460076166
3075,3075,-0.35663704192372336
3076,3076,-0.08320768668051182
3077,3077,-0.06798718683273519
3078,3078,-0.45055419361751525
3079,3079,-0.12144881352866084
3080,3080,-0.20136512690847852
3081,3081,-0.005519793101018355
3082,3082,-0.00964183026063404
3083,3083,-0.004844227513129323
3084,3084,-0.05743768033085006
3085,3085,-0.00339796830587661
3086,3086,-0.10920506249457487
3087,3087,-0.2076360503732677
3088,3088,-0.07313158645172457
3089,3089,-0.04955615567700011
3090,3090,-0.17767906414446555
3091,3091,-0.2425763029106759
3092,3092,-0.07505405056484182
3093,3093,-0.07757730338818991
3094,3094,-0.020948618598600095
3095,3095,-0.13236969223526973
3096,3096,-0.02561916569766487
3097,3097,-0.1915134691498026
3098,3098,-0.16485763798733555
3099,3099,-0.18232609745695294
3100,3100,-0.028583134810045693
3101,3101,-0.16921023213249342
3102,3102,-0.04785897793577488
3103,3103,-0.04465908316733058
3104,3104,-0.06272244300943941
3105,3105,-0.10714981192720385
3106,3106,-0.06551606236169095
3107,3107,-0.09581899020176865
3108,3108,-0.027454529294623803
3109,3109,-0.011229953847361362
3110,3110,-0.04777912309145593
3111,3111,-0.012888638369304428
3112,3112,-0.24999280180758143
3113,3113,-0.02586437149042737
3114,3114,-0.1895868835883947
3115,3115,-0.04412033845762922
3116,3116,-0.08387909165971807
3117,3117,-0.4427955557897545
3118,3118,-0.20575040610155615
3119,3119,-0.007462695036928301
3120,3120,-0.027863397756579783
3121,3121,-0.06701677355126393
3122,3122,-0.08733288876504819
3123,3123,-0.015177642819732662
3124,3124,-0.06761379144842261
3125,3125,-0.0688767870684518
3126,3126,-0.03666808447036207
3127,3127,-0.19662703974937878
3128,3128,-0.03834248377641902
3129,3129,-0.08441716348939199
3130,3130,-0.02360188098542193
3131,3131,-0.09309198098055728
3132,3132,-0.023662493902443238
3133,3133,-0.051245993102582266
3134,3134,-0.011601347691152182
3135,3135,-0.05951221997414713
3136,3136,-0.19364924189820087
3137,3137,-0.052134473564636324
3138,3138,-0.07304536977264497
3139,3139,-0.21859358206972423
3140,3140,-0.33692348967912444
3141,3141,-0.1896361869140063
3142,3142,-0.12577469548765352
3143,3143,-0.01415031912413614
3144,3144,-0.17610937408880867
3145,3145,-0.03574919078060046
3146,3146,-0.0012124650767794468
3147,3147,-0.5071850028531522
3148,3148,-0.038383497633391106
3149,3149,-0.10210587268830285
3150,3150,-0.2825822969793226
3151,3151,-0.005899372496092438
3152,3152,-0.038661344160341865
3153,3153,-0.273004024266541
3154,3154,-0.06600624295451718
3155,3155,-0.05313296303932094
3156,3156,-0.06438747863102678
3157,3157,-0.10462286786634856
3158,3158,-0.055157709916684894
3159,3159,-0.13246464883984732
3160,3160,-0.0020051290830820443
3161,3161,-0.08472918793377548
3162,3162,-0.08708875087290346
3163,3163,-0.006558285366490869
3164,3164,-0.06926385626961551
3165,3165,-0.04562911905687919
3166,3166,-0.030167897296987232
3167,3167,-0.019616808773580546
3168,3168,-0.06962646858528265
3169,3169,-0.510822162351865
3170,3170,-0.037443644172254875
3171,3171,-0.06771295887126494
3172,3172,-0.1676123857271543
3173,3173,-0.011354576892064205
3174,3174,-0.07823464840780783
3175,3175,-0.011003507566631461
3176,3176,-0.15115156517977824
3177,3177,-0.03832742489831731
3178,3178,-0.024379597971214695
3179,3179,-0.08897089145902237
3180,3180,-0.025473906110741074
3181,3181,-0.03484248051025303
3182,3182,-0.0007560478326466072
3183,3183,-0.2826385233106419
3184,3184,-0.12633330278418686
3185,3185,-0.07699530044951397
3186,3186,-0.03726709172735945
3187,3187,-0.06603705652919878
3188,3188,-0.06501992040963184
3189,3189,-0.09515712350316008
3190,3190,-0.009334836077085525
3191,3191,-0.06340546234652822
3192,3192,-0.26185632675237835
3193,3193,-0.042749568410166305
3194,3194,-0.04216532531180006
3195,3195,-0.013981025233515437
3196,3196,-0.08572575723869891
3197,3197,-0.23045403811041212
3198,3198,-0.011077960266883903
3199,3199,-0.034857989721289506
3200,3200,-0.025073432132599188
3201,3201,-0.08384469219671509
3202,3202,-0.2793046145980651
3203,3203,-0.11963950050535965
3204,3204,-0.0172430922864672
3205,3205,-0.21890402163507305
3206,3206,-0.03257918751201461
3207,3207,-0.002851588082608547
3208,3208,-0.028265252881646198
3209,3209,-0.015444888511645855
3210,3210,-0.0965306485513297
3211,3211,-0.061163098489904116
3212,3212,-0.09212475370182385
3213,3213,-0.08622681168823654
3214,3214,-0.1118381498235923
3215,3215,-0.09736746146799258
3216,3216,-0.1112737226696483
3217,3217,-0.24266240613764767
3218,3218,-0.037796389240008055
3219,3219,-0.0047659875251959485
3220,3220,-0.018632790500639818
3221,3221,-0.05787798622987028
3222,3222,-0.02017560133468707
3223,3223,-0.13645458421154588
3224,3224,-0.08848643284281643
3225,3225,-0.018752065167891248
3226,3226,-0.016213560226474938
3227,3227,-0.01690131762638658
3228,3228,-0.04033189130698833
3229,3229,-0.10538059354442375
3230,3230,-0.02372053823538614
3231,3231,-0.3637348781317109
3232,3232,-0.12200918685323486
3233,3233,-0.006579078206305385
3234,3234,-0.16631672610019965
3235,3235,-0.00206733941265258
3236,3236,-0.0399688244378843
3237,3237,-0.0034429034873298403
3238,3238,-0.41644549672145814
3239,3239,-0.5622622504430144
3240,3240,-0.1642471592430561
3241,3241,-0.07691279278024377
3242,3242,-0.02720611379747409
3243,3243,-0.10365775655165965
3244,3244,-0.20340070378246367
3245,3245,-0.17592868928172678
3246,3246,-0.0030003552607804924
3247,3247,-0.04059857191934246
3248,3248,-0.11810313700523267
3249,3249,-0.005978672716261291
3250,3250,-0.012952363729056504
3251,3251,-0.18320149177887268
3252,3252,-0.008535908921783353
3253,3253,-0.12784298481161982
3254,3254,-0.10468107700793372
3255,3255,-0.017637997300218644
3256,3256,-0.04184340682528642
3257,3257,-0.040799765114987174
3258,3258,-0.05926787668391853
3259,3259,-0.020236512761058312
3260,3260,-0.08790059576506071
3261,3261,-0.0008830685044050594
3262,3262,-0.021396021092732753
3263,3263,-0.03265264120077441
3264,3264,-0.052281675778179215
3265,3265,-0.3362728754012583
3266,3266,-0.046145057735239026
3267,3267,-0.014264702638501908
3268,3268,-0.06426693592471544
3269,3269,-0.006407686118992673
3270,3270,-0.007870784923127344
3271,3271,-0.15950486553412846
3272,3272,-0.13587976036357974
3273,3273,-0.014845750596368529
3274,3274,-0.07740760666541491
3275,3275,-0.043580017426289815
3276,3276,-0.03171186323700783
3277,3277,-0.11543649097701891
3278,3278,-0.006996847815604952
3279,3279,-0.11718360999402988
3280,3280,-0.339557245443909
3281,3281,-0.022019754630425888
3282,3282,-0.04746545343521974
3283,3283,-0.030166261121792326
3284,3284,-0.022726489543404643
3285,3285,-0.10574606051912039
3286,3286,-0.0349236617252712
3287,3287,-0.1049349677804674
3288,3288,-0.11200643781629094
3289,3289,-0.031125311785668797
3290,3290,-0.5145559566564983
3291,3291,-0.0009161638974706579
3292,3292,-0.05148381965732096
3293,3293,-0.02881101271415845
3294,3294,-0.060544685511425556
3295,3295,-0.00921013698167264
3296,3296,-0.044915604543286164
3297,3297,-0.2931291538013837
3298,3298,-0.07990807737586225
3299,3299,-0.06152198164172454
3300,3300,-0.06184947077369721
3301,3301,-0.2641131889090276
3302,3302,-0.020990901734514372
3303,3303,-0.21332662435731686
3304,3304,-0.043821674088839746
3305,3305,-0.0837859380423911
3306,3306,-0.03051389450291142
3307,3307,-0.008322039677751025
3308,3308,-0.10028882867428601
3309,3309,-0.0013152924110487467
3310,3310,-0.054793216607587625
3311,3311,-0.3158250332264978
3312,3312,-0.10560284577785817
3313,3313,-0.011359679798987783
3314,3314,-0.14689798141541477
3315,3315,-0.0026988478263426235
3316,3316,-0.005045408416932885
3317,3317,-0.18274259858167252
3318,3318,-0.03317118395327959
3319,3319,-0.06531261980575573
3320,3320,-0.023469678146098905
3321,3321,-0.049674432695133164
3322,3322,-0.08130664687778635
3323,3323,-0.027490336248937736
3324,3324,-0.03579930866387804
3325,3325,-0.07750179230304355
3326,3326,-0.0554793321089907
3327,3327,-0.16093336786513035
3328,3328,-0.0034756479586460845
3329,3329,-0.07061811462858272
3330,3330,-0.020292120323415652
3331,3331,-0.016191331634417994
3332,3332,-0.008366549921822009
3333,3333,-0.008592327675450984
3334,3334,-0.10854820978625357
3335,3335,-0.017112580581181487
3336,3336,-0.0565494947330252
3337,3337,-0.007412565716008485
3338,3338,-0.02491097458737393
3339,3339,-0.04743031392550112
3340,3340,-0.04811381287769356
3341,3341,-0.015644070417114714
3342,3342,-0.059542222614403784
3343,3343,-0.002929309424243538
3344,3344,-0.12369531540060041
3345,3345,-0.06336683302255475
3346,3346,-0.08889362969850467
3347,3347,-0.007465110206864717
3348,3348,-0.04666005020504001
3349,3349,-0.012341633694986642
3350,3350,-0.08842796519689922
3351,3351,-0.14063543117738633
3352,3352,-0.07111219901666122
3353,3353,-0.011087647357536994
3354,3354,-0.2065421362459037
3355,3355,-0.0394592038999986
3356,3356,-0.03896585553324283
3357,3357,-0.07823669479909479
3358,3358,-0.06424599922677665
3359,3359,-0.11894210459968702
3360,3360,-0.3052521057216442
3361,3361,-0.12102408353751182
3362,3362,-0.09775138837265518
3363,3363,-0.0031825798756123843
3364,3364,-0.043357622822901565
3365,3365,-0.25802215808505347
3366,3366,-0.20206620550669685
3367,3367,-0.03885805476757893
3368,3368,-0.07901974268779899
3369,3369,-0.011302205797105898
3370,3370,-0.2042468171890679
3371,3371,-0.157165185953684
3372,3372,-0.10795285168124602
3373,3373,-0.07220001643904794
3374,3374,-0.07085486719228529
3375,3375,-0.06725328533924427
3376,3376,-0.08708239515947676
3377,3377,-0.1609132604647856
3378,3378,-0.002160677520798328
3379,3379,-0.11461007353460564
3380,3380,-0.3685866381124364
3381,3381,-0.0497198018216608
3382,3382,-0.020197887361446343
3383,3383,-0.07964893453262284
3384,3384,-0.0957285990030976
3385,3385,-0.07845178024390587
3386,3386,-0.10210174580769282
3387,3387,-0.045979419469266425
3388,3388,-0.04226729689201625
3389,3389,-0.1968776837394337
3390,3390,-0.25743241612611323
3391,3391,-0.05051480504680017
3392,3392,-0.020444961132705358
3393,3393,-0.2279178224430396
3394,3394,-0.07424767955908676
3395,3395,-0.19373430212069412
3396,3396,-0.1779269381602706
3397,3397,-0.24684219901963234
3398,3398,-0.10543537932494562
3399,3399,-0.10929078500695155
3400,3400,-0.19203546120442117
3401,3401,-0.5447164661950925
3402,3402,-0.20812892238403657
3403,3403,-0.05949211868701057
3404,3404,-0.46303763912556406
3405,3405,-0.04628700635766059
3406,3406,-0.01765512863765631
3407,3407,-0.12822573690164418
3408,3408,-0.22230461233404997
3409,3409,-0.035101267191692404
3410,3410,-0.04061625077095024
3411,3411,-0.22592882148456356
3412,3412,-0.07872980206170987
3413,3413,-0.0426571733857779
3414,3414,-0.004089211870559053
3415,3415,-0.060551522885730624
3416,3416,-0.0948149817608617
3417,3417,-0.09435072343752049
3418,3418,-0.09934478793806759
3419,3419,-0.16520596776158003
3420,3420,-0.28479791650975317
3421,3421,-0.13054519239403684
3422,3422,-0.04601051026444214
3423,3423,-0.09599653892248128
3424,3424,-0.2119669677341453
3425,3425,-0.011284964440481104
3426,3426,-0.0003334912962221653
3427,3427,-0.04929508993181564
3428,3428,-0.07811235710136935
3429,3429,-0.1652288538186415
3430,3430,-0.13666876444349052
3431,3431,-0.055435589685147946
3432,3432,-0.04053910407101502
3433,3433,-0.3206105164715263
3434,3434,-0.07037776557574782
3435,3435,-0.07406630125087921
3436,3436,-0.05574971078598123
3437,3437,-0.024912562225295927
3438,3438,-0.5292608457856557
3439,3439,-0.11189859707942118
3440,3440,-0.05882925811324269
3441,3441,-0.15186629919790606
3442,3442,-0.6001550118920225
3443,3443,-0.06724495507242767
3444,3444,-0.032995924340334076
3445,3445,-0.3153132467591019
3446,3446,-0.11591017265363357
3447,3447,-0.08535392170369246
3448,3448,-0.034418930348241034
3449,3449,-0.04874685578678539
3450,3450,-0.4053213164793448
3451,3451,-0.11537513637851948
3452,3452,-0.17102172892793213
3453,3453,-0.09883853101406326
3454,3454,-0.020835486290435995
3455,3455,-0.32728764886114803
3456,3456,-0.0180373959095746
3457,3457,-0.0669623526906791
3458,3458,-0.014073979822217808
3459,3459,-0.09650292645050762
3460,3460,-0.048409758736202346
3461,3461,-0.03979090274699577
3462,3462,-0.1946363039709863
3463,3463,-0.15943384548037745
3464,3464,-0.10036774585937147
3465,3465,-0.030096320639880547
3466,3466,-0.10978351017119303
3467,3467,-0.058213666817361176
3468,3468,-0.06234099971531126
3469,3469,-0.04979944666493863
3470,3470,-0.1387656745883321
3471,3471,-0.03233890944427909
3472,3472,-0.2468478237802043
3473,3473,-0.2078628968568924
3474,3474,-0.021232700005583763
3475,3475,-0.08947864266944994
3476,3476,-0.10829589822354002
3477,3477,-0.04701225628110706
3478,3478,-0.04698375973704261
3479,3479,-0.055834790784883404
3480,3480,-0.32229982896897136
3481,3481,-0.1434506941830307
3482,3482,-0.052846419984579285
3483,3483,-0.021902052442724806
3484,3484,-0.007977886180812195
3485,3485,-0.05208884747935752
3486,3486,-0.023347063039503735
3487,3487,-0.04190164954528444
3488,3488,-0.36374065926841387
3489,3489,-0.054840552774866325
3490,3490,-0.06240130879629824
3491,3491,-0.23091625883874833
3492,3492,-0.08307324054976528
3493,3493,-0.2664242285464926
3494,3494,-0.05986459406137934
3495,3495,-0.10460694111759461
3496,3496,-0.018847310160186703
3497,3497,-0.01585480320393265
3498,3498,-0.1427464800248868
3499,3499,-0.05436135981911594
3500,3500,-0.161018559139273
3501,3501,-0.11243031274389015
3502,3502,-0.15239320636182274
3503,3503,-0.05842490690236016
3504,3504,-0.017787110165216863
3505,3505,-0.12775710934371043
3506,3506,-0.037779072556385414
3507,3507,-0.2242606918593304
3508,3508,-0.11068069009070072
3509,3509,-0.04640583716685187
3510,3510,-0.0020978230471369944
3511,3511,-0.015114077864821579
3512,3512,-0.24261817449816775
3513,3513,-0.05677342813576225
3514,3514,-0.09813654235857783
3515,3515,-0.06765107535745019
3516,3516,-0.09378209449526687
3517,3517,-0.13652518134617447
3518,3518,-0.2467581829122189
3519,3519,-0.10921238697248814
3520,3520,-0.0603059458973805
3521,3521,-0.2598896504785586
3522,3522,-0.005262570213150804
3523,3523,-0.004448776100923856
3524,3524,-0.010349911474337614
3525,3525,-0.09597966567515961
3526,3526,-0.08579690914452834
3527,3527,-0.022584574415388414
3528,3528,-0.03942353151575384
3529,3529,-0.1016810370323249
3530,3530,-0.14060967077609465
3531,3531,-0.026354027019619315
3532,3532,-0.1874881058559429
3533,3533,-0.006707616459051408
3534,3534,-0.043854353276138076
3535,3535,-0.021080172939097815
3536,3536,-0.019112895539801777
3537,3537,-0.15578268533700015
3538,3538,-0.08712387052521864
3539,3539,-0.035550936524485995
3540,3540,-0.06319125413646985
3541,3541,-0.025478273717966293
3542,3542,-0.006532741387046355
3543,3543,-0.15028753555323116
3544,3544,-0.05212391016409905
3545,3545,-0.07487067842189676
3546,3546,-0.2653247319924362
3547,3547,-0.03366658075307172
3548,3548,-0.01625046652205464
3549,3549,-0.013689179372100242
3550,3550,-0.1296167843543916
3551,3551,-0.2175876187374719
3552,3552,-0.10573954815097494
3553,3553,-0.09203898535207922
3554,3554,-0.26156890864474036
3555,3555,-0.0030191268572749286
3556,3556,-0.05778905976710036
3557,3557,-0.21345369819266047
3558,3558,-0.017332732459091393
3559,3559,-0.05965195890004804
3560,3560,-0.011308993675110186
3561,3561,-0.005507621995788033
3562,3562,-0.08685924169950854
3563,3563,-0.027183353408068572
3564,3564,-0.012321464691824213
3565,3565,-0.09929077866893454
3566,3566,-0.0003830978639125693
3567,3567,-0.07629105905719788
3568,3568,-0.10898940567187987
3569,3569,-0.018662421949407065
3570,3570,-0.24755636208777965
3571,3571,-0.2112076759645447
3572,3572,-0.07427710633543061
3573,3573,-0.01143760848228717
3574,3574,-0.04989667298255274
3575,3575,-0.09815884243646844
3576,3576,-0.2783776221879977
3577,3577,-0.04692459180581657
3578,3578,-0.018061372024760353
3579,3579,-0.0015442687573251693
3580,3580,-0.011637593945497487
3581,3581,-0.011076058990817927
3582,3582,-0.15051597719478116
3583,3583,-0.04744941568514016
3584,3584,-0.0057400824739121115
3585,3585,-0.051584933562377505
3586,3586,-0.03279253405439215
3587,3587,-0.015386144383604194
3588,3588,-0.09357280232807977
3589,3589,-0.005469685638120371
3590,3590,-0.10286682688532922
3591,3591,-0.1235440107766288
3592,3592,-0.14394287689038565
3593,3593,-0.23587470717273584
3594,3594,-0.11622941467188286
3595,3595,-0.25565694729939503
3596,3596,-0.013786318865850774
3597,3597,-0.09466696252040199
3598,3598,-0.05704969417301431
3599,3599,-0.004165844581572077
3600,3600,-0.0657344865967252
3601,3601,-0.34679542576033284
3602,3602,-0.023115901682227546
3603,3603,-0.037884984027894975
3604,3604,-0.07262956921524522
3605,3605,-0.16335145530123052
3606,3606,-0.06733279546843995
3607,3607,-0.028714884704767685
3608,3608,-0.24352066952664064
3609,3609,-0.3594272371045979
3610,3610,-0.014214812634402052
3611,3611,-0.014270598805944279
3612,3612,-0.037202299736334495
3613,3613,-0.21349030345418107
3614,3614,-0.08943459074832792
3615,3615,-0.175762375707603
3616,3616,-0.3684929621338373
3617,3617,-0.10327260611690037
3618,3618,-0.11464500416483014
3619,3619,-0.005523282748160635
3620,3620,-0.1647236893917019
3621,3621,-0.017388135138882044
3622,3622,-0.05844681148432429
3623,3623,-0.07373088979424883
3624,3624,-0.05950342141723086
3625,3625,-0.12028591772249886
3626,3626,-0.003434889343882754
3627,3627,-0.3048597825845314
3628,3628,-0.14910854810288487
3629,3629,-0.08438363896976586
3630,3630,-0.29518860830892524
3631,3631,-0.22213869684713794
3632,3632,-0.03389073827428571
3633,3633,-0.022753766643811568
3634,3634,-0.16436351948209493
3635,3635,-0.1287206641444829
3636,3636,-0.17908568233412359
3637,3637,-0.13976509635651613
3638,3638,-0.24562098657827747
3639,3639,-0.25712265079468644
3640,3640,-0.17897645425249964
3641,3641,-0.11239403148904792
3642,3642,-0.07959211978294523
3643,3643,-0.22055049633562085
3644,3644,-0.11383457628572957
3645,3645,-0.18706707203787865
3646,3646,-0.49883791090564955
3647,3647,-0.08384778636799428
3648,3648,-0.00929267655422894
3649,3649,-0.1666255306105069
3650,3650,-0.21321913223288824
3651,3651,-0.06583629387629575
3652,3652,-0.2602463372719144
3653,3653,-0.13679433856813583
3654,3654,-0.008069113471618483
3655,3655,-0.21491335465717754
3656,3656,-0.018206428808575953
3657,3657,-0.06856108653196971
3658,3658,-0.02675534841147753
3659,3659,-0.1931302254438294
3660,3660,-0.2144466038750008
3661,3661,-0.02328458407427407
3662,3662,-0.1216838185979836
3663,3663,-0.028199730039087517
3664,3664,-0.37006310480196825
3665,3665,-0.005211024165475142
3666,3666,-0.031725763845180666
3667,3667,-0.04899990958599354
3668,3668,-0.035701418813251395
3669,3669,-0.02548668276125779
3670,3670,-0.21098864859531904
3671,3671,-0.4429600612595834
3672,3672,-0.013141334978037225
3673,3673,-0.08181570513439954
3674,3674,-0.19144553203434
3675,3675,-0.07064342533481874
3676,3676,-0.01829561474281871
3677,3677,-0.11226316520895496
3678,3678,-0.0520492361603383
3679,3679,-0.0561079315503801
3680,3680,-0.002834408984116925
3681,3681,-0.399960500124509
3682,3682,-0.04664345747865373
3683,3683,-0.0809089757437125
3684,3684,-0.1207447285738823
3685,3685,-0.09287076665593175
3686,3686,-0.20442847971933548
3687,3687,-0.05785736014496268
3688,3688,-0.0311440398276841
3689,3689,-0.029716898261089697
3690,3690,-0.153638763004608
3691,3691,-0.09298836426326151
3692,3692,-0.04778888880921539
3693,3693,-0.013080180819866616
3694,3694,-0.2031344598709528
3695,3695,-0.3414084240004086
3696,3696,-0.1435499758769514
3697,3697,-0.16864057842199287
3698,3698,-0.024704142769989917
3699,3699,-0.034600968148361
3700,3700,-0.058254597985236176
3701,3701,-0.12389791522231086
3702,3702,-0.01084472942201889
3703,3703,-0.13588828873646877
3704,3704,-0.06271708536108617
3705,3705,-0.20339806889188072
3706,3706,-0.010159871546481236
3707,3707,-0.0724108994288657
3708,3708,-0.09043632200636934
3709,3709,-0.09906021056910186
3710,3710,-0.0773077309429564
3711,3711,-0.031124305753980508
3712,3712,-0.2200794953634233
3713,3713,-0.24954495629766038
3714,3714,-0.021773408618263268
3715,3715,-0.0045349306028131045
3716,3716,-0.03519497075719635
3717,3717,-0.10676167622053478
3718,3718,-0.0107617414166704
3719,3719,-0.11472625588531749
3720,3720,-0.034531314147204256
3721,3721,-0.33486685457469356
3722,3722,-0.08374926289131057
3723,3723,-0.031467403447040576
3724,3724,-0.04237131618275772
3725,3725,-0.15085789354640758
3726,3726,-0.12189865809982381
3727,3727,-0.018749810527405875
3728,3728,-0.004665148719732587
3729,3729,-0.007831798409047241
3730,3730,-0.06181124701204868
3731,3731,-0.005588262736796669
3732,3732,-0.2031634658950705
3733,3733,-0.007978845475396762
3734,3734,-0.2389663986617241
3735,3735,-0.006476682125553405
3736,3736,-0.03696822532597488
3737,3737,-0.10798575933824417
3738,3738,-0.04623231052945098
3739,3739,-0.013939711659468085
3740,3740,-0.005639463908587109
3741,3741,-0.021290424369928562
3742,3742,-0.019862068731274635
3743,3743,-0.039331505672174694
3744,3744,-0.06352355235565021
3745,3745,-0.0019678349549717977
3746,3746,-0.0059649036651038614
3747,3747,-0.3315843776063332
3748,3748,-0.07555916640802884
3749,3749,-0.00392123079957382
3750,3750,-0.02472214581103696
3751,3751,-0.07761526759081219
3752,3752,-0.1036937508930369
3753,3753,-0.2147604985562772
3754,3754,-0.0681214577233045
3755,3755,-0.02812612776309642
3756,3756,-0.03785940957907322
3757,3757,-0.16543206260313648
3758,3758,-0.15145770818044094
3759,3759,-0.3987363667780315
3760,3760,-0.15035011442975632
3761,3761,-0.01883948808040936
3762,3762,-0.06345588521606149
3763,3763,-0.029715717254864132
3764,3764,-0.012851288475012379
3765,3765,-0.13409470468241835
3766,3766,-0.025081314637050434
3767,3767,-0.08261695958317183
3768,3768,-0.03130147186360477
3769,3769,-0.021547766166208238
3770,3770,-0.32683556701082517
3771,3771,-0.06285527260710036
3772,3772,-0.20819091998974537
3773,3773,-0.018740555963946304
3774,3774,-0.015796092857891963
3775,3775,-0.037978823787999993
3776,3776,-0.25797573565343157
3777,3777,-0.008496911849867757
3778,3778,-0.023686167136157815
3779,3779,-0.16220353355410033
3780,3780,-0.018520229391695953
3781,3781,-0.23053604161023067
3782,3782,-0.011973767934650688
3783,3783,-0.07526203756345817
3784,3784,-0.12368398978839912
3785,3785,-0.0022292962587097415
3786,3786,-0.10277637764682693
3787,3787,-0.22534915372025965
3788,3788,-0.06587099857883394
3789,3789,-0.18027597480285984
3790,3790,-0.06828660732318648
3791,3791,-0.0060105597904122135
3792,3792,-0.0373903058096926
3793,3793,-0.009309433592948585
3794,3794,-0.19207837552592766
3795,3795,-0.12799970268034155
3796,3796,-0.03736681691210919
3797,3797,-0.14209168351868096
3798,3798,-0.05546048212473531
3799,3799,-0.02714350902540788
3800,3800,-0.15486909166844587
3801,3801,-0.0140294857530553
3802,3802,-0.09567995505934859
3803,3803,-0.00538911680667848
3804,3804,-0.0012356837441501178
3805,3805,-0.03202146852356158
3806,3806,-0.0032569463221256492
3807,3807,-0.11550612570649677
3808,3808,-0.13744817926923725
3809,3809,-0.021863991513734554
3810,3810,-0.16951935673270405
3811,3811,-0.16009351530218885
3812,3812,-0.1669888452133006
3813,3813,-0.037435070701269724
3814,3814,-0.0071265183496785735
3815,3815,-0.05499519256066121
3816,3816,-0.14244744973954804
3817,3817,-0.019260009016705132
3818,3818,-0.0025642454800196834
3819,3819,-0.07783557158188195
3820,3820,-0.009769725131931362
3821,3821,-0.14236917493362
3822,3822,-0.05514882153870797
3823,3823,-0.05232154812246795
3824,3824,-0.0029477175415115577
3825,3825,-0.056836949686102756
3826,3826,-0.033962899967300175
3827,3827,-0.11507818508459032
3828,3828,-0.04544879921781833
3829,3829,-0.018290476926122914
3830,3830,-0.031571008612392704
3831,3831,-0.08218689294932136
3832,3832,-0.11939052614608592
3833,3833,-0.09586045939858723
3834,3834,-0.004535854519146544
3835,3835,-0.11279324567986582
3836,3836,-0.19689964390527248
3837,3837,-0.11045400820286488
3838,3838,-0.09260409141350667
3839,3839,-0.05984105062609449
3840,3840,-0.01783791127946805
3841,3841,-0.2808839374825567
3842,3842,-0.4312957725435633
3843,3843,-0.2467450334620609
3844,3844,-0.037543486995578884
3845,3845,-0.012604675581825209
3846,3846,-0.0019126335939811737
3847,3847,-0.35102726790132666
3848,3848,-0.05332098211321587
3849,3849,-0.1676895379459613
3850,3850,-0.0066548195929557186
3851,3851,-0.023102045393052273
3852,3852,-0.2512310076826254
3853,3853,-0.009427544754707001
3854,3854,-0.25491014224795017
3855,3855,-0.13900770132383145
3856,3856,-0.043501219149179704
3857,3857,-0.000926902550634674
3858,3858,-0.03215479428525647
3859,3859,-0.032338065259261306
3860,3860,-0.07762596235430463
3861,3861,-0.028159783601149346
3862,3862,-0.09236039310125399
3863,3863,-0.05819630225081973
3864,3864,-0.07786273541155575
3865,3865,-0.1511531751937718
3866,3866,-0.05046757113629077
3867,3867,-0.1869073231866708
3868,3868,-0.08126314865027784
3869,3869,-0.0206501171528041
3870,3870,-0.11018527381417886
3871,3871,-0.1269475796768007
3872,3872,-0.032739342666661515
3873,3873,-0.023216692499407193
3874,3874,-0.040496742607843444
3875,3875,-0.21414029915985866
3876,3876,-0.16222284342874008
3877,3877,-0.028432580825863557
3878,3878,-0.01748932584854746
3879,3879,-0.08594781291645337
3880,3880,-0.017853411425345536
3881,3881,-0.003968562987495983
3882,3882,-0.19839488815561745
3883,3883,-0.04414890761914381
3884,3884,-0.1664078069320536
3885,3885,-0.047751957181711546
3886,3886,-0.20357392627236814
3887,3887,-0.018637273863968913
3888,3888,-0.10052299349870397
3889,3889,-0.021366530423089225
3890,3890,-0.014706381150348946
3891,3891,-0.024222159126228854
3892,3892,-0.03190420599210697
3893,3893,-0.09937403294110903
3894,3894,-0.012438438964900406
3895,3895,-0.01773970885863152
3896,3896,-0.026024348610883347
3897,3897,-0.16521774633487796
3898,3898,-0.07187678153548893
3899,3899,-0.03344256012687119
3900,3900,-0.04767752658601094
3901,3901,-0.044063811745310516
3902,3902,-0.07085447253513413
3903,3903,-0.027677756702302
3904,3904,-0.09510189754043274
3905,3905,-0.0795419811609932
3906,3906,-0.12218740183225496
3907,3907,-0.008351721915323733
3908,3908,-0.2600770107447175
3909,3909,-0.06850275407000739
3910,3910,-0.04018279553190095
3911,3911,-0.05844916572226222
3912,3912,-0.1957887539713639
3913,3913,-0.013817040562856264
3914,3914,-0.061105264726318734
3915,3915,-0.00512824841073649
3916,3916,-0.024834394844064467
3917,3917,-0.039273573554037294
3918,3918,-0.0292554506710202
3919,3919,-0.11551017219568749
3920,3920,-0.016105039270580657
3921,3921,-0.05449189037479485
3922,3922,-0.20255611202664925
3923,3923,-0.0314652902144259
3924,3924,-0.17038931574887295
3925,3925,-0.005720498945586051
3926,3926,-0.01591903722640267
3927,3927,-0.08735773400938784
3928,3928,-0.015159564387872387
3929,3929,-0.08051987913503666
3930,3930,-0.007643431548382484
3931,3931,-0.025662605682472917
3932,3932,-0.12091053409419872
3933,3933,-0.35985943762755257
3934,3934,-0.05900521235825462
3935,3935,-0.3560685550649225
3936,3936,-0.01495832315812698
3937,3937,-0.054508520947529004
3938,3938,-0.23775358681015213
3939,3939,-0.11883837338571945
3940,3940,-0.12795313782012763
3941,3941,-0.1566866669955349
3942,3942,-0.036291050652035084
3943,3943,-0.22320099327215104
3944,3944,-0.27166485392011197
3945,3945,-0.043681804549163136
3946,3946,-0.19888847797370346
3947,3947,-0.0030947218267944557
3948,3948,-0.06567317722431867
3949,3949,-0.2003560237648936
3950,3950,-0.1226842988143009
3951,3951,-0.2704345848351811
3952,3952,-0.13290157374146538
3953,3953,-0.24690309727763096
3954,3954,-0.1078344981651278
3955,3955,-0.08263755745414247
3956,3956,-0.008285574764869408
3957,3957,-0.0007213555052423865
3958,3958,-0.0840959386585185
3959,3959,-0.26359829033378945
3960,3960,-0.00019455194660872755
3961,3961,-0.007072417522217128
3962,3962,-0.003869462615013232
3963,3963,-0.41731042505488436
3964,3964,-0.027361492988917685
3965,3965,-0.023874641671856267
3966,3966,-0.2217780575805427
3967,3967,-0.010674708951413377
3968,3968,-0.14206056557691207
3969,3969,-0.20153762510186235
3970,3970,-0.11245182537187988
3971,3971,-0.0862975022541379
3972,3972,-0.12346845549741658
3973,3973,-0.003351180418703116
3974,3974,-0.014931300462167245
3975,3975,-0.03751610061478797
3976,3976,-0.1196108046217727
3977,3977,-0.07538083309987735
3978,3978,-0.14304290902303807
3979,3979,-0.18302090649681665
3980,3980,-0.2932723862598999
3981,3981,-0.11328800870822156
3982,3982,-0.05958001868310314
3983,3983,-0.010129304620950257
3984,3984,-0.1456978730340637
3985,3985,-0.08201650149523232
3986,3986,-0.016543434704030635
3987,3987,-0.09982751800016709
3988,3988,-0.08890809918551026
3989,3989,-0.039320899364392634
3990,3990,-0.005909464455033181
3991,3991,-0.06816111753672527
3992,3992,-0.08567097506307819
3993,3993,-0.06076624565260214
3994,3994,-0.027033816760259573
3995,3995,-0.1722084471431704
3996,3996,-0.042342714768566575
3997,3997,-0.01948289594992952
3998,3998,-0.20224613604703923
3999,3999,-0.04399036923165451
4000,4000,-0.03415520792188212
4001,4001,-0.042593953047586286
4002,4002,-0.2865469178447536
4003,4003,-0.026205178930993785
4004,4004,-0.12492120025976375
4005,4005,-0.4219555297038544
4006,4006,-0.058018592792586254
4007,4007,-0.03775068564418138
4008,4008,-0.07606511419411932
4009,4009,-0.11977402031449458
4010,4010,-0.09350232935475733
4011,4011,-0.14776827672231585
4012,4012,-0.039150115966672165
4013,4013,-0.23360055091304055
4014,4014,-0.007837481192647655
4015,4015,-0.07898713162706494
4016,4016,-0.05379241808384638
4017,4017,-0.009251919733571534
4018,4018,-0.08905939481978875
4019,4019,-0.1054910789384085
4020,4020,-0.13060789744113158
4021,4021,-0.16153434571983016
4022,4022,-0.005469279172454489
4023,4023,-0.023442528543715646
4024,4024,-0.12004046546786107
4025,4025,-0.1214399575320382
4026,4026,-0.3733584077388574
4027,4027,-0.03383827366024772
4028,4028,-0.016748323142897675
4029,4029,-0.013174809800004492
4030,4030,-0.24958699241979554
4031,4031,-0.03606958060090204
4032,4032,-0.1740757299329836
4033,4033,-0.1598836760398513
4034,4034,-0.12557851788182742
4035,4035,-0.10659729602208046
4036,4036,-0.3327433834483262
4037,4037,-0.08213883086243456
4038,4038,-0.03861960705489478
4039,4039,-0.18168165213176926
4040,4040,-0.07771965995955166
4041,4041,-0.01961324106505169
4042,4042,-0.04012196615783295
4043,4043,-0.018694883297406983
4044,4044,-0.0333088519939686
4045,4045,-0.016906771757252484
4046,4046,-0.10677203483400144
4047,4047,-0.02085781718805102
4048,4048,-0.01957925434174504
4049,4049,-0.029146888089648066
4050,4050,-0.09235184522343509
4051,4051,-0.1198162753613663
4052,4052,-0.026868986736333207
4053,4053,-0.01749136038488222
4054,4054,-0.13494217125864072
4055,4055,-0.032487082174521564
4056,4056,-0.1541813875330278
4057,4057,-0.03116709803946771
4058,4058,-0.09929721618155865
4059,4059,-0.015462391679104237
4060,4060,-0.1784389727441469
4061,4061,-0.0632535745747611
4062,4062,-0.006962402301123771
4063,4063,-0.23704623380258305
4064,4064,-0.020482104700436238
4065,4065,-0.04330736186552403
4066,4066,-0.057973496261786855
4067,4067,-0.0017125028235148807
4068,4068,-0.019963707069959674
4069,4069,-0.06329858429061552
4070,4070,-0.01913998458322519
4071,4071,-0.08793521648501923
4072,4072,-0.1871707232919536
4073,4073,-0.14683390080058328
4074,4074,-0.0008168974739549834
4075,4075,-0.047364306924103095
4076,4076,-0.009349245956574076
4077,4077,-0.015328038364062935
4078,4078,-0.05894985548057996
4079,4079,-0.04841675626099409
4080,4080,-0.01060326364005007
4081,4081,-0.35476612379761185
4082,4082,-0.04830809353029008
4083,4083,-0.15503432320003085
4084,4084,-0.17515270499129487
4085,4085,-0.20558771871562165
4086,4086,-0.0349615059446734
4087,4087,-0.052374839406758245
4088,4088,-0.006153068134996477
4089,4089,-0.1156632507968891
4090,4090,-0.12678076845032438
4091,4091,-0.3510851920201574
4092,4092,-0.039780634908155865
4093,4093,-0.2247054214216786
4094,4094,-0.11047715149079096
4095,4095,-0.20172519257365787
4096,4096,-0.004785989751986297
4097,4097,-0.01277198841984295
4098,4098,-0.03697320460730347
4099,4099,-0.17412417863292617
4100,4100,-0.21591435935231296
4101,4101,-0.0867448065461206
4102,4102,-0.054404054384118244
4103,4103,-0.048879289008865734
4104,4104,-0.07449428718366982
4105,4105,-0.043371854242702686
4106,4106,-0.08615220463386786
4107,4107,-0.0007692659996360891
4108,4108,-0.05397064016420772
4109,4109,-0.040432817139605115
4110,4110,-0.007574864665295028
4111,4111,-0.08059104820856888
4112,4112,-0.05994598929628403
4113,4113,-0.116565259344931
4114,4114,-0.06208646446138433
4115,4115,-0.00802699857734811
4116,4116,-0.024754793337824044
4117,4117,-0.020544394805785588
4118,4118,-0.013790100095202158
4119,4119,-0.2618345185456019
4120,4120,-0.08003499086329136
4121,4121,-0.047298601536922225
4122,4122,-0.009040386812455158
4123,4123,-0.21930019660385724
4124,4124,-0.11434368326196512
4125,4125,-0.014614110909592776
4126,4126,-0.07380117683129164
4127,4127,-0.1719585783450448
4128,4128,-0.036922246525468716
4129,4129,-0.1540462701182581
4130,4130,-0.17062724728519862
4131,4131,-0.2000631922850804
4132,4132,-0.305263334678898
4133,4133,-0.049182950278532374
4134,4134,-0.17643094975669626
4135,4135,-0.13226173185360068
4136,4136,-0.09580912603380876
4137,4137,-0.0512998775874044
4138,4138,-0.07741141061134552
4139,4139,-0.21052450813406243
4140,4140,-0.045663520713044026
4141,4141,-0.005858759644769847
4142,4142,-0.12382015447613748
4143,4143,-0.10967194518994597
4144,4144,-0.032627335141443226
4145,4145,-0.03295504083128731
4146,4146,-0.06048768470740251
4147,4147,-0.20236657257068658
4148,4148,-0.16575371485368084
4149,4149,-0.027013598508831047
4150,4150,-0.010261963686166393
4151,4151,-0.014481645744024024
4152,4152,-0.0926881222100833
4153,4153,-0.10909003440030007
4154,4154,-0.11694003071974149
4155,4155,-0.32757288299909426
4156,4156,-0.020993164066311132
4157,4157,-0.21679580663015985
4158,4158,-0.05765256592622883
4159,4159,-0.08131333812067443
4160,4160,-0.07239956631810174
4161,4161,-0.4340014447686418
4162,4162,-0.02314906933985534
4163,4163,-0.07460705632485276
4164,4164,-0.0033810750209565827
4165,4165,-0.16073548234350188
4166,4166,-0.10369970023885111
4167,4167,-0.46131267502463524
4168,4168,-0.02735904841476977
4169,4169,-0.03199317693409631
4170,4170,-0.08401039268470711
4171,4171,-0.03220790809848451
4172,4172,-0.1915124963454904
4173,4173,-0.010983040913683545
4174,4174,-0.011795547263534496
4175,4175,-0.1786390302347063
4176,4176,-0.12704946231015146
4177,4177,-0.0010568118844675525
4178,4178,-0.036001193234250946
4179,4179,-0.11516197434445108
4180,4180,-0.072116656545127
4181,4181,-0.02306102229967255
4182,4182,-0.19434692247416363
4183,4183,-0.011596034454228786
4184,4184,-0.07625565530616707
4185,4185,-0.06691264753494378
4186,4186,-0.0016494063628300923
4187,4187,-0.04200944453693814
4188,4188,-0.00407499131073525
4189,4189,-0.02874747593980953
4190,4190,-0.05315512815739665
4191,4191,-0.13656877883418084
4192,4192,-0.049856403018186946
4193,4193,-0.10274591570555638
4194,4194,-0.2650848601381828
4195,4195,-0.3583033454756279
4196,4196,-0.019837633934296495
4197,4197,-0.06205014077854509
4198,4198,-0.13407024901819753
4199,4199,-0.0873433250079545
4200,4200,-0.04280318209015821
4201,4201,-0.18937206860288847
4202,4202,-0.042964570110188116
4203,4203,-0.021989873587965475
4204,4204,-0.01992485444305514
4205,4205,-0.0022229816043408406
4206,4206,-0.038435198772363344
4207,4207,-0.013296861286173578
4208,4208,-0.024553990602088627
4209,4209,-0.10466352166774551
4210,4210,-0.014922927901351302
4211,4211,-0.00010113394822395443
4212,4212,-0.024371560505131847
4213,4213,-0.02946638805877133
4214,4214,-0.016049627823326758
4215,4215,-0.2541526809801137
4216,4216,-0.25532526885658413
4217,4217,-0.040408452521799365
4218,4218,-0.0005771609098550491
4219,4219,-0.1441537004098281
4220,4220,-0.06567174014326627
4221,4221,-0.11371823227599842
4222,4222,-0.05893133569821685
4223,4223,-0.26004010544110834
4224,4224,-0.29365145065926024
4225,4225,-0.09196937750847145
4226,4226,-0.03480143858137022
4227,4227,-0.09029945606650758
4228,4228,-0.03603850753578919
4229,4229,-0.2049110628287587
4230,4230,-0.030529426123690535
4231,4231,-0.11598648260279676
4232,4232,-0.15018920410910575
4233,4233,-0.011548033711454853
4234,4234,-0.008368340117798079
4235,4235,-0.04942636500719022
4236,4236,-0.013821962386867392
4237,4237,-0.14623422635781935
4238,4238,-0.09133581860083073
4239,4239,-0.10142275883309981
4240,4240,-0.028800160333385394
4241,4241,-0.10456013370107131
4242,4242,-0.06885290231273544
4243,4243,-0.17405808163135816
4244,4244,-0.06996683508831092
4245,4245,-0.14120476304409468
4246,4246,-0.060133183868603696
4247,4247,-0.33032947690328485
4248,4248,-0.06526867153130828
4249,4249,-0.09351007104993814
4250,4250,-0.14985038181137525
4251,4251,-0.08615061880636121
4252,4252,-0.13015194355021453
4253,4253,-0.04855778398730817
4254,4254,-0.011371898709910955
4255,4255,-0.13266002666521004
4256,4256,-0.029626767041998847
4257,4257,-0.036419748025844356
4258,4258,-0.03228399027110973
4259,4259,-0.03889231910292523
4260,4260,-0.05808871108958347
4261,4261,-0.20799206798225356
4262,4262,-0.01012442562517102
4263,4263,-0.008742660911189415
4264,4264,-0.015635235793881055
4265,4265,-0.04762438569630335
4266,4266,-0.04953868852830334
4267,4267,-0.16453201058800204
4268,4268,-0.1457776080972623
4269,4269,-0.015239402182701811
4270,4270,-0.00040556354297147367
4271,4271,-0.04201223396324061
4272,4272,-0.03037524397892466
4273,4273,-0.1274297032908991
4274,4274,-0.16055363431269898
4275,4275,-0.05466988782156926
4276,4276,-0.0320511391394436
4277,4277,-0.2222625136838321
4278,4278,-0.1920646713048999
4279,4279,-0.03622570854071583
4280,4280,-0.09355027669683169
4281,4281,-0.10588026036413167
4282,4282,-0.003285043436736468
4283,4283,-0.16362943726093038
4284,4284,-0.0007285501825869192
4285,4285,-0.03386794818267802
4286,4286,-0.08157502489615702
4287,4287,-0.1524196552060162
4288,4288,-0.04425030537527841
4289,4289,-0.3495853862579712
4290,4290,-0.10773119423849069
4291,4291,-0.14626281418124343
4292,4292,-0.04042009216576739
4293,4293,-0.13262751555112917
4294,4294,-0.022627699832193655
4295,4295,-0.24411529331018755
4296,4296,-0.15264944766461852
4297,4297,-0.048965150297150206
4298,4298,-0.08667175652978101
4299,4299,-0.0684490998753895
4300,4300,-0.05959804479090114
4301,4301,-0.0117201682211956
4302,4302,-0.19460664323491983
4303,4303,-0.08616314377526837
4304,4304,-0.02341302451819474
4305,4305,-0.03662559961914358
4306,4306,-0.3276903098608006
4307,4307,-0.014641902851123018
4308,4308,-0.019248622732951692
4309,4309,-0.02154978536647789
4310,4310,-0.21466951432632309
4311,4311,-0.3451063243064909
4312,4312,-0.10974011091185161
4313,4313,-0.04961723934636744
4314,4314,-0.024860905401455913
4315,4315,-0.120404921596169
4316,4316,-0.07538463560745357
4317,4317,-0.052858064992887865
4318,4318,-0.3172219125369171
4319,4319,-0.10593326088819355
4320,4320,-0.031109558171739993
4321,4321,-0.16504371047899724
4322,4322,-0.007930351235818027
4323,4323,-0.005280239066581812
4324,4324,-0.007661121132942178
4325,4325,-0.3014763234758111
4326,4326,-0.07190119279074694
4327,4327,-0.018457832464096713
4328,4328,-0.0002922033292661959
4329,4329,-0.027152445519044166
4330,4330,-0.003663847694213761
4331,4331,-0.4790522930126545
4332,4332,-0.4965967315998956
4333,4333,-0.003588645923825622
4334,4334,-0.105312322126115
4335,4335,-0.006472378881023033
4336,4336,-0.9125476868985078
4337,4337,-0.14856360574860708
4338,4338,-0.06714940681553616
4339,4339,-0.036378996378509165
4340,4340,-0.08666126160393839
4341,4341,-0.11245195263078372
4342,4342,-0.010329784106093975
4343,4343,-0.0033011392428779554
4344,4344,-0.0861750644829602
4345,4345,-0.05036767423799715
4346,4346,-0.15234656683840386
4347,4347,-0.11335983344987799
4348,4348,-0.08552767253092519
4349,4349,-0.04604058773880366
4350,4350,-0.0031363176123453407
4351,4351,-0.1836979502952829
4352,4352,-0.00020640133311212877
4353,4353,-0.1742230440968613
4354,4354,-0.06061629444157071
4355,4355,-0.07528863799803753
4356,4356,-0.03250526563317868
4357,4357,-0.018989419022165784
4358,4358,-0.19669925585601977
4359,4359,-0.14284471085314365
4360,4360,-0.2034810141695207
4361,4361,-0.0015332796903899729
4362,4362,-0.011583148867111343
4363,4363,-0.000818500906535043
4364,4364,-0.020315974279275256
4365,4365,-0.1907963605192191
4366,4366,-0.06282520985726958
4367,4367,-0.04090274598665247
4368,4368,-0.00550723285796223
4369,4369,-0.015072243255883883
4370,4370,-0.0073363733795232524
4371,4371,-0.05956551383961861
4372,4372,-0.02079926218244721
4373,4373,-0.0073231291256700415
4374,4374,-0.12474265047783828
4375,4375,-0.11984073632977932
4376,4376,-0.006361682544942321
4377,4377,-0.012840043718263666
4378,4378,-0.03242088983673799
4379,4379,-0.15313788251853533
4380,4380,-0.004778339236599417
4381,4381,-0.2121012075964589
4382,4382,-0.013451380687382747
4383,4383,-0.001503900866250219
4384,4384,-0.025598393578743606
4385,4385,-0.12544095056803428
4386,4386,-0.09707372981752471
4387,4387,-0.0993632268781327
4388,4388,-0.028791042144532875
4389,4389,-0.08421038695950145
4390,4390,-0.09855161193645501
4391,4391,-0.014693643006512387
4392,4392,-0.18304474880434585
4393,4393,-0.04571908373258737
4394,4394,-0.12399256123569957
4395,4395,-0.03081667754948214
4396,4396,-0.01965847435118484
4397,4397,-0.05951359172843335
4398,4398,-0.0723300513813917
4399,4399,-0.10113498760360162
4400,4400,-0.5115138525146001
4401,4401,-0.0053994671120910775
4402,4402,-0.0848485748721135
4403,4403,-0.06559263558292949
4404,4404,-0.004311155949834361
4405,4405,-0.007183763091400952
4406,4406,-0.028814855256205196
4407,4407,-0.10330028342568698
4408,4408,-0.0786509854920796
4409,4409,-0.23127310710936655
4410,4410,-0.07154397155704872
4411,4411,-0.20020183565729832
4412,4412,-0.127968482369481
4413,4413,-0.017722046259626034
4414,4414,-0.286219426438164
4415,4415,-0.08329904470702054
4416,4416,-0.11178743279462203
4417,4417,-0.05039901141826608
4418,4418,-0.046220345120720485
4419,4419,-0.19585168488208382
4420,4420,-0.08513948537826554
4421,4421,-0.008152622989366282
4422,4422,-0.45560264351098034
4423,4423,-0.0949739219105494
4424,4424,-0.008074644847036017
4425,4425,-0.0017732310537811203
4426,4426,-0.07925932804198599
4427,4427,-0.023327825534696922
4428,4428,-0.11318526440660515
4429,4429,-0.2552116392275128
4430,4430,-0.05925508282166192
4431,4431,-0.1165059937478097
4432,4432,-0.3570439802763645
4433,4433,-0.1415941861626817
4434,4434,-0.08460863940821994
4435,4435,-0.32709478296312255
4436,4436,-0.014745001279633525
4437,4437,-0.20508556902878183
4438,4438,-0.07953237281352532
4439,4439,-0.06579836541099704
4440,4440,-0.15151764747635932
4441,4441,-0.015987658023121853
4442,4442,-0.11364390103538427
4443,4443,-0.015530119773688735
4444,4444,-0.35271336578463997
4445,4445,-0.43149271174386605
4446,4446,-0.03621033243413152
4447,4447,-0.05223175053316498
4448,4448,-0.1265712248004971
4449,4449,-0.10299959872795128
4450,4450,-0.02097223525043785
4451,4451,-0.1881555301502802
4452,4452,-0.17617293681299495
4453,4453,-0.03487980768722054
4454,4454,-0.04203218770404052
4455,4455,-0.052556925369351526
4456,4456,-0.08022770644551347
4457,4457,-0.05800430089244657
4458,4458,-0.17143598072990873
4459,4459,-0.0639262300557708
4460,4460,-0.03508702022688581
4461,4461,-0.07289404812913658
4462,4462,-0.0026013797585872425
4463,4463,-0.01964486487626138
4464,4464,-0.15539422430720373
4465,4465,-0.015189046239457
4466,4466,-0.01447755970097056
4467,4467,-0.1982021873022416
4468,4468,-0.02938335870536641
4469,4469,-0.06578396906694667
4470,4470,-0.0727504225580447
4471,4471,-0.05333713370111959
4472,4472,-0.07222154784548274
4473,4473,-0.06706297476421208
4474,4474,-0.0038871229314833347
4475,4475,-0.03720446565342039
4476,4476,-0.029429766155303023
4477,4477,-0.028849121104449843
4478,4478,-0.14833668192675742
4479,4479,-0.09397813485824291
4480,4480,-0.5000269450659278
4481,4481,-0.11222599247983034
4482,4482,-0.19732597221751302
4483,4483,-0.07337888090827305
4484,4484,-0.039409453197749605
4485,4485,-0.006020219732336858
4486,4486,-0.13348732952799505
4487,4487,-0.050017035502831764
4488,4488,-0.020061099602519034
4489,4489,-0.08045074074009335
4490,4490,-0.021563407354162956
4491,4491,-0.4491774782105318
4492,4492,-0.021817283849245528
4493,4493,-0.04519185563443895
4494,4494,-0.19111124446388672
4495,4495,-0.014333036138106658
4496,4496,-0.020043863888124985
4497,4497,-0.01134048296616702
4498,4498,-0.21235679309956457
4499,4499,-0.13751353311403502
4500,4500,-0.08144889497322139
4501,4501,-0.0027534725545367293
4502,4502,-0.031926387282347035
4503,4503,-0.0015262089401672026
4504,4504,-0.1480398529065674
4505,4505,-0.11616031877287591
4506,4506,-0.039535585869006545
4507,4507,-0.10439470198447243
4508,4508,-0.01676247648633821
4509,4509,-0.04748668641038248
4510,4510,-0.1014091375870902
4511,4511,-0.10385623582178247
4512,4512,-0.025439397289886423
4513,4513,-0.04524925350887887
4514,4514,-0.05141348709272357
4515,4515,-0.06172208616536867
4516,4516,-0.05460118737555064
4517,4517,-0.04821505551998873
4518,4518,-0.051349013476886474
4519,4519,-0.21302595182924167
4520,4520,-0.04421077600908829
4521,4521,-0.13993422405984746
4522,4522,-0.017634359408272404
4523,4523,-0.04142292441271267
4524,4524,-0.15202359224455655
4525,4525,-0.017429890064910275
4526,4526,-0.012985401015805371
4527,4527,-0.04313749489735541
4528,4528,-0.4119939517074944
4529,4529,-0.11718813921391602
4530,4530,-0.002343334249843433
4531,4531,-0.03263432232182817
4532,4532,-0.03210788885626514
4533,4533,-0.3431750774050806
4534,4534,-0.054522689091482106
4535,4535,-0.08097114308390063
4536,4536,-0.010282772672108448
4537,4537,-0.22221785628772084
4538,4538,-0.2015824438951359
4539,4539,-0.05160746207441991
4540,4540,-0.37169023297927695
4541,4541,-0.06500993086338058
4542,4542,-0.29153288536594496
4543,4543,-0.08690161728504942
4544,4544,-0.028023921717888773
4545,4545,-0.1557111196907086
4546,4546,-0.19728210213450506
4547,4547,-0.061340338159062924
4548,4548,-0.25434941716276116
4549,4549,-0.0804485200544807
4550,4550,-0.024679852045609435
4551,4551,-0.164157056160951
4552,4552,-0.003363696531536592
4553,4553,-0.013809962850075852
4554,4554,-0.2307098631491411
4555,4555,-0.07312484474306655
4556,4556,-0.06785410585824769
4557,4557,-0.4066164456534924
4558,4558,-0.02793261426473384
4559,4559,-0.11321117695608465
4560,4560,-0.09073016367727382
4561,4561,-0.239290649608484
4562,4562,-0.05850005090936483
4563,4563,-0.2629489500716162
4564,4564,-0.10324712299747185
4565,4565,-0.08178722809199582
4566,4566,-0.08905012251796632
4567,4567,-0.17609945354224843
4568,4568,-0.1385094084082401
4569,4569,-0.06083752649073271
4570,4570,-0.028081187352548526
4571,4571,-0.028060790954471143
4572,4572,-0.009767673551972507
4573,4573,-0.15676994527939403
4574,4574,-0.15843316718232014
4575,4575,-0.1719641155513707
4576,4576,-0.013271177318639943
4577,4577,-0.12909736800882943
4578,4578,-0.08285761372671385
4579,4579,-0.11878131001732584
4580,4580,-0.003877308304482026
4581,4581,-0.014406849949522571
4582,4582,-0.14419528974046775
4583,4583,-0.0664194197667545
4584,4584,-0.07145786076805438
4585,4585,-0.06818929277803065
4586,4586,-0.0038926471943319385
4587,4587,-0.03386386020686438
4588,4588,-0.115790101783107
4589,4589,-0.006170625046203625
4590,4590,-0.21926018440976414
4591,4591,-0.005656472213134839
4592,4592,-0.29283716986170605
4593,4593,-0.262922726874395
4594,4594,-0.1614989505999298
4595,4595,-0.1506606133470365
4596,4596,-0.10735333505496536
4597,4597,-0.0013757790276569138
4598,4598,-0.09846237106634037
4599,4599,-0.11635964956270373
4600,4600,-0.22194660930315038
4601,4601,-0.015412294394898059
4602,4602,-0.16723506521771192
4603,4603,-0.159245624776347
4604,4604,-0.0953436983066225
4605,4605,-0.05414856298122661
4606,4606,-0.24513481724894437
4607,4607,-0.0477024731070963
4608,4608,-0.05442559670684277
4609,4609,-0.05117608171112631
4610,4610,-0.00920623722094474
4611,4611,-0.04135194729671676
4612,4612,-0.00833144417960844
4613,4613,-0.20468096546170855
4614,4614,-0.09969089578974646
4615,4615,-0.15559209960136133
4616,4616,-0.0027332926375531856
4617,4617,-0.11896229445538886
4618,4618,-0.17831623939494978
4619,4619,-0.0329326888451901
4620,4620,-0.01496263942149022
4621,4621,-0.19148333800493636
4622,4622,-0.273570261214648
4623,4623,-0.13342851712613302
4624,4624,-0.3633133495839673
4625,4625,-0.0019018398799168917
4626,4626,-0.06613807768323834
4627,4627,-0.07872995477188116
4628,4628,-0.23463487357604695
4629,4629,-0.26914741685682575
4630,4630,-0.07938230989004058
4631,4631,-0.16856600150152812
4632,4632,-0.24613201168917742
4633,4633,-0.011011587243801135
4634,4634,-0.019866627990229563
4635,4635,-0.06278169822418289
4636,4636,-0.09893948514459894
4637,4637,-0.11818705136285271
4638,4638,-0.04128041547892991
4639,4639,-0.026997904297220324
4640,4640,-0.21408572742565823
4641,4641,-0.19204603589986952
4642,4642,-0.003314469596703007
4643,4643,-0.016503220170227456
4644,4644,-0.07118170851450334
4645,4645,-0.49554837578797806
4646,4646,-0.05036698192799849
4647,4647,-0.006294780328408245
4648,4648,-0.1729381379373618
4649,4649,-0.16970892807109061
4650,4650,-0.4360750175073119
4651,4651,-0.03564010232445844
4652,4652,-0.03864825669436245
4653,4653,-0.1445210907842485
4654,4654,-0.014965708793549665
4655,4655,-0.1034357041664441
4656,4656,-0.29870297986803673
4657,4657,-0.034106647056638906
4658,4658,-0.04500908292348749
4659,4659,-0.008110204791886177
4660,4660,-0.024376636549733988
4661,4661,-0.20164414356858806
4662,4662,-0.023947355738557108
4663,4663,-0.030692073521932373
4664,4664,-0.14259864146608228
4665,4665,-0.09449139347275518
4666,4666,-0.09593880571977234
4667,4667,-0.09174052436692337
4668,4668,-0.002184180795177605
4669,4669,-0.1772782979488774
4670,4670,-0.18242601789134727
4671,4671,-0.16961760290566952
4672,4672,-0.016296910450674607
4673,4673,-0.33895883826404516
4674,4674,-0.030860607876747048
4675,4675,-0.022558056726951325
4676,4676,-0.31989284286931635
4677,4677,-0.02273145616102057
4678,4678,-0.11445984368602952
4679,4679,-0.030637522673415796
4680,4680,-0.13440811459012014
4681,4681,-0.0053528015039104385
4682,4682,-0.025618893680926402
4683,4683,-0.12787523159850567
4684,4684,-0.13070441879990868
4685,4685,-0.042368814433525304
4686,4686,-0.0543564130752211
4687,4687,-0.016654495238309315
4688,4688,-0.06635934599744367
4689,4689,-0.09249333801156079
4690,4690,-0.07390849405724056
4691,4691,-0.06204118194539909
4692,4692,-0.14774451451960957
4693,4693,-0.0070096915878723465
4694,4694,-0.06280772239934776
4695,4695,-0.009395753884079788
4696,4696,-0.13999770961237595
4697,4697,-0.04113517209132351
4698,4698,-0.07795561195910283
4699,4699,-0.2397703085036912
4700,4700,-0.010463279294556621
4701,4701,-0.1962562777127581
4702,4702,-0.02840649625535819
4703,4703,-0.1475561923392732
4704,4704,-0.15791121094668725
4705,4705,-0.23414143461056686
4706,4706,-0.12983275117530368
4707,4707,-0.027931934770258595
4708,4708,-0.18037852279756372
4709,4709,-0.20394199737458862
4710,4710,-0.19398054759344488
4711,4711,-0.06443292214022911
4712,4712,-0.10781915442099788
4713,4713,-0.004811274962058833
4714,4714,-0.11379983418618256
4715,4715,-0.08706445078606972
4716,4716,-0.0002556898901131064
4717,4717,-0.012629773537569139
4718,4718,-0.05189710937371623
4719,4719,-0.0011413974055882962
4720,4720,-0.06615610369850876
4721,4721,-0.0368316358615394
4722,4722,-0.09642886051318533
4723,4723,-0.043321365283303326
4724,4724,-0.05291904378249293
4725,4725,-0.014934331647635607
4726,4726,-0.022187522949472904
4727,4727,-0.02813061537029604
4728,4728,-0.05383211215893913
4729,4729,-0.052683046115269444
4730,4730,-0.0032870764192064073
4731,4731,-0.0033804902140440185
4732,4732,-0.17203476848828503
4733,4733,-0.18042527623198668
4734,4734,-0.009951017095453901
4735,4735,-0.4267631877386435
4736,4736,-0.09693789330457359
4737,4737,-0.10858638785488772
4738,4738,-0.11107714055557283
4739,4739,-0.008437566831010518
4740,4740,-0.25744569442361254
4741,4741,-0.27869522810289427
4742,4742,-0.005969683852477155
4743,4743,-0.0019379534981482094
4744,4744,-0.0017270696052192475
4745,4745,-0.16498948529079993
4746,4746,-0.12421736703890807
4747,4747,-0.042406265348692074
4748,4748,-0.14225479717376643
4749,4749,-0.04036715483192957
4750,4750,-0.0036430992957321995
4751,4751,-0.07292438700660187
4752,4752,-0.22824766748549544
4753,4753,-0.026602796711803656
4754,4754,-0.04783904109078385
4755,4755,-0.045649307794883076
4756,4756,-0.09610256646690551
4757,4757,-0.011785294122134866
4758,4758,-0.11163340692899659
4759,4759,-0.02928530851971914
4760,4760,-0.19257721896452695
4761,4761,-0.004410212019260375
4762,4762,-0.10193935820943612
4763,4763,-0.03924559949943292
4764,4764,-0.051342913483350405
4765,4765,-0.028515537163930738
4766,4766,-0.2317380352074552
4767,4767,-0.21625225062295828
4768,4768,-0.001281819520780646
4769,4769,-0.001733553675132048
4770,4770,-0.028238553184306348
4771,4771,-0.014202976116746702
4772,4772,-0.04969464806332147
4773,4773,-0.1178421020879914
4774,4774,-0.06718495886363574
4775,4775,-0.029751486750047823
4776,4776,-0.09917228941831491
4777,4777,-0.02687336864648915
4778,4778,-0.13285046016378665
4779,4779,-0.07799242499438253
4780,4780,-0.10778151634595601
4781,4781,-0.221676137953859
4782,4782,-0.09944428881403095
4783,4783,-0.17344245370852862
4784,4784,-0.007753017209689739
4785,4785,-0.168841951437675
4786,4786,-0.0018266054381578037
4787,4787,-0.09896645330040343
4788,4788,-0.3470230742126468
4789,4789,-0.1275185740815532
4790,4790,-0.06280463534691894
4791,4791,-0.020541289544698985
4792,4792,-0.09159480200173375
4793,4793,-0.0035410689673154652
4794,4794,-0.10039465183007934
4795,4795,-0.016686114685884403
4796,4796,-0.1879443635225534
4797,4797,-0.07037785564572385
4798,4798,-0.051500312577870244
4799,4799,-0.14480195197001777
4800,4800,-0.24386038601580626
4801,4801,-0.007072325748696297
4802,4802,-0.05162815123941167
4803,4803,-0.0028133735968201364
4804,4804,-0.16170977964478306
4805,4805,-0.009747219481282272
4806,4806,-0.3432973152541767
4807,4807,-0.05529188483777239
4808,4808,-0.12875799163492774
4809,4809,-0.039921736078839115
4810,4810,-0.016211209469380927
4811,4811,-0.32410600474575135
4812,4812,-0.039063447776058365
4813,4813,-0.000534199837817816
4814,4814,-0.07654382902567536
4815,4815,-0.020994654291654063
4816,4816,-0.09702969705903566
4817,4817,-0.002390394277460274
4818,4818,-0.09738949972734234
4819,4819,-0.08822316456638513
4820,4820,-0.07375612375170171
4821,4821,-0.006845709912352317
4822,4822,-0.014685341157192888
4823,4823,-0.024846125983439188
4824,4824,-0.053941758606813384
4825,4825,-0.01150819647776205
4826,4826,-0.18250860008689404
4827,4827,-0.09183609435373222
4828,4828,-0.08689825378476579
4829,4829,-0.1273596212656212
4830,4830,-0.020217215191616962
4831,4831,-0.031238444549926577
4832,4832,-0.12719771380796008
4833,4833,-0.21664088305059082
4834,4834,-0.02191093318792181
4835,4835,-0.03135087090708833
4836,4836,-0.08667343347010048
4837,4837,-0.14128030295726512
4838,4838,-0.10242618565091677
4839,4839,-0.028565682752354715
4840,4840,-0.20504948031711168
4841,4841,-0.18824885407085645
4842,4842,-0.00017778313993942587
4843,4843,-0.22042846353474144
4844,4844,-0.12926251470691774
4845,4845,-0.04106988167289105
4846,4846,-0.018750179855113958
4847,4847,-0.02410492199942607
4848,4848,-0.32191786051785165
4849,4849,-0.15343818019514233
4850,4850,-0.17685881514025548
4851,4851,-0.06449985752360113
4852,4852,-0.049861758923022165
4853,4853,-0.045709590708257086
4854,4854,-0.00432206480223344
4855,4855,-0.22465031113742875
4856,4856,-0.04065326421442039
4857,4857,-0.05014807486657169
4858,4858,-0.1377333730568201
4859,4859,-0.31650610031135173
4860,4860,-0.028262173339982273
4861,4861,-0.16048658905893953
4862,4862,-0.030315783672821756
4863,4863,-0.04502307929289062
4864,4864,-0.044608595353054614
4865,4865,-0.031307002313298415
4866,4866,-0.013983201942244117
4867,4867,-0.019678803536261988
4868,4868,-0.4328300928139619
4869,4869,-0.1492157938951242
4870,4870,-0.010406110534598119
4871,4871,-0.0027908606435140954
4872,4872,-0.109261091995692
4873,4873,-0.008033122170035607
4874,4874,-0.038279178130096736
4875,4875,-0.27020469986306184
4876,4876,-0.07242660420852423
4877,4877,-0.029925025738486433
4878,4878,-0.052181058829695925
4879,4879,-0.34343834983141086
4880,4880,-0.1420296605786331
4881,4881,-3.264038664676228e-05
4882,4882,-0.030544951926795627
4883,4883,-0.005343429993854794
4884,4884,-0.0027228913687887407
4885,4885,-0.08370818935202007
4886,4886,-0.10310227317251197
4887,4887,-0.15705863821450095
4888,4888,-0.08262964690326194
4889,4889,-0.12591723826933965
4890,4890,-0.047742909952771306
4891,4891,-0.031566569283461576
4892,4892,-0.08556627259911354
4893,4893,-0.0038042712907338247
4894,4894,-0.0922334177106543
4895,4895,-0.1067715719950657
4896,4896,-0.04042139203901951
4897,4897,-0.020976390346700402
4898,4898,-0.0052407596460992845
4899,4899,-0.04510900255102479
4900,4900,-0.17134143473859575
4901,4901,-0.10248612730394635
4902,4902,-0.21213530613537301
4903,4903,-0.11405795112050676
4904,4904,-0.11438024600807228
4905,4905,-0.13069024653832273
4906,4906,-0.12587719418975363
4907,4907,-0.038278640987335355
4908,4908,-0.32309231106614256
4909,4909,-0.05342707641227529
4910,4910,-0.03650239771354949
4911,4911,-0.03956667132906633
4912,4912,-0.029285444452597793
4913,4913,-0.06174400933709508
4914,4914,-0.010650452232135905
4915,4915,-0.2337291486476989
4916,4916,-0.17288003735126134
4917,4917,-0.06814307634182093
4918,4918,-0.011296154804208425
4919,4919,-0.0028770684736072593
4920,4920,-0.030986851735132187
4921,4921,-0.0074648198760638995
4922,4922,-0.03428998816967621
4923,4923,-0.037560901336015196
4924,4924,-0.06292857234049276
4925,4925,-0.010966023555859907
4926,4926,-0.0012548320547830926
4927,4927,-0.08767278690787805
4928,4928,-0.061979120509305236
4929,4929,-0.12246341771290939
4930,4930,-0.05042649873474403
4931,4931,-0.060095474512034674
4932,4932,-0.05392463121477997
4933,4933,-0.24766945725585643
4934,4934,-0.09486664580406112
4935,4935,-0.15468954826241177
4936,4936,-0.08145243679688052
4937,4937,-0.010521248660703614
4938,4938,-0.11516065374572115
4939,4939,-0.15913039751025027
4940,4940,-0.11444823630175238
4941,4941,-0.022191719940072407
4942,4942,-0.13851003773328874
4943,4943,-0.07437841663970349
4944,4944,-0.12139091249184208
4945,4945,-0.16956497345615462
4946,4946,-0.16984969069720934
4947,4947,-0.1483738760511849
4948,4948,-0.09544027735552245
4949,4949,-0.08979860495716441
4950,4950,-0.054636932087800405
4951,4951,-0.08798102271804512
4952,4952,-0.0988120140846207
4953,4953,-0.023017824663569005
4954,4954,-0.010229833199351668
4955,4955,-0.009002076348312134
4956,4956,-0.06712550229900771
4957,4957,-0.35528513192560673
4958,4958,-0.0031911880985728194
4959,4959,-0.08855993699616038
4960,4960,-0.023834730021095152
4961,4961,-0.21346728097385015
4962,4962,-0.1544372209475462
4963,4963,-0.312131741900636
4964,4964,-0.031742529442539
4965,4965,-0.26205248180841156
4966,4966,-0.017494236641692362
4967,4967,-0.07801953706910203
4968,4968,-0.32437460602635193
4969,4969,-0.023234653704514302
4970,4970,-0.013302936524206138
4971,4971,-0.059741244909888476
4972,4972,-0.1420983783018378
4973,4973,-0.07579828026537117
4974,4974,-0.0981386700358744
4975,4975,-0.1870311714355708
4976,4976,-0.05708380179017791
4977,4977,-0.28590393423115756
4978,4978,-0.17848156090828127
4979,4979,-0.1609119071321068
4980,4980,-0.006685758137945343
4981,4981,-0.20223864099222955
4982,4982,-0.19528729894092045
4983,4983,-0.06460043734663753
4984,4984,-0.004042884737914726
4985,4985,-0.04829572975003105
4986,4986,-0.03069531869329703
4987,4987,-0.4367448687783347
4988,4988,-0.05207744791095614
4989,4989,-0.09961013996883386
4990,4990,-0.07216537118514887
4991,4991,-0.471618675127115
4992,4992,-0.02428971434232552
4993,4993,-0.023645301343377396
4994,4994,-0.007627077032614112
4995,4995,-0.0644907367486991
4996,4996,-0.3534030045445924
4997,4997,-0.018724608750013312
4998,4998,-0.03866299309810162
4999,4999,-0.013400947429751599
5000,5000,-0.06137313214908602
5001,5001,-0.1036362421847371
5002,5002,-0.14020920211358437
5003,5003,-0.10601318852556585
5004,5004,-0.086479290974429
5005,5005,-0.018548311794958368
5006,5006,-0.25482686030002544
5007,5007,-0.02284244794563617
5008,5008,-0.03961168173777426
5009,5009,-0.0260427316142936
5010,5010,-0.0072373715432989885
5011,5011,-0.016663863140103735
5012,5012,-0.12271795175176914
5013,5013,-0.1520302219458345
5014,5014,-0.10473535181324412
5015,5015,-0.0947767436360678
5016,5016,-0.049778505635258985
5017,5017,-0.05442804171761975
5018,5018,-0.15722054548981257
5019,5019,-0.00546738574327419
5020,5020,-0.21047083573102476
5021,5021,-0.03602391372427527
5022,5022,-0.10613337912393073
5023,5023,-0.09956489291345294
5024,5024,-0.07248643018203982
5025,5025,-0.043723906392788
5026,5026,-0.06814137636173445
5027,5027,-0.006244901739968722
5028,5028,-0.17348133800600252
5029,5029,-0.07309654854569214
5030,5030,-0.009998155534570626
5031,5031,-0.17116749648690588
5032,5032,-0.022827664884423254
5033,5033,-0.005335063851456524
5034,5034,-0.024789269991812635
5035,5035,-0.19995274798765303
5036,5036,-0.010284767499820352
5037,5037,-0.34902486511387254
5038,5038,-0.011913949347400227
5039,5039,-0.22200440324541804
5040,5040,-0.1817916458197062
5041,5041,-0.0036901316613101587
5042,5042,-0.09176320132840354
5043,5043,-0.07586431862055332
5044,5044,-0.3809447488409551
5045,5045,-0.09214797120442464
5046,5046,-0.01331539669613635
5047,5047,-0.20055454393596683
5048,5048,-0.028170895313082325
5049,5049,-0.031163124828257893
5050,5050,-0.04053701377163543
5051,5051,-0.009306839248076846
5052,5052,-0.10134220147854345
5053,5053,-0.0921417748216915
5054,5054,-0.03190349045922334
5055,5055,-0.21273897027056998
5056,5056,-0.08716833515410785
5057,5057,-0.28113964836352423
5058,5058,-0.1574715385171053
5059,5059,-0.0936226950695529
5060,5060,-0.09788036100385902
5061,5061,-0.16265209759199906
5062,5062,-0.09872387602487642
5063,5063,-0.26700086611597706
5064,5064,-0.02597179474644973
5065,5065,-0.06585035178240883
5066,5066,-0.04020543956234149
5067,5067,-0.0021391709130195308
5068,5068,-0.16333813297651514
5069,5069,-0.10699984312420918
5070,5070,-0.14496271597518362
5071,5071,-0.06750672680602657
5072,5072,-0.11677976227383635
5073,5073,-0.24977995299955622
5074,5074,-0.0040446234589109195
5075,5075,-0.12304809332845723
5076,5076,-0.012962284534212555
5077,5077,-0.11525997151488321
5078,5078,-0.027153461757479236
5079,5079,-0.08977069420696004
5080,5080,-0.07642299825297771
5081,5081,-0.02183877314378313
5082,5082,-0.023910550307212564
5083,5083,-0.31974984117101224
5084,5084,-0.10974475059100985
5085,5085,-0.1363228680549171
5086,5086,-0.19920591506258004
5087,5087,-0.06525370729334867
5088,5088,-0.00984226527412091
5089,5089,-0.09735821507987952
5090,5090,-0.045218046922816064
5091,5091,-0.09717724615668333
5092,5092,-0.010822240225161277
5093,5093,-0.1358012652592926
5094,5094,-0.023267660159778103
5095,5095,-0.16130459388029775
5096,5096,-0.061952200531852686
5097,5097,-0.017596796407624016
5098,5098,-0.13881083395377403
5099,5099,-0.07268064429319487
5100,5100,-0.06077205278502984
5101,5101,-0.042061766652782606
5102,5102,-0.010511823424651873
5103,5103,-0.180382248623717
5104,5104,-0.04613737790911879
5105,5105,-0.11794825607937742
5106,5106,-0.012871867797957043
5107,5107,-0.04286644898554848
5108,5108,-0.008416332260388654
5109,5109,-0.12940096474886964
5110,5110,-0.1313795586127542
5111,5111,-0.017416819694935422
5112,5112,-0.2852600245412682
5113,5113,-0.41712053451983166
5114,5114,-0.06435622070054647
5115,5115,-0.0750243852263105
5116,5116,-0.46135281732882844
5117,5117,-0.012724937712292245
5118,5118,-0.08473833724019164
5119,5119,-0.13728559310042424
5120,5120,-0.07984352903273706
5121,5121,-0.2903255625106127
5122,5122,-0.005714092256880639
5123,5123,-0.13955197116669682
5124,5124,-0.09583924768396068
5125,5125,-0.4239063692342637
5126,5126,-0.04733554480769131
5127,5127,-0.19152640895187745
5128,5128,-0.142123842117567
5129,5129,-0.3676562391070193
5130,5130,-0.013885044612964248
5131,5131,-0.027789520290577824
5132,5132,-0.21704317476868518
5133,5133,-0.09948615200641531
5134,5134,-0.17924961083654356
5135,5135,-0.024231963974279576
5136,5136,-0.06121559593480663
5137,5137,-0.048203118490530716
5138,5138,-0.12406368596697082
5139,5139,-0.010488701338565637
5140,5140,-0.04567221832183746
5141,5141,-0.07880631093908408
5142,5142,-0.2089165275131788
5143,5143,-0.041125805655614744
5144,5144,-0.07376091066756363
5145,5145,-0.03963962280005007
5146,5146,-0.016322715403285587
5147,5147,-0.06242793984919459
5148,5148,-0.07515772998499676
5149,5149,-0.025132717381543795
5150,5150,-0.012383130000254844
5151,5151,-0.2851713230286368
5152,5152,-0.007999127433678645
5153,5153,-0.034722062470393666
5154,5154,-0.05971232927534986
5155,5155,-0.3918298481928062
5156,5156,-0.05088862237552763
5157,5157,-0.034299393861911054
5158,5158,-0.17023026466292723
5159,5159,-0.08690732718406835
5160,5160,-0.1460266337066618
5161,5161,-0.0413426170632869
5162,5162,-0.0013909456270200246
5163,5163,-0.005915105303089781
5164,5164,-0.08276009272924212
5165,5165,-0.10749211733442954
5166,5166,-0.06025478505066462
5167,5167,-0.03320943627203046
5168,5168,-0.12359283422486556
5169,5169,-0.2781857355151516
5170,5170,-0.005072075028088548
5171,5171,-0.06433870389868457
5172,5172,-0.37094585021763493
5173,5173,-0.16192934839616868
5174,5174,-0.08082464415129254
5175,5175,-0.11055215892071546
5176,5176,-0.0749692608579382
5177,5177,-0.0026252322363236325
5178,5178,-0.07890042805881292
5179,5179,-0.1217115211632902
5180,5180,-0.03600360464788335
5181,5181,-0.08101149861621071
5182,5182,-0.001888711637204785
5183,5183,-0.28701174220732817
5184,5184,-0.06211051099109277
5185,5185,-0.0980424615684089
5186,5186,-0.006564944899438804
5187,5187,-0.1474453515474357
5188,5188,-0.1965975118461949
5189,5189,-0.028861345858403387
5190,5190,-0.02347184331242931
5191,5191,-0.06864701106993867
5192,5192,-0.07896559286496663
5193,5193,-0.03490725937705033
5194,5194,-0.028586566735852914
5195,5195,-0.053333619006269206
5196,5196,-0.07618930728154538
5197,5197,-0.07654028265601964
5198,5198,-0.4288180135522257
5199,5199,-0.2558267787846251
5200,5200,-0.14741712589081235
5201,5201,-0.1520006411720165
5202,5202,-0.046749311090326984
5203,5203,-0.1736467566952139
5204,5204,-0.09699496971594945
5205,5205,-0.037086184224087965
5206,5206,-0.12429576381609353
5207,5207,-0.02436719284007339
5208,5208,-0.09461830290812381
5209,5209,-0.11634405034866113
5210,5210,-0.002734302153675275
5211,5211,-0.4018508405790064
5212,5212,-0.19278395314272423
5213,5213,-0.022609621239244593
5214,5214,-0.020976752928344
5215,5215,-0.25394213440448654
5216,5216,-0.0045246568063902
5217,5217,-0.2661108716363736
5218,5218,-0.0890983902721314
5219,5219,-0.0015249678406400458
5220,5220,-0.1741759591323523
5221,5221,-0.03477188724595459
5222,5222,-0.0597517446818827
5223,5223,-0.044925629762390895
5224,5224,-0.05268122617932669
5225,5225,-0.0013545555147216615
5226,5226,-0.07219793174488356
5227,5227,-0.0679722454237841
5228,5228,-0.08537407982839566
5229,5229,-0.023804124352369116
5230,5230,-0.05271094073461102
5231,5231,-0.05150264056969167
5232,5232,-0.1591574360318475
5233,5233,-0.3291497663345613
5234,5234,-0.06281232948017035
5235,5235,-0.19206271233928096
5236,5236,-0.06088185265166901
5237,5237,-0.09473768476895933
5238,5238,-0.019192715264640392
5239,5239,-0.054108651388320994
5240,5240,-0.10268511724669074
5241,5241,-0.1292915649280496
5242,5242,-0.026181997090203968
5243,5243,-0.02265811250921622
5244,5244,-0.10868814607040511
5245,5245,-0.030922000152381224
5246,5246,-0.2746301172036586
5247,5247,-0.07676429463099599
5248,5248,-0.09786926565346812
5249,5249,-0.02207818605431433
5250,5250,-0.08216288425176554
5251,5251,-0.039253926159669494
5252,5252,-0.09348198413479436
5253,5253,-0.009533664433718565
5254,5254,-0.005953783881927938
5255,5255,-0.040675962619310835
5256,5256,-0.06096715032391327
5257,5257,-0.003469608423306141
5258,5258,-0.2172737732844128
5259,5259,-0.24856754557510286
5260,5260,-0.05869680486350959
5261,5261,-0.10397734579593676
5262,5262,-0.045351300482052645
5263,5263,-0.11836798605192922
5264,5264,-0.00628962949635975
5265,5265,-0.010163213955095458
5266,5266,-0.01975747039289666
5267,5267,-0.2429036882748239
5268,5268,-0.13699106700921426
5269,5269,-0.005561326417403922
5270,5270,-0.03613023665072945
5271,5271,-0.05561936497643119
5272,5272,-0.09784361813745168
5273,5273,-0.07004635275528519
5274,5274,-0.3375455416200901
5275,5275,-0.2256070404975892
5276,5276,-0.05506148770928265
5277,5277,-0.10192692526698455
5278,5278,-0.00432959133358779
5279,5279,-0.06510607429504989
5280,5280,-0.010036213796717292
5281,5281,-0.0018685720794876098
5282,5282,-0.02569822298623306
5283,5283,-0.26694884508199346
5284,5284,-0.2597702244103144
5285,5285,-0.046970220015011055
5286,5286,-0.06809288734150354
5287,5287,-0.014268350325078383
5288,5288,-0.3238232947054791
5289,5289,-0.17004853485594407
5290,5290,-0.0028396004792969054
5291,5291,-0.05452506992455863
5292,5292,-0.22468157713226589
5293,5293,-0.20487897258836021
5294,5294,-0.018434708285526846
5295,5295,-0.01983838636025495
5296,5296,-0.10788483727975695
5297,5297,-0.129838096753237
5298,5298,-0.1599602216456636
5299,5299,-0.01615936519944296
5300,5300,-0.13754769972147018
5301,5301,-0.08072119766289854
5302,5302,-0.02861312112169445
5303,5303,-0.06076703511416648
5304,5304,-0.0058197847377166045
5305,5305,-0.040864077875471666
5306,5306,-0.413020001347423
5307,5307,-0.4446733953848998
5308,5308,-0.006190012706464576
5309,5309,-0.10599424977986349
5310,5310,-0.018861853240987464
5311,5311,-0.017248623016742355
5312,5312,-0.07632409740535495
5313,5313,-0.03723350054794239
5314,5314,-0.10024581531506449
5315,5315,-0.15727751168809714
5316,5316,-0.20638798369005862
5317,5317,-0.022711386842514752
5318,5318,-0.04521238335475581
5319,5319,-0.0016582813830798406
5320,5320,-0.050410915600776485
5321,5321,-0.279600318753377
5322,5322,-0.002621362969291302
5323,5323,-0.08587873838049775
5324,5324,-0.018628544748701487
5325,5325,-0.08089386575979951
5326,5326,-0.023596441485592146
5327,5327,-0.15036949934209887
5328,5328,-0.1568664263139966
5329,5329,-0.0935049802080336
5330,5330,-0.038972394620237945
5331,5331,-0.12014356326427544
5332,5332,-0.16156507825944566
5333,5333,-0.016125454411106983
5334,5334,-0.08460570973174397
5335,5335,-0.04231052476129496
5336,5336,-0.2314607756386633
5337,5337,-0.044687615275772946
5338,5338,-0.02827794590380528
5339,5339,-0.09757114400976308
5340,5340,-0.004999846921258794
5341,5341,-0.07217121916570574
5342,5342,-0.006797924586047693
5343,5343,-0.23248665507586752
5344,5344,-0.21255260297814538
5345,5345,-0.18761370615452622
5346,5346,-0.029750879373822953
5347,5347,-0.31704937245347375
5348,5348,-0.04029297494188455
5349,5349,-0.021522470358358192
5350,5350,-0.13342854545914495
5351,5351,-0.011225714883001503
5352,5352,-0.039434963982946436
5353,5353,-0.0339682563801641
5354,5354,-0.06284680727523251
5355,5355,-0.0010624134068931482
5356,5356,-0.006850803303331987
5357,5357,-0.01008957729740792
5358,5358,-0.0905085966371547
5359,5359,-0.002158183498948212
5360,5360,-0.08553831310372628
5361,5361,-0.07748223981210095
5362,5362,-0.027362844424464357
5363,5363,-0.15388438391827686
5364,5364,-0.07045246183480308
5365,5365,-0.32390697641496224
5366,5366,-0.032908992774424384
5367,5367,-0.001186838198662589
5368,5368,-0.0575793465823042
5369,5369,-0.012076087018595312
5370,5370,-0.05071142389709407
5371,5371,-0.10018536254137989
5372,5372,-0.018892723515271048
5373,5373,-0.2431319473251944
5374,5374,-0.14337154613420822
5375,5375,-0.06469868674026502
5376,5376,-0.08823215068817725
5377,5377,-0.07064123033441527
5378,5378,-0.023841086439676203
5379,5379,-0.2911716130086135
5380,5380,-0.035878368859926124
5381,5381,-0.1372245911900568
5382,5382,-0.050699876241782627
5383,5383,-0.0787224979354787
5384,5384,-0.0133534195589258
5385,5385,-0.17327789533924332
5386,5386,-0.1654016384486906
5387,5387,-0.026733339159624864
5388,5388,-0.2923735998661694
5389,5389,-0.036261833435266455
5390,5390,-0.014217754596833505
5391,5391,-0.12224510427354185
5392,5392,-0.02110903683393861
5393,5393,-0.0010774233003408573
5394,5394,-0.12917363081076738
5395,5395,-0.17029266250032482
5396,5396,-0.04582574858832855
5397,5397,-0.07589276545021495
5398,5398,-0.01464471681992377
5399,5399,-0.08522572441288515
5400,5400,-0.04090595428908217
5401,5401,-0.08219130194348967
5402,5402,-0.1622955347367725
5403,5403,-0.07121125851053378
5404,5404,-0.007500700867434262
5405,5405,-0.04628465558552597
5406,5406,-0.006751002991971679
5407,5407,-0.09535632026283603
5408,5408,-0.07024344887559986
5409,5409,-0.05908201775109001
5410,5410,-0.020576494748127977
5411,5411,-0.15057757872497401
5412,5412,-0.052643382617498014
5413,5413,-0.030389211535854527
5414,5414,-0.13889823273160662
5415,5415,-0.10874718701253949
5416,5416,-0.04680093986475742
5417,5417,-0.004890142080497269
5418,5418,-0.13104257642148032
5419,5419,-0.08161766658548197
5420,5420,-0.05767339131993421
5421,5421,-0.0456456478116164
5422,5422,-0.06094707802865129
5423,5423,-0.12697001558221876
5424,5424,-0.07615731349502974
5425,5425,-0.09362867513912498
5426,5426,-0.06578245687367171
5427,5427,-0.027885362269537476
5428,5428,-0.1889986324900299
5429,5429,-0.5626361178251789
5430,5430,-0.013425295850729622
5431,5431,-0.36538523314791016
5432,5432,-0.05068332922109153
5433,5433,-0.10039050229279534
5434,5434,-0.028412168659865317
5435,5435,-0.036611223525633285
5436,5436,-0.06406589528629614
5437,5437,-0.020761278532984484
5438,5438,-0.26261448185279024
5439,5439,-0.19860391560517066
5440,5440,-0.08207641665277443
5441,5441,-0.02736188175048726
5442,5442,-0.028714137402133133
5443,5443,-0.027651058385034788
5444,5444,-0.247060310209136
5445,5445,-0.24903336480762214
5446,5446,-0.012251943688001976
5447,5447,-0.033692423755985274
5448,5448,-0.06848324980773102
5449,5449,-0.19467096418140706
5450,5450,-0.029220468455448817
5451,5451,-0.029870386186337528
5452,5452,-0.12948882135639828
5453,5453,-0.055658315554468096
5454,5454,-0.14388693844731748
5455,5455,-0.06809173065738366
5456,5456,-0.023712982866136767
5457,5457,-0.1693581736173986
5458,5458,-0.057638988882316444
5459,5459,-0.020424237759906122
5460,5460,-0.19397591739484368
5461,5461,-0.15565634510405524
5462,5462,-0.035050242841872525
5463,5463,-0.14945728655220947
5464,5464,-0.11737849304287373
5465,5465,-0.16650978056057053
5466,5466,-0.05474565706409085
5467,5467,-0.11146513378556921
5468,5468,-0.08329133734127761
5469,5469,-0.27486707535729593
5470,5470,-0.03919412319216953
5471,5471,-0.345306281246629
5472,5472,-0.002862691493822414
5473,5473,-0.06872292050852602
5474,5474,-0.20700514901840006
5475,5475,-0.1402057384899834
5476,5476,-0.005266546839389644
5477,5477,-0.028343957813519283
5478,5478,-0.1787187128724553
5479,5479,-0.09050536601720083
5480,5480,-0.7135268560744717
5481,5481,-0.02849561797436346
5482,5482,-0.009688078830399419
5483,5483,-0.015505391757438175
5484,5484,-0.01797946541847871
5485,5485,-0.13265957105282
5486,5486,-0.1368981518880801
5487,5487,-0.13241863127210965
5488,5488,-0.3427220519465123
5489,5489,-0.03425295190146684
5490,5490,-0.021793123470718823
5491,5491,-0.019803490073056713
5492,5492,-0.028263744975962908
5493,5493,-0.29618966346308584
5494,5494,-0.03400284007324764
5495,5495,-0.030025403424106117
5496,5496,-0.024395375593804183
5497,5497,-0.05293689495654874
5498,5498,-0.0071788908149062625
5499,5499,-0.19420758740386568
5500,5500,-0.032779154339126426
5501,5501,-0.3729982508337515
5502,5502,-0.04275588188657464
5503,5503,-0.34294617572671104
5504,5504,-0.36134355775918126
5505,5505,-0.0997678210333186
5506,5506,-0.26671249006009035
5507,5507,-0.017680690757308798
5508,5508,-0.10261565928449204
5509,5509,-0.024458853377529906
5510,5510,-0.15474718275609867
5511,5511,-0.024850045053030484
5512,5512,-0.3128629590862335
5513,5513,-0.05535663628413667
5514,5514,-0.13264834795724667
5515,5515,-0.09589055851151562
5516,5516,-0.05988302585218097
5517,5517,-0.0029046397089952727
5518,5518,-0.13448577497975522
5519,5519,-0.13404444057444298
5520,5520,-0.017779569564794234
5521,5521,-0.12673164563668537
5522,5522,-0.009225463961793228
5523,5523,-0.2693850691230466
5524,5524,-0.04075318057318944
5525,5525,-0.18248502954023893
5526,5526,-0.010112853736917948
5527,5527,-0.016027479315239734
5528,5528,-0.18163682271943707
5529,5529,-0.09544642097622857
5530,5530,-0.05496261550120776
5531,5531,-0.10279502489136139
5532,5532,-0.04134991906233065
5533,5533,-0.008970539791144039
5534,5534,-0.022534037187853184
5535,5535,-0.028442063515716903
5536,5536,-0.34903402456247257
5537,5537,-0.0027800955954695727
5538,5538,-0.09067079568725411
5539,5539,-0.07010539357271217
5540,5540,-0.1740415815147931
5541,5541,-0.06509409340288386
5542,5542,-0.02057280453848931
5543,5543,-0.009439870747275592
5544,5544,-0.03760604187694505
5545,5545,-0.002157585042179312
5546,5546,-0.018096822893951314
5547,5547,-0.0030002054923775234
5548,5548,-0.03249028652527708
5549,5549,-0.017250393958232163
5550,5550,-0.03512150990544116
5551,5551,-0.057602168051806846
5552,5552,-0.14611964532424526
5553,5553,-0.06514185717671064
5554,5554,-0.048214033420922786
5555,5555,-0.22540783381579077
5556,5556,-0.028406285138460108
5557,5557,-0.0377662845722293
5558,5558,-0.2010748810361105
5559,5559,-0.05660446781683273
5560,5560,-0.026468133365196687
5561,5561,-0.011552989911711387
5562,5562,-0.10045719986571955
5563,5563,-0.224053349559743
5564,5564,-0.04541017381560908
5565,5565,-0.020329914719115494
5566,5566,-0.26086934826605734
5567,5567,-0.010327597336239157
5568,5568,-0.02019326875183458
5569,5569,-0.05684446901556542
5570,5570,-0.16604899553763097
5571,5571,-0.04816387341612016
5572,5572,-2.5557356437661802e-05
5573,5573,-0.27207105264415254
5574,5574,-0.09042429613480651
5575,5575,-0.022857203089067087
5576,5576,-0.002913881206379476
5577,5577,-0.12128162345748017
5578,5578,-0.048318881495184596
5579,5579,-0.10007509689850114
5580,5580,-0.09772065644873784
5581,5581,-0.011957654075862245
5582,5582,-0.0814783605623558
5583,5583,-0.027130463226324952
5584,5584,-0.06636383470524443
5585,5585,-0.056698071233898056
5586,5586,-0.010253242125601865
5587,5587,-0.10429776302276128
5588,5588,-0.001105289875557254
5589,5589,-0.041796364693275856
5590,5590,-0.08740989729425015
5591,5591,-0.25117569891354363
5592,5592,-0.22122549865969454
5593,5593,-0.022521074746377767
5594,5594,-0.09754880622119266
5595,5595,-0.044478946685817644
5596,5596,-0.18389457268044643
5597,5597,-0.10192270810452098
5598,5598,-0.150883408809671
5599,5599,-0.1040715120501372
5600,5600,-0.03789160536218361
5601,5601,-0.08392372063635811
5602,5602,-0.2041467334215139
5603,5603,-0.004034028336433737
5604,5604,-0.07934428972507279
5605,5605,-0.21213348078503103
5606,5606,-0.12099369821083394
5607,5607,-0.04899786498005698
5608,5608,-0.10741243734228367
5609,5609,-0.0170621371200499
5610,5610,-0.07145352528174342
5611,5611,-0.10348929390521658
5612,5612,-0.036992252272717546
5613,5613,-0.027343761984867827
5614,5614,-0.037261759998629906
5615,5615,-0.08484491139383377
5616,5616,-0.029725115763649064
5617,5617,-0.3008296257175136
5618,5618,-0.2373022680951894
5619,5619,-0.14606887413933478
5620,5620,-0.05827404863132202
5621,5621,-0.05444804450654406
5622,5622,-0.019957128464344227
5623,5623,-0.17034920595338054
5624,5624,-0.014244954115896769
5625,5625,-0.018564573378862775
5626,5626,-0.038458138496861416
5627,5627,-0.014109308530342092
5628,5628,-0.020078316102183358
5629,5629,-0.095597951144621
5630,5630,-0.08388056536691402
5631,5631,-0.12110848291015941
5632,5632,-0.10641735005095798
5633,5633,-0.02401236778119442
5634,5634,-0.023221155813931922
5635,5635,-0.0052932962518089655
5636,5636,-0.2455090636172219
5637,5637,-0.10920146274214426
5638,5638,-0.17485675687830637
5639,5639,-0.041019310577862074
5640,5640,-0.4326367757758409
5641,5641,-0.010229361016063587
5642,5642,-0.013007932170350317
5643,5643,-0.2083265113333579
5644,5644,-0.07902309273306887
5645,5645,-0.026884869163043223
5646,5646,-0.01646986650043572
5647,5647,-0.05764750811794006
5648,5648,-0.27019788790313415
5649,5649,-0.0023389029641024753
5650,5650,-0.10952246412135447
5651,5651,-0.20359456436403206
5652,5652,-0.2559079511262238
5653,5653,-0.013150248397665832
5654,5654,-0.03637147207071101
5655,5655,-0.03498475832962111
5656,5656,-0.1570834241667769
5657,5657,-0.03222658746086718
5658,5658,-0.06302312324807649
5659,5659,-0.015778850203315153
5660,5660,-0.012276838289456693
5661,5661,-0.00421038607408223
5662,5662,-0.01571518154749596
5663,5663,-0.06961130358522638
5664,5664,-0.11368713341712638
5665,5665,-0.10273648219999387
5666,5666,-0.0479766118330045
5667,5667,-0.0742035274534647
5668,5668,-0.1247966394632205
5669,5669,-0.3434187829570323
5670,5670,-0.11587213091640364
5671,5671,-0.09601398122769655
5672,5672,-0.13726255608502358
5673,5673,-0.031126888240750383
5674,5674,-0.03172587176830555
5675,5675,-0.01300189721928971
5676,5676,-0.00014317890733148337
5677,5677,-0.11517948498573549
5678,5678,-0.10236279161039308
5679,5679,-0.1260515156423299
5680,5680,-0.04801224901923806
5681,5681,-0.01913619399981089
5682,5682,-0.14107063515587903
5683,5683,-0.0864926649131168
5684,5684,-0.1440775560437051
5685,5685,-0.16571264372344974
5686,5686,-0.047624669313308665
5687,5687,-0.045803134669568424
5688,5688,-0.0003847051402496505
5689,5689,-0.009493884908893975
5690,5690,-0.05337542661270181
5691,5691,-0.007247670042771694
5692,5692,-0.016122926876047022
5693,5693,-0.03359562824552964
5694,5694,-0.011371182751412912
5695,5695,-0.25160395983656736
5696,5696,-0.09918731678290271
5697,5697,-0.5395835844760075
5698,5698,-0.03361809719759998
5699,5699,-0.027095212719430828
5700,5700,-0.04183182620417949
5701,5701,-0.36441777228117367
5702,5702,-0.034629811674876
5703,5703,-0.04392665501061732
5704,5704,-0.29676104885066745
5705,5705,-0.0430036454708054
5706,5706,-0.47872209461914395
5707,5707,-0.053161338754585535
5708,5708,-0.23605671930978026
5709,5709,-0.10694088861637718
5710,5710,-0.09599587765212192
5711,5711,-0.33160710752991385
5712,5712,-0.028846580434566116
5713,5713,-0.08722255275552104
5714,5714,-0.10046573004975778
5715,5715,-0.1269084830242756
5716,5716,-0.014198528091537016
5717,5717,-0.0909516744075628
5718,5718,-0.11083334943592649
5719,5719,-0.48922217905303356
5720,5720,-0.12472367983946109
5721,5721,-0.2510685783492228
5722,5722,-0.419428439755297
5723,5723,-0.0445097295137159
5724,5724,-0.012849278159669103
5725,5725,-0.03026417875452398
5726,5726,-0.2651628865342701
5727,5727,-0.20116272741437236
5728,5728,-0.0716186868358073
5729,5729,-0.11841493696839359
5730,5730,-0.08032994667946491
5731,5731,-0.011253909500702292
5732,5732,-0.010582900639640985
5733,5733,-0.12082144329980338
5734,5734,-0.0826902582927378
5735,5735,-0.11487297823096654
5736,5736,-0.036219210604034685
5737,5737,-0.045078019780292994
5738,5738,-0.13778879647198464
5739,5739,-0.12645084579415988
5740,5740,-0.16697612051925326
5741,5741,-0.018613828549948086
5742,5742,-0.1763269755993413
5743,5743,-0.20374260837938823
5744,5744,-0.08122632632167504
5745,5745,-0.1731442561444273
5746,5746,-0.0031489321033484133
5747,5747,-0.02005509130441151
5748,5748,-0.0005187662925898287
5749,5749,-0.10472619815375994
5750,5750,-0.030643338141298056
5751,5751,-0.19476169293825452
5752,5752,-0.10728660355603736
5753,5753,-0.11003046308025868
5754,5754,-0.1033958380883222
5755,5755,-0.015325965514252714
5756,5756,-0.08032832353733269
5757,5757,-0.037764449849408965
5758,5758,-0.17831696198600255
5759,5759,-0.16025591683762253
5760,5760,-0.16411231232159418
5761,5761,-0.046900996784093985
5762,5762,-0.1245247855810535
5763,5763,-0.0054498176865698245
5764,5764,-0.07141652631724674
5765,5765,-0.3593336711429771
5766,5766,-0.25976613420941774
5767,5767,-0.09876829111510435
5768,5768,-0.038440870700872834
5769,5769,-0.033680291639883904
5770,5770,-0.030812543436849915
5771,5771,-0.016994578344022515
5772,5772,-0.02414916594626837
5773,5773,-0.18562111703538342
5774,5774,-0.47214927902007564
5775,5775,-0.04950402909309348
5776,5776,-0.11376237748639717
5777,5777,-0.02464391564928281
5778,5778,-0.019890752882027685
5779,5779,-0.1975800580798586
5780,5780,-0.014079771273512454
5781,5781,-0.17062989722856514
5782,5782,-0.21318080944458417
5783,5783,-0.10173060212972196
5784,5784,-0.0525592433211185
5785,5785,-0.009222074025376004
5786,5786,-0.19546821988405272
5787,5787,-0.0022166952583109467
5788,5788,-0.03620459164966772
5789,5789,-0.09934076148032267
5790,5790,-0.025173355172944306
5791,5791,-0.05910796989654099
5792,5792,-0.20488978273692426
5793,5793,-0.020419392467062036
5794,5794,-0.01743932527734171
5795,5795,-0.048411682685234436
5796,5796,-0.023094054233591593
5797,5797,-0.10653874065887425
5798,5798,-0.0978093234842509
5799,5799,-0.05134965944547665
5800,5800,-0.005130719208296608
5801,5801,-0.012528186338898802
5802,5802,-0.0668269024875201
5803,5803,-0.13018535857725644
5804,5804,-0.03682367013135013
5805,5805,-0.08858333215505038
5806,5806,-0.02455697915070909
5807,5807,-0.46937273675452484
5808,5808,-0.2281976534824324
5809,5809,-0.2349130076775171
5810,5810,-0.021539307001744806
5811,5811,-0.0509262262746365
5812,5812,-0.1454564064591879
5813,5813,-0.03002602425165271
5814,5814,-0.07453985084705586
5815,5815,-0.25583915641181953
5816,5816,-0.1638858188894741
5817,5817,-0.15815736251924228
5818,5818,-0.03137237339499832
5819,5819,-0.08426761838267005
5820,5820,-0.13528826472150124
5821,5821,-0.08625938523271737
5822,5822,-0.1389164749097206
5823,5823,-0.03171024108083709
5824,5824,-0.1781032499349977
5825,5825,-0.09014212507115094
5826,5826,-0.16520924019185773
5827,5827,-0.014744955009553425
5828,5828,-0.05871953361933191
5829,5829,-0.01645558877257658
5830,5830,-0.12386059835092839
5831,5831,-0.015606026056156463
5832,5832,-0.06942222607620296
5833,5833,-0.1227258139944839
5834,5834,-0.04777884655951692
5835,5835,-0.17570372136303014
5836,5836,-0.00674765145444961
5837,5837,-0.055147811420447224
5838,5838,-0.16007752390519459
5839,5839,-0.1080439135439577
5840,5840,-0.018645941515285203
5841,5841,-0.16831595435575553
5842,5842,-0.00282810489611131
5843,5843,-0.016900254494434358
5844,5844,-0.02804202742922371
5845,5845,-0.05751100922237251
5846,5846,-0.03530646630470519
5847,5847,-0.06317688027234383
5848,5848,-0.4013157848806319
5849,5849,-0.029422539362726874
5850,5850,-0.11209042841051176
5851,5851,-0.017186815807557432
5852,5852,-0.03065767431451108
5853,5853,-0.14268548534847714
5854,5854,-0.2320549587434133
5855,5855,-0.01402097428992713
5856,5856,-0.06230311989227788
5857,5857,-0.13447664507988577
5858,5858,-0.0027149005202636925
5859,5859,-0.06426694615974116
5860,5860,-0.043092977385410514
5861,5861,-0.016865488131945217
5862,5862,-0.17130655846531795
5863,5863,-0.05745159255260893
5864,5864,-0.006073173222265887
5865,5865,-0.028894766630705115
5866,5866,-0.040943446159762864
5867,5867,-0.01729111101145167
5868,5868,-0.12982183956955773
5869,5869,-0.04688984652450767
5870,5870,-0.12750875156667132
5871,5871,-0.038111336885180425
5872,5872,-0.05783467073880377
5873,5873,-0.05565675133911374
5874,5874,-0.03769299727794506
5875,5875,-0.02175655848701044
5876,5876,-0.02795128527078919
5877,5877,-0.1796731651692075
5878,5878,-0.025563965673658928
5879,5879,-0.019407053815223563
5880,5880,-0.18503277083095782
5881,5881,-0.06722798749292849
5882,5882,-0.027851031470725318
5883,5883,-0.00702136285114785
5884,5884,-0.05851252247616012
5885,5885,-0.019808851857244555
5886,5886,-0.0536235648720359
5887,5887,-0.04281804713457582
5888,5888,-0.05270094137379122
5889,5889,-0.09411796767546665
5890,5890,-0.09912941615934312
5891,5891,-0.043009558225320266
5892,5892,-0.050819809450093345
5893,5893,-0.42916046604341673
5894,5894,-0.03512292172890619
5895,5895,-0.037205573951832646
5896,5896,-0.39842818454831175
5897,5897,-0.0013855418769815856
5898,5898,-0.2355216614257645
5899,5899,-0.012610335631500741
5900,5900,-0.20894297094922543
5901,5901,-0.13149699220430489
5902,5902,-0.024766272306786186
5903,5903,-0.017122908189295072
5904,5904,-0.0521039156301315
5905,5905,-0.21255537609695674
5906,5906,-0.02682228066224239
5907,5907,-0.08388067483620576
5908,5908,-0.03775001692057167
5909,5909,-0.09541659750375209
5910,5910,-0.0644648236560115
5911,5911,-0.0795472801732513
5912,5912,-0.2714569521318855
5913,5913,-0.19352337859314916
5914,5914,-0.01063801806998646
5915,5915,-0.1487576979807277
5916,5916,-0.010860570061144603
5917,5917,-0.0252204852213969
5918,5918,-0.011032170890561204
5919,5919,-0.04869809025248431
5920,5920,-0.012455570192315192
5921,5921,-0.03652601731625274
5922,5922,-0.020919834785827707
5923,5923,-0.04605609712191816
5924,5924,-0.06625908499670999
5925,5925,-0.005265080447708999
5926,5926,-0.025788246619378175
5927,5927,-0.2534228223531133
5928,5928,-0.004973966527908991
5929,5929,-0.03952045429965001
5930,5930,-0.09944259247895504
5931,5931,-0.0013782416524091446
5932,5932,-0.021475698889000583
5933,5933,-0.07828406418831835
5934,5934,-0.05447704640699813
5935,5935,-0.012131502659211764
5936,5936,-0.30362299291837935
5937,5937,-0.135221162534521
5938,5938,-0.011564202544287472
5939,5939,-0.06375100699235924
5940,5940,-0.21692289499596917
5941,5941,-0.05680829860140424
5942,5942,-0.04343960106133693
5943,5943,-0.1221865739113821
5944,5944,-0.02489887575217886
5945,5945,-0.1287855015049917
5946,5946,-0.11560696195868048
5947,5947,-0.046004995400460075
5948,5948,-0.21365637392823258
5949,5949,-0.1009680556778223
5950,5950,-0.05686562568147935
5951,5951,-0.0016167381850925814
5952,5952,-0.015193100394778752
5953,5953,-0.03690273326931193
5954,5954,-0.08712721685400082
5955,5955,-0.10600485507405333
5956,5956,-0.042651222452198656
5957,5957,-0.09484576014232449
5958,5958,-0.03135368262482707
5959,5959,-0.06001466368229069
5960,5960,-0.09591682172978411
5961,5961,-0.059151247176754684
5962,5962,-0.2424721011569222
5963,5963,-0.028325454648047282
5964,5964,-0.16676747760476918
5965,5965,-0.4646546144460012
5966,5966,-0.055468755330843056
5967,5967,-0.024608285314697304
5968,5968,-0.13585688337954815
5969,5969,-0.07675706521092535
5970,5970,-0.15898468792353893
5971,5971,-0.09657329225357092
5972,5972,-0.09869990329403411
5973,5973,-0.047901371572096035
5974,5974,-0.0020126501809949824
5975,5975,-0.09210191263973444
5976,5976,-0.014029945736137535
5977,5977,-0.06804151568840888
5978,5978,-0.09322669423394148
5979,5979,-0.18483209806423595
5980,5980,-0.1141956168171282
5981,5981,-0.030338675106122676
5982,5982,-0.07593542905960685
5983,5983,-0.007174477775858584
5984,5984,-0.042216258232873664
5985,5985,-0.19292030839370533
5986,5986,-0.09589290137369577
5987,5987,-0.0875805349937614
5988,5988,-0.050946978751148404
5989,5989,-0.007314433826904616
5990,5990,-0.17397056826767576
5991,5991,-0.05251041503567366
5992,5992,-0.003951720954608412
5993,5993,-0.09939183789530015
5994,5994,-0.2600256298834567
5995,5995,-0.04400101878546592
5996,5996,-0.011294321664841888
5997,5997,-0.0852477351009876
5998,5998,-0.04673326423304802
5999,5999,-0.38566502160421845
6000,6000,-0.14636046779501477
6001,6001,-0.05448329392741913
6002,6002,-0.09948246472363093
6003,6003,-0.12101389250683514
6004,6004,-0.052669868523871594
6005,6005,-0.18566075398384507
6006,6006,-0.24833157100361314
6007,6007,-0.19469248095124003
6008,6008,-0.01157041501048131
6009,6009,-0.13878314659477378
6010,6010,-0.029449725127764226
6011,6011,-0.01296751312011013
6012,6012,-0.011698535513613913
6013,6013,-0.00572844035273732
6014,6014,-0.13686559302538592
6015,6015,-0.10722575448133753
6016,6016,-0.07961496261516432
6017,6017,-0.0028469378586438413
6018,6018,-0.4278998339095921
6019,6019,-0.04517132026252002
6020,6020,-0.24347278475339573
6021,6021,-0.010973736518874455
6022,6022,-0.10704351494993114
6023,6023,-0.23893705076619745
6024,6024,-0.06465896065222687
6025,6025,-0.081811241674451
6026,6026,-0.06936068130487216
6027,6027,-0.21816843849405565
6028,6028,-0.05386234031068682
6029,6029,-0.018134489936792453
6030,6030,-0.04493766155445744
6031,6031,-0.0024559705582280923
6032,6032,-0.2666266742821424
6033,6033,-0.07211390889296398
6034,6034,-0.32340214003909473
6035,6035,-0.019853230524861237
6036,6036,-0.281610733019122
6037,6037,-0.20809523185423195
6038,6038,-0.006134105405838364
6039,6039,-0.016613999839324878
6040,6040,-0.05604587675220518
6041,6041,-0.19977371968033442
6042,6042,-0.008148661717849698
6043,6043,-0.05675039103405943
6044,6044,-0.07821741018354736
6045,6045,-0.2599896097426112
6046,6046,-0.2167597934793375
6047,6047,-0.06367227435141468
6048,6048,-0.10327153850818949
6049,6049,-0.2541557825125551
6050,6050,-0.051166308371437125
6051,6051,-0.08496049600064115
6052,6052,-0.058046989034736624
6053,6053,-0.03179602847918493
6054,6054,-0.09095525613977751
6055,6055,-0.19877104604986398
6056,6056,-0.21608996957952087
6057,6057,-0.013104586307560312
6058,6058,-0.028076077822010825
6059,6059,-5.613426853209481e-05
6060,6060,-0.03366969295661429
6061,6061,-0.2814328401448395
6062,6062,-0.40180585111840034
6063,6063,-0.02739179758173782
6064,6064,-0.07017874957278825
6065,6065,-0.00476821689011437
6066,6066,-0.04999284065080378
6067,6067,-0.29537370574131316
6068,6068,-0.07419453180653557
6069,6069,-0.17607399418686365
6070,6070,-0.14248464355901647
6071,6071,-0.041754029576115514
6072,6072,-0.3055954914238814
6073,6073,-0.14026758650615567
6074,6074,-0.3028002637444698
6075,6075,-0.28780399274610535
6076,6076,-0.0023467999951526483
6077,6077,-0.18034255814870948
6078,6078,-0.05821881666960593
6079,6079,-0.01232116672401324
6080,6080,-0.2124779534168746
6081,6081,-0.004725943434158568
6082,6082,-0.0443560829038252
6083,6083,-0.01848366611785169
6084,6084,-0.10474202441000457
6085,6085,-0.1296504606990309
6086,6086,-0.09125119589955866
6087,6087,-0.08763672811442727
6088,6088,-0.021010897119110528
6089,6089,-0.10307386541448782
6090,6090,-0.041905375363246594
6091,6091,-0.07227231620452648
6092,6092,-0.09962371011788429
6093,6093,-0.04284102055033989
6094,6094,-0.17748611028612693
6095,6095,-0.11601694087453218
6096,6096,-0.23721247310922167
6097,6097,-0.40532740019549474
6098,6098,-0.01405012748894921
6099,6099,-0.1201589050183112
6100,6100,-0.0844713878791562
6101,6101,-0.006201774804618039
6102,6102,-0.21541245520320124
6103,6103,-0.029247850980505863
6104,6104,-0.1794886614300708
6105,6105,-0.05375510037254075
6106,6106,-0.043313064229817955
6107,6107,-0.008859979571720383
6108,6108,-0.00787301969139623
6109,6109,-0.012682424071188275
6110,6110,-0.03167398455312309
6111,6111,-0.007897004978993276
6112,6112,-0.08188833045117194
6113,6113,-0.07325674174369079
6114,6114,-0.005771958838464326
6115,6115,-0.016878715959437268
6116,6116,-0.1782304833388193
6117,6117,-0.014421138978024467
6118,6118,-0.20288421663697978
6119,6119,-0.20951838830327685
6120,6120,-0.020646499255890932
6121,6121,-0.0947626847730847
6122,6122,-0.03955992738124092
6123,6123,-0.04314080544871113
6124,6124,-0.021315556073722236
6125,6125,-0.13988407463174468
6126,6126,-0.23148344261124956
6127,6127,-0.0601447281007135
6128,6128,-0.17448091567235668
6129,6129,-0.022072290545705364
6130,6130,-0.2004896765187425
6131,6131,-0.09931384344450322
6132,6132,-0.009640565328193414
6133,6133,-0.12222138626837387
6134,6134,-0.10960273045508467
6135,6135,-0.13494940804954128
6136,6136,-0.004938721061469448
6137,6137,-0.014708623915140523
6138,6138,-0.010014991703138493
6139,6139,-0.003364218945156934
6140,6140,-0.288684522615995
6141,6141,-0.0005053021515386159
6142,6142,-0.05668397641082734
6143,6143,-0.08302823373023677
6144,6144,-0.48976306025005956
6145,6145,-0.15984015606753132
6146,6146,-0.014877400692763172
6147,6147,-0.09789363591027628
6148,6148,-0.02960501019454409
6149,6149,-0.22705629812681008
6150,6150,-0.009056272484058093
6151,6151,-0.025933323536825204
6152,6152,-0.0010316105963333391
6153,6153,-0.038806873597188596
6154,6154,-0.07039470447985968
6155,6155,-0.13873026180957737
6156,6156,-0.11669312134928056
6157,6157,-0.15747280094057547
6158,6158,-0.05124766211260978
6159,6159,-0.07195709922209795
6160,6160,-0.0219624926850025
6161,6161,-0.0173046051329655
6162,6162,-0.06524024722473426
6163,6163,-0.13419394926950545
6164,6164,-0.03387217980458593
6165,6165,-0.016718271283967905
6166,6166,-0.3915417209597596
6167,6167,-0.0025298119780810535
6168,6168,-0.0053660263258069885
6169,6169,-0.17020174097054408
6170,6170,-0.01637440484298569
6171,6171,-0.38825152856052014
6172,6172,-0.06978225769327795
6173,6173,-0.03906110767203018
6174,6174,-0.12294649475119046
6175,6175,-0.17817865633531627
6176,6176,-0.03445577623590845
6177,6177,-0.17399270721652949
6178,6178,-0.1774009780413781
6179,6179,-0.006537604303218413
6180,6180,-0.024856735136296715
6181,6181,-0.06853562505247102
6182,6182,-0.03577094472178155
6183,6183,-0.15582828785239056
6184,6184,-0.013967887476326839
6185,6185,-0.20901194760265662
6186,6186,-0.2802696283829853
6187,6187,-0.06767002227683205
6188,6188,-0.04097354623767535
6189,6189,-0.839786527284602
6190,6190,-0.15022400428939608
6191,6191,-0.014733703617210187
6192,6192,-0.08687448060186734
6193,6193,-0.15416458789349408
6194,6194,-0.01644624749314108
6195,6195,-0.017200768161391267
6196,6196,-0.03452756883751962
6197,6197,-0.048701133057898804
6198,6198,-0.11426510078593966
6199,6199,-0.0371014483406478
6200,6200,-0.05327457742857
6201,6201,-0.020368135389726233
6202,6202,-0.03774471774511012
6203,6203,-0.008754227241892149
6204,6204,-0.22846219343414775
6205,6205,-0.1600217752451859
6206,6206,-0.017747008856323854
6207,6207,-0.11755553980810698
6208,6208,-0.11814475658390444
6209,6209,-0.020302253947276708
6210,6210,-0.22350014141371688
6211,6211,-0.11081323350124975
6212,6212,-0.058724319838778155
6213,6213,-0.0493406693959596
6214,6214,-0.17205335682916045
6215,6215,-0.04818091403011649
6216,6216,-0.0310035028275647
6217,6217,-0.0339690081957518
6218,6218,-0.018870982887707083
6219,6219,-0.0118793260220686
6220,6220,-0.06970293938856642
6221,6221,-0.016140362382672913
6222,6222,-0.028472623009292458
6223,6223,-0.00010971604721270959
6224,6224,-0.07204269888066506
6225,6225,-0.06749382824255667
6226,6226,-0.11118514079788477
6227,6227,-0.0337439606365284
6228,6228,-0.05333237139222103
6229,6229,-0.012011864153617241
6230,6230,-0.05400061551885438
6231,6231,-0.07855165431903055
6232,6232,-0.22627312246837228
6233,6233,-0.1389330063890637
6234,6234,-0.1386082318742461
6235,6235,-0.0002580340878736019
6236,6236,-0.1269625423217744
6237,6237,-0.04718450740341784
6238,6238,-0.022247442710176785
6239,6239,-0.28108947949691654
6240,6240,-0.06712443161452919
6241,6241,-0.028161324545077138
6242,6242,-0.014589753076962086
6243,6243,-0.2547108447559623
6244,6244,-0.07685195110172
6245,6245,-0.2717961442646293
6246,6246,-0.0452228692344524
6247,6247,-0.057985449408398115
6248,6248,-0.07148964332869337
6249,6249,-0.08531396282873249
6250,6250,-0.1041927962645719
6251,6251,-0.043629006799484615
6252,6252,-0.06704952804313183
6253,6253,-0.07253940305122974
6254,6254,-0.10685518021430884
6255,6255,-0.1291315140546844
6256,6256,-0.045628630889733374
6257,6257,-0.3101925913834993
6258,6258,-0.23226703510263746
6259,6259,-0.014719440908835618
6260,6260,-0.033116690860165526
6261,6261,-0.0028019023531841505
6262,6262,-0.10304399963480382
6263,6263,-0.10731317888243286
6264,6264,-0.18289877098079232
6265,6265,-0.08106243918882705
6266,6266,-0.13152861963841023
6267,6267,-0.05318892964727981
6268,6268,-0.11148155472336344
6269,6269,-0.12168491597024256
6270,6270,-0.1385954250420145
6271,6271,-0.2347762183244826
6272,6272,-0.27140034108901867
6273,6273,-0.05261721276495271
6274,6274,-0.05888198782220309
6275,6275,-0.1597456613487851
6276,6276,-0.16486073268917345
6277,6277,-0.045864765283770065
6278,6278,-0.09418467771594952
6279,6279,-0.09343626988154075
6280,6280,-0.10355910618034747
6281,6281,-0.0035759810645152046
6282,6282,-0.054500496689860345
6283,6283,-0.06949617803335875
6284,6284,-0.04301146973948733
6285,6285,-0.394252951831918
6286,6286,-0.04955270493700959
6287,6287,-0.0698165874423751
6288,6288,-0.03653432008395152
6289,6289,-0.0010551750741826175
6290,6290,-0.07996424841272631
6291,6291,-0.16735698125393839
6292,6292,-0.06514604403145643
6293,6293,-0.06985554983781841
6294,6294,-0.17771721735101842
6295,6295,-0.00020956619294026967
6296,6296,-0.12946940836232024
6297,6297,-0.02161742081802316
6298,6298,-0.0661847341502142
6299,6299,-0.07543728764654256
6300,6300,-0.07038418279835135
6301,6301,-0.03726867473282921
6302,6302,-0.14870174999367428
6303,6303,-0.09990304359878
6304,6304,-0.028444017190645605
6305,6305,-0.0599567706538342
6306,6306,-0.047841373866722936
6307,6307,-0.06447102903934232
6308,6308,-0.06691757045160518
6309,6309,-0.030046735418944426
6310,6310,-0.22773516440866537
6311,6311,-0.0006984114477806575
6312,6312,-0.16951361769634588
6313,6313,-0.07467026424352818
6314,6314,-0.06351100409725918
6315,6315,-0.12285875184637435
6316,6316,-0.08610159891264069
6317,6317,-0.15277429860787217
6318,6318,-0.08686472049850169
6319,6319,-0.11745741574822333
6320,6320,-0.05481683186488165
6321,6321,-0.026240464225428917
6322,6322,-0.12485367146937779
6323,6323,-0.04784034796951586
6324,6324,-0.06741933284974702
6325,6325,-0.09788957404766352
6326,6326,-0.0372750044887713
6327,6327,-0.0014555662560203114
6328,6328,-0.04351602363601151
6329,6329,-0.017687880544369677
6330,6330,-0.6794836903535573
6331,6331,-0.14646312435393094
6332,6332,-0.022983663961054668
6333,6333,-0.0428906180077121
6334,6334,-0.11502711281309035
6335,6335,-0.015693061561686157
6336,6336,-0.1521552710689549
6337,6337,-0.03762999123286773
6338,6338,-0.020376029407618734
6339,6339,-0.28376983667718925
6340,6340,-0.05153595323528215
6341,6341,-0.08727327469953686
6342,6342,-0.0003135184705800099
6343,6343,-0.013557268517109589
6344,6344,-0.3150594677632288
6345,6345,-0.022578984093934218
6346,6346,-0.05239904988857813
6347,6347,-0.009013619934451544
6348,6348,-0.45646165203864975
6349,6349,-0.07892622311906597
6350,6350,-0.006198167970489277
6351,6351,-0.04644058789080863
6352,6352,-0.1175920384149709
6353,6353,-0.11202411249377653
6354,6354,-0.028427044609507512
6355,6355,-0.005138032980799873
6356,6356,-0.0867647044167641
6357,6357,-0.24048602572175426
6358,6358,-0.05131104805921238
6359,6359,-0.09193665621934094
6360,6360,-0.04747867650008353
6361,6361,-0.13045929239019938
6362,6362,-0.0011264654683693712
6363,6363,-0.03342050232050586
6364,6364,-0.034051538304069734
6365,6365,-0.021317764984131182
6366,6366,-0.18404754790575553
6367,6367,-0.013695521422515407
6368,6368,-0.09507997338464458
6369,6369,-0.09621799153688615
6370,6370,-0.032444449370282596
6371,6371,-0.17729055431583207
6372,6372,-0.0038686064176212576
6373,6373,-0.06798247250027112
6374,6374,-0.025785330340588747
6375,6375,-0.08470588913102575
6376,6376,-0.02205743423457019
6377,6377,-0.020527638428143043
6378,6378,-0.10206832906391575
6379,6379,-0.4013252499021598
6380,6380,-0.4303764495710497
6381,6381,-0.016059387831568156
6382,6382,-0.03016424073997881
6383,6383,-0.016934036755186396
6384,6384,-0.0653946967452389
6385,6385,-0.013074506121938723
6386,6386,-0.09422405031734249
6387,6387,-0.08806663988315944
6388,6388,-0.012415220802640042
6389,6389,-0.10218494382996737
6390,6390,-0.03191063383570958
6391,6391,-0.0870995667517982
6392,6392,-0.07164281661952154
6393,6393,-0.20458969724023213
6394,6394,-0.06658487345921893
6395,6395,-0.007782899394020354
6396,6396,-0.15651678476299405
6397,6397,-0.19262907908716748
6398,6398,-0.027321574514729413
6399,6399,-0.11657231793717404
6400,6400,-0.048342664746265473
6401,6401,-0.15436069205534697
6402,6402,-0.0780858326222611
6403,6403,-0.0481271178804521
6404,6404,-0.3237658144625599
6405,6405,-0.10175043326619582
6406,6406,-0.003754169511472477
6407,6407,-0.0061928191777940525
6408,6408,-0.03325198820556541
6409,6409,-0.06213036589541421
6410,6410,-0.2124071310537552
6411,6411,-0.008793717877900176
6412,6412,-0.001791945908063088
6413,6413,-0.10454886160226895
6414,6414,-0.022440652525363727
6415,6415,-0.1522510697461854
6416,6416,-0.14316205280103134
6417,6417,-0.15140438514500776
6418,6418,-0.422371102482046
6419,6419,-0.039159921276541027
6420,6420,-0.00651228818828159
6421,6421,-0.5617081275920183
6422,6422,-0.057714273017914874
6423,6423,-0.1122196080947867
6424,6424,-0.02743766776256984
6425,6425,-0.017000042375349717
6426,6426,-0.05038177347939339
6427,6427,-0.1730251779353137
6428,6428,-0.006513995714622427
6429,6429,-0.01840876556313653
6430,6430,-0.20941444653508512
6431,6431,-0.14126747946106555
6432,6432,-0.0006270495076140079
6433,6433,-0.029526310797510336
6434,6434,-0.010231211797945755
6435,6435,-0.0010198896509207582
6436,6436,-0.026049363750360495
6437,6437,-0.21490664390116265
6438,6438,-0.0023016412837677594
6439,6439,-0.0670895787786252
6440,6440,-0.16625143798043185
6441,6441,-0.16333120807025558
6442,6442,-0.1242942651333312
6443,6443,-0.01466895760898737
6444,6444,-0.06949040717061064
6445,6445,-0.25954713571549526
6446,6446,-0.023180117758238694
6447,6447,-0.16347182025951845
6448,6448,-0.19869664400842924
6449,6449,-0.06709603588518867
6450,6450,-0.07527069833305733
6451,6451,-0.02913951444929641
6452,6452,-0.07777940298236213
6453,6453,-0.18898585150646519
6454,6454,-0.12257040501818972
6455,6455,-0.01371041308143449
6456,6456,-0.24401760808032158
6457,6457,-0.13141979067582213
6458,6458,-0.04526199428159661
6459,6459,-0.29092761537146494
6460,6460,-0.10052246105238405
6461,6461,-0.0048349045729015674
6462,6462,-0.07353444633384257
6463,6463,-0.11711566775524374
6464,6464,-0.0230959081900807
6465,6465,-0.015592470547185072
6466,6466,-0.0017666841846423198
6467,6467,-0.03082158395939541
6468,6468,-0.02021508899266978
6469,6469,-0.08862569163542577
6470,6470,-0.10937027120795495
6471,6471,-0.008284735997001552
6472,6472,-0.01907485868154575
6473,6473,-0.11494420928432847
6474,6474,-0.008929280392422634
6475,6475,-0.08599270375755988
6476,6476,-0.3924842154531647
6477,6477,-0.009705681615650996
6478,6478,-0.1727927584621125
6479,6479,-0.10365754542434802
6480,6480,-0.15817584349578973
6481,6481,-0.06487048757908245
6482,6482,-0.19829507212310613
6483,6483,-0.017622384229857097
6484,6484,-0.011682637417245206
6485,6485,-0.1468678795277959
6486,6486,-0.02567198082880879
6487,6487,-0.061035214552282224
6488,6488,-0.05561054079686045
6489,6489,-0.043723464570937925
6490,6490,-0.09408107100910001
6491,6491,-0.05561063781866571
6492,6492,-0.06594100689902993
6493,6493,-0.131219190429107
6494,6494,-0.4217478444889555
6495,6495,-0.20818783266122765
6496,6496,-0.09807534000621676
6497,6497,-0.16884342816680323
6498,6498,-0.16233920594840612
6499,6499,-0.008786665664988563
6500,6500,-0.034284169573642886
6501,6501,-0.04570617923730301
6502,6502,-0.1538946709650526
6503,6503,-0.21419987127509366
6504,6504,-0.03154700668645463
6505,6505,-0.0893215105611499
6506,6506,-0.022677118714770655
6507,6507,-0.09177474632246269
6508,6508,-0.2270977672796698
6509,6509,-0.1743507933485695
6510,6510,-0.1470620245446768
6511,6511,-0.17193230514177682
6512,6512,-0.0025184046029084264
6513,6513,-0.2706463841141815
6514,6514,-0.1815816767291355
6515,6515,-0.05642041774184352
6516,6516,-0.010115375270201926
6517,6517,-0.19254292384484417
6518,6518,-0.10365555208815325
6519,6519,-0.04621494885802946
6520,6520,-0.013111518551559453
6521,6521,-0.036353074353379644
6522,6522,-0.006464715429677083
6523,6523,-0.07354130829598127
6524,6524,-0.0747663740772008
6525,6525,-0.02161507428350324
6526,6526,-0.17761978829083924
6527,6527,-0.0057855307071391915
6528,6528,-0.002062267715505575
6529,6529,-0.39554473355424635
6530,6530,-0.08852800793419935
6531,6531,-0.301987214723087
6532,6532,-0.06595685219549419
6533,6533,-0.0012203693944450975
6534,6534,-0.024110288309779238
6535,6535,-0.47339081470261357
6536,6536,-0.12932035700140967
6537,6537,-0.006063710295281528
6538,6538,-0.060026965796326964
6539,6539,-0.15241838585516776
6540,6540,-0.1345203430027596
6541,6541,-0.1465785226531513
6542,6542,-0.08434525123038927
6543,6543,-0.02874503513184501
6544,6544,-0.059156608837867886
6545,6545,-0.04003785286256456
6546,6546,-0.011240273438001443
6547,6547,-0.1667002618950968
6548,6548,-0.11245484199252509
6549,6549,-0.0341760806244438
6550,6550,-0.0783721632163431
6551,6551,-0.0026614298795893734
6552,6552,-0.08675355841364274
6553,6553,-0.23466264369831125
6554,6554,-0.017689903615006337
6555,6555,-0.1041018479418532
6556,6556,-0.009518038583257844
6557,6557,-0.022964817196836962
6558,6558,-0.06341929507521321
6559,6559,-0.47037676626559244
6560,6560,-0.22809051577664663
6561,6561,-0.026495823839894135
6562,6562,-0.055005913670104656
6563,6563,-0.012752761472532598
6564,6564,-0.0735911565673183
6565,6565,-0.006083827716272052
6566,6566,-0.013061082995470708
6567,6567,-0.2601070913114545
6568,6568,-0.04289645479047011
6569,6569,-0.026471874614401286
6570,6570,-0.15805997780449532
6571,6571,-0.06244281163836288
6572,6572,-0.0202573624764342
6573,6573,-0.038845736165882716
6574,6574,-0.19965845461721488
6575,6575,-0.28420261821994197
6576,6576,-0.2026307204439015
6577,6577,-0.10606451406591333
6578,6578,-0.38248113505420434
6579,6579,-0.009991345714191607
6580,6580,-0.03694486864687763
6581,6581,-0.0013709975599295945
6582,6582,-0.21152434865318037
6583,6583,-0.29278243970396467
6584,6584,-0.06514036769959967
6585,6585,-0.12365705644964642
6586,6586,-0.004029077048039358
6587,6587,-0.042893810509937486
6588,6588,-0.10781293928208768
6589,6589,-0.057645223034859416
6590,6590,-0.023051235759420415
6591,6591,-0.05516117525800926
6592,6592,-0.23001521278258252
6593,6593,-0.12423784416295514
6594,6594,-0.03964617083212696
6595,6595,-0.10834756122183542
6596,6596,-0.03386872512175021
6597,6597,-0.022740898372433503
6598,6598,-0.2011261757170395
6599,6599,-0.08037275642150483
6600,6600,-0.05470708425515369
6601,6601,-0.030203027151169737
6602,6602,-0.23746344916856543
6603,6603,-0.04959710996843559
6604,6604,-0.021422686947198316
6605,6605,-0.1773155542176782
6606,6606,-0.06914837018679976
6607,6607,-0.054379812467852506
6608,6608,-0.01880131753606365
6609,6609,-0.10615318188408732
6610,6610,-0.3070956023512058
6611,6611,-0.12195964507433421
6612,6612,-0.10134081858466093
6613,6613,-0.06036097873918056
6614,6614,-0.016637444752985703
6615,6615,-0.06505370957621459
6616,6616,-0.14786288583528606
6617,6617,-0.015070846849400632
6618,6618,-0.057140362024524216
6619,6619,-0.09302048395002149
6620,6620,-0.007884047559777368
6621,6621,-0.11917560777082781
6622,6622,-0.11335313189754051
6623,6623,-0.07181578737749786
6624,6624,-0.0030334803980139324
6625,6625,-0.0612310115000925
6626,6626,-0.03892042625715145
6627,6627,-0.0063761046000872235
6628,6628,-0.23853582042710864
6629,6629,-0.0633627423021554
6630,6630,-0.01657221387790178
6631,6631,-0.018756475196437083
6632,6632,-0.12343208483622137
6633,6633,-0.05512993866820359
6634,6634,-0.004102239112460333
6635,6635,-0.00547842984333205
6636,6636,-0.0013128512468008405
6637,6637,-0.005153811249569713
6638,6638,-0.03503800933821296
6639,6639,-0.018767385413444693
6640,6640,-0.16004792231574974
6641,6641,-0.1952122590717753
6642,6642,-0.03244746475915397
6643,6643,-0.11068519701081136
6644,6644,-0.11756150571883284
6645,6645,-0.26093501113694595
6646,6646,-0.11970291081100592
6647,6647,-0.01795351162244274
6648,6648,-0.006671556305298254
6649,6649,-0.0036320083792757973
6650,6650,-0.011246847455559206
6651,6651,-0.09889604906914695
6652,6652,-0.05833972966983503
6653,6653,-0.24107542721020228
6654,6654,-0.05891205146893522
6655,6655,-0.04690090224688748
6656,6656,-0.07273972559853314
6657,6657,-0.03990490991709672
6658,6658,-0.1616082691631098
6659,6659,-0.002649933429689919
6660,6660,-0.0331854574418472
6661,6661,-0.00977667369388105
6662,6662,-0.07530962360683624
6663,6663,-0.13313039766318813
6664,6664,-0.0010066661601739486
6665,6665,-0.18312736985485323
6666,6666,-0.0046110291143538
6667,6667,-0.09177037358331676
6668,6668,-0.00853391427261832
6669,6669,-0.10793572544574703
6670,6670,-0.06136643253215911
6671,6671,-0.2154679640003767
6672,6672,-0.431927579329102
6673,6673,-0.18565831337272265
6674,6674,-0.15635648756945478
6675,6675,-0.007337376182617768
6676,6676,-0.02198588835421733
6677,6677,-0.043078955773585226
6678,6678,-0.024315203193444046
6679,6679,-0.020125418282048196
6680,6680,-0.08592034702186535
6681,6681,-0.12010889143510362
6682,6682,-0.13716548640291437
6683,6683,-0.017659874624800037
6684,6684,-0.06394877152243617
6685,6685,-0.029925883481157656
6686,6686,-0.17616584113649075
6687,6687,-0.07824492078447565
6688,6688,-0.0998897643047354
6689,6689,-0.10339059380379301
6690,6690,-0.19672144231930178
6691,6691,-0.0011956844118724622
6692,6692,-0.13339706781211058
6693,6693,-0.06614382945628228
6694,6694,-0.04861684689422242
6695,6695,-0.06496306504113092
6696,6696,-0.013585589582611975
6697,6697,-0.06959393083681142
6698,6698,-0.029267653150925277
6699,6699,-0.040461337458694846
6700,6700,-0.1503547436037148
6701,6701,-0.1339884352373356
6702,6702,-0.07012415492758217
6703,6703,-0.3747836328822012
6704,6704,-0.10702562444791489
6705,6705,-0.05551784347190836
6706,6706,-0.0207246977133366
6707,6707,-0.11811912448855155
6708,6708,-0.005340645991658205
6709,6709,-0.028513593684806438
6710,6710,-0.01114785847197955
6711,6711,-0.10331886743457244
6712,6712,-0.09775554230851258
6713,6713,-0.031244600692326492
6714,6714,-0.4056834534726228
6715,6715,-0.07505083661668321
6716,6716,-0.03368276045929122
6717,6717,-0.05455531588079199
6718,6718,-0.04632007786303349
6719,6719,-0.3544294191445375
6720,6720,-0.05474157201881724
6721,6721,-0.10371205735611844
6722,6722,-0.020431558732923794
6723,6723,-0.04333575540287399
6724,6724,-0.15779094429469076
6725,6725,-0.24051145864780565
6726,6726,-0.007988943674127232
6727,6727,-0.041341487407218214
6728,6728,-0.013510314279436941
6729,6729,-0.058975949743769296
6730,6730,-0.0054355205269084675
6731,6731,-0.08413520255225837
6732,6732,-0.03781120092608303
6733,6733,-0.3581018852058553
6734,6734,-0.07987876801409843
6735,6735,-0.11704339301739886
6736,6736,-0.23687285648229442
6737,6737,-0.005419983230390947
6738,6738,-0.0888454321049294
6739,6739,-0.021417023695015747
6740,6740,-0.12114962876180646
6741,6741,-0.09147180139804643
6742,6742,-0.049934891776833745
6743,6743,-0.0374210809851317
6744,6744,-0.03321047742977046
6745,6745,-0.04909248396001298
6746,6746,-0.004543136815788107
6747,6747,-0.009419017422267056
6748,6748,-0.05435258293966763
6749,6749,-0.023419569328760867
6750,6750,-0.27254627958581423
6751,6751,-0.055100891475319824
6752,6752,-0.07269240672790467
6753,6753,-0.010013798424049121
6754,6754,-0.24281174141218864
6755,6755,-0.03172063368246747
6756,6756,-0.12999845705228674
6757,6757,-0.14202711581168181
6758,6758,-0.020171795558125566
6759,6759,-0.030644256370243268
6760,6760,-0.059644835416328104
6761,6761,-0.14554776386077545
6762,6762,-0.1518054291929687
6763,6763,-0.019819077527009954
6764,6764,-0.021858608004520393
6765,6765,-0.013562303553675853
6766,6766,-0.017722367927443305
6767,6767,-0.08447580747406125
6768,6768,-0.10038512611904526
6769,6769,-0.11876438623598107
6770,6770,-0.1939727110820968
6771,6771,-0.2119636237398428
6772,6772,-0.31501357405866237
6773,6773,-0.14970850012369397
6774,6774,-0.03956870798075274
6775,6775,-0.11412692848315631
6776,6776,-0.05822514917211436
6777,6777,-0.1631165685738575
6778,6778,-0.018113924543352207
6779,6779,-0.1579106469831465
6780,6780,-0.29629806859388164
6781,6781,-0.1861529243604254
6782,6782,-0.03133720042529764
6783,6783,-0.059434751955634746
6784,6784,-0.09359025720627578
6785,6785,-0.007486722506739013
6786,6786,-0.09118061536104582
6787,6787,-0.23939065521441372
6788,6788,-0.05411303567687986
6789,6789,-0.007902694702764147
6790,6790,-0.05558109895310581
6791,6791,-0.10921409611120414
6792,6792,-0.20912624725082168
6793,6793,-0.0005967578114277564
6794,6794,-0.009503714523571377
6795,6795,-0.060692779946551756
6796,6796,-0.26635741728227913
6797,6797,-0.16117243225670297
6798,6798,-0.3494064000613878
6799,6799,-0.0034106065583945702
6800,6800,-0.01645361738200785
6801,6801,-0.08480208834842573
6802,6802,-0.08028118335073586
6803,6803,-0.08080343502933163
6804,6804,-0.02000504458290299
6805,6805,-0.07490055724006571
6806,6806,-0.23337390546555925
6807,6807,-0.03901807734349119
6808,6808,-0.01849480800325791
6809,6809,-0.08020696525389964
6810,6810,-0.0034111899124240896
6811,6811,-0.1311591208203882
6812,6812,-0.06454147986293271
6813,6813,-0.008864584872654548
6814,6814,-0.03482577266684983
6815,6815,-0.09679868883487933
6816,6816,-0.07988920495160737
6817,6817,-0.1472848400989604
6818,6818,-0.2920131517253878
6819,6819,-0.03524206012273448
6820,6820,-0.027286718652355352
6821,6821,-0.11247391497846326
6822,6822,-0.025496752388977445
6823,6823,-0.018981704876559924
6824,6824,-0.004164021700392408
6825,6825,-0.04513843764554493
6826,6826,-0.03896630579808897
6827,6827,-0.07640680058684932
6828,6828,-0.017929970320852306
6829,6829,-0.027886037498326886
6830,6830,-0.3032648485835705
6831,6831,-0.01078840855898458
6832,6832,-0.07817337854445142
6833,6833,-0.10038899672939472
6834,6834,-0.045659345609637914
6835,6835,-0.01889136074217413
6836,6836,-0.01982241137171048
6837,6837,-0.015897348741547968
6838,6838,-0.0364709212791299
6839,6839,-0.019967661256519872
6840,6840,-0.04069422472590059
6841,6841,-0.4329729617232899
6842,6842,-0.12483459666668617
6843,6843,-0.033784618851765646
6844,6844,-0.00747625587794068
6845,6845,-0.008824181194035191
6846,6846,-0.04660376635459296
6847,6847,-0.2324171825114102
6848,6848,-0.14542654589553
6849,6849,-0.0011820324091382523
6850,6850,-0.037990199923013286
6851,6851,-0.010112933661698548
6852,6852,-0.04902239200306682
6853,6853,-0.1344192179513386
6854,6854,-0.32641883037678965
6855,6855,-0.003999464332939885
6856,6856,-0.20367864828725157
6857,6857,-0.10237233547564983
6858,6858,-0.2035240762515511
6859,6859,-0.037778902251398905
6860,6860,-0.09713217683700037
6861,6861,-0.13335706741988407
6862,6862,-0.0365455174655307
6863,6863,-0.10901506321537546
6864,6864,-0.05113830707485878
6865,6865,-0.006603633269276099
6866,6866,-0.05432364792879602
6867,6867,-0.35818770591962135
6868,6868,-0.4169924552285656
6869,6869,-0.19164740505519973
6870,6870,-0.08538244645879034
6871,6871,-0.03393318639026757
6872,6872,-0.033500298832662284
6873,6873,-0.04920705223117183
6874,6874,-0.04203105283187547
6875,6875,-0.03296735618265534
6876,6876,-0.05570355994174436
6877,6877,-0.08516181890282626
6878,6878,-0.11163040180639083
6879,6879,-0.11136382421822022
6880,6880,-0.0537001829399163
6881,6881,-0.04701454975771224
6882,6882,-0.035686119957815565
6883,6883,-0.23879862932992468
6884,6884,-0.12315628000801926
6885,6885,-0.2252992076320255
6886,6886,-0.06158701043875661
6887,6887,-0.0035462273652797707
6888,6888,-0.15595425086488213
6889,6889,-0.015342535573165117
6890,6890,-0.16404083715859052
6891,6891,-0.029046452383911125
6892,6892,-0.1859770867228453
6893,6893,-0.22520108155120866
6894,6894,-0.3471176954062152
6895,6895,-0.11491105171171734
6896,6896,-0.1439632652563767
6897,6897,-0.11272630150127805
6898,6898,-0.31522924305414257
6899,6899,-0.10380218035106077
6900,6900,-0.0485983044253471
6901,6901,-0.018863176848049085
6902,6902,-0.15821275905804347
6903,6903,-0.10499147073305615
6904,6904,-0.10258282635963178
6905,6905,-0.023889624065320136
6906,6906,-0.0749987158500236
6907,6907,-0.02688563355848342
6908,6908,-0.009746414236374408
6909,6909,-0.09780769099471787
6910,6910,-0.057255928608043016
6911,6911,-0.035211571356954185
6912,6912,-0.21940578471303818
6913,6913,-0.05691024248297272
6914,6914,-0.030541201063985453
6915,6915,-0.28548484228846904
6916,6916,-0.023083415183705186
6917,6917,-0.19619102315454917
6918,6918,-0.051129942807549456
6919,6919,-0.15357547618975476
6920,6920,-0.1257665719077794
6921,6921,-0.0635668972042544
6922,6922,-0.009058189353080365
6923,6923,-0.07495017789550185
6924,6924,-0.16201278850813638
6925,6925,-0.04113864434816395
6926,6926,-0.14229010661225575
6927,6927,-0.04261193364423488
6928,6928,-0.04720276676467361
6929,6929,-0.14653739475329292
6930,6930,-0.011947802706139266
6931,6931,-0.15776019996056068
6932,6932,-0.07415381623915879
6933,6933,-0.08804670676253368
6934,6934,-0.035175679519583
6935,6935,-0.0521479514376626
6936,6936,-0.0017727343798892362
6937,6937,-0.03314134637728916
6938,6938,-0.011164670841171294
6939,6939,-0.10625220720303752
6940,6940,-0.14350727737056665
6941,6941,-0.05445948056293637
6942,6942,-0.06472102368268942
6943,6943,-0.013262395687483886
6944,6944,-0.047393073719619316
6945,6945,-0.032629015656584964
6946,6946,-0.022767353935424617
6947,6947,-0.019114224396912377
6948,6948,-0.017682081799214378
6949,6949,-0.0037765518794651547
6950,6950,-0.014084262707380196
6951,6951,-0.0001530235036908429
6952,6952,-0.04333110971282261
6953,6953,-0.03026946304400424
6954,6954,-0.22801461540517076
6955,6955,-0.011699072360316087
6956,6956,-0.006825806529295549
6957,6957,-0.2759284004436826
6958,6958,-0.009301008863945644
6959,6959,-0.0225931138561013
6960,6960,-0.10260900796643282
6961,6961,-0.13937967128922368
6962,6962,-0.24791112014318317
6963,6963,-0.014215654444714176
6964,6964,-0.04463282512895683
6965,6965,-0.0625346143248473
6966,6966,-0.038576766542009366
6967,6967,-0.17454458832448083
6968,6968,-0.2226118404424864
6969,6969,-0.0739293101946098
6970,6970,-0.300165014457483
6971,6971,-0.1000738082923367
6972,6972,-0.09728945889859064
6973,6973,-0.03079359658657632
6974,6974,-0.043130864601439445
6975,6975,-0.03373696878588353
6976,6976,-0.2201230702754775
6977,6977,-0.2371611875953744
6978,6978,-0.06551156273072084
6979,6979,-0.15612677399711583
6980,6980,-0.0679333210101796
6981,6981,-0.05894831468498618
6982,6982,-0.008618535841484865
6983,6983,-0.10766428032194231
6984,6984,-0.028712950215546873
6985,6985,-0.05160559176106712
6986,6986,-0.03453322589587027
6987,6987,-0.10319272500439791
6988,6988,-0.01957699590137496
6989,6989,-0.1855190154323214
6990,6990,-0.07588894979863106
6991,6991,-0.05763573224922425
6992,6992,-0.19073191098097775
6993,6993,-0.020352642606994625
6994,6994,-0.009241470535481439
6995,6995,-0.1050354429952276
6996,6996,-0.10278535816908851
6997,6997,-0.015659651683269687
6998,6998,-0.09489049463184646
6999,6999,-0.08457959105733792
7000,7000,-0.0983101044861634
7001,7001,-0.08306795245544152
7002,7002,-0.03840708957656469
7003,7003,-0.22606901682735014
7004,7004,-0.0010234346024946429
7005,7005,-0.11310151684272007
7006,7006,-0.05524147636574431
7007,7007,-0.34498140288342327
7008,7008,-0.18697627124081295
7009,7009,-0.09044782025593723
7010,7010,-0.15252883844097598
7011,7011,-0.0396393862606953
7012,7012,-0.06503177096294749
7013,7013,-0.19812651877778542
7014,7014,-0.027034858164463854
7015,7015,-0.05227523444271409
7016,7016,-0.02424828114630346
7017,7017,-0.020203834395617903
7018,7018,-0.13821201994529364
7019,7019,-0.019774383405914482
7020,7020,-0.09397325400949974
7021,7021,-0.08772134857450897
7022,7022,-0.01581313382942487
7023,7023,-0.22071783492426933
7024,7024,-0.25349543635091765
7025,7025,-0.29513388682643016
7026,7026,-0.008514597732029339
7027,7027,-0.01052547555474903
7028,7028,-0.026859898244404906
7029,7029,-0.01540903106252281
7030,7030,-0.024832497667017783
7031,7031,-0.045670133461122336
7032,7032,-0.19200269299944672
7033,7033,-0.0316785887693142
7034,7034,-0.056685346468215575
7035,7035,-0.12229798044331375
7036,7036,-0.1273694736916804
7037,7037,-0.22741691685374876
7038,7038,-0.10847590761746695
7039,7039,-0.07206447842015232
7040,7040,-0.1538825816890813
7041,7041,-0.11782330146768416
7042,7042,-0.07817539363248471
7043,7043,-0.17604478533699508
7044,7044,-0.22570226377554725
7045,7045,-0.118694804602679
7046,7046,-0.12932800924831733
7047,7047,-0.025337144921479315
7048,7048,-0.05425073306883866
7049,7049,-0.03798954211142791
7050,7050,-0.012667475208308493
7051,7051,-0.07164697601060033
7052,7052,-0.27989579176428414
7053,7053,-0.04458423951506352
7054,7054,-0.021287558873206103
7055,7055,-0.034977516407626474
7056,7056,-0.03894125395621553
7057,7057,-0.2574293955049023
7058,7058,-0.11013546005342134
7059,7059,-0.00046926166611582776
7060,7060,-0.10431002946788948
7061,7061,-0.14650798963257786
7062,7062,-0.01439233995744904
7063,7063,-0.030015926860826103
7064,7064,-0.042955996426222616
7065,7065,-0.1752266990918856
7066,7066,-0.08968890405558883
7067,7067,-0.03464346180882072
7068,7068,-0.20639631077034792
7069,7069,-0.1018292130081786
7070,7070,-0.0069097132012881715
7071,7071,-0.17777778256342147
7072,7072,-0.027656588510515
7073,7073,-0.017426932368549704
7074,7074,-0.01322833994593442
7075,7075,-0.1351063684589341
7076,7076,-0.1061914436974908
7077,7077,-0.0263387830881966
7078,7078,-0.0769358261118982
7079,7079,-0.2899377143149957
7080,7080,-0.001542248861853071
7081,7081,-0.057335831890501954
7082,7082,-0.11596038226117855
7083,7083,-0.09343808240905072
7084,7084,-0.019760045803823983
7085,7085,-0.0576494997114283
7086,7086,-0.0035143400177878453
7087,7087,-0.061385064415961504
7088,7088,-0.02634103705320412
7089,7089,-0.1363890599875046
7090,7090,-0.003789731456634443
7091,7091,-0.016083353891163665
7092,7092,-0.0036995525525523043
7093,7093,-0.18390271840342554
7094,7094,-0.1762259945533029
7095,7095,-0.31164378009802995
7096,7096,-0.1855870612231869
7097,7097,-0.026714564201379104
7098,7098,-0.22201121518257638
7099,7099,-0.0973384553645609
7100,7100,-0.4380820269481007
7101,7101,-0.11331138211230674
7102,7102,-0.11242124589850855
7103,7103,-0.24777113299507825
7104,7104,-0.03064490918887275
7105,7105,-0.07887864641795128
7106,7106,-0.17215399852636015
7107,7107,-0.00323751627337205
7108,7108,-0.2224681638224879
7109,7109,-0.019543338745805633
7110,7110,-0.11711703468215673
7111,7111,-0.10314228689402352
7112,7112,-0.016356840487016577
7113,7113,-0.03345159568747491
7114,7114,-0.2869913662915913
7115,7115,-0.023628118283474893
7116,7116,-0.07591788700395874
7117,7117,-0.07475056923986045
7118,7118,-0.012750575835085431
7119,7119,-0.008840148281237359
7120,7120,-0.009764966730994794
7121,7121,-0.012090969931115485
7122,7122,-0.15956065449508483
7123,7123,-0.06715515309702313
7124,7124,-0.005235168779707422
7125,7125,-0.06556641537122546
7126,7126,-0.11887325050304165
7127,7127,-0.07482077794172703
7128,7128,-0.2615994302765223
7129,7129,-0.03686617756491531
7130,7130,-0.2117722564659815
7131,7131,-0.044947746650548376
7132,7132,-0.09359463179195338
7133,7133,-0.0878858624210192
7134,7134,-0.16662322741817537
7135,7135,-0.12681435504315042
7136,7136,-0.0057825881217270295
7137,7137,-0.15388638038384927
7138,7138,-0.04213457886056049
7139,7139,-0.054377317975721984
7140,7140,-0.053231128475655365
7141,7141,-0.04905135712671482
7142,7142,-0.007204189964441554
7143,7143,-0.12319662080672325
7144,7144,-0.07841978819445716
7145,7145,-0.0022798210611347136
7146,7146,-0.11712470312063283
7147,7147,-0.10447151307907854
7148,7148,-0.02155264753958242
7149,7149,-0.1851559865608241
7150,7150,-0.008634242937443415
7151,7151,-0.002308431358013209
7152,7152,-0.1416683701862831
7153,7153,-0.027123695157243062
7154,7154,-0.08682948911725008
7155,7155,-0.12204463040093277
7156,7156,-0.26909883894405384
7157,7157,-0.08993447507134811
7158,7158,-0.05120365713714392
7159,7159,-0.04366744001997214
7160,7160,-0.024614044003181297
7161,7161,-0.10434032254883852
7162,7162,-0.16366608448288192
7163,7163,-0.05935526174212635
7164,7164,-0.018171273159709345
7165,7165,-0.35782123157546586
7166,7166,-0.03226125505546176
7167,7167,-0.005345534626409441
7168,7168,-0.1595470167494809
7169,7169,-0.18553328638254563
7170,7170,-0.04867974654691176
7171,7171,-0.44773980706890093
7172,7172,-0.020469332907657734
7173,7173,-0.052753221337267786
7174,7174,-0.02859621083373398
7175,7175,-0.01212720661828895
7176,7176,-0.15028630452742597
7177,7177,-0.022291167782482885
7178,7178,-0.03264484894349984
7179,7179,-0.13138522884502013
7180,7180,-0.019796151526250833
7181,7181,-0.17002228669709796
7182,7182,-0.007274369550362564
7183,7183,-0.1097494708492045
7184,7184,-0.0310492248106036
7185,7185,-0.07151057381955628
7186,7186,-0.057301298412507085
7187,7187,-0.028918612288743817
7188,7188,-0.1547835733794689
7189,7189,-0.2911194813736131
7190,7190,-0.021738313667872516
7191,7191,-0.0803589782796551
7192,7192,-0.07734583349687472
7193,7193,-0.11941187021998889
7194,7194,-0.18159674210866017
7195,7195,-0.059756414159486515
7196,7196,-0.003101411742849891
7197,7197,-0.30369518067911205
7198,7198,-0.010030643677500124
7199,7199,-0.16386643894978536
7200,7200,-0.026086446076425324
7201,7201,-0.23236409205908792
7202,7202,-0.1466590908184574
7203,7203,-0.0029531512004155394
7204,7204,-0.22512833700290713
7205,7205,-0.030947399244645984
7206,7206,-0.10339994074019832
7207,7207,-0.05185227642551782
7208,7208,-0.34184025945409147
7209,7209,-0.04127605409656221
7210,7210,-0.11207063842116463
7211,7211,-0.05014160486095534
7212,7212,-0.004109644420188423
7213,7213,-0.11942453263177732
7214,7214,-0.08385269675375362
7215,7215,-0.005437078258908663
7216,7216,-0.137794972522036
7217,7217,-0.029251155782522575
7218,7218,-0.17730040228207855
7219,7219,-0.2568176325724074
7220,7220,-0.04185198818741154
7221,7221,-0.03369757611422831
7222,7222,-0.08705480013624423
7223,7223,-0.0033741085511410085
7224,7224,-0.017404957053785086
7225,7225,-0.31561964538109955
7226,7226,-0.1475738331945315
7227,7227,-0.07389117554340408
7228,7228,-0.007050603116076776
7229,7229,-0.02152285484538441
7230,7230,-0.18405442059834354
7231,7231,-0.03762519397455233
7232,7232,-0.17418605670366263
7233,7233,-0.09716063726111779
7234,7234,-0.0010977348801738335
7235,7235,-0.0036341549602968704
7236,7236,-0.0755728343984835
7237,7237,-0.01538224508324959
7238,7238,-0.055044271561090596
7239,7239,-0.04424251011679747
7240,7240,-0.0026454209119199
7241,7241,-0.12825872849110187
7242,7242,-0.018228694641545418
7243,7243,-0.024353150091887987
7244,7244,-0.007407605468824359
7245,7245,-0.028871609257505093
7246,7246,-0.018439228207792202
7247,7247,-0.029574905569895643
7248,7248,-0.13135112904339596
7249,7249,-0.03515316678984723
7250,7250,-0.11685808822941546
7251,7251,-0.01586415318303236
7252,7252,-0.07118450993804482
7253,7253,-0.00414903494543465
7254,7254,-0.014459617955635773
7255,7255,-0.03584773209033276
7256,7256,-0.009599224601686844
7257,7257,-0.1717052661747922
7258,7258,-0.006008037101475468
7259,7259,-0.03425194809445853
7260,7260,-0.11087250396841519
7261,7261,-0.046233523276447475
7262,7262,-0.07366263549194807
7263,7263,-0.1983508755230563
7264,7264,-0.14539182599036427
7265,7265,-0.09841914177544997
7266,7266,-0.21864296317473564
7267,7267,-0.14503219129509803
7268,7268,-0.07635391579626563
7269,7269,-0.15517209356955286
7270,7270,-0.10562327582164299
7271,7271,-0.14039257320330426
7272,7272,-0.05613461382386653
7273,7273,-0.0028786473397828527
7274,7274,-0.22930236279003957
7275,7275,-0.05690333763483235
7276,7276,-0.011581313635453144
7277,7277,-0.03703960389342467
7278,7278,-0.008065162498591516
7279,7279,-0.1486250717899389
7280,7280,-0.02673605829238146
7281,7281,-0.08145294390941737
7282,7282,-0.012817193977337188
7283,7283,-0.14226887617280193
7284,7284,-0.017857115821064112
7285,7285,-0.05460256128315069
7286,7286,-0.006656249487579662
7287,7287,-0.0527247073837126
7288,7288,-0.0012248198045602624
7289,7289,-0.021933814435683652
7290,7290,-0.11113227594749786
7291,7291,-0.0645188727551198
7292,7292,-0.0012795645060712205
7293,7293,-0.03198669319774253
7294,7294,-0.013658210644512477
7295,7295,-0.15775445437098334
7296,7296,-0.015629661569344228
7297,7297,-0.020278310750550546
7298,7298,-0.010323038442315302
7299,7299,-0.1583786086078849
7300,7300,-0.12583102169118376
7301,7301,-0.2906091672376202
7302,7302,-0.05629151197309767
7303,7303,-0.23236213926995974
7304,7304,-0.04849746736256955
7305,7305,-0.061605845272818344
7306,7306,-0.030016300383859634
7307,7307,-0.253710899955081
7308,7308,-0.056944544026963584
7309,7309,-0.00299174240631442
7310,7310,-0.14491402286253008
7311,7311,-0.06353368976524237
7312,7312,-0.2694566709376307
7313,7313,-0.07068036349660378
7314,7314,-0.023227642764691248
7315,7315,-0.041372023964594384
7316,7316,-0.040395156584412395
7317,7317,-0.046377949854558786
7318,7318,-0.1182196864696019
7319,7319,-0.05760891354988529
7320,7320,-0.03683940378152346
7321,7321,-0.10149880443703163
7322,7322,-0.036282125101521984
7323,7323,-0.041721174741552576
7324,7324,-0.09732738644333416
7325,7325,-0.07380519176546965
7326,7326,-0.0516176596944745
7327,7327,-0.09375983571964897
7328,7328,-0.022754400893284954
7329,7329,-0.02121769485269423
7330,7330,-0.014018653300586381
7331,7331,-0.005635954455769837
7332,7332,-0.02805958897946914
7333,7333,-0.5180776828827085
7334,7334,-0.15029840018787877
7335,7335,-0.022024578756140167
7336,7336,-0.013174231975990937
7337,7337,-0.02002280162175954
7338,7338,-0.001618399323573526
7339,7339,-0.05598599979564295
7340,7340,-0.010642438726570502
7341,7341,-0.28282277961367663
7342,7342,-0.05351655755938449
7343,7343,-0.3220319055548907
7344,7344,-0.1201255713491321
7345,7345,-0.0063320691416575425
7346,7346,-0.029348772451643357
7347,7347,-0.08056256520900451
7348,7348,-0.02460423444917184
7349,7349,-0.05053513237243479
7350,7350,-0.14870387789043799
7351,7351,-0.03893662417863042
7352,7352,-0.025695920246490034
7353,7353,-0.04741627531519521
7354,7354,-0.0222875253527767
7355,7355,-0.14126044904197294
7356,7356,-0.16089431430044465
7357,7357,-0.0010991515717489186
7358,7358,-0.1444094238762057
7359,7359,-0.03575349875365719
7360,7360,-0.002844392201874734
7361,7361,-0.01895424733522221
7362,7362,-0.052006463879454845
7363,7363,-0.037893868527453245
7364,7364,-0.14266677472430844
7365,7365,-0.07224913656859577
7366,7366,-0.17306066012206545
7367,7367,-0.12330460842074231
7368,7368,-0.1499713868194588
7369,7369,-0.013737488546179961
7370,7370,-0.050878772391686596
7371,7371,-0.0008560339014397692
7372,7372,-0.07945342662169086
7373,7373,-0.021239592970943577
7374,7374,-0.09366179126184848
7375,7375,-0.04434195978598002
7376,7376,-0.0424963978084425
7377,7377,-0.04488081915930353
7378,7378,-0.13261151412486516
7379,7379,-0.14299128156319532
7380,7380,-0.006247601455239872
7381,7381,-0.02313341372206435
7382,7382,-0.06470161678887587
7383,7383,-0.08475359661655135
7384,7384,-0.20231967510575544
7385,7385,-0.09643295010942099
7386,7386,-0.048281374393804755
7387,7387,-0.013791484683061024
7388,7388,-0.016722266750976884
7389,7389,-0.047554369611623404
7390,7390,-0.07942794617588778
7391,7391,-0.1897314434132671
7392,7392,-0.0007469795092951703
7393,7393,-0.011159609090879319
7394,7394,-0.20866233077784457
7395,7395,-0.026741851119236278
7396,7396,-0.12119657545529572
7397,7397,-0.15366418723539266
7398,7398,-0.029323134010273227
7399,7399,-0.07327040607925131
7400,7400,-0.01622591321009173
7401,7401,-0.0022529662025436506
7402,7402,-0.04391776321182575
7403,7403,-0.0032585954614272952
7404,7404,-0.0399899665141428
7405,7405,-0.17355689087342974
7406,7406,-0.1733726652293317
7407,7407,-0.19031014705613858
7408,7408,-0.06281779749176764
7409,7409,-0.040408990281975976
7410,7410,-0.2582835383359612
7411,7411,-0.09351787966701872
7412,7412,-0.014639172013296427
7413,7413,-0.03538463416857429
7414,7414,-0.20448150565086864
7415,7415,-0.01670439271579388
7416,7416,-0.09878242754088273
7417,7417,-0.1849444957649249
7418,7418,-0.03321603636371606
7419,7419,-0.02661112624214601
7420,7420,-0.05487049801493281
7421,7421,-0.00461827803763229
7422,7422,-0.05669680240422471
7423,7423,-0.19143384620298498
7424,7424,-0.004586042001086428
7425,7425,-0.014383279082194084
7426,7426,-0.0840788307081235
7427,7427,-0.07294310010496038
7428,7428,-0.3079149259170695
7429,7429,-0.002520270421504614
7430,7430,-0.15141515810691786
7431,7431,-0.040790025470988533
7432,7432,-0.21084656119868683
7433,7433,-0.0007101959421193967
7434,7434,-0.01660434540793468
7435,7435,-0.0008141221989029679
7436,7436,-0.02098566839578153
7437,7437,-0.0363027148411654
7438,7438,-0.22452797526264945
7439,7439,-0.10857091775983
7440,7440,-0.01477557945810093
7441,7441,-0.06289938590697777
7442,7442,-0.15969911238235746
7443,7443,-0.05523356630359055
7444,7444,-0.02693931541526784
7445,7445,-0.2810306886993119
7446,7446,-0.09058580289713657
7447,7447,-0.0752128941021093
7448,7448,-0.037431905445250324
7449,7449,-0.09927026816623519
7450,7450,-0.17691481616535754
7451,7451,-0.00588250820390826
7452,7452,-0.20890833756669658
7453,7453,-0.12706121449098262
7454,7454,-0.09418451911394676
7455,7455,-0.04583658654631606
7456,7456,-0.15231415223320965
7457,7457,-0.1355190617033869
7458,7458,-0.03491606064618998
7459,7459,-0.1362963782191824
7460,7460,-0.0005724955407192017
7461,7461,-0.10805091305128878
7462,7462,-0.1046792350129282
7463,7463,-0.17128213366083606
7464,7464,-0.021809080722542534
7465,7465,-0.002479069249394429
7466,7466,-0.0325186473171806
7467,7467,-0.052844383358116476
7468,7468,-0.06586170502201234
7469,7469,-0.03877589940962356
7470,7470,-0.12653982754032933
7471,7471,-0.08360129873729827
7472,7472,-0.02771672724694399
7473,7473,-0.18655069283701375
7474,7474,-0.057364546297022034
7475,7475,-0.04810995707042176
7476,7476,-0.01570713502748647
7477,7477,-0.025707858674068135
7478,7478,-0.11928966107551675
7479,7479,-0.12036814124073913
7480,7480,-0.009751752131230007
7481,7481,-0.12932369280736822
7482,7482,-0.06772816108687307
7483,7483,-0.09820985125953044
7484,7484,-0.06106681813228765
7485,7485,-0.09172459376166897
7486,7486,-0.23477826412578118
7487,7487,-0.2610490312211631
7488,7488,-0.10593819159351903
7489,7489,-0.09161746521000283
7490,7490,-0.0055999900088988044
7491,7491,-0.17867632082622187
7492,7492,-0.003813196550278737
7493,7493,-0.021212325548613437
7494,7494,-0.018965529282960802
7495,7495,-0.05414135332082015
7496,7496,-0.09048000194575392
7497,7497,-0.036384315365696196
7498,7498,-0.09857958379524678
7499,7499,-0.07664969607936525
7500,7500,-0.09583351201885115
7501,7501,-0.13004006304138266
7502,7502,-0.1409433801134106
7503,7503,-0.05690809698169108
7504,7504,-0.09308350933832256
7505,7505,-0.03117964479192395
7506,7506,-0.02826491584443369
7507,7507,-0.03695820125536298
7508,7508,-0.010965653970125305
7509,7509,-0.05166974476271602
7510,7510,-0.0473880056662141
7511,7511,-0.09003809815175423
7512,7512,-0.0159094763886454
7513,7513,-0.08951119078938641
7514,7514,-0.04305725653335668
7515,7515,-0.016396202516368336
7516,7516,-0.04389176123147842
7517,7517,-0.14153383729307578
7518,7518,-0.028712001073671473
7519,7519,-0.008566119306353537
7520,7520,-0.11108358433494425
7521,7521,-0.03180846172618035
7522,7522,-0.09716376410485256
7523,7523,-0.043747406001563016
7524,7524,-0.033435986021715186
7525,7525,-0.1626122920250257
7526,7526,-0.02996739874245235
7527,7527,-0.10195420827076332
7528,7528,-0.08841138805210627
7529,7529,-0.04341150797246762
7530,7530,-0.022775227314784582
7531,7531,-0.052069369845301666
7532,7532,-0.04304685460580393
7533,7533,-0.11956704035915644
7534,7534,-0.0441455300887752
7535,7535,-0.0679465752884153
7536,7536,-0.10627729813851544
7537,7537,-0.09381121665064285
7538,7538,-0.13688815807433377
7539,7539,-0.07415113683211283
7540,7540,-0.10073528481135785
7541,7541,-0.01134160721107683
7542,7542,-0.11996971191058903
7543,7543,-0.024711566479571182
7544,7544,-0.22463241643194712
7545,7545,-0.11706673623330666
7546,7546,-0.08080461476753842
7547,7547,-0.09307783635340316
7548,7548,-0.007806912985681064
7549,7549,-0.0036070162635623362
7550,7550,-0.1351091311805987
7551,7551,-0.1761130905439714
7552,7552,-0.22269634756514026
7553,7553,-0.04980895222883211
7554,7554,-0.1087759864151856
7555,7555,-0.09718394673868858
7556,7556,-0.10228775581205163
7557,7557,-0.3211767078288301
7558,7558,-0.0134065101691579
7559,7559,-0.008879807064567893
7560,7560,-0.015204533518928153
7561,7561,-0.0013251620783642382
7562,7562,-0.12729273148169964
7563,7563,-0.1345888227559784
7564,7564,-0.2901116937756587
7565,7565,-0.02506751955283648
7566,7566,-0.07105526637713269
7567,7567,-0.04833593098793679
7568,7568,-0.15006295335529807
7569,7569,-0.0011229009900217348
7570,7570,-0.05993960974341864
7571,7571,-0.09960305117766843
7572,7572,-0.08080123394022998
7573,7573,-0.06309361290802862
7574,7574,-0.09361387464961368
7575,7575,-0.11699653843962388
7576,7576,-0.06553830903519009
7577,7577,-0.02176005322637009
7578,7578,-0.12497468326822503
7579,7579,-0.17795866330950227
7580,7580,-0.017477191937834827
7581,7581,-0.0636013223135371
7582,7582,-0.27444129344976353
7583,7583,-0.08987397999539326
7584,7584,-0.0971539353750526
7585,7585,-0.0993599676660204
7586,7586,-0.06719072339493837
7587,7587,-0.022261140316028993
7588,7588,-0.08440093894682876
7589,7589,-0.029813411500068318
7590,7590,-0.058064094020560675
7591,7591,-0.07971259440055134
7592,7592,-0.16587443501752397
7593,7593,-0.026174711503486076
7594,7594,-0.30887653458779774
7595,7595,-0.10332242014962967
7596,7596,-0.06838361549488584
7597,7597,-0.07044490790416535
7598,7598,-0.10335571749930006
7599,7599,-0.006142493618495198
7600,7600,-0.11541705449005282
7601,7601,-0.2842183853920961
7602,7602,-0.1760532694864302
7603,7603,-0.1307167916168327
7604,7604,-0.028804363420730117
7605,7605,-0.31996255284539854
7606,7606,-0.23582248135876016
7607,7607,-0.02500329120681989
7608,7608,-0.01529985279416924
7609,7609,-0.06787209860119303
7610,7610,-0.06889798875314712
7611,7611,-0.0694878785698343
7612,7612,-0.3387479788837684
7613,7613,-0.10841245439564606
7614,7614,-0.1398260715585775
7615,7615,-0.1934270621511001
7616,7616,-0.025278082294567406
7617,7617,-0.0604840054566087
7618,7618,-0.23767010804223831
7619,7619,-0.035211548425681305
7620,7620,-0.061625565502156504
7621,7621,-0.4706924846688967
7622,7622,-0.1126838912640622
7623,7623,-0.13741598954303946
7624,7624,-0.02167070524839554
7625,7625,-0.08145872461813142
7626,7626,-0.03630766626453341
7627,7627,-0.1261551254117654
7628,7628,-0.02028061579127008
7629,7629,-0.14554176115556716
7630,7630,-0.2554609789848379
7631,7631,-0.017925632957219606
7632,7632,-0.0412846818382967
7633,7633,-0.20002133765390243
7634,7634,-0.0703967940192497
7635,7635,-0.03673896815839142
7636,7636,-0.06590293633234845
7637,7637,-0.09904328421405895
7638,7638,-0.1564305720681336
7639,7639,-0.04875795467652465
7640,7640,-0.0017216789670005533
7641,7641,-0.12450231085006058
7642,7642,-0.008506155077240153
7643,7643,-0.003996453964856762
7644,7644,-0.019063166967866363
7645,7645,-0.08938942104412106
7646,7646,-0.06524046716785614
7647,7647,-0.11959916298567919
7648,7648,-0.0007857040487230377
7649,7649,-0.002118053811067432
7650,7650,-0.031568786514065764
7651,7651,-0.08219272325826713
7652,7652,-0.0016908572668112506
7653,7653,-0.014852011572749763
7654,7654,-0.15383312243654368
7655,7655,-0.06407222348039543
7656,7656,-0.019628403788248705
7657,7657,-0.001129251439533803
7658,7658,-0.21044230491448213
7659,7659,-0.08317955285082279
7660,7660,-0.02713189354446366
7661,7661,-0.13712911012200557
7662,7662,-0.1818065744702742
7663,7663,-0.08419609059948385
7664,7664,-0.09966347092631692
7665,7665,-0.11146927087754444
7666,7666,-0.008301584030287412
7667,7667,-0.0586197504766868
7668,7668,-0.1040325120147334
7669,7669,-0.007714935282756491
7670,7670,-0.0709356088441995
7671,7671,-0.08778136404736259
7672,7672,-0.15706001343419773
7673,7673,-0.14320239447542438
7674,7674,-0.013227866369261975
7675,7675,-0.08384167096931006
7676,7676,-0.04597734506040858
7677,7677,-0.14957772940365904
7678,7678,-0.04025471352787216
7679,7679,-0.026603218849326926
7680,7680,-0.0399100190113999
7681,7681,-0.11487030660830458
7682,7682,-0.06858450201445511
7683,7683,-0.1516903706699858
7684,7684,-0.008660436825626623
7685,7685,-0.05954648522046746
7686,7686,-0.0620211467355602
7687,7687,-0.09510481915763258
7688,7688,-0.24716425501004835
7689,7689,-0.006859664722570283
7690,7690,-0.057785632638104545
7691,7691,-0.2800619681185395
7692,7692,-0.1312823142851932
7693,7693,-0.07120409990754872
7694,7694,-0.48951167073352053
7695,7695,-0.09916419536105947
7696,7696,-0.2535781889268449
7697,7697,-0.04851235337891169
7698,7698,-0.18766150052314723
7699,7699,-0.0013999597329366134
7700,7700,-0.01535000056124547
7701,7701,-0.033980203876269995
7702,7702,-0.14166662292477827
7703,7703,-0.0022605258990065005
7704,7704,-0.3033755506259893
7705,7705,-0.026466160808724798
7706,7706,-0.10375319386953674
7707,7707,-0.10291812080121165
7708,7708,-0.09771453903438324
7709,7709,-0.07782247058932537
7710,7710,-0.01311857352277069
7711,7711,-0.0015894207183064805
7712,7712,-0.03173361246743259
7713,7713,-0.32274464387774415
7714,7714,-0.08219777796068728
7715,7715,-0.17540190224361263
7716,7716,-0.0379646646304469
7717,7717,-0.10149349029658661
7718,7718,-0.05867847548428895
7719,7719,-0.2071228113349638
7720,7720,-0.04158324531735336
7721,7721,-0.12889574252885172
7722,7722,-0.08454138679721063
7723,7723,-0.07714652178505291
7724,7724,-0.04446538928217081
7725,7725,-0.013734031549562098
7726,7726,-0.08863791284269462
7727,7727,-0.024323067761449213
7728,7728,-0.020963761076093768
7729,7729,-0.15484044109522443
7730,7730,-0.20819364209210933
7731,7731,-0.1819930564721517
7732,7732,-0.031057892767980794
7733,7733,-0.10387126395631663
7734,7734,-0.03383212834665075
7735,7735,-0.04467507888921196
7736,7736,-0.08368011622836535
7737,7737,-0.07711467363721003
7738,7738,-0.047461663544842825
7739,7739,-0.02856180393521035
7740,7740,-0.09991867923275655
7741,7741,-0.006082981107380286
7742,7742,-0.03251261379696427
7743,7743,-0.02603709979362668
7744,7744,-0.030703534563827017
7745,7745,-0.05391172958107404
7746,7746,-0.23884412770084795
7747,7747,-0.00900355953694846
7748,7748,-0.06541807462709237
7749,7749,-0.053885414352665695
7750,7750,-0.0364461881686895
7751,7751,-0.02086852625625249
7752,7752,-0.1686970697084026
7753,7753,-0.029135412024829055
7754,7754,-0.04410825586442438
7755,7755,-0.041721855392284124
7756,7756,-0.31108969283015186
7757,7757,-0.03226026191853759
7758,7758,-0.0023924554899987
7759,7759,-0.005014881132267536
7760,7760,-0.018133243265940485
7761,7761,-0.3209231508246493
7762,7762,-0.05656379968558556
7763,7763,-0.029756632238795433
7764,7764,-0.06878949935982981
7765,7765,-0.2064189396290389
7766,7766,-0.054233998759782076
7767,7767,-0.0705710690821382
7768,7768,-0.019341130927861744
7769,7769,-0.16256598266704447
7770,7770,-0.025038304159698765
7771,7771,-0.010761489538304247
7772,7772,-0.15900266143442832
7773,7773,-0.012754493835775765
7774,7774,-0.12167795140917692
7775,7775,-0.04840793746308039
7776,7776,-0.29633396749069796
7777,7777,-0.0710102141363862
7778,7778,-0.17803727049525353
7779,7779,-0.06807344345023059
7780,7780,-0.46976942769669405
7781,7781,-0.09390645943101283
7782,7782,-0.13218334721738645
7783,7783,-0.02368183326834583
7784,7784,-0.030285476451136994
7785,7785,-0.10491108744289568
7786,7786,-0.12331600131550913
7787,7787,-0.012777036430130236
7788,7788,-0.10425336634000404
7789,7789,-0.024004739661378532
7790,7790,-0.10809316225905974
7791,7791,-0.03733663661647957
7792,7792,-0.1674075848458979
7793,7793,-0.2311947894291838
7794,7794,-0.005065526657343196
7795,7795,-0.008333211458154716
7796,7796,-0.04538734820670742
7797,7797,-0.3915070132092513
7798,7798,-0.15242877014004508
7799,7799,-0.09388704402812653
7800,7800,-0.12673358555352968
7801,7801,-0.011462034905821428
7802,7802,-0.1195044448553434
7803,7803,-0.35505993130077407
7804,7804,-0.005698132620777813
7805,7805,-0.052627735939875415
7806,7806,-0.002980730642723556
7807,7807,-0.16646770348161488
7808,7808,-0.11871398124993959
7809,7809,-0.26796224414843595
7810,7810,-0.02935460538847648
7811,7811,-0.21767830434436775
7812,7812,-0.12064593474253593
7813,7813,-0.2393465872182543
7814,7814,-0.032419174308691706
7815,7815,-0.0031015046768521418
7816,7816,-0.0017398538428391522
7817,7817,-0.09860991340708924
7818,7818,-0.0005571711416042461
7819,7819,-0.07587001981306685
7820,7820,-0.05108010001572838
7821,7821,-0.1225344329838195
7822,7822,-0.07443829579550298
7823,7823,-0.17021840214158468
7824,7824,-0.03317925309456718
7825,7825,-0.07687983574671486
7826,7826,-0.007768561198074481
7827,7827,-0.012061734139378416
7828,7828,-0.14279839854081378
7829,7829,-0.24307513323535135
7830,7830,-0.06987492298759612
7831,7831,-0.4152683634828529
7832,7832,-0.049875953687270186
7833,7833,-0.010854389440638545
7834,7834,-0.023790463261661565
7835,7835,-0.0906503445448209
7836,7836,-0.09120066350931655
7837,7837,-0.0030586984372948933
7838,7838,-0.04650652571467451
7839,7839,-0.08420501063730967
7840,7840,-0.23299790473776882
7841,7841,-0.06472182368835355
7842,7842,-0.06732831617148394
7843,7843,-0.1332432143479938
7844,7844,-0.40021724600212316
7845,7845,-0.021268048308253018
7846,7846,-0.06281552785365152
7847,7847,-0.028891633335425104
7848,7848,-0.18058621925837237
7849,7849,-0.06594014380514235
7850,7850,-0.006139729845604097
7851,7851,-0.177773155709142
7852,7852,-0.10749770205271236
7853,7853,-0.02059246228550818
7854,7854,-0.1258202906320034
7855,7855,-0.19126426549810915
7856,7856,-0.03902577395991902
7857,7857,-0.04068992694125895
7858,7858,-0.14525692765705145
7859,7859,-0.10926163705529124
7860,7860,-0.1503003296531907
7861,7861,-0.2722395963090969
7862,7862,-0.07286290514583715
7863,7863,-0.021079503662974952
7864,7864,-0.0019192331500844967
7865,7865,-0.00018357753904404321
7866,7866,-0.06063350653044067
7867,7867,-0.029265386023952122
7868,7868,-0.05615972423121918
7869,7869,-0.20309469017154314
7870,7870,-0.02200952671190584
7871,7871,-0.11576966855083715
7872,7872,-0.03961249983214654
7873,7873,-0.018937398063163198
7874,7874,-0.03601480753712427
7875,7875,-0.06163757644677813
7876,7876,-0.10692214111172771
7877,7877,-0.009362832950329136
7878,7878,-0.23146064425132462
7879,7879,-0.0757472253590632
7880,7880,-0.0009494207050912088
7881,7881,-0.27575332090536975
7882,7882,-0.11126916402925213
7883,7883,-0.051256990725019325
7884,7884,-0.03369581773967692
7885,7885,-0.12555064794560522
7886,7886,-0.21464914870833596
7887,7887,-0.042677542938231734
7888,7888,-0.05836617087533513
7889,7889,-0.046284126691862694
7890,7890,-0.0749690467979961
7891,7891,-0.16219401210222195
7892,7892,-0.10903226101136324
7893,7893,-0.004312925744185299
7894,7894,-0.010954775258084
7895,7895,-0.33665419311258127
7896,7896,-0.03249485291732426
7897,7897,-0.030959949815563825
7898,7898,-0.11469045238799158
7899,7899,-0.08111378552146853
7900,7900,-0.21717321275738802
7901,7901,-0.09859622290668713
7902,7902,-0.28347591228590985
7903,7903,-0.014943561752993606
7904,7904,-0.20043619696267456
7905,7905,-0.150243267187939
7906,7906,-0.013251217100722863
7907,7907,-0.10271501687680096
7908,7908,-0.039975690263144854
7909,7909,-0.05391217977153077
7910,7910,-0.12915667748305773
7911,7911,-0.03289946634169105
7912,7912,-0.028794309743127494
7913,7913,-0.2252295850498709
7914,7914,-0.03924212621898404
7915,7915,-0.22257246998837132
7916,7916,-0.00427127091039603
7917,7917,-0.05934375360543934
7918,7918,-0.026409471949821267
7919,7919,-0.08401858298278467
7920,7920,-0.06011346845825985
7921,7921,-0.08704644193038805
7922,7922,-0.2284159697417465
7923,7923,-0.07470197835502929
7924,7924,-0.30649602475270266
7925,7925,-0.03147332379403081
7926,7926,-0.0025338290534534028
7927,7927,-0.09645563238647847
7928,7928,-0.11294010760646822
7929,7929,-0.0030388891755050787
7930,7930,-0.007931196425695619
7931,7931,-0.14877090992674813
7932,7932,-0.022453419551601024
7933,7933,-0.011732679525257446
7934,7934,-0.019666894613559145
7935,7935,-0.2765864719328218
7936,7936,-0.160802988003097
7937,7937,-0.32988672172980893
7938,7938,-0.03478598587318571
7939,7939,-0.0070514052626062685
7940,7940,-0.008419895043583897
7941,7941,-0.23411698488671523
7942,7942,-0.09954112031255358
7943,7943,-0.05854337011924404
7944,7944,-0.10028535271022365
7945,7945,-0.011911392050477004
7946,7946,-0.1671132223151135
7947,7947,-0.0018887165644158616
7948,7948,-0.03500095277411408
7949,7949,-0.040740530782470974
7950,7950,-0.20129810932023107
7951,7951,-0.25622338397739464
7952,7952,-0.24129660287057542
7953,7953,-0.02826925630853172
7954,7954,-0.025204451895978225
7955,7955,-0.06503863845758184
7956,7956,-0.013369777015480033
7957,7957,-0.09875210148016622
7958,7958,-0.07286253080901028
7959,7959,-0.10900026632476001
7960,7960,-0.07842072849873027
7961,7961,-0.07779719533435214
7962,7962,-0.018709172329361673
7963,7963,-0.12089390312604253
7964,7964,-0.13039096710584674
7965,7965,-0.0009544794173029056
7966,7966,-0.09432073550930165
7967,7967,-0.08664170777572824
7968,7968,-0.28527467602238865
7969,7969,-0.004218348668716752
7970,7970,-0.011626460158136622
7971,7971,-0.019011645521168977
7972,7972,-0.07341229630395141
7973,7973,-0.00355405373985402
7974,7974,-0.1996011081442739
7975,7975,-0.11885399943021469
7976,7976,-0.0475012506041429
7977,7977,-0.03341556421572367
7978,7978,-0.13190187619343663
7979,7979,-0.05756138794229604
7980,7980,-0.17587624663729595
7981,7981,-0.01760722543639806
7982,7982,-0.011024854878395912
7983,7983,-0.003903171801309037
7984,7984,-0.024077221831895312
7985,7985,-0.19923837675142853
7986,7986,-0.02814051098456405
7987,7987,-0.022599749350753928
7988,7988,-0.071379207987457
7989,7989,-0.04056778031155773
7990,7990,-0.21098434542225
7991,7991,-0.05239449600932929
7992,7992,-0.29520515252716883
7993,7993,-0.004178863612870636
7994,7994,-0.18257575031859874
7995,7995,-0.03049458987585929
7996,7996,-0.05052166484814727
7997,7997,-0.1599025785005006
7998,7998,-0.12395574638562945
7999,7999,-0.15395685445094023
8000,8000,-0.1930590631333048
8001,8001,-0.11347709487236701
8002,8002,-0.0156286648518891
8003,8003,-0.03552012054140086
8004,8004,-0.0814973117262523
8005,8005,-0.5554213604312341
8006,8006,-0.03198757878927519
8007,8007,-0.0055185046821424845
8008,8008,-0.014827705840236766
8009,8009,-0.047216366013776497
8010,8010,-0.01487622504424968
8011,8011,-0.006469137922355178
8012,8012,-0.1020817443737615
8013,8013,-0.15747134618674474
8014,8014,-0.1721181648390968
8015,8015,-0.00848124768003336
8016,8016,-0.3311220387824694
8017,8017,-0.06206787933954072
8018,8018,-0.12752433189715184
8019,8019,-0.008534967815263337
8020,8020,-0.15458786240633196
8021,8021,-0.015631310286898903
8022,8022,-0.03973159949272976
8023,8023,-0.05274110861629228
8024,8024,-0.03764043067516554
8025,8025,-0.09084079576824833
8026,8026,-0.057007327148488135
8027,8027,-0.0030150437865236433
8028,8028,-0.18291555293740894
8029,8029,-0.0867081280366816
8030,8030,-0.02329387082781853
8031,8031,-0.025531266424130644
8032,8032,-0.08499498470912847
8033,8033,-0.034258449766572135
8034,8034,-0.2118407616900897
8035,8035,-0.024893888751095064
8036,8036,-0.022444006411421774
8037,8037,-0.2657106144468947
8038,8038,-0.08279123753853845
8039,8039,-0.009399535165898828
8040,8040,-0.032854418177635236
8041,8041,-0.004127034689697141
8042,8042,-0.030284995067841658
8043,8043,-0.08213647748444775
8044,8044,-0.010197207611371724
8045,8045,-0.19837064228311274
8046,8046,-0.24217514224223535
8047,8047,-0.07460707128727428
8048,8048,-0.04463972757430712
8049,8049,-0.031207828692447377
8050,8050,-0.13946922476479218
8051,8051,-0.021494925779590668
8052,8052,-0.18608558110277906
8053,8053,-0.033052304935766164
8054,8054,-0.058557065270883335
8055,8055,-0.22531482040115425
8056,8056,-0.08415526445499089
8057,8057,-0.07408814146705758
8058,8058,-0.05884741692827555
8059,8059,-0.1116521683458167
8060,8060,-0.02746215731037227
8061,8061,-0.04362466228913764
8062,8062,-0.034428993040994116
8063,8063,-0.08982451931436986
8064,8064,-0.002838837780684507
8065,8065,-0.01091640496760729
8066,8066,-0.004864308563723024
8067,8067,-0.062206878418879286
8068,8068,-0.028636049442461793
8069,8069,-0.02777477665201511
8070,8070,-0.21047362460525143
8071,8071,-0.04466091787033504
8072,8072,-0.1593735505392435
8073,8073,-0.0731746429394724
8074,8074,-0.033251307078614595
8075,8075,-0.028684230415780942
8076,8076,-0.03920558538205571
8077,8077,-0.23332875800353037
8078,8078,-0.3120628215250757
8079,8079,-0.026524711557707886
8080,8080,-0.007801829044472729
8081,8081,-0.054038825922118755
8082,8082,-0.3171283153532003
8083,8083,-0.16482770717317685
8084,8084,-0.01601806230425546
8085,8085,-0.004929690427051547
8086,8086,-0.06249267066260389
8087,8087,-0.16140236268700336
8088,8088,-0.019145620339687586
8089,8089,-0.24998672095844754
8090,8090,-0.14695551468361723
8091,8091,-0.07566450175993167
8092,8092,-0.039605971574187326
8093,8093,-0.05785684423465842
8094,8094,-0.0022353257181878528
8095,8095,-0.02831168877375581
8096,8096,-0.037709019109048336
8097,8097,-0.13802881792947652
8098,8098,-0.0272780063705044
8099,8099,-0.09910404108431736
8100,8100,-0.01037787719385666
8101,8101,-0.023614276841133985
8102,8102,-0.12094463565443281
8103,8103,-0.048947798184472036
8104,8104,-0.013497929821213117
8105,8105,-0.02293060035479067
8106,8106,-0.07382644165529506
8107,8107,-0.11257848604795884
8108,8108,-0.07364675910422021
8109,8109,-0.0266172222601343
8110,8110,-0.07024278653550642
8111,8111,-0.15624601698204643
8112,8112,-0.07267117916471832
8113,8113,-0.11200735254318739
8114,8114,-0.10636116780577132
8115,8115,-0.05056832394744107
8116,8116,-0.09605625062368095
8117,8117,-0.015067372829892373
8118,8118,-0.049779540426452225
8119,8119,-0.023668348986039867
8120,8120,-0.30408448390860565
8121,8121,-0.05803041924158761
8122,8122,-0.03664959421657743
8123,8123,-0.027133935807322603
8124,8124,-0.014711444603281458
8125,8125,-0.09602152155685006
8126,8126,-0.0868208103801793
8127,8127,-0.09256605231440643
8128,8128,-0.017494023331286912
8129,8129,-0.07454219190243297
8130,8130,-0.2357115759729576
8131,8131,-0.021795034336730468
8132,8132,-0.03895118297830291
8133,8133,-0.28736590689942476
8134,8134,-0.05229390817153237
8135,8135,-0.004308142868035382
8136,8136,-0.06668618022070527
8137,8137,-0.10189678500617838
8138,8138,-0.13103199125069764
8139,8139,-0.3243054500076603
8140,8140,-0.15030493939644496
8141,8141,-0.031027404054066926
8142,8142,-0.057039582294795554
8143,8143,-0.011749329046433395
8144,8144,-0.01440915715158929
8145,8145,-0.09416034538646134
8146,8146,-0.1069255886692102
8147,8147,-0.06561474852996951
8148,8148,-0.14926763304643353
8149,8149,-0.03564965866675741
8150,8150,-0.15920831690736037
8151,8151,-0.03892125774487658
8152,8152,-0.017890311552919202
8153,8153,-0.08313887262177014
8154,8154,-0.11414072499392036
8155,8155,-0.0366655077560081
8156,8156,-0.01904539747998535
8157,8157,-0.08504478789138092
8158,8158,-0.09604789148514092
8159,8159,-0.020513363207990687
8160,8160,-0.10623775175439631
8161,8161,-0.04148952593721611
8162,8162,-0.03273401894162753
8163,8163,-0.10806858123258503
8164,8164,-0.05283532854305728
8165,8165,-0.014909067557595678
8166,8166,-0.17577201704009093
8167,8167,-0.03819274281655283
8168,8168,-0.08144755642732876
8169,8169,-0.22676799324466979
8170,8170,-0.11670710773151294
8171,8171,-0.002744422529176449
8172,8172,-0.1469435619867241
8173,8173,-0.23110078987209848
8174,8174,-0.1285303940760705
8175,8175,-0.11022310266563551
8176,8176,-0.05613867000011874
8177,8177,-0.10050677666124497
8178,8178,-0.05884467714995012
8179,8179,-0.029793058673325885
8180,8180,-0.04272573736355291
8181,8181,-0.09623703359341551
8182,8182,-0.012385413215274754
8183,8183,-0.187726982708746
8184,8184,-0.2033496868366229
8185,8185,-0.27833518831539594
8186,8186,-0.04414504017450094
8187,8187,-0.19891959212757648
8188,8188,-0.20781713905900467
8189,8189,-0.039950890443293474
8190,8190,-0.12205054220456868
8191,8191,-0.09458182748742161
8192,8192,-0.05815232350796029
8193,8193,-0.058551160396228874
8194,8194,-0.030900382347748195
8195,8195,-0.02498272684035574
8196,8196,-0.04110661693726061
8197,8197,-0.02302037823349734
8198,8198,-0.017064894259763763
8199,8199,-0.0687413332087903
8200,8200,-0.15555225717425286
8201,8201,-0.05535670375225621
8202,8202,-0.21377063367883098
8203,8203,-0.04156818708057142
8204,8204,-0.03481949705678376
8205,8205,-0.14393601978526255
8206,8206,-0.024961320484946814
8207,8207,-0.08997606205838163
8208,8208,-0.033150387633738676
8209,8209,-0.06526914991192223
8210,8210,-0.011744261898513852
8211,8211,-0.014977645011182733
8212,8212,-0.13086799560940554
8213,8213,-0.1494234933723756
8214,8214,-0.007580729442769808
8215,8215,-0.1254360546232549
8216,8216,-0.044155416666787524
8217,8217,-0.01562248364157751
8218,8218,-0.07807552898857138
8219,8219,-0.008804374387937637
8220,8220,-0.08356671962279238
8221,8221,-0.12617071559962548
8222,8222,-0.0078723389090333
8223,8223,-0.0844368230517412
8224,8224,-0.005369095286083788
8225,8225,-0.07672006904307654
8226,8226,-0.013175756623706514
8227,8227,-0.08208822743836885
8228,8228,-0.039319681683047676
8229,8229,-0.050599803523839304
8230,8230,-0.06166052391101928
8231,8231,-0.00538479857537414
8232,8232,-0.04072747555229572
8233,8233,-0.12760363839618094
8234,8234,-0.06920388367367147
8235,8235,-0.08987196655664542
8236,8236,-0.09895393049592771
8237,8237,-0.11510727333226634
8238,8238,-0.08262904004136518
8239,8239,-0.0573254184801118
8240,8240,-0.04715625027844805
8241,8241,-0.16097906124060402
8242,8242,-0.034438309400597805
8243,8243,-0.1614815713038703
8244,8244,-0.0004908467355557739
8245,8245,-0.12086794930758282
8246,8246,-0.0369935809764983
8247,8247,-0.11793926930759868
8248,8248,-0.08538502629608774
8249,8249,-0.04961588026344613
8250,8250,-0.08117661416650046
8251,8251,-0.09504899110776954
8252,8252,-0.07587547282370366
8253,8253,-0.04444395563230777
8254,8254,-0.011409413384861762
8255,8255,-0.007044156499382011
8256,8256,-0.015017384998541883
8257,8257,-0.029530433528087596
8258,8258,-0.04415859051463855
8259,8259,-0.08967189828931021
8260,8260,-0.02001691799064023
8261,8261,-0.03711500748784691
8262,8262,-0.006956955144322485
8263,8263,-0.13927002305646197
8264,8264,-0.09131826963960624
8265,8265,-0.042272623929033665
8266,8266,-0.3827539704162781
8267,8267,-0.0043530316141007774
8268,8268,-0.028758006191242913
8269,8269,-0.031268280772292045
8270,8270,-0.06267596303337308
8271,8271,-0.2216187158093934
8272,8272,-0.1417963543049644
8273,8273,-0.049777675605288785
8274,8274,-0.03789904137867528
8275,8275,-0.035114865068177625
8276,8276,-0.13475783787529727
8277,8277,-0.07690669891715318
8278,8278,-0.03648349100132808
8279,8279,-0.15978885336204351
8280,8280,-0.19742229116820775
8281,8281,-0.10853002499843889
8282,8282,-0.05909386950930884
8283,8283,-0.06604837270142438
8284,8284,-0.17314687646111596
8285,8285,-0.13550978910917744
8286,8286,-0.06314613400693336
8287,8287,-0.0011007767252818948
8288,8288,-0.013613209438528284
8289,8289,-0.08031120082073555
8290,8290,-0.10509661188048414
8291,8291,-0.017782698981050234
8292,8292,-0.07090647073622247
8293,8293,-0.010271380282190351
8294,8294,-0.10880273259858123
8295,8295,-0.01256947453850199
8296,8296,-0.04789674600859728
8297,8297,-0.12804656498327838
8298,8298,-0.07677153186920427
8299,8299,-0.04039785054845102
8300,8300,-0.03301853509287833
8301,8301,-0.027522765117275055
8302,8302,-0.01874568222554951
8303,8303,-0.013239414372087782
8304,8304,-0.13808676031310174
8305,8305,-0.09650381096107141
8306,8306,-0.10192843871178958
8307,8307,-0.03780616529930869
8308,8308,-0.18731035481087904
8309,8309,-0.009126256376788489
8310,8310,-0.005911880357639433
8311,8311,-0.002964079578080996
8312,8312,-0.16873233966487267
8313,8313,-0.07452891095493193
8314,8314,-0.03333562423700642
8315,8315,-0.2645145981327208
8316,8316,-0.2203886780755835
8317,8317,-0.10401376789987404
8318,8318,-0.25483829307428296
8319,8319,-0.04056350506410025
8320,8320,-0.016358590182949967
8321,8321,-0.09113775454104689
8322,8322,-0.02721639422417932
8323,8323,-0.20109370280504202
8324,8324,-0.014644411898349419
8325,8325,-0.12667304137731472
8326,8326,-0.009970985646725779
8327,8327,-0.05764649210618167
8328,8328,-0.13112512333197035
8329,8329,-0.24605847202704467
8330,8330,-0.07731175696900738
8331,8331,-0.004286677742916058
8332,8332,-0.12096448817619329
8333,8333,-0.17688152745397412
8334,8334,-0.04721554473879192
8335,8335,-0.05255038674364887
8336,8336,-0.1710425546275454
8337,8337,-0.049206215537198617
8338,8338,-0.05347085617031877
8339,8339,-0.018085122974982798
8340,8340,-0.16175156040591815
8341,8341,-0.10329274035770386
8342,8342,-0.2037823958265257
8343,8343,-0.0960408248474699
8344,8344,-0.00201382179969808
8345,8345,-0.04193653222604041
8346,8346,-0.12536062639204637
8347,8347,-0.01633092702782238
8348,8348,-0.20771861828308147
8349,8349,-0.24440053807429152
8350,8350,-0.19502503248747347
8351,8351,-0.008265038785917916
8352,8352,-0.1394686789300562
8353,8353,-0.0055269641478346634
8354,8354,-0.056938870884805426
8355,8355,-0.009483530727418144
8356,8356,-0.05602823247925237
8357,8357,-0.10690581195899718
8358,8358,-0.29592151839800707
8359,8359,-0.01984772472755872
8360,8360,-0.05636911728540331
8361,8361,-0.09838471118413894
8362,8362,-0.12656143215411597
8363,8363,-0.16489011370316797
8364,8364,-0.09862471921825933
8365,8365,-0.14652623185192198
8366,8366,-0.1642131924448962
8367,8367,-0.14130099811624053
8368,8368,-0.18080961436822485
8369,8369,-0.03993012985886045
8370,8370,-0.006417851588067791
8371,8371,-0.02050740095283346
8372,8372,-0.037480302106551316
8373,8373,-0.20694413412751794
8374,8374,-0.08449870885533264
8375,8375,-0.0010709258614290274
8376,8376,-0.04475753017671469
8377,8377,-0.14024747104129837
8378,8378,-0.00937240529793454
8379,8379,-0.010150160197627489
8380,8380,-0.020112244087411506
8381,8381,-0.04966661299833233
8382,8382,-0.06671481445745522
8383,8383,-0.05179146973678986
8384,8384,-0.05974841275748333
8385,8385,-0.14673959274022874
8386,8386,-0.12471665891328332
8387,8387,-0.06157747472952713
8388,8388,-0.21650964323784383
8389,8389,-0.006251742401713917
8390,8390,-0.0029438880343160556
8391,8391,-0.1792285480641348
8392,8392,-0.03924315382474059
8393,8393,-0.09103042283570817
8394,8394,-0.011702774942374157
8395,8395,-0.050782179086119705
8396,8396,-0.03618634809012928
8397,8397,-0.10075988017840667
8398,8398,-0.048572240855313115
8399,8399,-0.07307209411023985
8400,8400,-0.15101669555151043
8401,8401,-0.2034821784221652
8402,8402,-0.27595059131716093
8403,8403,-0.004425522919815746
8404,8404,-0.017525606750810503
8405,8405,-0.09676955450300873
8406,8406,-0.007445407120457086
8407,8407,-0.02131435504434187
8408,8408,-0.027904075904811032
8409,8409,-0.04185117796522356
8410,8410,-0.031524043834601834
8411,8411,-0.021175842808891066
8412,8412,-0.0028490832900607277
8413,8413,-0.007348409708835359
8414,8414,-0.03225941240600305
8415,8415,-0.030064625218018226
8416,8416,-0.055370972206161856
8417,8417,-0.00926393519737248
8418,8418,-0.13133657675414456
8419,8419,-0.014427923956323481
8420,8420,-0.08562739068072078
8421,8421,-0.09917248808627699
8422,8422,-0.027888984415039286
8423,8423,-0.014283172710820365
8424,8424,-0.0393798833492669
8425,8425,-0.21923317928039587
8426,8426,-0.028815779487737836
8427,8427,-0.2938928331556401
8428,8428,-0.0003402604722096223
8429,8429,-0.03262855708187809
8430,8430,-0.4545226431347249
8431,8431,-0.25183060490184783
8432,8432,-0.23737234065195567
8433,8433,-0.054903503408889345
8434,8434,-0.07508147962401646
8435,8435,-0.44350154790201834
8436,8436,-0.17923091114332879
8437,8437,-0.0024533391393674955
8438,8438,-0.04020017402107263
8439,8439,-0.1891915608585909
8440,8440,-0.08827183871108268
8441,8441,-0.15479422061151837
8442,8442,-0.07209950252133668
8443,8443,-0.07491102231902247
8444,8444,-0.34632230989026747
8445,8445,-0.09140617911339044
8446,8446,-0.14713013775762196
8447,8447,-0.016466181384279893
8448,8448,-0.17853394564367342
8449,8449,-0.11436658002150768
8450,8450,-0.25471043217587996
8451,8451,-0.007346985096960983
8452,8452,-0.06606688481247902
8453,8453,-0.06014831111298824
8454,8454,-0.046085737552586936
8455,8455,-0.028468372728574415
8456,8456,-0.032394998080118365
8457,8457,-0.12945713266444203
8458,8458,-0.27343477260801174
8459,8459,-0.007023762032933771
8460,8460,-0.031125479004690787
8461,8461,-0.038990885388159785
8462,8462,-0.06470501124806027
8463,8463,-0.03849704304792718
8464,8464,-0.06712314041572959
8465,8465,-0.14810225341266348
8466,8466,-0.04566941408696204
8467,8467,-0.07128240741731773
8468,8468,-0.0015130373115302968
8469,8469,-0.03312872010673221
8470,8470,-0.0862135500463923
8471,8471,-0.04135240892162717
8472,8472,-0.031091461379303298
8473,8473,-0.09744270745648409
8474,8474,-0.12623508235371705
8475,8475,-0.2821240431658527
8476,8476,-0.0601334712882835
8477,8477,-0.02559809192870502
8478,8478,-0.15748884789541906
8479,8479,-0.09760583359445896
8480,8480,-0.012630059141982675
8481,8481,-0.05031187740340493
8482,8482,-0.014969826164500627
8483,8483,-0.07430808010372347
8484,8484,-0.08568284997148012
8485,8485,-0.12258456058883116
8486,8486,-0.03955120520554978
8487,8487,-0.1853815857725185
8488,8488,-0.1332380781384921
8489,8489,-0.34145413312562667
8490,8490,-0.006373167387031781
8491,8491,-0.0854061952837104
8492,8492,-0.1227834282077489
8493,8493,-0.13877246665340634
8494,8494,-0.22240264366033102
8495,8495,-0.1187570969551458
8496,8496,-0.06854380573431629
8497,8497,-0.12632867276156334
8498,8498,-0.1402809879725866
8499,8499,-0.02719104173888645
8500,8500,-0.03540077480893855
8501,8501,-0.10418132137417935
8502,8502,-0.08616865391224174
8503,8503,-0.06485026995161469
8504,8504,-0.09712810892375678
8505,8505,-0.024903554752359267
8506,8506,-0.11309516334244396
8507,8507,-0.12322124016850522
8508,8508,-0.24837177138502087
8509,8509,-0.07229836760833408
8510,8510,-0.061562494313392
8511,8511,-0.07216240108343908
8512,8512,-0.07369358353868655
8513,8513,-0.08659960509219111
8514,8514,-0.09507437490379944
8515,8515,-0.16061348160087452
8516,8516,-0.012045966593835722
8517,8517,-0.014195485664763585
8518,8518,-0.04968050346952291
8519,8519,-0.0407783356528677
8520,8520,-0.058416248904201
8521,8521,-0.34230462554715047
8522,8522,-0.05574465044161914
8523,8523,-0.09941856072119393
8524,8524,-0.07923564326115498
8525,8525,-0.017305545950572765
8526,8526,-0.02666991289513032
8527,8527,-0.1817926319005605
8528,8528,-0.035869356770855676
8529,8529,-0.03637864378387752
8530,8530,-0.057222054652733
8531,8531,-0.12196184556451783
8532,8532,-0.07355757640508565
8533,8533,-0.027445832077128307
8534,8534,-0.12383035678172061
8535,8535,-0.002231890380345561
8536,8536,-0.13077618410567604
8537,8537,-0.026107071585440345
8538,8538,-0.026919426577326044
8539,8539,-0.11753200558451482
8540,8540,-0.2676338164483689
8541,8541,-0.14396773901902354
8542,8542,-0.009064343514325057
8543,8543,-0.009868688101657447
8544,8544,-0.05317734651612682
8545,8545,-0.015946333078754482
8546,8546,-0.034425448401089805
8547,8547,-0.3588861405786048
8548,8548,-0.21725076736282212
8549,8549,-0.025557642842351576
8550,8550,-0.13128283155842135
8551,8551,-0.03897415856703491
8552,8552,-0.1402943512700312
8553,8553,-0.2755943288944539
8554,8554,-0.10542098093688834
8555,8555,-0.0597270702419366
8556,8556,-0.10226970961381499
8557,8557,-0.16668623034788554
8558,8558,-0.06953682276534659
8559,8559,-0.020797139151811916
8560,8560,-0.012140953717104247
8561,8561,-0.0007995945298168439
8562,8562,-0.3212167871177929
8563,8563,-0.1524024662331154
8564,8564,-0.20670838191168217
8565,8565,-0.11222560631635092
8566,8566,-0.03371003065608946
8567,8567,-0.0637349995430162
8568,8568,-0.023985086426199453
8569,8569,-0.2137657239661871
8570,8570,-0.023401068160323835
8571,8571,-0.021725312053654244
8572,8572,-0.10294816493857012
8573,8573,-0.07219766393461047
8574,8574,-0.17377189698800422
8575,8575,-0.15884680533873585
8576,8576,-0.10633844574462303
8577,8577,-0.008781954708897755
8578,8578,-0.07465442520200982
8579,8579,-0.07391684807314114
8580,8580,-0.10724408296436616
8581,8581,-0.2397620614527569
8582,8582,-0.011504164867129518
8583,8583,-0.02382031918011951
8584,8584,-0.03198055786262133
8585,8585,-0.03490624264691497
8586,8586,-0.06581161620563636
8587,8587,-0.005249727558368002
8588,8588,-0.03685000029115566
8589,8589,-0.2295747744342691
8590,8590,-0.006428966857795123
8591,8591,-0.586442301209112
8592,8592,-0.010905830392116261
8593,8593,-0.039883966531450654
8594,8594,-0.14494343696193496
8595,8595,-0.04904313734495347
8596,8596,-0.02755295171113059
8597,8597,-0.02876570509707055
8598,8598,-0.18202715951079051
8599,8599,-0.19196040613200482
8600,8600,-0.2252787516703485
8601,8601,-0.17941279226952833
8602,8602,-0.031488469518221596
8603,8603,-0.001578109646021543
8604,8604,-0.016294601019127636
8605,8605,-0.008577247129932908
8606,8606,-0.09658059577566117
8607,8607,-0.1184618357481182
8608,8608,-0.12457320562131383
8609,8609,-0.23350713162062187
8610,8610,-0.16211467566196847
8611,8611,-0.07247974203876084
8612,8612,-0.10821503732149163
8613,8613,-0.08486678986654539
8614,8614,-0.059948603882171825
8615,8615,-0.024068383503818014
8616,8616,-0.0022278808381226856
8617,8617,-0.129477274937993
8618,8618,-0.04857602420096463
8619,8619,-0.017365278341535118
8620,8620,-0.24666001082842806
8621,8621,-0.037753081562281104
8622,8622,-0.03348418158668898
8623,8623,-0.11804724406870992
8624,8624,-0.1483060774436772
8625,8625,-0.026560445047812548
8626,8626,-0.07811352885119016
8627,8627,-0.01932912295474989
8628,8628,-0.02701811834526624
8629,8629,-0.004198519096618836
8630,8630,-0.04991035826564216
8631,8631,-0.057512022986228505
8632,8632,-0.0030158373274261907
8633,8633,-0.06032193012194631
8634,8634,-0.0913935601449829
8635,8635,-0.04836494957174731
8636,8636,-0.09717172880013625
8637,8637,-0.31667083390263734
8638,8638,-0.013570196314677097
8639,8639,-0.07080130345046287
8640,8640,-0.010785111018108043
8641,8641,-0.06273948330477153
8642,8642,-0.13364033582213608
8643,8643,-0.06545277772290861
8644,8644,-0.06403343732562108
8645,8645,-0.07786748310597691
8646,8646,-0.17021727503657758
8647,8647,-0.004900945680162361
8648,8648,-0.022434276649639373
8649,8649,-0.01616418220983787
8650,8650,-0.08117433493855808
8651,8651,-0.11820719817397041
8652,8652,-0.028550270195160238
8653,8653,-0.13932177860010667
8654,8654,-0.13110540804607854
8655,8655,-0.13803206384013267
8656,8656,-0.009481460241907507
8657,8657,-0.11407746572195043
8658,8658,-0.06266530489132116
8659,8659,-0.027927555951312688
8660,8660,-0.02045218260773047
8661,8661,-0.010632445871301327
8662,8662,-0.27304733871887166
8663,8663,-0.027615070245534667
8664,8664,-0.015703029627840093
8665,8665,-0.19957782726987228
8666,8666,-0.2195237601462764
8667,8667,-0.3658436461027552
8668,8668,-0.005296679762365475
8669,8669,-0.19690750765695786
8670,8670,-0.020232725806306556
8671,8671,-0.038853167359805846
8672,8672,-0.2262492203420431
8673,8673,-0.11206544763991433
8674,8674,-0.005416413188987584
8675,8675,-0.04419140792892842
8676,8676,-0.03472503087577572
8677,8677,-0.14524445994953172
8678,8678,-0.05514663630537078
8679,8679,-0.2083388602493861
8680,8680,-0.05960267751296888
8681,8681,-0.06475999043355218
8682,8682,-0.15459428172363035
8683,8683,-0.04561184945335928
8684,8684,-0.0010805073859078765
8685,8685,-0.1237645563522044
8686,8686,-0.0123508025164073
8687,8687,-0.0753075438692499
8688,8688,-0.10203317122149816
8689,8689,-0.02116023803796084
8690,8690,-0.003529154999030353
8691,8691,-0.05982593905403466
8692,8692,-0.09571737497513325
8693,8693,-0.21360783329763855
8694,8694,-0.05714091748138428
8695,8695,-0.07389633783152386
8696,8696,-0.10866905592920606
8697,8697,-0.21433961905434273
8698,8698,-0.11495613127813664
8699,8699,-0.08401316826838201
8700,8700,-0.026860372060350107
8701,8701,-0.05142842920215296
8702,8702,-0.11455055935773173
8703,8703,-0.003345017492790925
8704,8704,-0.16973663921305304
8705,8705,-0.22133566134867877
8706,8706,-0.13779561880244717
8707,8707,-0.0179700164852018
8708,8708,-0.11692637011660134
8709,8709,-0.13345662325479782
8710,8710,-0.17475560434164852
8711,8711,-0.28162315169566243
8712,8712,-0.01980123581076771
8713,8713,-0.2159673586267279
8714,8714,-0.34041644688398165
8715,8715,-0.28535339575153595
8716,8716,-0.06003683172261523
8717,8717,-0.012433833810706618
8718,8718,-0.005725868543196455
8719,8719,-0.4304209367669518
8720,8720,-0.0903515698901522
8721,8721,-0.05898650558501162
8722,8722,-0.144204403992918
8723,8723,-0.04620236466400698
8724,8724,-0.1711135943254427
8725,8725,-0.09341500220851906
8726,8726,-0.20077555643307676
8727,8727,-0.033626357123602846
8728,8728,-0.1261573619883506
8729,8729,-0.04414938923193848
8730,8730,-0.20947933560843746
8731,8731,-0.049643380617147195
8732,8732,-0.11942247273328335
8733,8733,-0.03425729468021128
8734,8734,-0.03450287968843668
8735,8735,-0.06709197243994824
8736,8736,-0.002467633402221392
8737,8737,-0.008076579591887928
8738,8738,-0.29297766028525984
8739,8739,-0.04165056189730201
8740,8740,-0.014918643194260124
8741,8741,-0.05257162318582165
8742,8742,-0.18181341156586983
8743,8743,-0.3095911362209751
8744,8744,-0.01688244851006382
8745,8745,-0.009970306117779156
8746,8746,-0.029621785209637014
8747,8747,-0.1489920438885992
8748,8748,-0.01587701362783478
8749,8749,-0.05251835307906927
8750,8750,-0.036339696619474844
8751,8751,-0.014888189807475971
8752,8752,-0.006366099534576369
8753,8753,-0.014248750767533076
8754,8754,-0.11238297139635434
8755,8755,-0.07284647631031149
8756,8756,-0.061246659569778594
8757,8757,-0.038828565703439843
8758,8758,-0.2931688747203665
8759,8759,-0.010448233999349495
8760,8760,-0.012439575501203004
8761,8761,-0.14547504884020748
8762,8762,-0.004343416216397611
8763,8763,-0.05749770663733644
8764,8764,-0.18845880438450638
8765,8765,-0.10412154434918214
8766,8766,-0.0805238820784071
8767,8767,-0.06248739267686043
8768,8768,-0.008383682233132489
8769,8769,-0.051203737890480445
8770,8770,-0.08444894173828457
8771,8771,-0.0041243954459948065
8772,8772,-0.008062635539248242
8773,8773,-0.31191869735495814
8774,8774,-0.3595148405258062
8775,8775,-0.03997558671149559
8776,8776,-0.5811980659885627
8777,8777,-0.0693024603629129
8778,8778,-0.0075656415744292955
8779,8779,-0.01633587398826692
8780,8780,-0.2244403332859406
8781,8781,-0.5692590031901581
8782,8782,-0.03364177146322103
8783,8783,-0.038124798542387595
8784,8784,-0.003173808203526141
8785,8785,-0.08431425205559728
8786,8786,-0.19775235593627372
8787,8787,-0.02177273788361725
8788,8788,-0.01779823482303447
8789,8789,-0.018562733149949162
8790,8790,-0.010818638024141874
8791,8791,-0.0538124363806759
8792,8792,-0.09744344623463233
8793,8793,-0.07197052962389316
8794,8794,-0.10824040484683486
8795,8795,-0.05396793952452475
8796,8796,-0.3692690995073744
8797,8797,-0.17686806866137778
8798,8798,-0.1367690328193483
8799,8799,-0.10451905863595679
8800,8800,-0.07650194428191703
8801,8801,-0.15657650729109562
8802,8802,-0.10685109939839033
8803,8803,-0.07424531195519268
8804,8804,-0.008961430648809554
8805,8805,-0.05729293261666912
8806,8806,-0.19188759490195517
8807,8807,-0.053850037147045615
8808,8808,-0.02768460348085222
8809,8809,-0.022143315524266516
8810,8810,-0.08830736934006866
8811,8811,-0.08223501463750449
8812,8812,-0.21835544175427224
8813,8813,-0.10167634633186984
8814,8814,-0.0671271596704165
8815,8815,-0.03709996529320769
8816,8816,-0.023541959385895657
8817,8817,-0.06396830847095858
8818,8818,-0.1797231307394105
8819,8819,-0.03705107225600579
8820,8820,-0.032769636441731476
8821,8821,-0.122194721278714
8822,8822,-0.1303390368176412
8823,8823,-0.43335104134299784
8824,8824,-0.06310430321142135
8825,8825,-0.05613719712891269
8826,8826,-0.23540057192246566
8827,8827,-0.05802658672813335
8828,8828,-0.021819330929405807
8829,8829,-0.11559431769081752
8830,8830,-0.09674492038745264
8831,8831,-0.28555832199720754
8832,8832,-0.035202752358564446
8833,8833,-0.023620013822320596
8834,8834,-0.28825854066344825
8835,8835,-0.03576013592363092
8836,8836,-0.051980524796161554
8837,8837,-0.18071019922948794
8838,8838,-0.04928615666429817
8839,8839,-0.06486551663719642
8840,8840,-0.11205356058822247
8841,8841,-0.06660185156751691
8842,8842,-0.07053697620518173
8843,8843,-0.07464692886611124
8844,8844,-0.16826851194403858
8845,8845,-0.00122264381378058
8846,8846,-0.01621607308858814
8847,8847,-0.0998170673682062
8848,8848,-0.0343209720166229
8849,8849,-0.15561454444248568
8850,8850,-0.042278535819597285
8851,8851,-0.07685780028043138
8852,8852,-0.037644482536629796
8853,8853,-0.043262042723113514
8854,8854,-0.3482144133549703
8855,8855,-0.13729149644292396
8856,8856,-0.008409058096320345
8857,8857,-0.08712576404709751
8858,8858,-0.032641205715312815
8859,8859,-0.1911687163698983
8860,8860,-0.13020384794466502
8861,8861,-0.04473033347298527
8862,8862,-0.48104657386064176
8863,8863,-0.03217447194214551
8864,8864,-0.10530009652925679
8865,8865,-0.032732664488549834
8866,8866,-0.051683746082732296
8867,8867,-0.07369921740944863
8868,8868,-0.1536896070189696
8869,8869,-0.08826778312444564
8870,8870,-0.07912666158487516
8871,8871,-0.014689306101559052
8872,8872,-0.09496891481712011
8873,8873,-0.07046158388087065
8874,8874,-0.30678882095550364
8875,8875,-0.139800920947053
8876,8876,-0.021604698249819032
8877,8877,-0.016602396965432163
8878,8878,-0.02072820531063982
8879,8879,-0.2970615920237596
8880,8880,-0.01908292601079975
8881,8881,-0.0341226375447784
8882,8882,-0.25205654235242747
8883,8883,-0.04859702379416442
8884,8884,-0.06710203484135271
8885,8885,-0.042397818137488025
8886,8886,-0.06304166514220991
8887,8887,-0.014688219361678329
8888,8888,-0.011055679486200294
8889,8889,-0.02608215120601387
8890,8890,-0.06076334066996225
8891,8891,-0.10903329254425789
8892,8892,-0.06347202285512087
8893,8893,-0.09369687291182238
8894,8894,-0.2582567706157963
8895,8895,-0.047645490064008644
8896,8896,-0.10919552282471301
8897,8897,-0.0382888141184419
8898,8898,-0.06273435053900345
8899,8899,-0.08594787622319133
8900,8900,-0.07822635633081498
8901,8901,-0.052863734009902325
8902,8902,-0.0029599952000002663
8903,8903,-0.03534710923391938
8904,8904,-0.08677366670599673
8905,8905,-0.05251677749229078
8906,8906,-0.022432525149516103
8907,8907,-0.02194491814213784
8908,8908,-0.09067903843754266
8909,8909,-0.09743294158531882
8910,8910,-0.01580326086568909
8911,8911,-0.12050504235684749
8912,8912,-0.0014040954249242912
8913,8913,-0.008549384250793025
8914,8914,-0.005409875683010053
8915,8915,-0.041726418123934544
8916,8916,-0.17195710580393614
8917,8917,-0.07952285060068975
8918,8918,-0.057780213044358875
8919,8919,-0.2823140736405243
8920,8920,-0.3391871700160056
8921,8921,-0.07243674744782538
8922,8922,-0.17314832373020192
8923,8923,-0.09281967808098657
8924,8924,-0.01467731553296959
8925,8925,-0.009563038605565205
8926,8926,-0.19059006360667458
8927,8927,-0.26839193912666737
8928,8928,-0.045716844385406685
8929,8929,-0.04269202190829538
8930,8930,-0.0977458637215679
8931,8931,-0.017937020763707096
8932,8932,-0.08477954709061297
8933,8933,-0.09220914967672522
8934,8934,-0.11413100959828129
8935,8935,-0.22468996619005033
8936,8936,-0.051111993426691815
8937,8937,-0.11472762462949915
8938,8938,-0.023109728091384035
8939,8939,-0.08569611798874366
8940,8940,-0.057658224141972636
8941,8941,-0.053037589143085206
8942,8942,-0.06161618409032779
8943,8943,-0.008348829888005949
8944,8944,-0.12541616757835852
8945,8945,-0.06304198192411958
8946,8946,-0.10471561784733341
8947,8947,-0.15332200375973493
8948,8948,-0.20096008877211446
8949,8949,-0.06137998652316644
8950,8950,-0.3367407850926445
8951,8951,-0.0016274567797081255
8952,8952,-0.11690668257393755
8953,8953,-0.009146076693984734
8954,8954,-0.08296772427635572
8955,8955,-0.05601916150048425
8956,8956,-0.11989398782150118
8957,8957,-0.1684991355983887
8958,8958,-0.2732069879725523
8959,8959,-0.03107153948382335
8960,8960,-0.00211025532807059
8961,8961,-0.0038829963409561796
8962,8962,-0.08784778689730802
8963,8963,-0.030056343044665118
8964,8964,-0.04406390021093609
8965,8965,-0.0021108837459895835
8966,8966,-0.012153430770667023
8967,8967,-0.1548625481835444
8968,8968,-0.2397970911203129
8969,8969,-0.06722954308812534
8970,8970,-0.008445218142569301
8971,8971,-0.17198064122571655
8972,8972,-0.04699841369864011
8973,8973,-0.008700078716657844
8974,8974,-0.27968968950932904
8975,8975,-0.0029289343238849963
8976,8976,-0.05790983561720145
8977,8977,-0.020611899779654608
8978,8978,-0.1324535478561204
8979,8979,-0.04031569407102187
8980,8980,-0.004334270084933069
8981,8981,-0.004493991676246801
8982,8982,-0.01986385078925202
8983,8983,-0.004193606770110159
8984,8984,-0.04437942525589489
8985,8985,-0.3569686034975583
8986,8986,-0.07420470873369658
8987,8987,-0.25391955763282903
8988,8988,-0.07525045998562607
8989,8989,-0.04418740309196467
8990,8990,-0.061721226346558855
8991,8991,-0.04610507300725503
8992,8992,-0.055450249401847174
8993,8993,-0.14773961772135014
8994,8994,-0.02329479694094458
8995,8995,-0.05414310910503341
8996,8996,-0.00803753131190889
8997,8997,-0.2740569688942096
8998,8998,-0.14972238889762235
8999,8999,-0.01498677173530884
9000,9000,-0.08012600547689763
9001,9001,-0.03791153155145166
9002,9002,-0.016651158150536
9003,9003,-0.02212050381376418
9004,9004,-0.18190807483418503
9005,9005,-0.033314130616137305
9006,9006,-0.0586618815815437
9007,9007,-0.06783339318309134
9008,9008,-0.09806648631298887
9009,9009,-0.08867969632869832
9010,9010,-0.16434357245680709
9011,9011,-0.010040477710365913
9012,9012,-0.08246453477301252
9013,9013,-0.024552316391722617
9014,9014,-0.03919993670247479
9015,9015,-0.13874666952934733
9016,9016,-0.00531100130043924
9017,9017,-0.07531804705494871
9018,9018,-0.06719257764145559
9019,9019,-0.011390860724186507
9020,9020,-0.015431546961011273
9021,9021,-0.07622060463363534
9022,9022,-0.06150348848100511
9023,9023,-0.022499149953138176
9024,9024,-0.0007581444435344701
9025,9025,-0.011868111052547065
9026,9026,-0.08702517888149464
9027,9027,-0.267071130784029
9028,9028,-0.03454133492752545
9029,9029,-0.0024925672723500538
9030,9030,-0.0004742526800883052
9031,9031,-0.02512780749112431
9032,9032,-0.04440921982263116
9033,9033,-0.1470745322669541
9034,9034,-0.05180389611600633
9035,9035,-0.025428382876783007
9036,9036,-0.012235464000095233
9037,9037,-0.27478833556013393
9038,9038,-0.09153709871064411
9039,9039,-0.05252945309750823
9040,9040,-0.03857898572485928
9041,9041,-0.1522795311349871
9042,9042,-0.14646975047540114
9043,9043,-0.1628391435839398
9044,9044,-0.022899999570281576
9045,9045,-0.13245764701822715
9046,9046,-0.03966968357023548
9047,9047,-0.03256401101236872
9048,9048,-0.04147249099312256
9049,9049,-0.10106012548275034
9050,9050,-0.3179529726843531
9051,9051,-0.008404656962684692
9052,9052,-0.0440216821079098
9053,9053,-0.026162918181946743
9054,9054,-0.19182631333928407
9055,9055,-0.07865350398202431
9056,9056,-0.007948469518342327
9057,9057,-0.03390591008956751
9058,9058,-0.10280654338835093
9059,9059,-0.02334082563017939
9060,9060,-0.04568684215451135
9061,9061,-0.11842961190270218
9062,9062,-0.16695647098325683
9063,9063,-0.012391655769191129
9064,9064,-0.13419964447116087
9065,9065,-0.027021706190231205
9066,9066,-0.06472659254707847
9067,9067,-0.1712452919960442
9068,9068,-0.0003258722189728204
9069,9069,-0.05500513733048484
9070,9070,-0.3517943264525947
9071,9071,-0.0025711174247946347
9072,9072,-0.18953055201853575
9073,9073,-0.10280418576383044
9074,9074,-0.10028729316752649
9075,9075,-0.08122985520757098
9076,9076,-0.034390892092818925
9077,9077,-0.04767864606927408
9078,9078,-0.30564353458360616
9079,9079,-0.05353893254208586
9080,9080,-0.22810598502951507
9081,9081,-0.3149468975212333
9082,9082,-0.05328986350597356
9083,9083,-0.15088022880449786
9084,9084,-0.07669743762753756
9085,9085,-0.07513124951318384
9086,9086,-0.03338346816081564
9087,9087,-0.0035922368163250618
9088,9088,-0.03539901161818873
9089,9089,-0.044747777958553
9090,9090,-0.08083690770370577
9091,9091,-0.04377562060995388
9092,9092,-0.08518336458763434
9093,9093,-0.09055367982228602
9094,9094,-0.007029941652171995
9095,9095,-0.14716350084647944
9096,9096,-0.2833926356802241
9097,9097,-0.1308003259661745
9098,9098,-0.13547065212606357
9099,9099,-0.2281341577163154
9100,9100,-0.12523999876110928
9101,9101,-0.24406767027717713
9102,9102,-0.011694698796478581
9103,9103,-0.031972073646486604
9104,9104,-0.12985717841870503
9105,9105,-0.04570959873387362
9106,9106,-0.00607820082142619
9107,9107,-0.059630043290507584
9108,9108,-0.04526609726368591
9109,9109,-0.13036830957499623
9110,9110,-0.17395172010250637
9111,9111,-0.27483661300824247
9112,9112,-0.12051191579837317
9113,9113,-0.19493503623587083
9114,9114,-0.06236724832656526
9115,9115,-0.0029184133917221533
9116,9116,-0.01799481142837534
9117,9117,-0.25356639203669795
9118,9118,-0.017833285534334005
9119,9119,-0.10930163244670031
9120,9120,-0.08665081179281844
9121,9121,-0.021003610249872295
9122,9122,-0.011300053432976971
9123,9123,-0.04617789125052155
9124,9124,-0.18221167039499342
9125,9125,-0.10749334522882548
9126,9126,-0.03382901623459795
9127,9127,-0.04578994436089845
9128,9128,-0.23065003428015818
9129,9129,-0.03761141444839444
9130,9130,-0.026834381586707617
9131,9131,-0.014603844156330759
9132,9132,-0.014188929902401275
9133,9133,-0.03881789952060333
9134,9134,-0.006754371511028118
9135,9135,-0.06129226024483402
9136,9136,-0.12536102790992623
9137,9137,-0.16070073342906754
9138,9138,-0.010956819016860408
9139,9139,-0.013109983920545052
9140,9140,-0.019955531633853996
9141,9141,-0.09081076942797728
9142,9142,-0.06011681378983669
9143,9143,-0.015117871268602007
9144,9144,-0.015619696464862868
9145,9145,-0.10703621910193206
9146,9146,-0.09839183572150134
9147,9147,-0.0008566464254878089
9148,9148,-0.040409214743928334
9149,9149,-0.1877106704701057
9150,9150,-0.08808892447882366
9151,9151,-0.10622504036976199
9152,9152,-0.1411535862598037
9153,9153,-0.06055695788967519
9154,9154,-0.143809120129661
9155,9155,-0.21568755306751974
9156,9156,-0.12917262098899318
9157,9157,-0.06301303769994648
9158,9158,-0.08057283623279513
9159,9159,-0.05052588472022779
9160,9160,-0.12574889543160928
9161,9161,-0.19979882268946492
9162,9162,-0.017421766347576195
9163,9163,-0.0237388247617987
9164,9164,-0.020892218130304757
9165,9165,-0.012454373949973646
9166,9166,-0.007120746114025696
9167,9167,-0.03438512409004357
9168,9168,-0.12026514494965859
9169,9169,-0.04901055339716465
9170,9170,-0.07262769048971274
9171,9171,-0.054503013742225215
9172,9172,-0.08676148645980997
9173,9173,-0.07999446794741027
9174,9174,-0.1396559380995912
9175,9175,-0.01260398991095768
9176,9176,-0.03407051971885855
9177,9177,-0.027148976217053367
9178,9178,-0.12089509554955005
9179,9179,-0.00441205471980087
9180,9180,-0.07218853865179777
9181,9181,-0.16815141160155367
9182,9182,-0.09030885429704771
9183,9183,-0.12295708807952066
9184,9184,-0.018306072384965538
9185,9185,-0.22537280181508956
9186,9186,-0.06777455966956047
9187,9187,-0.1943292880250712
9188,9188,-0.10631193612970913
9189,9189,-0.013503611914755576
9190,9190,-0.004760766009832024
9191,9191,-0.08562971784958162
9192,9192,-0.10843269207298656
9193,9193,-0.10707024332286885
9194,9194,-0.14506080426472068
9195,9195,-0.22740812003662292
9196,9196,-0.007120674770303738
9197,9197,-0.01500552816702044
9198,9198,-0.019497161173379962
9199,9199,-0.008286579997585142
9200,9200,-0.03083109263349293
9201,9201,-0.030458045472916084
9202,9202,-0.06415118376427442
9203,9203,-0.16842683150870033
9204,9204,-0.038960162284528366
9205,9205,-0.07568231759766741
9206,9206,-0.12567538624983546
9207,9207,-0.020812059962403658
9208,9208,-0.13198078198270108
9209,9209,-0.16387223609144297
9210,9210,-0.016468965911144995
9211,9211,-0.13924927555607391
9212,9212,-0.03352044726843728
9213,9213,-0.048726750132744634
9214,9214,-0.049107737185917905
9215,9215,-0.05970201001204123
9216,9216,-0.24835262920954948
9217,9217,-0.09866904193274095
9218,9218,-0.029968637242520524
9219,9219,-0.18896671954286748
9220,9220,-0.03518035848788159
9221,9221,-0.09698611123265
9222,9222,-0.28742818336900566
9223,9223,-0.13480942715888203
9224,9224,-0.15987861198195052
9225,9225,-0.09181722557722213
9226,9226,-0.003391738737764556
9227,9227,-0.26645236915632786
9228,9228,-0.015428555689952621
9229,9229,-0.01145264904113602
9230,9230,-0.02643514853596962
9231,9231,-0.004092116665449869
9232,9232,-0.002990273884818484
9233,9233,-0.14552088620765347
9234,9234,-0.10237306164524762
9235,9235,-0.007974752876086962
9236,9236,-0.12898569268072624
9237,9237,-0.04028144966496952
9238,9238,-0.024275156089053868
9239,9239,-0.0013890865701013128
9240,9240,-0.03210955042941946
9241,9241,-0.14855888883867552
9242,9242,-0.007153817452898725
9243,9243,-0.15381144353023782
9244,9244,-0.017246901422761085
9245,9245,-0.23825758705068623
9246,9246,-0.11772510464306551
9247,9247,-0.032363191772145194
9248,9248,-0.09253381339658029
9249,9249,-0.12314082684592809
9250,9250,-0.0971869924923241
9251,9251,-0.024329194694660217
9252,9252,-0.12356749465480599
9253,9253,-0.10346949661531063
9254,9254,-0.07546494489503175
9255,9255,-0.08991126353437376
9256,9256,-0.22231760506253018
9257,9257,-0.05509090507392944
9258,9258,-0.004902231105074206
9259,9259,-0.03219524050727121
9260,9260,-0.02417997180776455
9261,9261,-0.18859501703786544
9262,9262,-0.04121009096131112
9263,9263,-0.2615704413046879
9264,9264,-0.12406466727913967
9265,9265,-0.15967591504344236
9266,9266,-0.04759733212249165
9267,9267,-0.061778326289903096
9268,9268,-0.252264629806771
9269,9269,-0.05307011681288609
9270,9270,-0.2755473977104832
9271,9271,-0.015164903404917718
9272,9272,-0.15693096607543366
9273,9273,-0.030409362650986177
9274,9274,-0.05800940204557792
9275,9275,-0.11613963190199261
9276,9276,-0.35717454917606783
9277,9277,-0.02936286831691573
9278,9278,-0.08533161937022415
9279,9279,-0.00674349795372256
9280,9280,-0.001439009863097038
9281,9281,-0.07627400656053124
9282,9282,-0.0634426324347257
9283,9283,-0.03391600467508893
9284,9284,-0.05880233158445991
9285,9285,-0.10266785109683418
9286,9286,-0.008612260917565508
9287,9287,-0.007516617683852738
9288,9288,-0.15306477092606763
9289,9289,-0.0025418262987276855
9290,9290,-0.11087332778026848
9291,9291,-0.33004288495025635
9292,9292,-0.12596465787907452
9293,9293,-0.03768224209858406
9294,9294,-0.005062141615772238
9295,9295,-0.08007309506083729
9296,9296,-0.06945302936395151
9297,9297,-0.43603086058363694
9298,9298,-0.07437451109110826
9299,9299,-0.00854906175661569
9300,9300,-0.05615135828783213
9301,9301,-0.1799882049145456
9302,9302,-0.023004847658412292
9303,9303,-0.060681489652058024
9304,9304,-0.007950575236044262
9305,9305,-0.08484256968529857
9306,9306,-0.06214078460315789
9307,9307,-0.0427653846529249
9308,9308,-0.015536068219193178
9309,9309,-0.12716987090954807
9310,9310,-0.006584528173455911
9311,9311,-0.13261297318725163
9312,9312,-0.0424591984779249
9313,9313,-0.3032923335455422
9314,9314,-0.2191349111399976
9315,9315,-0.0001395412401447618
9316,9316,-0.01281759672030458
9317,9317,-0.04718119765096243
9318,9318,-0.07464679577247013
9319,9319,-0.07803036046468259
9320,9320,-0.03278722649367183
9321,9321,-0.00029666534330552625
9322,9322,-0.10347477283893103
9323,9323,-0.007228546697195776
9324,9324,-0.2680341500315695
9325,9325,-0.137858676942618
9326,9326,-0.277527414151161
9327,9327,-0.04555792615372568
9328,9328,-0.0501794687349815
9329,9329,-0.1289532959691635
9330,9330,-0.12768044051191696
9331,9331,-0.6700945762078409
9332,9332,-0.0794389007099966
9333,9333,-0.16505112683680112
9334,9334,-0.19184571505413972
9335,9335,-0.11446309678945088
9336,9336,-0.10459617489913531
9337,9337,-0.1952904018013517
9338,9338,-0.010899263441820186
9339,9339,-0.18633161475008286
9340,9340,-0.11544337440105024
9341,9341,-0.19785137076571868
9342,9342,-0.07198949466599347
9343,9343,-0.015826901501526797
9344,9344,-0.01695378793878488
9345,9345,-0.01320689470465309
9346,9346,-0.11402879601607419
9347,9347,-0.3632466669977763
9348,9348,-0.01482657359316078
9349,9349,-0.027345061818280475
9350,9350,-0.034728781003470974
9351,9351,-0.014493788541623531
9352,9352,-0.039196819555507134
9353,9353,-0.01668169802338207
9354,9354,-0.09287139265580979
9355,9355,-0.13286157289545608
9356,9356,-0.12155110767609092
9357,9357,-0.010554779967002187
9358,9358,-0.011551299121953296
9359,9359,-0.06842037944931834
9360,9360,-0.03731640651891244
9361,9361,-0.20064649211975905
9362,9362,-0.011339761366631576
9363,9363,-0.20560289725038808
9364,9364,-0.11378967183498734
9365,9365,-0.0029234654787544338
9366,9366,-0.22471918727978007
9367,9367,-0.1510717112301343
9368,9368,-0.052403346152164354
9369,9369,-0.1135172782493119
9370,9370,-0.07475117061665248
9371,9371,-0.05857990000495983
9372,9372,-0.03510458622179036
9373,9373,-0.050678583353743534
9374,9374,-0.0366127251690255
9375,9375,-0.01895473108558638
9376,9376,-0.2678302700125301
9377,9377,-0.010410748243203649
9378,9378,-0.020687761174029817
9379,9379,-0.10427748717796437
9380,9380,-0.008772641365703354
9381,9381,-0.004852243395470746
9382,9382,-0.029483313227497338
9383,9383,-0.061515425400966994
9384,9384,-0.16088328072139738
9385,9385,-0.029644978861998822
9386,9386,-0.04623434006449845
9387,9387,-0.091610725051817
9388,9388,-0.153201347418932
9389,9389,-0.09194796688856866
9390,9390,-0.10384257986245604
9391,9391,-0.03985117984236986
9392,9392,-0.14936513709667532
9393,9393,-0.07476855773070712
9394,9394,-0.0857674678326803
9395,9395,-0.07285090390392569
9396,9396,-0.008617295481058607
9397,9397,-0.01495615802066877
9398,9398,-0.002455201482601665
9399,9399,-0.02529626632267512
9400,9400,-0.0673078368974438
9401,9401,-0.020031148356618858
9402,9402,-0.17958072146400816
9403,9403,-0.023920418472750622
9404,9404,-0.03698672519557758
9405,9405,-0.04020509404459249
9406,9406,-0.02425736464435326
9407,9407,-0.004643004603948342
9408,9408,-0.08505099823114692
9409,9409,-0.06401178578864075
9410,9410,-0.009193085049987289
9411,9411,-0.004534277123775134
9412,9412,-0.13067910581097408
9413,9413,-0.15109574698534403
9414,9414,-0.10402305035212045
9415,9415,-0.28734270851147414
9416,9416,-0.1713128679098628
9417,9417,-0.071757907158017
9418,9418,-0.16705940910091066
9419,9419,-0.1240298614486689
9420,9420,-0.0802862314933237
9421,9421,-0.0712964508682308
9422,9422,-0.03481739762010083
9423,9423,-0.10429011789726284
9424,9424,-0.49346585373027274
9425,9425,-0.08391063145486033
9426,9426,-0.0004062071711662292
9427,9427,-0.062284374677016224
9428,9428,-0.15662575878309015
9429,9429,-0.02759957531648896
9430,9430,-0.041393965370484787
9431,9431,-0.1437643501596586
9432,9432,-0.008396472979074976
9433,9433,-0.0714116936359549
9434,9434,-0.018651415274486702
9435,9435,-0.03603102438761774
9436,9436,-0.03253847123295417
9437,9437,-0.30520307223282694
9438,9438,-0.03821870994605739
9439,9439,-0.016039870060044842
9440,9440,-0.014578483478247112
9441,9441,-0.13586562580802142
9442,9442,-0.024751785099466628
9443,9443,-0.014164887179970692
9444,9444,-0.05199657092654075
9445,9445,-0.016822988335478045
9446,9446,-0.024536074549194625
9447,9447,-0.0013217273684225789
9448,9448,-0.1007478488211061
9449,9449,-0.11305983000695408
9450,9450,-0.0264855412223991
9451,9451,-0.03326774810910316
9452,9452,-0.024214243210473274
9453,9453,-0.10142039469121092
9454,9454,-0.16750010008778216
9455,9455,-0.19904888758982864
9456,9456,-0.019374738197152932
9457,9457,-0.06474164093066304
9458,9458,-0.3743449397828176
9459,9459,-0.11162282863451489
9460,9460,-0.34921438865467636
9461,9461,-0.14138034791815823
9462,9462,-0.019187718768067415
9463,9463,-0.007919104235572766
9464,9464,-0.2449257590574333
9465,9465,-0.033909750898344145
9466,9466,-0.08975153009059911
9467,9467,-0.033340528717069856
9468,9468,-0.04175807881227578
9469,9469,-0.028784034136509096
9470,9470,-0.08252684731520576
9471,9471,-0.18949266484024863
9472,9472,-0.12491742187926391
9473,9473,-0.030879587652677537
9474,9474,-0.26090606739547084
9475,9475,-0.040710960527790024
9476,9476,-0.036779375467738414
9477,9477,-0.04089381472674314
9478,9478,-0.15874053117295617
9479,9479,-0.29638550191960533
9480,9480,-0.06395934707044607
9481,9481,-0.09583772420118608
9482,9482,-0.07877328965547792
9483,9483,-0.005822796314189284
9484,9484,-0.15463726808433934
9485,9485,-0.09920846255963456
9486,9486,-0.024841694512379747
9487,9487,-0.24628931650497077
9488,9488,-0.05303028215199046
9489,9489,-0.2308831719521126
9490,9490,-0.2911764821525936
9491,9491,-0.019055473305683274
9492,9492,-0.03342674598007969
9493,9493,-0.09783135332235204
9494,9494,-0.23847465758725095
9495,9495,-0.00891223861229598
9496,9496,-0.0958694534876714
9497,9497,-0.1977225035549801
9498,9498,-0.17349503455712112
9499,9499,-0.200091606785064
9500,9500,-0.053356539269444725
9501,9501,-0.049318975799718
9502,9502,-0.022182689899770236
9503,9503,-0.13073799349893112
9504,9504,-0.02807688920803348
9505,9505,-0.03807582517679109
9506,9506,-0.16119475712690567
9507,9507,-0.1480746678130953
9508,9508,-0.035589391422740535
9509,9509,-0.103558375843389
9510,9510,-0.019672597502372456
9511,9511,-0.004530216496823721
9512,9512,-0.03631268456096606
9513,9513,-0.1281046257307623
9514,9514,-0.039865994442778274
9515,9515,-0.18925344547625492
9516,9516,-0.08613551539418574
9517,9517,-0.03342576218004212
9518,9518,-0.0024067213474186847
9519,9519,-0.002311556340934967
9520,9520,-0.09486226174883905
9521,9521,-0.12920177952697465
9522,9522,-0.01688611434696477
9523,9523,-0.008315026464251363
9524,9524,-0.03059973813644363
9525,9525,-0.0529694515839757
9526,9526,-0.02930176483113181
9527,9527,-0.0760822167428552
9528,9528,-0.04227568966868933
9529,9529,-0.00721401976092665
9530,9530,-0.005741458999122805
9531,9531,-0.08710695209546249
9532,9532,-0.06708275464964031
9533,9533,-0.005146322182894233
9534,9534,-0.003699314167755069
9535,9535,-0.05747929255595363
9536,9536,-0.08205281860847402
9537,9537,-0.36068215055130537
9538,9538,-0.07936927295428323
9539,9539,-0.20861147260026236
9540,9540,-0.06685466120861616
9541,9541,-0.13591502449947912
9542,9542,-0.09078260038069219
9543,9543,-0.07519130213045092
9544,9544,-0.025656174748586065
9545,9545,-0.14799087324945592
9546,9546,-0.179234571528049
9547,9547,-0.04286429947841075
9548,9548,-0.041873429772382176
9549,9549,-0.005453074349654407
9550,9550,-0.14755329771317793
9551,9551,-0.013592992118111023
9552,9552,-0.18669366630024742
9553,9553,-0.0819537631579551
9554,9554,-0.003707449128390491
9555,9555,-0.09396771851141716
9556,9556,-0.019382769593961235
9557,9557,-0.1583691374504248
9558,9558,-0.0681219130307733
9559,9559,-0.13152869197456996
9560,9560,-0.04822723009814611
9561,9561,-0.13173436119719384
9562,9562,-0.04529340257393466
9563,9563,-0.06844744704513508
9564,9564,-0.033795055476864566
9565,9565,-0.10460152913884249
9566,9566,-0.05586507493746329
9567,9567,-0.08823234818064529
9568,9568,-0.0986944356617544
9569,9569,-0.15028721107155407
9570,9570,-0.16147409904900425
9571,9571,-0.006944077961963993
9572,9572,-0.07501869170103051
9573,9573,-0.12575694197619638
9574,9574,-0.026435523510240366
9575,9575,-0.04931107507222032
9576,9576,-0.02404712597059433
9577,9577,-0.13696447893831556
9578,9578,-0.0881494090184991
9579,9579,-0.15707713741123464
9580,9580,-0.009635787427345888
9581,9581,-0.17251578071768137
9582,9582,-0.045132025386137475
9583,9583,-0.008055503289625343
9584,9584,-0.01755967735564546
9585,9585,-0.02962607980269294
9586,9586,-0.01796834703578932
9587,9587,-0.019516359922350235
9588,9588,-0.11297372645364456
9589,9589,-0.17522178342417227
9590,9590,-0.14083433343713925
9591,9591,-0.02936875888664931
9592,9592,-0.004651138885456397
9593,9593,-0.006187456031616094
9594,9594,-0.03788451550367944
9595,9595,-0.15869432068719824
9596,9596,-0.1366073750147
9597,9597,-0.008734836110923412
9598,9598,-0.007255695977857503
9599,9599,-0.006193433683719609
9600,9600,-0.04352066795716647
9601,9601,-0.017181753703624847
9602,9602,-0.1786773871306515
9603,9603,-0.020005434149835306
9604,9604,-0.21555460179240715
9605,9605,-0.09395605540967944
9606,9606,-0.014836350221710025
9607,9607,-0.309083229567495
9608,9608,-0.0817083432019744
9609,9609,-0.02214633187488782
9610,9610,-0.06529621504959648
9611,9611,-0.3828205766736019
9612,9612,-0.014027104360928161
9613,9613,-0.5577171586871654
9614,9614,-0.056385273595691565
9615,9615,-0.08133682723461266
9616,9616,-0.08318933932375616
9617,9617,-0.028776987782775487
9618,9618,-0.06481939253925464
9619,9619,-0.09506432712562207
9620,9620,-0.008767259733194283
9621,9621,-0.038697683174254954
9622,9622,-0.0037088439551842545
9623,9623,-0.13318534125558015
9624,9624,-0.26178548973136095
9625,9625,-0.3081456477368647
9626,9626,-0.07304795043804566
9627,9627,-0.06052605209270567
9628,9628,-0.05370412524062307
9629,9629,-0.007435688088388367
9630,9630,-0.10892510851262216
9631,9631,-0.00959279420425841
9632,9632,-0.05377130915313666
9633,9633,-0.03638230170179882
9634,9634,-0.0662777054419661
9635,9635,-0.005107644420100539
9636,9636,-0.09234148613824766
9637,9637,-0.03967719097148914
9638,9638,-0.18219470516793568
9639,9639,-0.03086779157314079
9640,9640,-0.21081781427848967
9641,9641,-0.0753397639603646
9642,9642,-0.051239816804022675
9643,9643,-0.08139090728022172
9644,9644,-0.047803766758750865
9645,9645,-0.13888306563738873
9646,9646,-0.05822648393940366
9647,9647,-0.13148050422025584
9648,9648,-0.023018454915867292
9649,9649,-0.003052925387345057
9650,9650,-0.035104599683229126
9651,9651,-0.06406922313269363
9652,9652,-0.025964356924606108
9653,9653,-0.02167785467451791
9654,9654,-0.08026807109595302
9655,9655,-0.03345651576180089
9656,9656,-0.0002172615385704968
9657,9657,-0.13347462787101172
9658,9658,-0.05369777897518793
9659,9659,-0.006198459007211311
9660,9660,-0.05095748625187335
9661,9661,-0.07881345740596368
9662,9662,-0.10092223395739675
9663,9663,-0.014553668725543867
9664,9664,-0.15157867454789953
9665,9665,-0.058324864152041744
9666,9666,-0.12000688007366167
9667,9667,-0.019846455376254957
9668,9668,-0.06624688769904141
9669,9669,-0.15127024803653225
9670,9670,-0.06319562174793936
9671,9671,-0.08978770248377954
9672,9672,-0.0745662905851946
9673,9673,-0.18716155310506055
9674,9674,-0.0552348068469124
9675,9675,-0.011233823781285013
9676,9676,-0.05579690529986814
9677,9677,-0.07566188803276622
9678,9678,-0.20019328049676233
9679,9679,-0.43565534480477064
9680,9680,-0.052564679413690585
9681,9681,-0.11258229339731163
9682,9682,-0.09074356072710954
9683,9683,-0.09451273349885995
9684,9684,-0.07136839624772406
9685,9685,-0.03288429970435325
9686,9686,-0.21716900682525564
9687,9687,-0.02831386472542577
9688,9688,-0.06808155799993199
9689,9689,-0.02597165936946058
9690,9690,-0.09780496913153858
9691,9691,-0.07471371782654768
9692,9692,-0.04806625398501618
9693,9693,-0.004964614279380865
9694,9694,-0.005124539853297139
9695,9695,-0.077026709405415
9696,9696,-0.03270431462692461
9697,9697,-0.03381453117640476
9698,9698,-0.02516105956077777
9699,9699,-0.02612608161576624
9700,9700,-0.10591787287759724
9701,9701,-0.03635826676520115
9702,9702,-0.024116741641633084
9703,9703,-0.15318456791640211
9704,9704,-0.18528586533741523
9705,9705,-0.006956283581853989
9706,9706,-0.03396411377094233
9707,9707,-0.03021867026267744
9708,9708,-0.07441330737906826
9709,9709,-0.03456019429109436
9710,9710,-0.06536214567928778
9711,9711,-0.20012399128425296
9712,9712,-0.05886757172164206
9713,9713,-0.20007810207460608
9714,9714,-0.0753533719477506
9715,9715,-0.12144832558160756
9716,9716,-0.11263487234366654
9717,9717,-0.007559741887059649
9718,9718,-0.10629143544970887
9719,9719,-0.04543268728806482
9720,9720,-0.1044757092080304
9721,9721,-0.013266011014140516
9722,9722,-0.055537912780915466
9723,9723,-0.013663066842278367
9724,9724,-0.0009988078490564445
9725,9725,-0.03074311637938521
9726,9726,-0.3398994635220234
9727,9727,-0.09510005463720028
9728,9728,-0.07662066219932662
9729,9729,-0.15103540439134377
9730,9730,-0.06394435912427998
9731,9731,-0.13629524691184847
9732,9732,-0.058664043808409616
9733,9733,-0.20093345699115972
9734,9734,-0.33657740749697496
9735,9735,-0.0907865587119481
9736,9736,-0.11552897064016865
9737,9737,-0.44507497742609026
9738,9738,-0.03754975568312625
9739,9739,-0.13674653927263813
9740,9740,-0.13541952966532023
9741,9741,-0.03957654244931777
9742,9742,-0.15783364666257116
9743,9743,-0.033809231040720644
9744,9744,-0.008139142877167528
9745,9745,-0.020454822783482346
9746,9746,-0.17648542960714453
9747,9747,-8.00349548463492e-05
9748,9748,-0.0430302176064945
9749,9749,-0.2537258581884978
9750,9750,-0.09834289745790115
9751,9751,-0.20421517961365157
9752,9752,-0.0019512365775663856
9753,9753,-0.09369645748564759
9754,9754,-0.05315411964118733
9755,9755,-0.05147176243552842
9756,9756,-0.06375566704139857
9757,9757,-0.017302778663417784
9758,9758,-0.05720910514636171
9759,9759,-0.1616560211020559
9760,9760,-0.03165070496834568
9761,9761,-0.004369671434446153
9762,9762,-0.14097049094428027
9763,9763,-0.09237577131438357
9764,9764,-0.032281261368674596
9765,9765,-0.11752457595778687
9766,9766,-0.4365163842698263
9767,9767,-0.1825289007829759
9768,9768,-0.45031435038618284
9769,9769,-0.20534062280566623
9770,9770,-0.00368553511573526
9771,9771,-0.022050108871074198
9772,9772,-0.018260061613511458
9773,9773,-0.06844126513172455
9774,9774,-0.16662196844024812
9775,9775,-0.037962530563053765
9776,9776,-0.0252679199157666
9777,9777,-0.08946112275746002
9778,9778,-0.2375704059303314
9779,9779,-0.02769888165544832
9780,9780,-0.07290534744820665
9781,9781,-0.0009597668352115188
9782,9782,-0.045355947626848914
9783,9783,-0.26579376736933213
9784,9784,-0.2030455085774159
9785,9785,-0.045734155477845206
9786,9786,-0.06254738358114997
9787,9787,-0.009482552412598239
9788,9788,-0.09348234300700087
9789,9789,-0.054248907949978276
9790,9790,-0.07353767276243905
9791,9791,-0.05370213080003853
9792,9792,-0.16956542622497217
9793,9793,-0.0673073999086056
9794,9794,-0.1602079029289235
9795,9795,-0.10946205331108605
9796,9796,-0.00536109954036041
9797,9797,-0.12273475689579705
9798,9798,-0.2783045393229201
9799,9799,-0.01711025547564929
9800,9800,-0.02960296062006152
9801,9801,-0.22888608973892888
9802,9802,-0.07893618917773904
9803,9803,-0.16337780987768905
9804,9804,-0.007140357848511525
9805,9805,-0.1950031088854871
9806,9806,-0.06052289066900235
9807,9807,-0.21914031468722728
9808,9808,-0.017250577395161122
9809,9809,-0.029261434091137635
9810,9810,-0.12363709531553413
9811,9811,-0.06306411112746213
9812,9812,-0.04217622628489226
9813,9813,-0.03868465293911083
9814,9814,-0.17703875275796288
9815,9815,-0.013760907178356013
9816,9816,-0.04385436013727076
9817,9817,-0.035995088976827794
9818,9818,-0.27085233598939773
9819,9819,-0.05510518455133395
9820,9820,-0.041858181930338745
9821,9821,-0.004446088457304542
9822,9822,-0.046885658661732
9823,9823,-0.19901718833635096
9824,9824,-0.057338236700518214
9825,9825,-0.03566237829633245
9826,9826,-0.025312338209668835
9827,9827,-0.0003789941534202407
9828,9828,-0.012711082141397267
9829,9829,-0.07436378133723986
9830,9830,-0.12290653381784733
9831,9831,-0.04666359813726706
9832,9832,-0.01761952858931159
9833,9833,-0.004596644621933904
9834,9834,-0.05459931170681534
9835,9835,-0.02216161337277814
9836,9836,-0.12149598234262626
9837,9837,-0.045260931847350805
9838,9838,-0.0022231362103526664
9839,9839,-0.03693572738748119
9840,9840,-0.24506454161653046
9841,9841,-0.060578553174670535
9842,9842,-0.22122035723675282
9843,9843,-0.14008558513102232
9844,9844,-0.046755231205932724
9845,9845,-0.046547905859224456
9846,9846,-0.004698713320036463
9847,9847,-0.19448901558947543
9848,9848,-0.06122855608010827
9849,9849,-0.025846856199265855
9850,9850,-0.08334098056124839
9851,9851,-0.12383840313603844
9852,9852,-0.09714949974957925
9853,9853,-0.05247427257875936
9854,9854,-0.10483029307950043
9855,9855,-0.016404749302420335
9856,9856,-0.20287466073035176
9857,9857,-0.07077447480388621
9858,9858,-0.4068310609550174
9859,9859,-0.08725944414452336
9860,9860,-0.02625863893783298
9861,9861,-0.02488549972716081
9862,9862,-0.010092628618220134
9863,9863,-0.10079181915893587
9864,9864,-0.03660367454749031
9865,9865,-0.2207726844599676
9866,9866,-0.04533425320444062
9867,9867,-0.01595422657614254
9868,9868,-0.044181476971491884
9869,9869,-0.01967942979554818
9870,9870,-0.07666335538065464
9871,9871,-0.008061154015102795
9872,9872,-0.022553244011154938
9873,9873,-0.008749202416460211
9874,9874,-0.02220306285437712
9875,9875,-0.14969321461121343
9876,9876,-0.01406747371632422
9877,9877,-0.05533976509196961
9878,9878,-0.11614429313135277
9879,9879,-0.045474659673934714
9880,9880,-0.14442087816693405
9881,9881,-0.06674290340197866
9882,9882,-0.005505890396136692
9883,9883,-0.033796516342511684
9884,9884,-0.047504405937748295
9885,9885,-0.33865898166643804
9886,9886,-0.01670410396225297
9887,9887,-0.10156438932174272
9888,9888,-0.026018102331862747
9889,9889,-0.10354969941551803
9890,9890,-0.013911354236215173
9891,9891,-0.07302737310023721
9892,9892,-0.11622943008568587
9893,9893,-0.09998464468935442
9894,9894,-0.0008395992621612615
9895,9895,-0.11841905927453944
9896,9896,-0.08108802681953986
9897,9897,-0.007149819117842545
9898,9898,-0.005582411513108192
9899,9899,-0.13986773620122372
9900,9900,-0.10517689530600949
9901,9901,-0.12328056438584278
9902,9902,-0.01795957397993489
9903,9903,-0.005463361514387956
9904,9904,-0.07198433952964545
9905,9905,-0.15397927696038594
9906,9906,-0.32412198448825125
9907,9907,-0.14610516276567376
9908,9908,-0.31853387411195655
9909,9909,-0.004074953186421509
9910,9910,-0.058230544127437
9911,9911,-0.0002838102591524735
9912,9912,-0.029143946525206715
9913,9913,-0.0634717478102769
9914,9914,-0.001306872914602077
9915,9915,-0.06277009366732234
9916,9916,-0.02445314390637876
9917,9917,-0.0005097564788881792
9918,9918,-0.002129847168425472
9919,9919,-0.011614412286433014
9920,9920,-0.08809585267972242
9921,9921,-0.03648947406106162
9922,9922,-0.028489636940608937
9923,9923,-0.2565962318070696
9924,9924,-0.20703568933851557
9925,9925,-0.02886946288687442
9926,9926,-0.20287125432523914
9927,9927,-0.08630271394027503
9928,9928,-0.1483058846639964
9929,9929,-0.050499537381279325
9930,9930,-0.0028667010059533204
9931,9931,-0.2756126536223924
9932,9932,-0.06064348871468542
9933,9933,-0.02969541303852108
9934,9934,-0.05217561573592555
9935,9935,-0.03226257031187728
9936,9936,-0.05570394314576499
9937,9937,-0.01111354923199695
9938,9938,-0.014313590428011065
9939,9939,-0.08417802145659525
9940,9940,-0.03048010855268246
9941,9941,-0.05276187795390941
9942,9942,-0.03739140475459701
9943,9943,-0.04725146510571168
9944,9944,-0.014376904339571644
9945,9945,-0.0005441738701002594
9946,9946,-0.09199683780684298
9947,9947,-0.0440525435998117
9948,9948,-0.0960903777399924
9949,9949,-0.23432812875038067
9950,9950,-0.023380941732357413
9951,9951,-0.08751418255111076
9952,9952,-0.029858343615373345
9953,9953,-0.1925368293185488
9954,9954,-0.011804440604070406
9955,9955,-0.007981508177757503
9956,9956,-0.03664336180658545
9957,9957,-0.025176695458573595
9958,9958,-0.016476789790080538
9959,9959,-0.03491934187024895
9960,9960,-0.01733960220084336
9961,9961,-0.015258658942569392
9962,9962,-0.017404977610669198
9963,9963,-0.14377245165653463
9964,9964,-0.14421792509265174
9965,9965,-0.00043848050946865324
9966,9966,-0.20687822150099014
9967,9967,-0.034350096753756394
9968,9968,-0.3904473538880513
9969,9969,-0.02550276915805617
9970,9970,-0.1876984110433786
9971,9971,-0.013912399717413343
9972,9972,-0.030875887444995975
9973,9973,-0.20835328833635913
9974,9974,-0.1569797030315403
9975,9975,-0.10915049878375571
9976,9976,-0.02888960658864917
9977,9977,-0.2499986133058754
9978,9978,-0.13357871941922086
9979,9979,-0.09196413414319426
9980,9980,-0.001465490440085192
9981,9981,-0.07338468502238005
9982,9982,-0.27122904521913016
9983,9983,-0.03107481549415894
9984,9984,-0.10231714468986156
9985,9985,-0.04581848741306009
9986,9986,-0.004001951136483162
9987,9987,-0.045830753493860406
9988,9988,-0.03869917908292264
9989,9989,-0.0023696626069555984
9990,9990,-0.1483809643879468
9991,9991,-0.006101801817725072
9992,9992,-0.024722856750100247
9993,9993,-0.06267804804316235
9994,9994,-0.08827157876189518
9995,9995,-0.001083299668976835
9996,9996,-0.4482114924363607
9997,9997,-0.06165790691286012
9998,9998,-0.05399630029677249
9999,9999,-0.08121785170314988
10000,10000,-0.15166353748293837
10001,10001,-0.11056806733909141
10002,10002,-0.16127794389304076
10003,10003,-0.19985865278409964
10004,10004,-0.07054692537520069
10005,10005,-0.07868260200754706
10006,10006,-0.2018583197540309
10007,10007,-0.0009502152025354042
10008,10008,-0.11729825016756212
10009,10009,-0.04565472182806307
10010,10010,-0.04009695180602217
10011,10011,-0.25981960640234725
10012,10012,-0.0027555328816603053
10013,10013,-0.1405533610944483
10014,10014,-0.06826581683402314
10015,10015,-0.020012620003948996
10016,10016,-0.012372652182981114
10017,10017,-0.034778404494073545
10018,10018,-0.004704640224847623
10019,10019,-0.0068817360720388465
10020,10020,-0.09987658721156312
10021,10021,-0.16943737151980942
10022,10022,-0.1892100793004703
10023,10023,-0.09839348844394635
10024,10024,-0.0076167490051417056
10025,10025,-0.02347919855444247
10026,10026,-0.06671487509714791
10027,10027,-0.024795030634938705
10028,10028,-0.06316792361847234
10029,10029,-0.09360915812878956
10030,10030,-0.005585792658870221
10031,10031,-0.04199621454487382
10032,10032,-0.0033828185063479455
10033,10033,-0.039109626324069446
10034,10034,-0.0009487147531562529
10035,10035,-0.057604369427646795
10036,10036,-0.107833231865472
10037,10037,-0.03658274203372003
10038,10038,-0.006002403080125304
10039,10039,-0.026630937363511104
10040,10040,-0.06686098460488843
10041,10041,-0.09164859843301312
10042,10042,-0.15695953575726884
10043,10043,-0.002069853855981984
10044,10044,-0.040024369683935856
10045,10045,-0.12665552941248936
10046,10046,-0.00770461398436343
10047,10047,-0.0880857481014422
10048,10048,-0.06345982797312688
10049,10049,-0.0863140290507941
10050,10050,-0.012229522754062305
10051,10051,-0.06947353899137554
10052,10052,-0.0010932036283279878
10053,10053,-0.02917875592635783
10054,10054,-0.03363537633654101
10055,10055,-0.024901407481691624
10056,10056,-0.015315202136526195
10057,10057,-0.04530807965877348
10058,10058,-0.015284252067510225
10059,10059,-0.019160741478729593
10060,10060,-0.0012434343960447962
10061,10061,-0.02239291878389938
10062,10062,-0.040384590896490664
10063,10063,-0.09497818572157979
10064,10064,-0.09294887382697598
10065,10065,-0.06870153770985299
10066,10066,-0.09260326362049975
10067,10067,-0.05108559936734425
10068,10068,-0.053593773956372326
10069,10069,-0.05881142227827285
10070,10070,-0.006599264461882477
10071,10071,-0.05667154117877041
10072,10072,-0.067192125739307
10073,10073,-0.19855742268604004
10074,10074,-0.0819393691269732
10075,10075,-0.023050398811205186
10076,10076,-0.06386538558622423
10077,10077,-0.1802191537156822
10078,10078,-0.0029591195770337433
10079,10079,-0.030541438590156678
10080,10080,-0.05837754145715701
10081,10081,-0.23242214506919023
10082,10082,-0.04724687400477954
10083,10083,-0.21153919058089343
10084,10084,-0.12755847857927416
10085,10085,-0.22425686954969715
10086,10086,-0.079759794599253
10087,10087,-0.0035601580334281725
10088,10088,-0.3568177691139258
10089,10089,-0.11470389136091141
10090,10090,-0.1412773888272603
10091,10091,-0.24827006041811928
10092,10092,-0.17162362087912086
10093,10093,-0.06440645484730967
10094,10094,-0.07796508991145723
10095,10095,-0.029216756466321048
10096,10096,-0.08237625117232986
10097,10097,-0.005085941493834345
10098,10098,-0.19942190446879104
10099,10099,-0.038990775642298026
10100,10100,-0.09949112422168585
10101,10101,-0.05663963596709343
10102,10102,-0.3899067583197433
10103,10103,-0.09082440876639242
10104,10104,-0.11866117273734744
10105,10105,-0.014677536517627182
10106,10106,-0.020208305754782607
10107,10107,-0.030886683466881643
10108,10108,-0.03990527521605237
10109,10109,-0.04882712906707953
10110,10110,-0.07241916499376311
10111,10111,-0.09175435399883913
10112,10112,-0.13515417569081747
10113,10113,-0.008883992057753006
10114,10114,-0.1853447281594942
10115,10115,-0.07202407748372591
10116,10116,-0.06620401373405149
10117,10117,-0.08173287653553277
10118,10118,-0.17407159505922642
10119,10119,-0.07145601370540267
10120,10120,-0.0018070671262081506
10121,10121,-0.10238828571291991
10122,10122,-0.04341278722971886
10123,10123,-0.13222904283285278
10124,10124,-0.24180102544627247
10125,10125,-0.053843688651342064
10126,10126,-0.08792418766592824
10127,10127,-0.05714867108168653
10128,10128,-0.06049208269709716
10129,10129,-0.17863887581151383
10130,10130,-0.059563579922242156
10131,10131,-0.037468748659616476
10132,10132,-0.14565862079478908
10133,10133,-0.02477026869695964
10134,10134,-0.2103919486280355
10135,10135,-0.12558186483786443
10136,10136,-0.0024141647379869197
10137,10137,-0.18966728087311147
10138,10138,-0.04558328812397372
10139,10139,-0.05136954014030876
10140,10140,-0.1067113378393687
10141,10141,-0.019666171830371365
10142,10142,-0.038253380528075476
10143,10143,-0.08266779660091494
10144,10144,-0.12792954922058508
10145,10145,-0.021671864961537935
10146,10146,-0.019016817503132444
10147,10147,-0.33798554505767947
10148,10148,-0.12591753831276223
10149,10149,-0.019618475078428982
10150,10150,-0.04590485201386641
10151,10151,-0.033332586342401056
10152,10152,-0.23630976664974845
10153,10153,-0.06490272514863993
10154,10154,-0.05681402048843712
10155,10155,-0.0287090086183156
10156,10156,-0.12590915940158676
10157,10157,-0.1429500335735279
10158,10158,-0.04873764646679537
10159,10159,-0.009258555045109036
10160,10160,-0.07508534442638048
10161,10161,-0.15858722327837604
10162,10162,-0.20135590645791446
10163,10163,-0.04472802623029981
10164,10164,-0.12981722594690215
10165,10165,-0.020354241889986913
10166,10166,-0.018278884913324633
10167,10167,-0.025299076891310834
10168,10168,-0.02348095758976105
10169,10169,-0.3365485847021592
10170,10170,-0.37173632693124725
10171,10171,-0.016179586828195154
10172,10172,-0.1043490306043024
10173,10173,-0.0892792141952592
10174,10174,-0.10965843846254109
10175,10175,-0.09701168862972331
10176,10176,-0.07214250801255473
10177,10177,-0.03799477487623543
10178,10178,-0.17078938462613727
10179,10179,-0.034644074358555904
10180,10180,-0.2925881132911301
10181,10181,-0.026885449466114715
10182,10182,-0.10555053981062779
10183,10183,-0.032404243625947626
10184,10184,-0.1421921754764277
10185,10185,-0.03280062764516478
10186,10186,-0.18066513014554186
10187,10187,-0.0075782488300294715
10188,10188,-0.06536041709938134
10189,10189,-0.39758422013381534
10190,10190,-0.1297705162104461
10191,10191,-0.21982637668516603
10192,10192,-0.031062282862107105
10193,10193,-0.12305060074138519
10194,10194,-0.11749825123456557
10195,10195,-0.20859124893626657
10196,10196,-0.00922248751919208
10197,10197,-0.1370117914205382
10198,10198,-0.04976992074653522
10199,10199,-0.004706392797731024
10200,10200,-0.03925942651472209
10201,10201,-0.017437322187578985
10202,10202,-0.13047280001338146
10203,10203,-0.032225907602778436
10204,10204,-0.03884053209006588
10205,10205,-0.016368980354381796
10206,10206,-0.18847811135424408
10207,10207,-0.11774116423638026
10208,10208,-0.013807524646074265
10209,10209,-0.3944600148457553
10210,10210,-0.08313736301234687
10211,10211,-0.18765380445339
10212,10212,-0.0007714495901963297
10213,10213,-0.056499189315788456
10214,10214,-0.08249139520447502
10215,10215,-0.16170931665209143
10216,10216,-0.14883451078441334
10217,10217,-0.004974377717773544
10218,10218,-0.1370551172271015
10219,10219,-0.03301544851295335
10220,10220,-0.1460844017024332
10221,10221,-0.13263867499109816
10222,10222,-0.14437315267572615
10223,10223,-0.2864766735789974
10224,10224,-0.2233787850225224
10225,10225,-0.0634666870784355
10226,10226,-0.06168927897726606
10227,10227,-0.08231461007858742
10228,10228,-0.059495636570172934
10229,10229,-0.04933018349255036
10230,10230,-0.016468747475109652
10231,10231,-0.13937617137612446
10232,10232,-0.10175424666104294
10233,10233,-0.05597449334996619
10234,10234,-0.0649328214641729
10235,10235,-0.00041574893301792395
10236,10236,-0.0759121997700678
10237,10237,-0.12244225955768773
10238,10238,-0.0653422605060259
10239,10239,-0.06518787955246233
10240,10240,-0.045086957451137555
10241,10241,-0.14705002554041835
10242,10242,-0.011482225608982072
10243,10243,-0.2703198686620567
10244,10244,-0.14902569564251344
10245,10245,-0.21728498154359643
10246,10246,-0.025401162302378655
10247,10247,-0.17331620654582836
10248,10248,-0.30389241486290963
10249,10249,-0.012751924407346071
10250,10250,-0.3015475558381528
10251,10251,-0.10690068121178697
10252,10252,-0.028195566048953014
10253,10253,-0.008287690846851131
10254,10254,-0.1273734574713985
10255,10255,-0.08939732893604324
10256,10256,-0.1597156017127177
10257,10257,-0.13095471463124086
10258,10258,-0.018299094203334428
10259,10259,-0.08577182985661569
10260,10260,-0.009025012064820342
10261,10261,-0.031157296310933065
10262,10262,-0.024150006742053032
10263,10263,-0.03210170829168871
10264,10264,-0.03196497351614369
10265,10265,-0.062099046449823114
10266,10266,-0.12441973933157202
10267,10267,-0.2095025177428642
10268,10268,-0.020149679905150042
10269,10269,-0.07838961959287932
10270,10270,-0.0529516910463709
10271,10271,-0.1582047655720512
10272,10272,-0.060446012090091816
10273,10273,-0.09846184048687256
10274,10274,-0.0712479660146994
10275,10275,-0.07460658944967252
10276,10276,-0.03904569100688582
10277,10277,-0.04937199496742839
10278,10278,-0.06849389256309912
10279,10279,-0.025145144502998554
10280,10280,-0.14292057772705746
10281,10281,-0.05038703571680661
10282,10282,-0.12603293412777505
10283,10283,-0.09349381761655107
10284,10284,-0.06711028428313393
10285,10285,-0.08860383352280155
10286,10286,-0.005246738762858888
10287,10287,-0.013594108080454803
10288,10288,-0.051077399531129775
10289,10289,-0.134721124714396
10290,10290,-0.05387913295374247
10291,10291,-0.19891025653927707
10292,10292,-0.08205561281664188
10293,10293,-0.10655862070304112
10294,10294,-0.006286743648534321
10295,10295,-0.1179929423683781
10296,10296,-0.0320683311034321
10297,10297,-0.11545498769529708
10298,10298,-0.06750734133773806
10299,10299,-0.00686481944592357
10300,10300,-0.27763999629943714
10301,10301,-0.016830715726885992
10302,10302,-0.010518891368574453
10303,10303,-0.09365121868357962
10304,10304,-0.10971081540447836
10305,10305,-0.01403740535467807
10306,10306,-0.00926840439144663
10307,10307,-0.09945807326468392
10308,10308,-0.04483540291273602
10309,10309,-0.10149762216748037
10310,10310,-0.23091568818458486
10311,10311,-0.07108674388909345
10312,10312,-0.027797534123042755
10313,10313,-0.0005067627415045869
10314,10314,-0.17378420453106813
10315,10315,-0.027225560576818464
10316,10316,-0.04760612364678199
10317,10317,-0.009209438210959604
10318,10318,-0.004997853892364689
10319,10319,-0.0721144137815635
10320,10320,-0.14782028323241453
10321,10321,-0.14773074133608652
10322,10322,-0.042516135490348717
10323,10323,-0.08826279314529885
10324,10324,-0.139127919785051
10325,10325,-0.060647259413068255
10326,10326,-0.022122265943938513
10327,10327,-0.036173183078607396
10328,10328,-0.019909120830566424
10329,10329,-0.023922842804033895
10330,10330,-0.12962466637508507
10331,10331,-0.08228409649971846
10332,10332,-0.2380261815170166
10333,10333,-0.03918120240206602
10334,10334,-0.22324731290460775
10335,10335,-0.16580503282146275
10336,10336,-0.07937672636645357
10337,10337,-0.09647049616812586
10338,10338,-0.01841115911306275
10339,10339,-0.1257058787562061
10340,10340,-0.145078454755046
10341,10341,-0.042595912691141824
10342,10342,-0.076675845625922
10343,10343,-0.14752498698371597
10344,10344,-0.31975370942197756
10345,10345,-0.01518232465782221
10346,10346,-0.04348260130133786
10347,10347,-0.05026403135827595
10348,10348,-0.037966646584003616
10349,10349,-0.20712800210951832
10350,10350,-0.12066587469631651
10351,10351,-0.10188753646628346
10352,10352,-0.04435465324280685
10353,10353,-0.062862875230274
10354,10354,-0.12614409830573692
10355,10355,-0.03987710746324291
10356,10356,-0.3572862035467157
10357,10357,-0.3601041812186345
10358,10358,-0.010050784678898111
10359,10359,-0.1318383705728512
10360,10360,-0.040426153113987784
10361,10361,-0.23750778017984908
10362,10362,-0.08767031096708691
10363,10363,-0.09745748492664863
10364,10364,-0.12089569404004807
10365,10365,-0.19796084145438456
10366,10366,-0.05743507006251572
10367,10367,-0.018205161869513403
10368,10368,-0.13841666216657167
10369,10369,-0.2570969618037027
10370,10370,-0.06588838623146964
10371,10371,-0.22674153427664478
10372,10372,-0.008102675569231776
10373,10373,-0.0731936472643474
10374,10374,-0.021650875812711523
10375,10375,-0.034530019614314456
10376,10376,-0.02490055334188057
10377,10377,-0.25626308087565386
10378,10378,-0.09220023900538143
10379,10379,-0.14028624083075203
10380,10380,-0.2703088009650685
10381,10381,-0.051538521137565976
10382,10382,-0.01568787932187446
10383,10383,-0.022216131786156286
10384,10384,-0.06476447764696136
10385,10385,-0.3865161305505045
10386,10386,-0.02446247668368251
10387,10387,-0.04174594270425491
10388,10388,-0.13409338899299794
10389,10389,-0.01940287418807854
10390,10390,-0.1048114387282536
10391,10391,-0.09729419944688525
10392,10392,-0.01864212470141402
10393,10393,-0.02590100148851493
10394,10394,-0.031768183565182295
10395,10395,-0.23744061138580186
10396,10396,-0.014468310295246707
10397,10397,-0.18355934052819045
10398,10398,-0.0705560167584901
10399,10399,-0.0006882104428534777
10400,10400,-0.06433661262925883
10401,10401,-0.0028503317659935995
10402,10402,-0.00989686275198276
10403,10403,-0.05831461509586966
10404,10404,-0.06899185117221895
10405,10405,-0.04354651885032391
10406,10406,-0.043896446216143824
10407,10407,-0.04963595398260212
10408,10408,-0.015981922251955834
10409,10409,-0.005925661864835986
10410,10410,-0.09455920903911341
10411,10411,-0.03850160120903168
10412,10412,-0.04315432625094065
10413,10413,-0.07001289594909432
10414,10414,-0.010826367797554755
10415,10415,-0.3187639522073269
10416,10416,-0.0034747885415693305
10417,10417,-0.1754433426410973
10418,10418,-0.03439723005269512
10419,10419,-0.17035688367309565
10420,10420,-0.19339347879028823
10421,10421,-0.38511937895217985
10422,10422,-0.012013986071904986
10423,10423,-0.08047108240358558
10424,10424,-0.0950389200666969
10425,10425,-0.1656939961828261
10426,10426,-0.018128705826534836
10427,10427,-0.07544640101382116
10428,10428,-0.4766965665128584
10429,10429,-0.0970653705543435
10430,10430,-0.12059137930530162
10431,10431,-0.048176896498241445
10432,10432,-0.11069035453578557
10433,10433,-0.18667681594639737
10434,10434,-0.1836763331128387
10435,10435,-0.10616476829757637
10436,10436,-0.211245348040086
10437,10437,-0.0088163521294643
10438,10438,-0.015585706970328711
10439,10439,-0.014549997855745983
10440,10440,-0.028828489369154428
10441,10441,-0.1426073694388439
10442,10442,-0.024933541820599397
10443,10443,-0.08878100578899728
10444,10444,-0.1448823954532914
10445,10445,-0.049165432410814724
10446,10446,-0.08264188040498155
10447,10447,-0.12254284324588172
10448,10448,-0.12575210880923532
10449,10449,-0.15650716617528107
10450,10450,-0.07612519388619621
10451,10451,-0.07777177128735818
10452,10452,-0.09762676360240308
10453,10453,-0.16757757726648592
10454,10454,-0.2788472010331664
10455,10455,-0.016141718636559776
10456,10456,-0.031795329625256774
10457,10457,-0.02031188062816658
10458,10458,-0.07274935059252743
10459,10459,-0.10611015287544401
10460,10460,-0.1362126789453938
10461,10461,-0.055734864932056816
10462,10462,-0.020083204794721393
10463,10463,-0.028047089873726394
10464,10464,-0.16801572051407954
10465,10465,-0.13810682367759755
10466,10466,-0.0077410939912791014
10467,10467,-0.28664623918205656
10468,10468,-0.018482388971458374
10469,10469,-0.08068990112265928
10470,10470,-0.09390200049678435
10471,10471,-0.050663318770011845
10472,10472,-0.12665690752742206
10473,10473,-0.011573892563547045
10474,10474,-0.04177498787882018
10475,10475,-0.010268181429010231
10476,10476,-0.061921645770941974
10477,10477,-0.08464995566741118
10478,10478,-0.23050931022813714
10479,10479,-0.02146392651125606
10480,10480,-0.10327568283971303
10481,10481,-0.0024852762494846914
10482,10482,-0.10420145014650162
10483,10483,-0.020609268908053986
10484,10484,-0.0655802430509631
10485,10485,-0.030296389122192124
10486,10486,-0.20317701444848724
10487,10487,-0.03227253520058951
10488,10488,-0.02085661331959665
10489,10489,-0.23751137368748945
10490,10490,-0.05479159787769056
10491,10491,-0.30694502171267724
10492,10492,-0.017761371271764533
10493,10493,-0.05593135585187703
10494,10494,-0.22933699394904972
10495,10495,-0.0065935110412870535
10496,10496,-0.08841535775024628
10497,10497,-0.0006805933320022464
10498,10498,-0.08417072094177558
10499,10499,-0.02172757022007421
10500,10500,-0.3426306681068674
10501,10501,-0.04672113322488625
10502,10502,-0.12446861982711394
10503,10503,-0.1229198961104494
10504,10504,-0.0091394420353344
10505,10505,-0.0017364828349147742
10506,10506,-0.006311962744493339
10507,10507,-0.07701469734785338
10508,10508,-0.0651373894059077
10509,10509,-0.15942668361420909
10510,10510,-0.002786522617501015
10511,10511,-0.01627321485811728
10512,10512,-0.011426697529673291
10513,10513,-0.1187929270262651
10514,10514,-0.04852174050496105
10515,10515,-0.2585670250429636
10516,10516,-0.463400079287144
10517,10517,-0.2137001632327884
10518,10518,-0.014523372623558246
10519,10519,-0.05773193545621794
10520,10520,-0.031244011759765322
10521,10521,-0.03938579824859234
10522,10522,-0.08928474269141251
10523,10523,-0.14660555744818737
10524,10524,-0.01919825392458175
10525,10525,-0.02652988324724368
10526,10526,-0.16611347603443793
10527,10527,-0.015176263406701002
10528,10528,-0.16192251550005843
10529,10529,-0.00542798625071253
10530,10530,-0.11689055684114269
10531,10531,-0.044699652733762196
10532,10532,-0.2665055114224959
10533,10533,-0.047010249709969476
10534,10534,-0.07715674947528761
10535,10535,-0.12213877064046363
10536,10536,-0.18312011176256426
10537,10537,-0.21959322234291223
10538,10538,-0.05059094516581242
10539,10539,-0.026124644898761387
10540,10540,-0.28569714750128483
10541,10541,-0.04281186228018152
10542,10542,-0.1913867020468718
10543,10543,-0.033575749208972466
10544,10544,-0.04991664089511627
10545,10545,-0.014069373751578268
10546,10546,-0.10574216020477145
10547,10547,-0.02182650287605059
10548,10548,-0.2497086115788144
10549,10549,-0.43637177570576746
10550,10550,-0.040149516747069354
10551,10551,-0.011046396917794965
10552,10552,-0.12133551609682502
10553,10553,-0.06651209842914307
10554,10554,-0.02210626971654251
10555,10555,-0.07288861808554703
10556,10556,-0.234702047682811
10557,10557,-0.058401146264730475
10558,10558,-0.00712794362748197
10559,10559,-0.004680182941737249
10560,10560,-0.056022536621934266
10561,10561,-0.1951003468363144
10562,10562,-0.0239919963413594
10563,10563,-0.001435384122442103
10564,10564,-0.0797246575176952
10565,10565,-0.06980933219169685
10566,10566,-0.0047406098099218585
10567,10567,-0.17840455737169253
10568,10568,-0.051282382332396015
10569,10569,-0.02152431383587683
10570,10570,-0.02280790019850723
10571,10571,-0.11221240574936298
10572,10572,-0.25153938213466676
10573,10573,-0.22494733940296108
10574,10574,-0.01881510402679276
10575,10575,-0.07122303670910635
10576,10576,-0.015232575083829247
10577,10577,-0.03861987091484467
10578,10578,-0.3939465957406356
10579,10579,-0.03065241713290759
10580,10580,-0.1175900638565146
10581,10581,-0.05390099121928629
10582,10582,-0.04304708637022798
10583,10583,-0.010176401244080369
10584,10584,-0.05044829568445053
10585,10585,-0.020358254437040313
10586,10586,-0.1757008719932518
10587,10587,-0.13774349982568923
10588,10588,-0.040077905179676465
10589,10589,-0.19976775057362062
10590,10590,-0.21455376154589034
10591,10591,-0.07797634049849415
10592,10592,-0.04098491268560479
10593,10593,-0.09782282350646698
10594,10594,-0.10214055080225981
10595,10595,-0.09636073869739947
10596,10596,-0.07417191595529893
10597,10597,-0.0063340047809843925
10598,10598,-0.03507102593978262
10599,10599,-0.0303359376233632
10600,10600,-0.03701756511666882
10601,10601,-0.14256944123224546
10602,10602,-0.05088161879973907
10603,10603,-0.06247411356705834
10604,10604,-0.1484356030204772
10605,10605,-0.018508666915650902
10606,10606,-0.0483800716206593
10607,10607,-0.23230709117477943
10608,10608,-0.027739289400509515
10609,10609,-0.15075995731425396
10610,10610,-0.04374146864182382
10611,10611,-0.02389185420918427
10612,10612,-0.06728418185604446
10613,10613,-0.020761081496286082
10614,10614,-0.12449575826831927
10615,10615,-0.000706565672908022
10616,10616,-0.17039688749363638
10617,10617,-0.08285230812285482
10618,10618,-0.10580262311021127
10619,10619,-0.12850656390245477
10620,10620,-0.002324501723249318
10621,10621,-0.15867266326149343
10622,10622,-0.20750005679600214
10623,10623,-0.06758081844906771
10624,10624,-0.11113552528048379
10625,10625,-0.03160773207478951
10626,10626,-0.05057464646155741
10627,10627,-0.03999906403192144
10628,10628,-0.07626982616779554
10629,10629,-0.08107797394205934
10630,10630,-0.021154185098998274
10631,10631,-0.22354610290455848
10632,10632,-0.022731006993983116
10633,10633,-0.14887841757835085
10634,10634,-0.002064754362269064
10635,10635,-0.010752980455275424
10636,10636,-0.23330861712760687
10637,10637,-0.01490608598308097
10638,10638,-0.04722226679470805
10639,10639,-0.13093485096690616
10640,10640,-0.051173221872716224
10641,10641,-0.039852197783774024
10642,10642,-0.8808163120606256
10643,10643,-0.126600756234435
10644,10644,-0.04009847701718508
10645,10645,-0.23633694033620423
10646,10646,-0.018040881818843342
10647,10647,-0.05713162520638981
10648,10648,-0.07144143049102658
10649,10649,-0.0837226618313448
10650,10650,-0.01955425244765399
10651,10651,-0.04543658384432032
10652,10652,-0.0054594834924107105
10653,10653,-0.05321856871852216
10654,10654,-0.279708539620521
10655,10655,-0.06384909284239315
10656,10656,-0.2153651677660613
10657,10657,-0.007570121050803015
10658,10658,-0.2448254889856316
10659,10659,-0.3247394196994158
10660,10660,-0.07529933026815167
10661,10661,-0.012337915090012782
10662,10662,-0.056851702850607144
10663,10663,-0.022900914059506033
10664,10664,-0.030393022129770242
10665,10665,-0.1712795811645772
10666,10666,-0.07841191814150428
10667,10667,-0.03156419724841375
10668,10668,-0.2034079770649414
10669,10669,-0.03259795698058332
10670,10670,-0.05315699779765071
10671,10671,-0.19339990941589535
10672,10672,-0.04336618486712285
10673,10673,-0.029532604629717657
10674,10674,-0.07132318797468085
10675,10675,-0.035051769186024484
10676,10676,-0.008599893920551521
10677,10677,-0.39210251962605414
10678,10678,-0.0520668965547344
10679,10679,-0.036492795347019796
10680,10680,-0.018465254246514462
10681,10681,-0.026177274408401677
10682,10682,-0.04838621585152858
10683,10683,-0.27650876743304353
10684,10684,-0.0058593819980714175
10685,10685,-0.021718929841944234
10686,10686,-0.06725073478967447
10687,10687,-0.14581346234565773
10688,10688,-0.010177559819552512
10689,10689,-0.024167277841600346
10690,10690,-0.18024990946716912
10691,10691,-0.05449230819401241
10692,10692,-0.048935531011086414
10693,10693,-0.1084590209818348
10694,10694,-0.08712836204897184
10695,10695,-0.022111869560410558
10696,10696,-0.06104684381367509
10697,10697,-0.08452001674178133
10698,10698,-0.08929715301278751
10699,10699,-0.008292357767079317
10700,10700,-0.13262055931462557
10701,10701,-0.02463975781435146
10702,10702,-0.040834837437828786
10703,10703,-0.08930699831280453
10704,10704,-0.20178686618876632
10705,10705,-0.0014772077503064154
10706,10706,-0.034833500278458246
10707,10707,-0.0715231999134276
10708,10708,-0.23470152450202564
10709,10709,-0.16381301827261874
10710,10710,-0.019823374620870294
10711,10711,-0.1473139762257195
10712,10712,-0.008640461304517346
10713,10713,-0.03563030447788846
10714,10714,-0.3055790529461594
10715,10715,-0.028692547660926
10716,10716,-0.019384182926240556
10717,10717,-0.017192743740105182
10718,10718,-0.0779737569359581
10719,10719,-0.10701968107529325
10720,10720,-0.039636283303713604
10721,10721,-0.024358223191072087
10722,10722,-0.10058084608078072
10723,10723,-0.0016222418290076784
10724,10724,-0.008809233676398055
10725,10725,-0.027177856747165306
10726,10726,-0.28767486120897623
10727,10727,-0.050704374888213555
10728,10728,-0.053665832742045616
10729,10729,-0.09805460741846383
10730,10730,-0.11562658155646677
10731,10731,-0.22513828812762648
10732,10732,-0.06638444739178351
10733,10733,-0.03074961266803395
10734,10734,-0.03623359907404122
10735,10735,-0.016912462847651494
10736,10736,-0.03783986832238731
10737,10737,-0.00299647789924533
10738,10738,-0.05758280395280571
10739,10739,-0.285853938865277
10740,10740,-0.12074689588770049
10741,10741,-0.020966868626404178
10742,10742,-0.024251278174619778
10743,10743,-0.05605741868995873
10744,10744,-0.011551829989035062
10745,10745,-0.0364587095578765
10746,10746,-0.005450718273561535
10747,10747,-0.033933273241704316
10748,10748,-0.0016390943032678212
10749,10749,-0.17769715778665063
10750,10750,-0.13530760729955382
10751,10751,-0.13248536161891444
10752,10752,-0.0032303261252628864
10753,10753,-0.14930606987308614
10754,10754,-0.09447549128994703
10755,10755,-0.18209285306447898
10756,10756,-0.023294060072610173
10757,10757,-0.07115945735380369
10758,10758,-0.18612957517221165
10759,10759,-0.058855214070528405
10760,10760,-0.1216393634997992
10761,10761,-0.11188243421767566
10762,10762,-0.0009304505899605311
10763,10763,-0.005616551503728896
10764,10764,-0.0005331712475305037
10765,10765,-0.09804746535286324
10766,10766,-0.012603282516197419
10767,10767,-0.050444127855191145
10768,10768,-0.21668312029232528
10769,10769,-0.009763770030958657
10770,10770,-0.04778059175970073
10771,10771,-0.05671177293028595
10772,10772,-0.014374628779696213
10773,10773,-0.033194125620141575
10774,10774,-0.001002201525387107
10775,10775,-0.02620232192977401
10776,10776,-0.04084667698365088
10777,10777,-0.015517676066317128
10778,10778,-0.36421380867714226
10779,10779,-0.3528433077461415
10780,10780,-0.15064298996709802
10781,10781,-0.08049521758192402
10782,10782,-0.1158309314087217
10783,10783,-0.0801598506387512
10784,10784,-0.0025962658489906715
10785,10785,-0.020321676179768766
10786,10786,-0.1443345725119678
10787,10787,-0.04123010152711659
10788,10788,-0.14351237154034996
10789,10789,-0.010017826950089188
10790,10790,-0.020935847841578953
10791,10791,-0.09515881733183651
10792,10792,-0.11535828213683263
10793,10793,-0.08298957158899967
10794,10794,-0.061050085681291694
10795,10795,-0.02866510537953429
10796,10796,-0.3765110301017379
10797,10797,-0.006754412203204413
10798,10798,-0.05343454651755988
10799,10799,-0.05732458093719295
10800,10800,-0.03046909555170496
10801,10801,-0.04639631761160423
10802,10802,-0.040062725818583306
10803,10803,-0.0016137256974539937
10804,10804,-0.04248166793775321
10805,10805,-0.12711918545040257
10806,10806,-0.11845993080522657
10807,10807,-0.028147277632514484
10808,10808,-0.17301056477602927
10809,10809,-0.05113174374784885
10810,10810,-0.20176144530699908
10811,10811,-0.05603750066840853
10812,10812,-0.0844946286147863
10813,10813,-0.07991152380902669
10814,10814,-0.019285137653290763
10815,10815,-0.028686468732635376
10816,10816,-0.05583592123562342
10817,10817,-0.026020133811629487
10818,10818,-0.09392725411901781
10819,10819,-0.03541214210662036
10820,10820,-0.0670260539650771
10821,10821,-0.13976112609943314
10822,10822,-0.06123091617138668
10823,10823,-0.022001713746341967
10824,10824,-0.023024820435495315
10825,10825,-0.05032926614894187
10826,10826,-0.19844397168091524
10827,10827,-0.1066942738185781
10828,10828,-0.025181002868875924
10829,10829,-0.024300966802905166
10830,10830,-0.01863739106635856
10831,10831,-0.3556624864076685
10832,10832,-0.055233566917526816
10833,10833,-0.08949482357985872
10834,10834,-0.11847183109515047
10835,10835,-0.1369183599424284
10836,10836,-0.07000693963216742
10837,10837,-0.06744509376887331
10838,10838,-0.061344386686540964
10839,10839,-0.11519056689022378
10840,10840,-0.020624209502927877
10841,10841,-0.06493531479560277
10842,10842,-0.10782841273615709
10843,10843,-0.012725518089347992
10844,10844,-0.001049324513206718
10845,10845,-0.19993779356644348
10846,10846,-0.008312987289282925
10847,10847,-0.13200607401758235
10848,10848,-0.23414894383240636
10849,10849,-0.030274966653613067
10850,10850,-0.06728778048116502
10851,10851,-0.009847385769660657
10852,10852,-0.008331551491110069
10853,10853,-0.13027125167525827
10854,10854,-0.11117175437769777
10855,10855,-0.08827510979905233
10856,10856,-0.1606133694672317
10857,10857,-0.0831007745244059
10858,10858,-0.021316347130539565
10859,10859,-0.1227629725877808
10860,10860,-0.008580009552436362
10861,10861,-0.022775208672905306
10862,10862,-0.09482818683990069
10863,10863,-0.013317803428062353
10864,10864,-0.10769281414882148
10865,10865,-0.07231701133309068
10866,10866,-0.028760584933056443
10867,10867,-0.1870185066514961
10868,10868,-0.13177318638217805
10869,10869,-0.0011814687537701
10870,10870,-0.1874541090989692
10871,10871,-0.07296409272638596
10872,10872,-0.16250739239284784
10873,10873,-0.13644336104728666
10874,10874,-0.04396143661243319
10875,10875,-0.01757833308382767
10876,10876,-0.11768719720592902
10877,10877,-0.09264938508233922
10878,10878,-0.10049418331357263
10879,10879,-0.07585516097618294
10880,10880,-0.014597283248469935
10881,10881,-0.11162872487089895
10882,10882,-0.12586284726598243
10883,10883,-0.11969549007183888
10884,10884,-0.010867738988864506
10885,10885,-0.04304901590156229
10886,10886,-0.03164895188300343
10887,10887,-0.11347677757352381
10888,10888,-0.17942978097128703
10889,10889,-0.05615656165006
10890,10890,-0.13061572110624953
10891,10891,-0.027443979205037078
10892,10892,-0.05523333537156033
10893,10893,-0.03916550738739932
10894,10894,-0.18391494082596616
10895,10895,-0.07833538427622921
10896,10896,-0.07123419684891524
10897,10897,-0.01014015853203832
10898,10898,-0.000927692857319283
10899,10899,-0.07609174162208365
10900,10900,-0.10924545117391748
10901,10901,-0.018245074784158932
10902,10902,-0.18322800479073642
10903,10903,-0.025048417317208756
10904,10904,-0.19929251371184842
10905,10905,-0.12584243902107686
10906,10906,-0.014841381274913745
10907,10907,-0.28209673296890836
10908,10908,-0.16814908058390365
10909,10909,-0.22200129798638102
10910,10910,-0.22659039245492574
10911,10911,-0.08193189138176615
10912,10912,-0.07757420164338003
10913,10913,-0.040642587770825966
10914,10914,-0.145907591222172
10915,10915,-0.04420338960479933
10916,10916,-0.10270367499135935
10917,10917,-0.09318147684424938
10918,10918,-0.0028005376371759306
10919,10919,-0.03181366402497103
10920,10920,-0.24718027276454002
10921,10921,-0.22147807657177632
10922,10922,-0.02349100274631477
10923,10923,-0.47118690745502123
10924,10924,-0.086687921395884
10925,10925,-0.18707745548169763
10926,10926,-0.018103809880463256
10927,10927,-0.009207200338180462
10928,10928,-0.03111211197266997
10929,10929,-0.012011364249382012
10930,10930,-0.3376398874212083
10931,10931,-0.004143613252591306
10932,10932,-0.09708217329853719
10933,10933,-0.4917192227304401
10934,10934,-0.010313676549811256
10935,10935,-0.000707131785922719
10936,10936,-0.02269880637311545
10937,10937,-0.029235812360708935
10938,10938,-0.27646994881371223
10939,10939,-0.09935834570257385
10940,10940,-0.3670668548807261
10941,10941,-0.34314800226211384
10942,10942,-0.1296291188073866
10943,10943,-0.012335703544817618
10944,10944,-0.2406642490997517
10945,10945,-0.014733808840189294
10946,10946,-0.06646433908329863
10947,10947,-0.14749861801803033
10948,10948,-0.3104784461751553
10949,10949,-0.06142263423682473
10950,10950,-0.07490547652458174
10951,10951,-0.006431968186553817
10952,10952,-0.08829044530101193
10953,10953,-0.05638127520014935
10954,10954,-0.12186281713813418
10955,10955,-0.020748489313746732
10956,10956,-0.009434206432903963
10957,10957,-0.17161051133630822
10958,10958,-0.06279957244871825
10959,10959,-0.1289888685184568
10960,10960,-0.10906233286629075
10961,10961,-0.25024220910865047
10962,10962,-0.06451180927835853
10963,10963,-0.1314467339858292
10964,10964,-0.19690024618596036
10965,10965,-0.00047335733155819994
10966,10966,-0.22909475693191128
10967,10967,-0.013349821745608621
10968,10968,-0.06315022427208838
10969,10969,-0.08823173690838838
10970,10970,-0.10306261392640581
10971,10971,-0.008063865522058936
10972,10972,-0.00808500820232505
10973,10973,-0.006937473752159674
10974,10974,-0.003568452273525931
10975,10975,-0.15032657489278467
10976,10976,-0.20680707368045725
10977,10977,-0.11854474834086526
10978,10978,-0.23441758742037466
10979,10979,-0.020501670073102024
10980,10980,-0.15976174451490444
10981,10981,-0.1842217470507923
10982,10982,-0.08594775734038151
10983,10983,-0.011082573692960188
10984,10984,-0.04360231699826411
10985,10985,-0.10948859507558403
10986,10986,-0.04362811938858557
10987,10987,-0.10686262017656611
10988,10988,-0.06119316061687963
10989,10989,-0.06687930325057012
10990,10990,-0.03035513701782528
10991,10991,-0.07771502980993183
10992,10992,-0.2589306588323126
10993,10993,-0.05243415215491612
10994,10994,-0.09408412457887128
10995,10995,-0.29986236455803744
10996,10996,-0.02651937701744414
10997,10997,-0.003960200294852952
10998,10998,-0.0220738699434625
10999,10999,-0.0069904094158743536
11000,11000,-0.004297963341135283
11001,11001,-0.050858547548117916
11002,11002,-0.0309163951524557
11003,11003,-0.15359260273422315
11004,11004,-0.04279617646767833
11005,11005,-0.048135570809820116
11006,11006,-0.2825094716276233
11007,11007,-0.07457797325149074
11008,11008,-0.08919605875920056
11009,11009,-0.0022959015512571557
11010,11010,-0.13623467826798796
11011,11011,-0.2348829083305426
11012,11012,-0.13986939912089946
11013,11013,-0.16277349706061317
11014,11014,-0.11653335478766991
11015,11015,-0.059983095362344585
11016,11016,-0.0008987617828254729
11017,11017,-0.03190470415158286
11018,11018,-0.007669625686670428
11019,11019,-0.032146347163280464
11020,11020,-0.03867860616611199
11021,11021,-0.020535382760279663
11022,11022,-0.09655951350891145
11023,11023,-0.1949151048178608
11024,11024,-0.03217950076607681
11025,11025,-0.029045989905596703
11026,11026,-0.06510514764433409
11027,11027,-0.02048350651151498
11028,11028,-0.03522122777742179
11029,11029,-0.0051502331101465825
11030,11030,-0.136282360203968
11031,11031,-0.04864380329047225
11032,11032,-0.12044739779232616
11033,11033,-0.18167850924880646
11034,11034,-0.3181157562923459
11035,11035,-0.06102649177694329
11036,11036,-0.003754815858227546
11037,11037,-0.0022915188118429203
11038,11038,-0.09944318231113636
11039,11039,-0.12777648264915076
11040,11040,-0.006471602765977115
11041,11041,-0.03652276767216967
11042,11042,-0.15788251973087952
11043,11043,-0.14363355976947112
11044,11044,-0.12457795911347624
11045,11045,-0.028060430957782885
11046,11046,-0.029271748130439423
11047,11047,-0.0988594458394787
11048,11048,-0.1292018075415201
11049,11049,-0.009218130483909459
11050,11050,-0.2054444339551016
11051,11051,-0.024718205334524623
11052,11052,-0.2326242389895743
11053,11053,-0.048599642531217874
11054,11054,-0.11806266704807625
11055,11055,-0.04716928229618178
11056,11056,-0.16030936550731856
11057,11057,-0.008726324493060683
11058,11058,-0.060628793616932075
11059,11059,-0.0014532846227253704
11060,11060,-0.0964041961587801
11061,11061,-0.05522959334230482
11062,11062,-0.03508200294504793
11063,11063,-0.06384414526144555
11064,11064,-0.24262853759217684
11065,11065,-0.035847825312266934
11066,11066,-0.06792560446897047
11067,11067,-0.09302507941116825
11068,11068,-0.010189083858069936
11069,11069,-0.18297810240586276
11070,11070,-0.027627605413455224
11071,11071,-0.008044924665483264
11072,11072,-0.15042057111967466
11073,11073,-0.1363162568054828
11074,11074,-0.12611797623321275
11075,11075,-0.06864618072197073
11076,11076,-0.3016410395493274
11077,11077,-0.04310339976538036
11078,11078,-0.3059226876944372
11079,11079,-0.026293745075368413
11080,11080,-0.13067484166989463
11081,11081,-0.011733782161562206
11082,11082,-0.04627676581323803
11083,11083,-0.00014850188340192376
11084,11084,-0.07113052531662734
11085,11085,-0.05566149237085194
11086,11086,-0.011788952399129748
11087,11087,-0.18035411001051393
11088,11088,-0.1047116398169976
11089,11089,-0.008992367483821373
11090,11090,-0.38911448436437057
11091,11091,-0.04423089209050046
11092,11092,-0.07266084586934785
11093,11093,-0.0028444985468355955
11094,11094,-0.050607240143085375
11095,11095,-0.2546590498721284
11096,11096,-0.0008299073380227395
11097,11097,-0.12125413356936088
11098,11098,-0.10296217969916643
11099,11099,-0.2021249208743061
11100,11100,-0.03757634667632432
11101,11101,-0.0357327332177605
11102,11102,-0.05854082392683793
11103,11103,-0.10777128616196174
11104,11104,-0.031105861538214846
11105,11105,-0.15896519342392423
11106,11106,-0.09772444470149078
11107,11107,-0.13956710125300653
11108,11108,-0.06980759790750035
11109,11109,-0.03864840233022149
11110,11110,-0.2988603749865658
11111,11111,-0.009847500828881778
11112,11112,-0.10745682257814337
11113,11113,-0.13043885652254694
11114,11114,-0.05093841643936081
11115,11115,-0.04610097426798559
11116,11116,-0.029506098965198096
11117,11117,-0.08535205579853822
11118,11118,-0.07417861194553055
11119,11119,-0.06866801662428881
11120,11120,-0.16761933373022064
11121,11121,-0.022071218009799498
11122,11122,-0.01733418911827045
11123,11123,-0.009300094416945376
11124,11124,-0.00504957178687407
11125,11125,-0.006448910865865409
11126,11126,-0.27106507930079105
11127,11127,-0.03191734633018728
11128,11128,-0.06794451815043445
11129,11129,-0.19946307517268247
11130,11130,-0.032169792388757834
11131,11131,-0.19664667147780168
11132,11132,-0.06953512927806937
11133,11133,-0.057472479022878026
11134,11134,-0.18438031673778887
11135,11135,-0.05804535321363602
11136,11136,-0.0022656322072003854
11137,11137,-0.1196342503965333
11138,11138,-0.24181761711734312
11139,11139,-0.006417365826066251
11140,11140,-0.04658883995931515
11141,11141,-0.0320283851884339
11142,11142,-0.199691329916869
11143,11143,-0.027747000183306142
11144,11144,-0.08539407383265862
11145,11145,-0.05565588270011235
11146,11146,-0.02564416057057195
11147,11147,-0.029174284310278284
11148,11148,-0.10448072163333422
11149,11149,-0.009030621609299912
11150,11150,-0.036835960088274194
11151,11151,-0.00641742650912825
11152,11152,-0.1722864316736451
11153,11153,-0.12153457773724077
11154,11154,-0.07606823670397908
11155,11155,-0.008981707879305774
11156,11156,-0.03238014052164273
11157,11157,-0.02400475796041243
11158,11158,-0.22896809057607673
11159,11159,-0.04732651668641674
11160,11160,-0.3601544036523966
11161,11161,-0.05795588805636298
11162,11162,-0.09952847310273241
11163,11163,-0.1672312133596514
11164,11164,-0.15780406253959578
11165,11165,-0.29946842903401105
11166,11166,-0.032419521375482235
11167,11167,-0.007762107497611553
11168,11168,-0.1432781582796131
11169,11169,-0.00011444502334645879
11170,11170,-0.019456828194308273
11171,11171,-0.06411010129500896
11172,11172,-0.20928583236175147
11173,11173,-0.14523698442991506
11174,11174,-0.20744169807528845
11175,11175,-0.04515857411161853
11176,11176,-0.05993879717073769
11177,11177,-0.04210047214633594
11178,11178,-0.17202626899476614
11179,11179,-0.26960947191336837
11180,11180,-0.04386488800720745
11181,11181,-0.07645322080042982
11182,11182,-0.0001767514652337744
11183,11183,-0.06137128421060803
11184,11184,-0.10796900526686815
11185,11185,-0.217339920161864
11186,11186,-0.16793194109639586
11187,11187,-0.03311765130126884
11188,11188,-0.07824730425437654
11189,11189,-0.0356103438978104
11190,11190,-0.04892816167108072
11191,11191,-0.012840328601314455
11192,11192,-0.033162532977938614
11193,11193,-0.05184698598158821
11194,11194,-0.1887497154716784
11195,11195,-0.10572882580737145
11196,11196,-0.018625989759722957
11197,11197,-0.04927431957636744
11198,11198,-0.17630219404748182
11199,11199,-0.06638358207018114
11200,11200,-0.09716259319636267
11201,11201,-0.042645665366245984
11202,11202,-0.0473691059403536
11203,11203,-0.09198653825558589
11204,11204,-0.11364980304615901
11205,11205,-0.0305618194289341
11206,11206,-0.10823725088911162
11207,11207,-0.03476075856277927
11208,11208,-0.007979282003566464
11209,11209,-0.0012325998491826088
11210,11210,-0.19386872643943898
11211,11211,-0.027921195202245303
11212,11212,-0.27678648351899104
11213,11213,-0.12862610487673232
11214,11214,-0.16522972122344903
11215,11215,-0.12757166315341184
11216,11216,-0.02395748789632582
11217,11217,-0.2698237052215724
11218,11218,-0.12118213740873962
11219,11219,-0.010954510536064999
11220,11220,-0.23126983531244472
11221,11221,-0.06013546232449632
11222,11222,-0.038883661728113667
11223,11223,-0.1399703923898259
11224,11224,-0.16139517568523776
11225,11225,-0.10457836459748526
11226,11226,-0.19303066416521297
11227,11227,-0.013575246046298513
11228,11228,-0.10616017451767279
11229,11229,-0.0102751604542487
11230,11230,-0.10751946922905473
11231,11231,-0.03279731939064892
11232,11232,-0.02624550921810931
11233,11233,-0.06821919530308673
11234,11234,-0.08063543717726818
11235,11235,-0.037650275936863764
11236,11236,-0.1571863651985872
11237,11237,-0.05258285230042173
11238,11238,-0.008561229216329874
11239,11239,-0.10916547531124587
11240,11240,-0.05278362738208486
11241,11241,-0.2612520148901485
11242,11242,-0.0028705757629770012
11243,11243,-0.36024071964659043
11244,11244,-0.18814965542902629
11245,11245,-0.05839571099896246
11246,11246,-0.07718559866982
11247,11247,-0.01727764000351107
11248,11248,-0.015363482539362955
11249,11249,-0.0756991169074267
11250,11250,-0.304442473600524
11251,11251,-0.14376473072486284
11252,11252,-0.03204474590661832
11253,11253,-0.12726805884244685
11254,11254,-0.1508267372583455
11255,11255,-0.01609142761970006
11256,11256,-0.05156207149643466
11257,11257,-0.21871899427346808
11258,11258,-0.05626941600355062
11259,11259,-0.053900601883647536
11260,11260,-0.020998355277701893
11261,11261,-0.21863427300051974
11262,11262,-0.1766722485437544
11263,11263,-0.026773585069982397
11264,11264,-0.09665557617646828
11265,11265,-0.05480964959220777
11266,11266,-0.0704515146759257
11267,11267,-0.2780319318804545
11268,11268,-0.145024806942355
11269,11269,-0.08268192017992171
11270,11270,-0.11186684870779917
11271,11271,-0.013625067586014894
11272,11272,-0.10667466695622796
11273,11273,-0.0373277678882844
11274,11274,-0.0012401828357979164
11275,11275,-0.1903897593016688
11276,11276,-0.21172912612562556
11277,11277,-0.15372926779858398
11278,11278,-0.05364451740436016
11279,11279,-0.1339321954241801
11280,11280,-0.05506191194048604
11281,11281,-0.11776961349925053
11282,11282,-0.016095892831009935
11283,11283,-0.019711510301189117
11284,11284,-0.08436292002632628
11285,11285,-0.12643737167219504
11286,11286,-0.0850664536838619
11287,11287,-0.0009465122830776035
11288,11288,-0.003440647390029731
11289,11289,-0.026525703597681805
11290,11290,-0.00864655480245849
11291,11291,-0.07779497013304641
11292,11292,-0.02668483811879352
11293,11293,-0.0677158062990526
11294,11294,-0.03206764248162597
11295,11295,-0.17203626918177983
11296,11296,-0.012084636831962552
11297,11297,-0.04440351491779196
11298,11298,-0.06171372231063721
11299,11299,-0.02537000696401038
11300,11300,-0.15671962721944022
11301,11301,-0.0852415126635038
11302,11302,-0.06239216763863502
11303,11303,-0.10752837386235559
11304,11304,-0.14597232885513955
11305,11305,-0.029190776568186694
11306,11306,-0.026025088600992185
11307,11307,-0.07795310612447226
11308,11308,-0.07860013958414547
11309,11309,-0.15917163882073115
11310,11310,-0.17173345877536805
11311,11311,-0.04724745594277754
11312,11312,-0.0019833415510637775
11313,11313,-0.04969101078019558
11314,11314,-0.07202204186290795
11315,11315,-0.02605985582286252
11316,11316,-0.27187990326936706
11317,11317,-0.07281669942406105
11318,11318,-0.0070141066585986955
11319,11319,-0.043859005311517874
11320,11320,-0.1346984627468708
11321,11321,-0.07148079552939823
11322,11322,-0.05769837855091753
11323,11323,-0.03167217482997989
11324,11324,-0.30811540111200886
11325,11325,-0.1332672569767981
11326,11326,-0.016173407267254143
11327,11327,-0.009949212661775175
11328,11328,-0.08678356147276256
11329,11329,-0.041713577321481066
11330,11330,-0.14541128385212876
11331,11331,-0.03495609956078489
11332,11332,-0.20004174007669384
11333,11333,-0.06687303759492613
11334,11334,-0.003724655493211361
11335,11335,-0.11047454977116733
11336,11336,-0.02644426443950594
11337,11337,-0.13899553362154116
11338,11338,-0.013983082985364536
11339,11339,-0.3022698728075923
11340,11340,-0.11983620300097897
11341,11341,-0.02675748749089657
11342,11342,-0.05234443834974911
11343,11343,-0.16216399287458938
11344,11344,-0.10669620330626461
11345,11345,-0.1224800072013138
11346,11346,-0.016779859699149108
11347,11347,-0.06359069696750444
11348,11348,-0.004178224100121449
11349,11349,-0.09779146926360494
11350,11350,-0.06679082489095567
11351,11351,-0.015467609252934
11352,11352,-0.015386609148365454
11353,11353,-0.11217003089071831
11354,11354,-0.09600748709645046
11355,11355,-0.14618359465397537
11356,11356,-0.06855554655747104
11357,11357,-0.05855345168535522
11358,11358,-0.35858057732325144
11359,11359,-0.0023469941738669
11360,11360,-0.03569889019245945
11361,11361,-0.08427259578784518
11362,11362,-0.09632385741904248
11363,11363,-0.07307732768875086
11364,11364,-0.06211209154892039
11365,11365,-0.059305780563340016
11366,11366,-0.005701927585890949
11367,11367,-0.16367220309619235
11368,11368,-0.11691792548952032
11369,11369,-0.027658275001151034
11370,11370,-0.007251737191852105
11371,11371,-0.0026486525713919212
11372,11372,-0.018148611129832348
11373,11373,-0.00304388702919179
11374,11374,-0.026240441229179512
11375,11375,-0.07082948745366358
11376,11376,-0.12432388077366652
11377,11377,-0.010352292253393652
11378,11378,-0.009782851941579858
11379,11379,-0.15330862224178965
11380,11380,-0.020358281700794262
11381,11381,-0.07614240261603122
11382,11382,-0.09595865222561617
11383,11383,-0.09619169918480053
11384,11384,-0.004542976142906996
11385,11385,-0.003963522518442571
11386,11386,-0.542752027265323
11387,11387,-0.03670326995205697
11388,11388,-0.06272530009819555
11389,11389,-0.01098941125970488
11390,11390,-0.012903301604511724
11391,11391,-0.008284074023418048
11392,11392,-0.22953249026460654
11393,11393,-0.006187061382456005
11394,11394,-0.004754639615017521
11395,11395,-0.001995769360875428
11396,11396,-0.04371092026266133
11397,11397,-0.07093205628075072
11398,11398,-0.14589816584447535
11399,11399,-0.13794199266231566
11400,11400,-0.12850216107802925
11401,11401,-0.00264753919882791
11402,11402,-0.015529998491548569
11403,11403,-0.04214858100511926
11404,11404,-0.10491361968635593
11405,11405,-0.22097247902969575
11406,11406,-0.09149127384885736
11407,11407,-0.036146118705208896
11408,11408,-0.05750181136910948
11409,11409,-0.028665175881400835
11410,11410,-0.17673024355667977
11411,11411,-0.017543108818644737
11412,11412,-0.1858701791975026
11413,11413,-0.06256668313949776
11414,11414,-0.007153271077642805
11415,11415,-0.05624426951087769
11416,11416,-0.0019101243919523387
11417,11417,-0.04422766095423203
11418,11418,-0.024432582247370133
11419,11419,-0.31343462610067263
11420,11420,-0.22289033618988577
11421,11421,-0.07284453351427234
11422,11422,-0.18129101909380552
11423,11423,-0.09461071364742546
11424,11424,-0.15518166005985679
11425,11425,-0.029053969937282265
11426,11426,-0.16898052894354898
11427,11427,-0.011547682676536386
11428,11428,-0.015415277820275547
11429,11429,-0.2162182292290713
11430,11430,-0.017690019494745912
11431,11431,-0.05864592422076087
11432,11432,-0.48370312272384475
11433,11433,-0.04849883720747086
11434,11434,-0.014089198401535802
11435,11435,-0.0038699952762391316
11436,11436,-0.02870262332302087
11437,11437,-0.42498855176373596
11438,11438,-0.009426898569150688
11439,11439,-0.1464628008397213
11440,11440,-0.41049003462348255
11441,11441,-0.02087038285434651
11442,11442,-0.01085875498708469
11443,11443,-0.06506162022167361
11444,11444,-0.4875480966167096
11445,11445,-0.1612868713967992
11446,11446,-0.032865871286955284
11447,11447,-0.017283323889332278
11448,11448,-0.03244794583220412
11449,11449,-0.09361427015963075
11450,11450,-0.11471366014481044
11451,11451,-0.1014971023009057
11452,11452,-0.23407423171623387
11453,11453,-0.03785462012917329
11454,11454,-0.07341709533098895
11455,11455,-0.16802509685809897
11456,11456,-0.22836877473391584
11457,11457,-0.14727952308634767
11458,11458,-0.15428507387875046
11459,11459,-0.09238029955134985
11460,11460,-0.146711888702602
11461,11461,-0.013745748582608075
11462,11462,-0.04056484303424293
11463,11463,-0.004917703315982354
11464,11464,-0.22395035500910423
11465,11465,-0.0012723726779142108
11466,11466,-0.010746363642789025
11467,11467,-0.11669629334275955
11468,11468,-0.04239659045349933
11469,11469,-0.3258418454514391
11470,11470,-0.41431430219829324
11471,11471,-0.13384338516021987
11472,11472,-0.011439550525907755
11473,11473,-0.01045423676612825
11474,11474,-0.04451588581244614
11475,11475,-0.02024378440902755
11476,11476,-0.02622658110536069
11477,11477,-0.0007643196968278869
11478,11478,-0.22920064509506155
11479,11479,-0.10775213100806103
11480,11480,-0.014603069851414824
11481,11481,-0.062064387629481854
11482,11482,-0.09711742829632275
11483,11483,-0.1327139148188654
11484,11484,-0.060721824306857575
11485,11485,-0.13049650425425074
11486,11486,-0.013631058495785227
11487,11487,-0.24759620007837047
11488,11488,-0.11310767736110394
11489,11489,-0.08513335517154019
11490,11490,-0.1738729661723526
11491,11491,-0.2277269420279976
11492,11492,-0.07098765686137393
11493,11493,-0.0012020947817362546
11494,11494,-0.008913230330040989
11495,11495,-0.23773917712837422
11496,11496,-0.09859566348798454
11497,11497,-0.024756264191109795
11498,11498,-0.18740913391182978
11499,11499,-0.008630148814922071
11500,11500,-0.04370061308002848
11501,11501,-0.05148843899600755
11502,11502,-0.1726936495816931
11503,11503,-0.005204859029914945
11504,11504,-0.02598505234399373
11505,11505,-0.10338572328530304
11506,11506,-0.09854689526170379
11507,11507,-0.06665582103891599
11508,11508,-0.05901203656588283
11509,11509,-0.12290428041924795
11510,11510,-0.05251396127012933
11511,11511,-0.0075269973524430545
11512,11512,-0.4668180541840812
11513,11513,-0.25669010382483926
11514,11514,-0.0971692827578795
11515,11515,-0.1921633275294643
11516,11516,-0.15903392648588266
11517,11517,-0.04626799538537363
11518,11518,-0.36895643217553176
11519,11519,-0.06676450524707223
11520,11520,-0.009704540344049859
11521,11521,-0.3024811522850098
11522,11522,-0.10227129565729243
11523,11523,-0.1248911547323891
11524,11524,-0.14222525699851873
11525,11525,-0.24310777461825417
11526,11526,-0.32153277842879113
11527,11527,-0.01866568261683421
11528,11528,-0.07982437375928919
11529,11529,-0.03305418171597309
11530,11530,-0.025012034883801215
11531,11531,-0.029420669083043416
11532,11532,-0.006472209325763895
11533,11533,-0.05103672732184228
11534,11534,-0.16114927344603336
11535,11535,-0.12176750941995795
11536,11536,-0.3803190612607814
11537,11537,-0.15963545377236787
11538,11538,-0.011661941775438563
11539,11539,-0.1310482176686656
11540,11540,-0.05796171116020199
11541,11541,-0.09625092381881573
11542,11542,-0.1242582532100106
11543,11543,-0.0812366974274803
11544,11544,-0.05926413692067545
11545,11545,-0.0286431512794832
11546,11546,-0.030905238910087562
11547,11547,-0.08743533317001395
11548,11548,-0.004636507284053321
11549,11549,-0.17801354948965953
11550,11550,-0.0792095875583354
11551,11551,-0.04051650900808934
11552,11552,-0.040793008492112676
11553,11553,-0.0020050997987397946
11554,11554,-0.05424999197885489
11555,11555,-0.0007679363425339928
11556,11556,-0.009870786471176039
11557,11557,-0.05015683147633343
11558,11558,-0.09077661187821962
11559,11559,-0.24105551514609802
11560,11560,-0.17623698884680472
11561,11561,-0.046226345739755814
11562,11562,-0.04571276044550849
11563,11563,-0.0634681648271066
11564,11564,-0.32004013745198456
11565,11565,-0.06664733051488847
11566,11566,-0.12871219870463502
11567,11567,-0.08698066385473535
11568,11568,-0.015212426485958663
11569,11569,-0.14704266535624025
11570,11570,-0.06195264890658969
11571,11571,-0.2803714975309397
11572,11572,-0.029378465982255353
11573,11573,-0.06514415646629079
11574,11574,-0.056388936848982496
11575,11575,-0.12860140893327898
11576,11576,-0.03864593310968145
11577,11577,-0.12107747757630649
11578,11578,-0.00503448197724349
11579,11579,-0.09098810346901454
11580,11580,-0.25326618615604346
11581,11581,-0.03596945399864228
11582,11582,-0.06314092044600328
11583,11583,-0.2432822648280486
11584,11584,-0.299057563944519
11585,11585,-0.0015078640622602502
11586,11586,-0.08396383602089941
11587,11587,-0.030531344303921792
11588,11588,-0.1467838559790402
11589,11589,-0.15023984684270575
11590,11590,-0.013172822059854372
11591,11591,-0.08911215405407472
11592,11592,-0.03861116920671481
11593,11593,-0.09769913837495725
11594,11594,-0.2164337165810104
11595,11595,-0.02049866162825653
11596,11596,-0.39149584423313233
11597,11597,-0.044252383533324946
11598,11598,-0.08367928648482348
11599,11599,-0.028917759972131862
11600,11600,-0.1495830811362513
11601,11601,-0.24697355786468655
11602,11602,-0.11839976087495874
11603,11603,-0.04307136219857555
11604,11604,-0.013698568944411958
11605,11605,-0.3512908026693893
11606,11606,-0.18713002607078488
11607,11607,-0.3222446799964107
11608,11608,-0.05723304656055823
11609,11609,-0.07327680668857905
11610,11610,-0.07691038393894625
11611,11611,-0.3330487025842094
11612,11612,-0.03589526663105505
11613,11613,-0.08538342719989045
11614,11614,-0.042616036156252424
11615,11615,-0.09854113056316971
11616,11616,-0.3662832074967426
11617,11617,-0.09908342794264557
11618,11618,-0.07017498410243628
11619,11619,-0.1903022977768849
11620,11620,-0.18256464024951136
11621,11621,-0.18690399849244743
11622,11622,-0.0009632459198499355
11623,11623,-0.0345849307731223
11624,11624,-0.0030133856240321458
11625,11625,-0.11256554136343455
11626,11626,-0.028293557092338606
11627,11627,-0.0008317914053616038
11628,11628,-0.0005694348042962556
11629,11629,-0.11952434118380362
11630,11630,-0.0742146617109703
11631,11631,-0.07935352934545614
11632,11632,-0.15638134377946689
11633,11633,-0.055072845445186425
11634,11634,-0.05574497871638162
11635,11635,-0.029934985253247337
11636,11636,-0.06339996804615666
11637,11637,-0.19222399661796363
11638,11638,-0.047650024410711075
11639,11639,-0.19373847744877404
11640,11640,-0.12008142817315992
11641,11641,-0.13264095378646745
11642,11642,-0.007704751168453372
11643,11643,-0.0220798562916992
11644,11644,-0.01983707781134228
11645,11645,-0.0780095240883554
11646,11646,-0.03709922186587347
11647,11647,-0.023660363212270746
11648,11648,-0.04877617002978796
11649,11649,-0.18861605772552892
11650,11650,-0.06880948595035818
11651,11651,-0.03339261218756706
11652,11652,-0.009662345691590975
11653,11653,-0.006988800313694921
11654,11654,-0.0021513172193377427
11655,11655,-0.19858816402484658
11656,11656,-0.2593880471000105
11657,11657,-0.09945278411957137
11658,11658,-0.06927692932226226
11659,11659,-0.05010369355140798
11660,11660,-0.19168565335861315
11661,11661,-0.2535693504606318
11662,11662,-0.039187423144972144
11663,11663,-0.011702925028145877
11664,11664,-0.3329152728280307
11665,11665,-0.03240274151404998
11666,11666,-0.11300930278624444
11667,11667,-0.24786642393870162
11668,11668,-0.07613602664955865
11669,11669,-0.09449928225877724
11670,11670,-0.12038616865132223
11671,11671,-0.054925874799426566
11672,11672,-0.005110654988307657
11673,11673,-0.023765878105747602
11674,11674,-0.11117162679563908
11675,11675,-0.11774881427734174
11676,11676,-0.021889729430177113
11677,11677,-0.07498562003991804
11678,11678,-0.13987043494042162
11679,11679,-0.0801515331698999
11680,11680,-0.12101233780151358
11681,11681,-0.040500637677685636
11682,11682,-0.19606114342586745
11683,11683,-0.059822408795934146
11684,11684,-0.23848311051133664
11685,11685,-0.027458686561770418
11686,11686,-0.17068711403346315
11687,11687,-0.08127346661197388
11688,11688,-0.05448253182406671
11689,11689,-0.11720983884367131
11690,11690,-0.17521052487768618
11691,11691,-0.00805331435477502
11692,11692,-0.25208654499001704
11693,11693,-0.1774321973959982
11694,11694,-0.11929380328098096
11695,11695,-0.06225961151925974
11696,11696,-0.02224836956459275
11697,11697,-0.14766893777228962
11698,11698,-0.2171939479276066
11699,11699,-0.018826597289885068
11700,11700,-0.06389558536170015
11701,11701,-0.30496792282120033
11702,11702,-0.01823644110716416
11703,11703,-0.0001399435310383922
11704,11704,-0.027728726281131044
11705,11705,-0.06989736176687134
11706,11706,-0.03865154695216
11707,11707,-0.1232080627114627
11708,11708,-0.017627030742353722
11709,11709,-0.25016335496994957
11710,11710,-0.22746889632451195
11711,11711,-0.0006852710263071505
11712,11712,-0.042918220104011806
11713,11713,-0.14853135442663223
11714,11714,-0.012531107133841451
11715,11715,-0.05123768856702249
11716,11716,-0.08083446391182864
11717,11717,-0.03954387623401148
11718,11718,-0.2316623209800276
11719,11719,-0.038327400028105335
11720,11720,-0.08252549035555923
11721,11721,-0.1918568140905621
11722,11722,-0.04817454047831271
11723,11723,-0.06143213674125292
11724,11724,-0.011650972136113796
11725,11725,-0.09227643311861666
11726,11726,-0.02043523222179506
11727,11727,-0.32501682084009786
11728,11728,-0.043144849922891776
11729,11729,-0.09496191012781452
11730,11730,-0.14005781923313032
11731,11731,-0.043497247916570836
11732,11732,-0.027176452452774474
11733,11733,-0.09973201422957015
11734,11734,-0.08385074046635649
11735,11735,-0.3275604242223018
11736,11736,-0.030617443184555178
11737,11737,-0.14126698068737653
11738,11738,-0.13510816340803622
11739,11739,-0.3116054902496441
11740,11740,-0.08812014210826835
11741,11741,-0.12447881785342307
11742,11742,-0.06064379157405831
11743,11743,-0.027537804292125156
11744,11744,-0.03966138126876801
11745,11745,-0.10820800394685026
11746,11746,-0.01955349833572184
11747,11747,-0.07232539062713894
11748,11748,-0.04205505902650286
11749,11749,-0.1578821347473398
11750,11750,-0.0062466231744456036
11751,11751,-0.47546279132261227
11752,11752,-0.1232616849274315
11753,11753,-0.03469970034721673
11754,11754,-0.16313167055652322
11755,11755,-0.07834489859050686
11756,11756,-0.008678545292527654
11757,11757,-0.015374607787010726
11758,11758,-0.14195630482135346
11759,11759,-0.13602131612664625
11760,11760,-0.05706975106580803
11761,11761,-0.1000049780550466
11762,11762,-0.13952229779936776
11763,11763,-0.4929206515666227
11764,11764,-0.019454808868110712
11765,11765,-0.19856582574404813
11766,11766,-0.1562355299972613
11767,11767,-0.06570084614989294
11768,11768,-0.03868889202369997
11769,11769,-0.1773667529341023
11770,11770,-0.0927687126391058
11771,11771,-0.04581554929873469
11772,11772,-0.12490325996687535
11773,11773,-0.10445638187252125
11774,11774,-0.007288533494733518
11775,11775,-0.03456041149793701
11776,11776,-0.030036574610969535
11777,11777,-0.08618595187557132
11778,11778,-0.10807412529983518
11779,11779,-0.4847324432325292
11780,11780,-0.03968741221337713
11781,11781,-0.1061356031964289
11782,11782,-0.00572705875757884
11783,11783,-0.038115284836361285
11784,11784,-0.18388444383033553
11785,11785,-0.0075398518756446
11786,11786,-0.07490307595701784
11787,11787,-0.104810920062259
11788,11788,-0.011983323630993708
11789,11789,-0.04572627854966671
11790,11790,-0.032295344004495186
11791,11791,-0.11301982672287825
11792,11792,-0.029582027725527676
11793,11793,-0.032275002063733266
11794,11794,-0.01781646996183451
11795,11795,-0.03956042071049543
11796,11796,-0.07369516401369802
11797,11797,-0.15878551587261613
11798,11798,-0.16404536303034523
11799,11799,-0.04581246407328665
11800,11800,-0.07806172641978881
11801,11801,-0.0555398663336093
11802,11802,-0.10326262132381248
11803,11803,-0.10065386377324126
11804,11804,-0.15575412562581617
11805,11805,-0.0432600964564156
11806,11806,-0.17646877044228626
11807,11807,-0.04936434809874182
11808,11808,-0.018643015632053644
11809,11809,-0.20004362630523254
11810,11810,-0.060578530933069974
11811,11811,-0.08212332958652846
11812,11812,-0.008318916917501619
11813,11813,-0.006858885288532408
11814,11814,-0.2692441314591876
11815,11815,-0.051528848093127105
11816,11816,-0.3235850088827945
11817,11817,-0.10467737774854305
11818,11818,-0.017207727158768123
11819,11819,-0.027811556716633712
11820,11820,-0.013496186700344026
11821,11821,-0.005890817914589813
11822,11822,-0.07548343533864754
11823,11823,-0.3708139084402228
11824,11824,-0.01820877576177507
11825,11825,-0.11989607455351303
11826,11826,-0.2372971414793139
11827,11827,-0.03969066292935708
11828,11828,-0.19734675092145093
11829,11829,-0.02456694034681984
11830,11830,-0.13682968138956156
11831,11831,-0.0007128530861716265
11832,11832,-0.08930114409343348
11833,11833,-0.4836955422778897
11834,11834,-0.06585597047462957
11835,11835,-0.017404778105718124
11836,11836,-0.06701900844782449
11837,11837,-0.10061972749160086
11838,11838,-0.13270882770067474
11839,11839,-0.11376835981364941
11840,11840,-0.07767399947023368
11841,11841,-0.0073811196794922665
11842,11842,-0.09029932953125197
11843,11843,-0.01566950272224421
11844,11844,-0.07788146275982177
11845,11845,-0.13885250541442373
11846,11846,-0.021436235250240743
11847,11847,-0.04923730863824008
11848,11848,-0.021105358785403983
11849,11849,-0.06310004323771556
11850,11850,-0.007632888858880339
11851,11851,-0.026952385973137982
11852,11852,-0.05660991904255086
11853,11853,-0.08285027188508043
11854,11854,-0.2885923760618656
11855,11855,-0.0975436124776708
11856,11856,-0.12427788345961865
11857,11857,-0.0025187528361583778
11858,11858,-0.13361680627328898
11859,11859,-0.04044091522392623
11860,11860,-0.0626053150260355
11861,11861,-0.015852203808208374
11862,11862,-0.03480853679270279
11863,11863,-0.018683190395028998
11864,11864,-0.08148126181873219
11865,11865,-0.09177496897608606
11866,11866,-0.10861937622332596
11867,11867,-0.04819943095602744
11868,11868,-0.09199863251316787
11869,11869,-0.0018014493425893164
11870,11870,-0.20537275039629543
11871,11871,-0.17271033999579188
11872,11872,-0.08905168499912686
11873,11873,-0.14163831154627093
11874,11874,-0.12970346800347787
11875,11875,-0.07759771863111642
11876,11876,-0.04912631959317837
11877,11877,-0.15989786596608768
11878,11878,-0.14445932438805276
11879,11879,-0.029683420098010588
11880,11880,-0.13768877810374128
11881,11881,-0.05271317966778491
11882,11882,-0.03192593855131698
11883,11883,-0.0276116904560545
11884,11884,-0.2159943018783701
11885,11885,-0.17528407737056462
11886,11886,-0.013542197155329451
11887,11887,-0.007961643358769283
11888,11888,-0.054383824882727194
11889,11889,-0.014409319301424
11890,11890,-0.026332900380465714
11891,11891,-0.1029043048455407
11892,11892,-0.007163381799566881
11893,11893,-0.027233780969659255
11894,11894,-0.04296991297672026
11895,11895,-0.09910378156871591
11896,11896,-0.01934860830740548
11897,11897,-0.1172896630232323
11898,11898,-0.0035680133079915646
11899,11899,-0.1324626192546008
11900,11900,-0.051282269224345096
11901,11901,-0.10152766368594701
11902,11902,-0.03651994957430644
11903,11903,-0.17692710828141422
11904,11904,-0.2097838421929663
11905,11905,-0.08703511136154107
11906,11906,-0.20696017841546288
11907,11907,-0.01636520866440456
11908,11908,-0.09786834328797858
11909,11909,-0.03136940582648809
11910,11910,-0.02886175317911261
11911,11911,-0.03859125186108692
11912,11912,-0.06503456400597962
11913,11913,-0.03965422578949343
11914,11914,-0.03850251511063199
11915,11915,-0.20472015123607612
11916,11916,-0.21567167159425127
11917,11917,-0.1784600962947458
11918,11918,-0.006324040631685499
11919,11919,-0.027649987094802514
11920,11920,-0.06931448986078961
11921,11921,-0.01938417548359264
11922,11922,-0.14099391739227407
11923,11923,-0.1132960353399377
11924,11924,-0.008696517689358172
11925,11925,-0.11698348954485782
11926,11926,-0.027381409921227395
11927,11927,-0.07073843221920484
11928,11928,-0.1336127947611141
11929,11929,-0.018804828251548528
11930,11930,-0.11502129722272025
11931,11931,-0.2618874975813785
11932,11932,-0.045951672511935
11933,11933,-0.01646119103761979
11934,11934,-0.1309978052583756
11935,11935,-0.17772573639008826
11936,11936,-0.10039968403722968
11937,11937,-0.004747916086393807
11938,11938,-0.04236472445954445
11939,11939,-0.096553526066121
11940,11940,-0.08988927197479102
11941,11941,-0.019495495867238116
11942,11942,-0.1312075891769049
11943,11943,-0.02785031640418248
11944,11944,-0.008080797363907134
11945,11945,-0.11306313017236835
11946,11946,-0.009966345815855378
11947,11947,-0.25083411699698743
11948,11948,-0.0008134037751377655
11949,11949,-0.15039029645303126
11950,11950,-0.055629381538913614
11951,11951,-0.13471772133742954
11952,11952,-0.04390887418301432
11953,11953,-0.02966597014474659
11954,11954,-0.019459673460872802
11955,11955,-0.02653551328751594
11956,11956,-0.0007495299344397503
11957,11957,-0.045496178044839755
11958,11958,-0.0832055002135742
11959,11959,-0.08887601953916802
11960,11960,-0.11183368433977388
11961,11961,-0.02754402377589707
11962,11962,-0.041538343865141054
11963,11963,-0.03438960821233128
11964,11964,-0.009332238875393362
11965,11965,-0.04068885503583
11966,11966,-0.07186457479874353
11967,11967,-0.01422302997047778
11968,11968,-0.2071436181792965
11969,11969,-0.011915050786988624
11970,11970,-0.26338100562358635
11971,11971,-0.02575929454166337
11972,11972,-0.021030787635179134
11973,11973,-0.03848984805258415
11974,11974,-0.008233298049839216
11975,11975,-0.07633553890717473
11976,11976,-0.013564900413379682
11977,11977,-0.1132818679812364
11978,11978,-0.08991746611987894
11979,11979,-0.03553707800994188
11980,11980,-0.48054447130142286
11981,11981,-0.15606100372305187
11982,11982,-0.1297068749436443
11983,11983,-0.015545084370377077
11984,11984,-0.048229174370698846
11985,11985,-0.07353304121104964
11986,11986,-0.003687784527102011
11987,11987,-0.004386755580444018
11988,11988,-0.03534619655858074
11989,11989,-0.18890388955516224
11990,11990,-0.0472889429818375
11991,11991,-0.07046615511733204
11992,11992,-0.026849805401837235
11993,11993,-0.01906985828081942
11994,11994,-0.0855848020062038
11995,11995,-0.06077793783424745
11996,11996,-0.06535161416410429
11997,11997,-0.007058827209396496
11998,11998,-0.015543453604531493
11999,11999,-0.12082390016842093
12000,12000,-0.006492763365154863
12001,12001,-0.01645953174285364
12002,12002,-0.09967404946518682
12003,12003,-0.021530108805169257
12004,12004,-0.027120768699016723
12005,12005,-0.23974232267550022
12006,12006,-0.004355579746109225
12007,12007,-0.008446166574018865
12008,12008,-0.0452001658723683
12009,12009,-0.1191461956688813
12010,12010,-0.03706827108284705
12011,12011,-0.004937303718627557
12012,12012,-0.1337434628822547
12013,12013,-0.05965770840917983
12014,12014,-0.01708191389035829
12015,12015,-0.04442873756152432
12016,12016,-0.30176015958125113
12017,12017,-0.10664814905615183
12018,12018,-0.09333201286914816
12019,12019,-0.03936111248215893
12020,12020,-0.3409846120697476
12021,12021,-0.01964552526810262
12022,12022,-0.01596204596112319
12023,12023,-0.006780550004941516
12024,12024,-0.07426694104724574
12025,12025,-0.005039577221432917
12026,12026,-0.11996345636055317
12027,12027,-0.0493057208767006
12028,12028,-0.059733949975972145
12029,12029,-0.06359023272540487
12030,12030,-0.07755361908368075
12031,12031,-0.011266014967024174
12032,12032,-0.06108169093869978
12033,12033,-0.001940396103192743
12034,12034,-0.023794753240692718
12035,12035,-0.0035060290244679562
12036,12036,-0.06514057294671052
12037,12037,-0.09517647228350212
12038,12038,-0.01777074397004442
12039,12039,-0.17682630101606478
12040,12040,-0.20942113761287476
12041,12041,-0.009709565123119962
12042,12042,-0.09727260323482856
12043,12043,-0.10366813066817587
12044,12044,-0.03530192794216147
12045,12045,-0.04128198065745381
12046,12046,-0.15893746727720884
12047,12047,-0.11768235636646773
12048,12048,-0.18251105542238522
12049,12049,-0.31146513704501366
12050,12050,-0.17551506838849384
12051,12051,-0.15079401092343847
12052,12052,-0.007657399710911374
12053,12053,-0.052960222830614995
12054,12054,-0.03964410004429397
12055,12055,-0.019887609570806847
12056,12056,-0.029145045890288795
12057,12057,-0.19419545382027437
12058,12058,-0.017469784108211872
12059,12059,-0.5817601400254944
12060,12060,-0.08475839549421618
12061,12061,-0.10968086729867654
12062,12062,-0.4132974435379655
12063,12063,-0.19652190302821637
12064,12064,-0.023271053925732605
12065,12065,-0.015730192043093116
12066,12066,-0.000340740765701595
12067,12067,-0.020940216965034703
12068,12068,-0.004319125479871268
12069,12069,-0.040609345058889024
12070,12070,-0.265830399775592
12071,12071,-0.03557725415280244
12072,12072,-0.09915814833724612
12073,12073,-0.16888381956528642
12074,12074,-0.016322111907374454
12075,12075,-0.0011135545003395642
12076,12076,-0.17411518506442789
12077,12077,-0.16500573996970558
12078,12078,-0.05302009439652407
12079,12079,-0.22363073392139832
12080,12080,-0.06414027506928216
12081,12081,-0.2081295189385064
12082,12082,-0.03690269849301253
12083,12083,-0.009756396999972439
12084,12084,-0.6251711500878958
12085,12085,-0.1152412374563494
12086,12086,-0.03974182789397951
12087,12087,-0.17438776272864098
12088,12088,-0.02038699001395739
12089,12089,-0.045026101980400246
12090,12090,-0.027010125626136028
12091,12091,-0.031882713774952914
12092,12092,-0.05748531015408134
12093,12093,-0.16293159374738053
12094,12094,-0.35524988712680283
12095,12095,-0.1839523554054967
12096,12096,-0.03251757486429452
12097,12097,-0.29769901299549995
12098,12098,-0.04393881679793754
12099,12099,-0.2696840695577447
12100,12100,-0.03932223709947369
12101,12101,-0.16847387875122255
12102,12102,-0.10306690203370483
12103,12103,-0.022918359819973172
12104,12104,-0.1417090913630692
12105,12105,-0.08155484969998428
12106,12106,-0.09155439768389373
12107,12107,-0.2697885468121213
12108,12108,-0.039467028705360924
12109,12109,-0.1568476623548385
12110,12110,-0.013555098127613158
12111,12111,-0.12146725744456788
12112,12112,-0.031945506377815486
12113,12113,-0.043342986182546506
12114,12114,-0.06701528496371416
12115,12115,-0.14074481000250083
12116,12116,-0.08759925492631071
12117,12117,-0.44432752009838516
12118,12118,-0.16928796502153398
12119,12119,-0.053008675875384076
12120,12120,-0.2166512158162992
12121,12121,-0.05865234505953598
12122,12122,-0.005008164621712365
12123,12123,-0.046104803369684255
12124,12124,-0.07951886685257441
12125,12125,-0.08599127742060952
12126,12126,-0.024152758242058092
12127,12127,-0.06125272437245983
12128,12128,-0.039792530745781624
12129,12129,-0.00667566919811638
12130,12130,-0.0721528629700772
12131,12131,-0.015245586716786996
12132,12132,-0.2184352627155655
12133,12133,-0.01935150705403705
12134,12134,-0.18105732588317558
12135,12135,-0.08606153098089042
12136,12136,-0.012898458939850976
12137,12137,-0.032347440022600815
12138,12138,-0.352480310586171
12139,12139,-0.050507353480303885
12140,12140,-0.09388331604384008
12141,12141,-0.06487099815230801
12142,12142,-0.06583703156158949
12143,12143,-0.07895859835137031
12144,12144,-0.09233384701509786
12145,12145,-0.09663194822449706
12146,12146,-0.07834865340372277
12147,12147,-0.04453802405590823
12148,12148,-0.008239844398749524
12149,12149,-0.06654711764373378
12150,12150,-0.005524144118605828
12151,12151,-0.05185764016884749
12152,12152,-0.14981857219554806
12153,12153,-0.12812574713717068
12154,12154,-0.045547301806073054
12155,12155,-0.15625525136359564
12156,12156,-0.007396306513188873
12157,12157,-0.17070930948259821
12158,12158,-0.03175022996281407
12159,12159,-0.3357965641111438
12160,12160,-0.003139184815086644
12161,12161,-0.053734481218532526
12162,12162,-0.08594978662205799
12163,12163,-0.02961346405278789
12164,12164,-0.18027002662352576
12165,12165,-0.23290420380528376
12166,12166,-0.06170434515872225
12167,12167,-0.03699911839239612
12168,12168,-0.04601838377833867
12169,12169,-0.03794133196408732
12170,12170,-0.07555441771854143
12171,12171,-0.06832343715355782
12172,12172,-0.09701796370884219
12173,12173,-0.2140631868951548
12174,12174,-0.11110251151487072
12175,12175,-0.015360686128743535
12176,12176,-0.07981534962178197
12177,12177,-0.008485915451503623
12178,12178,-0.009525209296745392
12179,12179,-0.06067310489567479
12180,12180,-0.007117666825929847
12181,12181,-0.18529058472166016
12182,12182,-0.043695523400145736
12183,12183,-0.08636655940227955
12184,12184,-0.05143806861663383
12185,12185,-0.09318506937279894
12186,12186,-0.0392716882759683
12187,12187,-0.04798031308220496
12188,12188,-0.06530372028058753
12189,12189,-0.10992102199642462
12190,12190,-0.015272838477717543
12191,12191,-0.05076897030771654
12192,12192,-0.043817516762037045
12193,12193,-0.005155523976647154
12194,12194,-0.1737259409359142
12195,12195,-0.014548133052263545
12196,12196,-0.018089056566900213
12197,12197,-0.024738749088015988
12198,12198,-0.007272657126609088
12199,12199,-0.11587655867735913
12200,12200,-0.03827837913951815
12201,12201,-0.2785785934505861
12202,12202,-0.305036925649958
12203,12203,-0.09831756429153665
12204,12204,-0.1420023926236742
12205,12205,-0.020249153618295268
12206,12206,-3.7632040088974385e-05
12207,12207,-0.12115877725191959
12208,12208,-0.04829330122935727
12209,12209,-0.04913923034341128
12210,12210,-0.028680941400766824
12211,12211,-0.057200901700071416
12212,12212,-0.07373052525713744
12213,12213,-0.13052377522037695
12214,12214,-0.03637035832880753
12215,12215,-0.09476286278387036
12216,12216,-0.07967429377320423
12217,12217,-0.056192530420458575
12218,12218,-0.22089485338280568
12219,12219,-0.008557247173775873
12220,12220,-0.05867924158706128
12221,12221,-0.04917413405989771
12222,12222,-0.08389711513997833
12223,12223,-0.12202940479771673
12224,12224,-0.04080318206945524
12225,12225,-0.054727771220007104
12226,12226,-0.09255667056318917
12227,12227,-0.08112545611421473
12228,12228,-0.010944647967756765
12229,12229,-0.13873468078728124
12230,12230,-0.07341125124204265
12231,12231,-0.04184646184440244
12232,12232,-0.06496635306842136
12233,12233,-0.011039234978645453
12234,12234,-0.0584428818117122
12235,12235,-0.11014298477845763
12236,12236,-0.11515754630739797
12237,12237,-0.37867919097907965
12238,12238,-0.04139909988167134
12239,12239,-0.04691263658350986
12240,12240,-0.04815477374549307
12241,12241,-0.0002718212341038147
12242,12242,-0.21176358241027637
12243,12243,-0.06228527388631935
12244,12244,-0.008706342993387739
12245,12245,-0.024278957920385147
12246,12246,-0.11416895251410075
12247,12247,-0.01769896389223491
12248,12248,-0.03159377455586912
12249,12249,-0.20679401900025463
12250,12250,-0.0007110928245636527
12251,12251,-0.5199746044799447
12252,12252,-0.1161233704099165
12253,12253,-0.05066810298834845
12254,12254,-0.1513563364494959
12255,12255,-0.01668989113769121
12256,12256,-0.09199962746521573
12257,12257,-0.1541203152288273
12258,12258,-0.035102081974980326
12259,12259,-0.08515882651825571
12260,12260,-0.09468571228099235
12261,12261,-0.020914037736377455
12262,12262,-0.05319771549562369
12263,12263,-0.10264146174803779
12264,12264,-0.06066962348122694
12265,12265,-0.12855275348488793
12266,12266,-0.06999907569871369
12267,12267,-0.13730419361867785
12268,12268,-0.2732797259472264
12269,12269,-0.19911044403151512
12270,12270,-0.07452649586658211
12271,12271,-0.07478853257739371
12272,12272,-0.10703281603602705
12273,12273,-0.17489866157193212
12274,12274,-0.17678963569269968
12275,12275,-0.26191839566279107
12276,12276,-0.05165729909174077
12277,12277,-0.03475273988944852
12278,12278,-0.1127051985240417
12279,12279,-0.018609973540741738
12280,12280,-0.07866019267225793
12281,12281,-0.19615206344750113
12282,12282,-0.13601156623504196
12283,12283,-0.007912299294487387
12284,12284,-0.0016799474147574725
12285,12285,-0.029273354750589675
12286,12286,-0.005517567795361868
12287,12287,-0.15703997444908424
12288,12288,-0.007401443763782061
12289,12289,-0.1781265034697908
12290,12290,-0.06363028434262541
12291,12291,-0.025284124874612495
12292,12292,-0.1429111035254964
12293,12293,-0.1990856065589726
12294,12294,-0.05727449893836978
12295,12295,-0.3085960190559426
12296,12296,-0.060192638467438525
12297,12297,-0.07877536211413683
12298,12298,-0.017611404392724857
12299,12299,-0.00929750402039698
12300,12300,-0.07573616298390429
12301,12301,-0.001985639902164743
12302,12302,-0.03271684955076026
12303,12303,-0.04862909452093622
12304,12304,-0.11049357845745522
12305,12305,-0.02449037486093042
12306,12306,-0.05330887130031181
12307,12307,-0.06262461274623032
12308,12308,-0.013621498962261419
12309,12309,-0.025314548917902774
12310,12310,-0.3145586108154945
12311,12311,-0.19909362189227064
12312,12312,-0.24662481082706655
12313,12313,-0.2100543697197993
12314,12314,-0.019011426114787573
12315,12315,-0.09360480078730982
12316,12316,-0.2867174684401841
12317,12317,-0.24167347527127925
12318,12318,-0.1108762804606023
12319,12319,-0.18050683823614133
12320,12320,-0.010417061757029
12321,12321,-0.24627549177657437
12322,12322,-0.18794768418034735
12323,12323,-0.11890630727884899
12324,12324,-0.010543303568814416
12325,12325,-0.1941100868527501
12326,12326,-0.0286568765688463
12327,12327,-0.15895135295954166
12328,12328,-0.1841884297419938
12329,12329,-0.044435340801079914
12330,12330,-0.05375509737595888
12331,12331,-0.026647506932916096
12332,12332,-0.03700005092768521
12333,12333,-0.008568954962136749
12334,12334,-0.10177287895872889
12335,12335,-0.10947396386127507
12336,12336,-0.06677470938044053
12337,12337,-0.07616623746980711
12338,12338,-0.03853107449088423
12339,12339,-0.007341984925261724
12340,12340,-0.007276352557511946
12341,12341,-0.021159382097643675
12342,12342,-0.043843936778259304
12343,12343,-0.021831434816412594
12344,12344,-0.10334541037414713
12345,12345,-0.21396763503890748
12346,12346,-0.1165387868743114
12347,12347,-0.18550466635577578
12348,12348,-0.018775506429384137
12349,12349,-0.009007140072511195
12350,12350,-0.03467141255949838
12351,12351,-0.3041411342761493
12352,12352,-0.006378399813045173
12353,12353,-0.03957465371996094
12354,12354,-0.12590025490733625
12355,12355,-0.0017300474472099273
12356,12356,-0.046248106311183375
12357,12357,-0.08021605469348358
12358,12358,-0.3376757732916915
12359,12359,-0.08652774243929573
12360,12360,-0.028143883590036944
12361,12361,-0.08213703832804109
12362,12362,-0.05365599912556196
12363,12363,-0.10218400320229873
12364,12364,-0.03020728716099244
12365,12365,-0.033606337990575885
12366,12366,-0.15010735875774373
12367,12367,-0.03136729641491809
12368,12368,-0.048255356145774364
12369,12369,-0.09440634865494649
12370,12370,-0.028643875486547565
12371,12371,-0.377871879229831
12372,12372,-0.005647964732526274
12373,12373,-0.0062148063399524445
12374,12374,-0.02829949926179201
12375,12375,-0.14556702309841407
12376,12376,-0.0009861689392357126
12377,12377,-0.04890181013703665
12378,12378,-0.01325314344968298
12379,12379,-0.014649733087351291
12380,12380,-0.09714689286194472
12381,12381,-0.05116401637470823
12382,12382,-0.04936721540816487
12383,12383,-0.04133665623260255
12384,12384,-0.2601609422599722
12385,12385,-0.07283377385143242
12386,12386,-0.08140229313175329
12387,12387,-0.01666094664002682
12388,12388,-0.27797124709494625
12389,12389,-0.173255904184627
12390,12390,-0.1485928400084402
12391,12391,-0.006182705093942392
12392,12392,-0.010797645627847713
12393,12393,-0.0038936387232289538
12394,12394,-0.03635315136665696
12395,12395,-0.055298776346410616
12396,12396,-0.11400983553946681
12397,12397,-0.20807523538414163
12398,12398,-0.06039142296149169
12399,12399,-0.1393896966078163
12400,12400,-0.12284876810237402
12401,12401,-0.03798011882882035
12402,12402,-0.27809686136238665
12403,12403,-0.029419232713423504
12404,12404,-0.06065046076192404
12405,12405,-0.1079803502483695
12406,12406,-0.11449444775284556
12407,12407,-0.1945964419274554
12408,12408,-0.11947554919148207
12409,12409,-0.01444308838278563
12410,12410,-0.048260795511714805
12411,12411,-0.06031289056819811
12412,12412,-0.03094243080019554
12413,12413,-0.19873693617906918
12414,12414,-0.21356884597967352
12415,12415,-0.06841267938081785
12416,12416,-0.013599349567408221
12417,12417,-0.10212311232849602
12418,12418,-0.06410033493114689
12419,12419,-0.0132863059312548
12420,12420,-0.028217879806615942
12421,12421,-0.10585155541926738
12422,12422,-0.0006614985408927646
12423,12423,-0.114269346264818
12424,12424,-0.027895420034564133
12425,12425,-0.1315604762227034
12426,12426,-0.2529040763581869
12427,12427,-0.01600972877117974
12428,12428,-0.1118888744899256
12429,12429,-0.05968245398234784
12430,12430,-0.13586594320445222
12431,12431,-0.0030871056088104744
12432,12432,-0.33682038182405627
12433,12433,-0.04391937129614412
12434,12434,-0.1150599785631603
12435,12435,-0.09702705112898216
12436,12436,-0.042680791752055774
12437,12437,-0.03699848033757047
12438,12438,-0.15213026900309867
12439,12439,-0.050577398800601636
12440,12440,-0.29795519609275845
12441,12441,-0.0386394769120213
12442,12442,-0.5579782691777975
12443,12443,-0.19434111057406345
12444,12444,-0.04456417716291594
12445,12445,-0.02271056047517917
12446,12446,-0.05033094667328908
12447,12447,-0.16712651354877142
12448,12448,-0.03483468063006992
12449,12449,-0.07142708154652144
12450,12450,-0.013246773468513773
12451,12451,-0.008240719939889092
12452,12452,-0.056660390878876005
12453,12453,-0.12910137587946624
12454,12454,-0.10301372312201185
12455,12455,-0.3499943898582192
12456,12456,-0.0839049222046988
12457,12457,-0.10632630316022296
12458,12458,-0.016813509360298462
12459,12459,-0.07941707885978361
12460,12460,-0.05967228629164023
12461,12461,-0.04440457556510502
12462,12462,-0.043448845406868886
12463,12463,-0.07011664826136807
12464,12464,-0.16702952224855494
12465,12465,-0.3078483128077748
12466,12466,-0.045807890634401716
12467,12467,-0.07121593346905197
12468,12468,-0.07352698942583358
12469,12469,-0.04043791783693573
12470,12470,-0.0006946784210733626
12471,12471,-0.07068160164649151
12472,12472,-0.020363169118919888
12473,12473,-0.06690197147225119
12474,12474,-0.027759596925271253
12475,12475,-0.1657071210274791
12476,12476,-0.018700574520745056
12477,12477,-0.19137332805788698
12478,12478,-0.033739754108779274
12479,12479,-0.08151296547470199
12480,12480,-0.15571435944086875
12481,12481,-0.2706393730710368
12482,12482,-0.042606711948948495
12483,12483,-0.09415451271952674
12484,12484,-0.10699671582177794
12485,12485,-0.10919099718363168
12486,12486,-0.014777511478844652
12487,12487,-0.21286390976560376
12488,12488,-0.027731348775768577
12489,12489,-0.018752806563602342
12490,12490,-0.05164143477422656
12491,12491,-0.14478530317311178
12492,12492,-0.04587699403764203
12493,12493,-0.038230266242891525
12494,12494,-0.0034659948392168644
12495,12495,-0.2517661170300749
12496,12496,-0.1100254853981153
12497,12497,-0.02443734864436764
12498,12498,-0.03687127060471174
12499,12499,-0.1252482089110514
12500,12500,-0.06907982900932641
12501,12501,-0.13447152455495548
12502,12502,-0.08585447904113075
12503,12503,-0.20966213708364745
12504,12504,-0.18834477563921093
12505,12505,-0.03616596156114227
12506,12506,-0.05197350234902931
12507,12507,-0.30328728766649826
12508,12508,-0.14517597924011819
12509,12509,-0.03099508393205555
12510,12510,-0.09885722804976682
12511,12511,-0.0031039404224400932
12512,12512,-0.0037349255452994515
12513,12513,-0.18103117476700528
12514,12514,-0.19422693130585245
12515,12515,-0.10630950479821943
12516,12516,-0.3958633803564493
12517,12517,-0.014204154250595626
12518,12518,-0.16226908207443114
12519,12519,-0.059831784255875764
12520,12520,-0.051274987344577916
12521,12521,-0.038317981995861006
12522,12522,-0.14314732891379578
12523,12523,-0.282375154026263
12524,12524,-0.0584149100974978
12525,12525,-0.03531518358999836
12526,12526,-0.23325224510929887
12527,12527,-0.019934173783460296
12528,12528,-0.05269305629223589
12529,12529,-0.01654043270876375
12530,12530,-0.1538331017379078
12531,12531,-0.05715446716793762
12532,12532,-0.12754881077563518
12533,12533,-0.0064058911240281735
12534,12534,-0.031023369776076143
12535,12535,-0.08307887724159402
12536,12536,-0.040257931093848905
12537,12537,-0.03607064908352093
12538,12538,-0.019741082917584536
12539,12539,-0.06439749824600904
12540,12540,-0.16593677362539694
12541,12541,-0.1446976080130603
12542,12542,-0.05504448698640641
12543,12543,-0.009622049516676334
12544,12544,-0.023919541876558648
12545,12545,-0.13452210828415734
12546,12546,-0.3477960709501886
12547,12547,-0.1535712607591777
12548,12548,-0.08499879604750904
12549,12549,-0.09986349696911312
12550,12550,-0.24921075026313533
12551,12551,-0.04758981788083538
12552,12552,-0.02180535431374006
12553,12553,-0.17342668539590378
12554,12554,-0.07197897158545752
12555,12555,-0.08444220404263014
12556,12556,-0.1205359164754558
12557,12557,-0.3303409773038237
12558,12558,-0.04035792231705762
12559,12559,-0.000790251214517125
12560,12560,-0.009285736126676606
12561,12561,-0.07319038882512618
12562,12562,-0.14141898710111267
12563,12563,-0.05988804589003083
12564,12564,-0.05204598693885523
12565,12565,-0.0032162792557258735
12566,12566,-0.015584489461491852
12567,12567,-0.009398220375720912
12568,12568,-0.17035170702937252
12569,12569,-0.0074814419340281735
12570,12570,-0.12844769252358335
12571,12571,-0.10060357641696172
12572,12572,-0.17841572773766368
12573,12573,-0.0025623649673182716
12574,12574,-0.19194412741468636
12575,12575,-0.0230565431704296
12576,12576,-0.02348444264282011
12577,12577,-0.17217284181624504
12578,12578,-0.04115182896308467
12579,12579,-0.038417766882968336
12580,12580,-0.21832937690076648
12581,12581,-0.021121691361188355
12582,12582,-0.05857436645945458
12583,12583,-0.03415211376224114
12584,12584,-0.0168646716472797
12585,12585,-0.03595467857911283
12586,12586,-0.002561771854917615
12587,12587,-0.20265714572427473
12588,12588,-0.3483189035650658
12589,12589,-0.185949345332304
12590,12590,-0.05861225647300124
12591,12591,-0.13215619542934043
12592,12592,-0.27651563201612817
12593,12593,-0.06091967152256439
12594,12594,-0.1813392623521107
12595,12595,-0.32246941663231654
12596,12596,-0.002406794934688185
12597,12597,-0.0790241775287589
12598,12598,-0.0010370872130726527
12599,12599,-0.030010951303424016
12600,12600,-0.012485571037930826
12601,12601,-0.09742326161534456
12602,12602,-0.018274205169938273
12603,12603,-0.13694250576425882
12604,12604,-0.04224295196127639
12605,12605,-0.27247935171766713
12606,12606,-0.5065788907496227
12607,12607,-0.10948656268824175
12608,12608,-0.043974938816601035
12609,12609,-0.32466411523775063
12610,12610,-0.07416252822686431
12611,12611,-0.02807211861710815
12612,12612,-0.12652442616182313
12613,12613,-0.11962502473585346
12614,12614,-0.18655211327705423
12615,12615,-0.16964552795847615
12616,12616,-0.10076429629018202
12617,12617,-0.04792792315888062
12618,12618,-0.28061747802526904
12619,12619,-0.07417961474935508
12620,12620,-0.1362060950452375
12621,12621,-0.0069912160731816775
12622,12622,-0.09554412154605041
12623,12623,-0.06801027784750005
12624,12624,-0.023295317629433626
12625,12625,-0.05417865702523983
12626,12626,-0.10097157684085512
12627,12627,-0.01610500405474291
12628,12628,-0.1315277260441975
12629,12629,-0.01538470158744476
12630,12630,-0.06382338413194935
12631,12631,-0.11257930946600414
12632,12632,-0.16950006977469645
12633,12633,-0.05527871428052267
12634,12634,-0.01903000463978278
12635,12635,-0.14568597100203284
12636,12636,-0.3386324296384249
12637,12637,-0.11518897943530015
12638,12638,-0.03386212751484499
12639,12639,-0.06442930297827855
12640,12640,-0.021806723517203697
12641,12641,-0.19318154809644073
12642,12642,-0.03144884594817088
12643,12643,-0.0309847072235013
12644,12644,-0.25496039530853665
12645,12645,-0.025760046308214712
12646,12646,-0.058416300128397464
12647,12647,-0.22376090684308647
12648,12648,-0.27053885514427556
12649,12649,-0.14252914276423134
12650,12650,-0.20778659926411125
12651,12651,-0.034194792912383615
12652,12652,-0.018049433815083504
12653,12653,-0.0920297408505456
12654,12654,-0.026134571264135542
12655,12655,-0.06010453509063929
12656,12656,-0.07491808419096424
12657,12657,-0.029977560294228156
12658,12658,-0.0742182907343154
12659,12659,-0.030643025089108114
12660,12660,-0.05744417277931346
12661,12661,-0.15400584176435583
12662,12662,-0.03628420086494133
12663,12663,-0.24355539308101415
12664,12664,-0.08639737116681889
12665,12665,-0.16341752890748407
12666,12666,-0.027124020379530323
12667,12667,-0.03430629382749485
12668,12668,-0.4658662421441227
12669,12669,-0.009547426572522626
12670,12670,-0.14193299053534292
12671,12671,-0.013126064298893625
12672,12672,-0.015203307215135853
12673,12673,-0.02385938076212482
12674,12674,-0.07916796325143392
12675,12675,-0.24746193044068265
12676,12676,-0.14392076627214756
12677,12677,-0.20393234596608956
12678,12678,-0.020264484927324605
12679,12679,-0.13111431710609844
12680,12680,-0.00549608235606458
12681,12681,-0.14632402852833562
12682,12682,-0.03814414568101257
12683,12683,-0.14113116860342423
12684,12684,-0.14834955015979645
12685,12685,-0.11774837430442123
12686,12686,-0.016499335218475242
12687,12687,-0.009331955601252162
12688,12688,-0.12556695810492835
12689,12689,-0.3028330968720927
12690,12690,-0.01032127715441089
12691,12691,-0.07539112169390627
12692,12692,-0.17088664136043008
12693,12693,-0.04137985440618552
12694,12694,-0.20903083270487344
12695,12695,-0.07848634023300896
12696,12696,-0.055213179460527013
12697,12697,-0.14724940904186096
12698,12698,-0.4356295492253298
12699,12699,-0.03286233496756319
12700,12700,-0.09586952871730417
12701,12701,-0.04923675209047362
12702,12702,-0.09160074038538457
12703,12703,-0.11230877074680568
12704,12704,-1.3474664874133695e-05
12705,12705,-0.10759542057136429
12706,12706,-0.013286294420300888
12707,12707,-0.07743822067792372
12708,12708,-0.058444825609134665
12709,12709,-0.030441976374222975
12710,12710,-0.06968120263842581
12711,12711,-0.4557655026378207
12712,12712,-0.16841759010321422
12713,12713,-0.028446686060666027
12714,12714,-0.06776247986968456
12715,12715,-0.24161899044409907
12716,12716,-0.11312519323302805
12717,12717,-0.057770624019793965
12718,12718,-0.0056305071556271916
12719,12719,-0.0005640451539634503
12720,12720,-0.12530260708743768
12721,12721,-0.027807038464975897
12722,12722,-0.007633858044754499
12723,12723,-0.010122237552046692
12724,12724,-0.2309341800507827
12725,12725,-0.10249927765539768
12726,12726,-0.142103829970117
12727,12727,-0.11966203750615956
12728,12728,-0.03591243916494416
12729,12729,-0.027156614844155796
12730,12730,-0.18168598651190593
12731,12731,-0.12350021011097356
12732,12732,-0.12786308636998545
12733,12733,-0.28422389431688266
12734,12734,-0.10989661178226243
12735,12735,-0.17357844771749242
12736,12736,-0.012406634159739737
12737,12737,-0.27751070891532414
12738,12738,-0.0003719709689965128
12739,12739,-0.08645801038617273
12740,12740,-0.02743010435242968
12741,12741,-0.02557058160750758
12742,12742,-0.3375550787643271
12743,12743,-0.029228585316313005
12744,12744,-0.0378336371707394
12745,12745,-0.0013420083890999213
12746,12746,-0.03089251419522976
12747,12747,-0.10278987966985938
12748,12748,-0.009636615424931168
12749,12749,-0.01705548345133323
12750,12750,-0.30635803875252465
12751,12751,-0.06155557602576156
12752,12752,-0.11840587398680327
12753,12753,-0.005761993487934662
12754,12754,-0.11953438828244833
12755,12755,-0.1307243277376286
12756,12756,-0.0003943316368281428
12757,12757,-0.10319888899622981
12758,12758,-0.20670333560780815
12759,12759,-0.008089287385293305
12760,12760,-0.08407004195256862
12761,12761,-0.014580333314974554
12762,12762,-0.011479395914254793
12763,12763,-0.051141734006495576
12764,12764,-0.27147363183647544
12765,12765,-0.10215418058228132
12766,12766,-0.16856993392665665
12767,12767,-0.0634887646894563
12768,12768,-0.019719151113205574
12769,12769,-0.013828248117407821
12770,12770,-0.031196701143583888
12771,12771,-0.015890336852083964
12772,12772,-0.07859102067672666
12773,12773,-0.1258604021176808
12774,12774,-0.11088929793222135
12775,12775,-2.3286169981703538e-05
12776,12776,-0.04915835844031635
12777,12777,-0.12995153549603078
12778,12778,-0.22448683763515487
12779,12779,-0.013699361878436594
12780,12780,-0.32703133152601815
12781,12781,-0.05886675459550314
12782,12782,-0.018544802562410215
12783,12783,-0.07176881533529311
12784,12784,-0.08222318470463119
12785,12785,-0.020786625973452932
12786,12786,-0.08944626763256036
12787,12787,-0.059728054013108434
12788,12788,-0.024854010560143275
12789,12789,-0.20064200779885966
12790,12790,-0.1706187423538723
12791,12791,-0.013168719589956142
12792,12792,-0.10648028310863289
12793,12793,-0.09673585450162758
12794,12794,-0.18097344456396727
12795,12795,-0.001928951238111501
12796,12796,-0.03098129947409725
12797,12797,-0.1549196038310705
12798,12798,-0.028359194429199985
12799,12799,-0.20471126785077276
12800,12800,-0.045539998506285984
12801,12801,-0.00015636516338340435
12802,12802,-0.041939361235840966
12803,12803,-0.017610850905156156
12804,12804,-0.021972027415474334
12805,12805,-0.11792546621533306
12806,12806,-0.18891093808708215
12807,12807,-0.03432476767795192
12808,12808,-0.370190827275911
12809,12809,-0.1320190414976457
12810,12810,-0.0785039852772427
12811,12811,-0.06724126013700282
12812,12812,-0.1909494068864408
12813,12813,-0.15184499496052173
12814,12814,-0.11691423633392398
12815,12815,-0.09186823914425724
12816,12816,-0.16678127099994988
12817,12817,-0.5364410368719263
12818,12818,-0.05223235870644108
12819,12819,-0.06699427139952147
12820,12820,-0.017338823031296885
12821,12821,-0.026673833400383207
12822,12822,-0.05938201828756487
12823,12823,-0.017492019263333353
12824,12824,-0.01899276290769128
12825,12825,-0.10189630192513732
12826,12826,-0.04171288980796195
12827,12827,-0.012689127221977195
12828,12828,-0.049856498994408166
12829,12829,-0.0043914293267867735
12830,12830,-0.20354583400523654
12831,12831,-0.12334133965503113
12832,12832,-0.0008283213618543953
12833,12833,-0.005371622757703688
12834,12834,-0.16951285866512622
12835,12835,-0.18444487859389813
12836,12836,-0.029350917032919838
12837,12837,-0.23609286438600208
12838,12838,-0.03866877712575267
12839,12839,-0.04283810220201023
12840,12840,-0.07611423267132367
12841,12841,-0.023404860281429102
12842,12842,-0.25062746052039175
12843,12843,-0.03377453823633936
12844,12844,-0.05903769813341775
12845,12845,-0.03103284416105867
12846,12846,-0.23236393320582494
12847,12847,-0.028445816947098718
12848,12848,-0.025243342310192235
12849,12849,-0.005423207982559186
12850,12850,-0.07120278493511822
12851,12851,-0.0037321677628904884
12852,12852,-0.271039682786709
12853,12853,-0.051737806798411445
12854,12854,-0.24606963516877167
12855,12855,-0.0004967515958790999
12856,12856,-0.08858132961677223
12857,12857,-0.062489751728119394
12858,12858,-0.05760882938209699
12859,12859,-0.12202971953369302
12860,12860,-0.049793385637856465
12861,12861,-0.0016870042875046804
12862,12862,-0.11908092012372556
12863,12863,-0.01643655022729265
12864,12864,-0.20277893600322772
12865,12865,-0.1633776040193318
12866,12866,-0.02520793573646702
12867,12867,-0.0344063329739443
12868,12868,-0.03622403905858562
12869,12869,-0.09899386126209553
12870,12870,-0.02300303344137611
12871,12871,-0.2648735994452682
12872,12872,-0.0677717777135115
12873,12873,-0.03730211288716104
12874,12874,-0.04966253870579193
12875,12875,-0.5152898735376716
12876,12876,-0.034775256520331484
12877,12877,-0.04484127479095015
12878,12878,-0.030882664500169188
12879,12879,-0.04787749941450002
12880,12880,-0.055772977721809
12881,12881,-0.007032205064432341
12882,12882,-0.030044120408970976
12883,12883,-0.18127443563706283
12884,12884,-0.3503498296700318
12885,12885,-0.1819837488912147
12886,12886,-0.03415051608113118
12887,12887,-0.019117665933943706
12888,12888,-0.1456055142815882
12889,12889,-0.009705459951538958
12890,12890,-0.026727774987723052
12891,12891,-0.1151570283798603
12892,12892,-0.12045901607184739
12893,12893,-0.025020312464111627
12894,12894,-0.10745425984938928
12895,12895,-0.10982844541025871
12896,12896,-0.022023829822516522
12897,12897,-0.20139014546324327
12898,12898,-0.052013476728912544
12899,12899,-0.10951729967380741
12900,12900,-0.12789068059234746
12901,12901,-0.004330278823856948
12902,12902,-0.018182661692420915
12903,12903,-0.1344869453503152
12904,12904,-0.08251316377433371
12905,12905,-0.024798122620379837
12906,12906,-0.13411020846471766
12907,12907,-0.01971199144754604
12908,12908,-0.07263047347632329
12909,12909,-0.0041048534155042815
12910,12910,-0.058168140315049244
12911,12911,-0.03287507615733282
12912,12912,-0.05757544591503738
12913,12913,-0.07166890149330979
12914,12914,-0.08133898343250667
12915,12915,-0.09244130989497013
12916,12916,-0.14534302437902769
12917,12917,-0.07913023823965018
12918,12918,-0.4488171604488529
12919,12919,-0.02359680630979913
12920,12920,-0.014441849046538918
12921,12921,-0.001143212439546616
12922,12922,-0.011592576606648393
12923,12923,-0.05663030053965068
12924,12924,-0.18703294534533435
12925,12925,-0.005658068109851033
12926,12926,-0.15802505463325656
12927,12927,-0.26239776890232325
12928,12928,-0.05413434054192548
12929,12929,-0.0006211250833265754
12930,12930,-0.038154497544757
12931,12931,-0.13683703637286693
12932,12932,-0.008278962502231285
12933,12933,-0.18791481601429016
12934,12934,-0.011880141235058095
12935,12935,-0.04103505053662304
12936,12936,-0.07203668279553543
12937,12937,-0.0817856635565648
12938,12938,-0.021660983868710404
12939,12939,-0.002098394473363824
12940,12940,-0.2907361643604305
12941,12941,-0.003706958994938364
12942,12942,-0.13371223932269605
12943,12943,-0.030961349174889907
12944,12944,-0.07715182944642907
12945,12945,-0.09185771872122353
12946,12946,-0.023723707308620612
12947,12947,-0.08712834211264964
12948,12948,-0.1188876161495589
12949,12949,-0.029061907038305912
12950,12950,-0.051207306603105796
12951,12951,-0.0347825804391535
12952,12952,-0.20660681641580325
12953,12953,-0.0026799170010995566
12954,12954,-0.12647432061006247
12955,12955,-0.07843023068590516
12956,12956,-0.0007685690711211998
12957,12957,-0.18018222637716974
12958,12958,-0.02098691417493459
12959,12959,-0.011833972330398873
12960,12960,-0.21806256573494676
12961,12961,-0.08023282282103716
12962,12962,-0.03243978296452135
12963,12963,-0.10991366513913026
12964,12964,-0.008238085670945888
12965,12965,-0.16586628346994095
12966,12966,-0.047196309050116625
12967,12967,-0.024358126673683783
12968,12968,-0.07036285340174919
12969,12969,-0.010654474463558002
12970,12970,-0.02002215543096786
12971,12971,-0.12175710520790402
12972,12972,-0.014076286833422323
12973,12973,-0.16908455897522867
12974,12974,-0.07442080366907966
12975,12975,-0.100437876913273
12976,12976,-0.022079946233873216
12977,12977,-0.14139853264850288
12978,12978,-0.08389076945204821
12979,12979,-0.0510674933826466
12980,12980,-0.019280316953852794
12981,12981,-0.02590389682886602
12982,12982,-0.07693411821634324
12983,12983,-0.26512785759251306
12984,12984,-0.0717786596978578
12985,12985,-0.0028796877628013
12986,12986,-0.015254737155518104
12987,12987,-0.01211406451733925
12988,12988,-0.10254021399902458
12989,12989,-0.0928875476146005
12990,12990,-0.12905089633444877
12991,12991,-0.4387226454117936
12992,12992,-0.1369074483448829
12993,12993,-0.00916307551740686
12994,12994,-0.011809312222980116
12995,12995,-0.004702586153608891
12996,12996,-0.05998475478752596
12997,12997,-0.04923760395287591
12998,12998,-0.019282716495187646
12999,12999,-0.14687663811536134
13000,13000,-0.06952343861101884
13001,13001,-0.0819422199524325
13002,13002,-0.04726123665882521
13003,13003,-0.10162225575492434
13004,13004,-0.06908399413226862
13005,13005,-0.30459054591065327
13006,13006,-0.003374138386337766
13007,13007,-0.18150573792434876
13008,13008,-0.031939036462573574
13009,13009,-0.03720496135087954
13010,13010,-0.42939942496605177
13011,13011,-0.11416970355119925
13012,13012,-0.003914892717036912
13013,13013,-0.2832297423341501
13014,13014,-0.12755773537001622
13015,13015,-0.06679416308135742
13016,13016,-0.10887528149136083
13017,13017,-0.11993328715326079
13018,13018,-0.15618088264991892
13019,13019,-0.11246255346171566
13020,13020,-0.009771376599043369
13021,13021,-0.08214597894494283
13022,13022,-0.03076996119230138
13023,13023,-0.32382525471196466
13024,13024,-0.34160743035780294
13025,13025,-0.0388738765934551
13026,13026,-0.21999811411246134
13027,13027,-0.08966545550767269
13028,13028,-0.03316068652202575
13029,13029,-0.021020760863894594
13030,13030,-0.019900024531224553
13031,13031,-0.13466638787159368
13032,13032,-0.21888115840395672
13033,13033,-0.09200648861035221
13034,13034,-0.12799900147662913
13035,13035,-0.008133338835160098
13036,13036,-0.06801579297661109
13037,13037,-0.03109096553518976
13038,13038,-0.06990503464965336
13039,13039,-0.010018243755464847
13040,13040,-0.0194002692668912
13041,13041,-0.0751685120777994
13042,13042,-0.04940083481885314
13043,13043,-0.02956734558711685
13044,13044,-0.12623724726212604
13045,13045,-0.12570421386335484
13046,13046,-0.4444774023556963
13047,13047,-0.039512585796255384
13048,13048,-0.004597097986955095
13049,13049,-0.06839539303294917
13050,13050,-0.05679760636447975
13051,13051,-0.026523198645650448
13052,13052,-0.010968222520768178
13053,13053,-0.031818433714945665
13054,13054,-0.027611925533788467
13055,13055,-0.2083017635506863
13056,13056,-0.17904235143184666
13057,13057,-0.012687094526929205
13058,13058,-0.08730645953845206
13059,13059,-0.10309417779657137
13060,13060,-0.27621878121596843
13061,13061,-0.09310458386984521
13062,13062,-0.040449862851340446
13063,13063,-0.00920902962709974
13064,13064,-0.18692585876046078
13065,13065,-0.08772507655829831
13066,13066,-0.1141151649411132
13067,13067,-0.02006767556121869
13068,13068,-0.08218688721554479
13069,13069,-0.07468133453698178
13070,13070,-0.052303066454403996
13071,13071,-0.0008897683842715165
13072,13072,-0.10934853197468189
13073,13073,-0.056205542865942815
13074,13074,-0.025028946098721083
13075,13075,-0.03183733133705827
13076,13076,-0.06921568200691486
13077,13077,-0.10330679989457414
13078,13078,-0.05464965164916802
13079,13079,-0.3016835708226595
13080,13080,-0.1610634486985694
13081,13081,-0.005901066141305311
13082,13082,-0.09290860127606274
13083,13083,-0.002589601345309396
13084,13084,-0.46625876092316476
13085,13085,-0.008665932181896128
13086,13086,-0.1460250576179023
13087,13087,-0.005031933030778431
13088,13088,-0.1972444689604047
13089,13089,-0.08454789561135456
13090,13090,-0.09924745956891874
13091,13091,-0.12410250371330456
13092,13092,-0.1793067740952865
13093,13093,-0.009391361065034952
13094,13094,-0.19512128015320876
13095,13095,-0.018761628584937486
13096,13096,-0.026161612885657833
13097,13097,-0.12634103205941438
13098,13098,-0.009417102985110254
13099,13099,-0.017423599695496117
13100,13100,-0.2598128367495911
13101,13101,-0.12786687957375742
13102,13102,-0.048101657782743196
13103,13103,-0.001748487268423209
13104,13104,-0.09758942715782837
13105,13105,-0.026862920824236136
13106,13106,-0.010501276271118326
13107,13107,-0.044694972913804226
13108,13108,-0.17883790113427622
13109,13109,-0.016281906666939877
13110,13110,-0.014940624599479563
13111,13111,-0.0889958343308057
13112,13112,-0.025887076786889063
13113,13113,-0.004591340910040688
13114,13114,-0.10489377603664751
13115,13115,-0.08635439957792215
13116,13116,-0.031279727728935086
13117,13117,-0.0010093033266900062
13118,13118,-0.0966395245166557
13119,13119,-0.05686691643450914
13120,13120,-0.10729487965605389
13121,13121,-0.06328006220046548
13122,13122,-0.01023005110282111
13123,13123,-0.08125955550648015
13124,13124,-0.03148383751574457
13125,13125,-0.10340635585586055
13126,13126,-0.0004780513443318653
13127,13127,-0.023652298601860355
13128,13128,-0.01984971632016752
13129,13129,-0.06769336902237777
13130,13130,-0.01705614969158753
13131,13131,-0.04609027672674959
13132,13132,-0.055044994218641285
13133,13133,-0.053721071057936116
13134,13134,-0.13931807973412902
13135,13135,-0.10328932562733328
13136,13136,-0.03143389406152154
13137,13137,-0.1481005302373153
13138,13138,-0.13725950057551906
13139,13139,-0.019571552755731775
13140,13140,-0.06983871874247838
13141,13141,-0.019621072081382668
13142,13142,-0.10669321818702615
13143,13143,-0.01380989138511901
13144,13144,-0.05515426940340526
13145,13145,-0.07604629397213802
13146,13146,-0.001012420837382216
13147,13147,-0.23957416010214105
13148,13148,-0.17474120568008944
13149,13149,-0.039861869828306085
13150,13150,-0.15457044068606596
13151,13151,-0.14435704638857116
13152,13152,-0.00882094932690103
13153,13153,-0.013451950737239038
13154,13154,-0.1481708312725651
13155,13155,-0.08986243924241599
13156,13156,-0.028921810257597463
13157,13157,-0.13882542844642254
13158,13158,-0.03300923768680031
13159,13159,-0.03271239234296899
13160,13160,-0.06131229890484591
13161,13161,-0.040014712541796005
13162,13162,-0.047769151802623644
13163,13163,-0.09320256228747725
13164,13164,-0.07228523808703091
13165,13165,-0.03814266978166117
13166,13166,-0.07523764065432648
13167,13167,-0.0014803558203589987
13168,13168,-0.0688215490452132
13169,13169,-0.018841529112382488
13170,13170,-0.02465754315409685
13171,13171,-0.049055695049844084
13172,13172,-0.13391804432375093
13173,13173,-0.029729165499010834
13174,13174,-0.13040934034018736
13175,13175,-0.05920682713571746
13176,13176,-0.031574520049372556
13177,13177,-0.2433500163101212
13178,13178,-0.06869780406318984
13179,13179,-0.10085787388199652
13180,13180,-0.28643763332993233
13181,13181,-0.03547969238145377
13182,13182,-0.058844737438684014
13183,13183,-0.05842063937082376
13184,13184,-0.002941792333838249
13185,13185,-0.12362806402557258
13186,13186,-0.21202740276887402
13187,13187,-0.1324800158297501
13188,13188,-0.025234379597531192
13189,13189,-0.09021789616234131
13190,13190,-0.025338661877108537
13191,13191,-0.08196147706428392
13192,13192,-0.03222486787429313
13193,13193,-0.09903752909042421
13194,13194,-0.12055285894080303
13195,13195,-0.12876621228937513
13196,13196,-0.011237241865658243
13197,13197,-0.10566782064829461
13198,13198,-0.018481289881427172
13199,13199,-0.028114197641090487
13200,13200,-0.09244013862140221
13201,13201,-0.08493250037123043
13202,13202,-0.006221677326799929
13203,13203,-0.10030849287886312
13204,13204,-0.07252208196390456
13205,13205,-0.08923045383968342
13206,13206,-0.0011047787020911724
13207,13207,-0.2465762327855079
13208,13208,-0.12243632621494749
13209,13209,-0.0347236927606831
13210,13210,-0.09358730292545236
13211,13211,-0.013728751406702738
13212,13212,-0.04236024220697335
13213,13213,-0.07148126834435375
13214,13214,-0.3298669234107323
13215,13215,-0.008816428326263337
13216,13216,-0.24861749870297567
13217,13217,-0.03517336321273101
13218,13218,-0.016271559055189094
13219,13219,-0.05101070775020933
13220,13220,-0.18959693054842042
13221,13221,-0.10875117545848945
13222,13222,-0.013227644524346105
13223,13223,-0.14251562813509944
13224,13224,-0.14159545924978634
13225,13225,-0.11260034276274913
13226,13226,-0.015378147217697702
13227,13227,-0.08897391608289651
13228,13228,-0.07865601830069702
13229,13229,-0.09085207727964051
13230,13230,-0.06406142071909907
13231,13231,-0.17662865008174045
13232,13232,-0.1030566399240258
13233,13233,-0.085726319556509
13234,13234,-0.06693046762409838
13235,13235,-0.07633374742096699
13236,13236,-0.0727540027314384
13237,13237,-0.18740825816437212
13238,13238,-0.03312210246035266
13239,13239,-0.029872145364024445
13240,13240,-0.023964265101587445
13241,13241,-0.26057217030961255
13242,13242,-0.0375397706670203
13243,13243,-0.0883125434656079
13244,13244,-0.05793321778244043
13245,13245,-0.06899022477584904
13246,13246,-0.3226123093266242
13247,13247,-0.05983571776887653
13248,13248,-0.008336715087029052
13249,13249,-0.018321387930390842
13250,13250,-0.07934731230342651
13251,13251,-0.0590277272555193
13252,13252,-0.267586504629729
13253,13253,-0.15020152282507704
13254,13254,-0.016768426412931553
13255,13255,-0.0913034242109938
13256,13256,-0.0041123018058401295
13257,13257,-0.03886268935534665
13258,13258,-0.007542373174927397
13259,13259,-0.0030902079423049955
13260,13260,-0.14261478855785728
13261,13261,-0.12753703754109624
13262,13262,-0.25585595540873385
13263,13263,-0.0035774863460259765
13264,13264,-0.2118958183352009
13265,13265,-0.0037131724120466336
13266,13266,-0.13297529692942756
13267,13267,-0.016675050814199205
13268,13268,-0.2576159732671024
13269,13269,-0.4801313135799212
13270,13270,-0.050322868084475454
13271,13271,-0.18057056126341564
13272,13272,-0.08104206529513053
13273,13273,-0.016477989374162477
13274,13274,-0.25483240496502946
13275,13275,-0.07721757449626956
13276,13276,-0.18653550086936216
13277,13277,-0.0064604658769445815
13278,13278,-0.08816691233968402
13279,13279,-0.02760700677265507
13280,13280,-0.38172861657610646
13281,13281,-0.07831727543734582
13282,13282,-0.10088844517961393
13283,13283,-0.07416082841262028
13284,13284,-0.22332607405222593
13285,13285,-0.26045082314897217
13286,13286,-0.1372238724469228
13287,13287,-0.043654461510459375
13288,13288,-0.0024446223290713054
13289,13289,-0.25310683364341635
13290,13290,-0.23863467515884418
13291,13291,-0.012521995839824607
13292,13292,-0.09146543658751563
13293,13293,-0.16312389169352537
13294,13294,-0.016249201095684396
13295,13295,-0.15268609209022335
13296,13296,-0.12555774964416466
13297,13297,-0.29398140732759304
13298,13298,-0.27736800687314345
13299,13299,-0.017846471919798074
13300,13300,-0.10142295810602903
13301,13301,-0.14061559749991837
13302,13302,-0.19881470719303396
13303,13303,-0.004969547034022671
13304,13304,-0.08576961711533437
13305,13305,-0.081555372741824
13306,13306,-0.029880891957173278
13307,13307,-0.04109304842333731
13308,13308,-0.03161981418875118
13309,13309,-0.004306939928233083
13310,13310,-0.014857956427021285
13311,13311,-0.043753982217880294
13312,13312,-0.27386545241912197
13313,13313,-0.11210618779066464
13314,13314,-0.11494441211980622
13315,13315,-0.2075817073648567
13316,13316,-0.038558429067822364
13317,13317,-0.036753604825979225
13318,13318,-0.03967546296842442
13319,13319,-0.13360610280632645
13320,13320,-0.04003732678279803
13321,13321,-0.02602595397352092
13322,13322,-0.05492541431311093
13323,13323,-0.0035758958850733544
13324,13324,-0.06829078166231461
13325,13325,-0.05357729355205276
13326,13326,-0.026704884130828617
13327,13327,-0.04800197461717426
13328,13328,-0.02460090666962969
13329,13329,-0.09961706310972263
13330,13330,-0.2505729267771062
13331,13331,-0.009625955317606683
13332,13332,-0.0506116520915956
13333,13333,-0.1593975391982827
13334,13334,-0.10383806455482773
13335,13335,-0.0036507890954542033
13336,13336,-0.02506923917311535
13337,13337,-0.07582427953159357
13338,13338,-0.11133082901185398
13339,13339,-0.011531537788532165
13340,13340,-0.03362284721292015
13341,13341,-0.12882729120155656
13342,13342,-0.13074373459337274
13343,13343,-0.004691048825658463
13344,13344,-0.19471239069230295
13345,13345,-0.031229596973342717
13346,13346,-0.13082034165561973
13347,13347,-0.12263037020701553
13348,13348,-0.10121438783119574
13349,13349,-0.02726153566749634
13350,13350,-0.10593174258639396
13351,13351,-0.05797812793863821
13352,13352,-0.04517473691542942
13353,13353,-0.03850830120564524
13354,13354,-0.2594046703476671
13355,13355,-0.02460714140409792
13356,13356,-0.05034637070346196
13357,13357,-0.017231629186241687
13358,13358,-0.07349483777586777
13359,13359,-0.03407490769121724
13360,13360,-0.010626182115519495
13361,13361,-0.06791471410064334
13362,13362,-0.13343539758364875
13363,13363,-0.2094229909617168
13364,13364,-0.04599924268983882
13365,13365,-0.10633353716552607
13366,13366,-0.007648195312367323
13367,13367,-0.03266488775913079
13368,13368,-0.23478838462072382
13369,13369,-0.0861012873201421
13370,13370,-0.00589118973783212
13371,13371,-0.018525004943083873
13372,13372,-0.036661368520771065
13373,13373,-0.015360322073245336
13374,13374,-0.017321795445805616
13375,13375,-0.010304680562005349
13376,13376,-0.08798952535202975
13377,13377,-0.0011702837837187455
13378,13378,-0.06990168236620647
13379,13379,-0.16867213626833166
13380,13380,-0.26419450256297106
13381,13381,-0.20065624931755943
13382,13382,-0.06384273852201583
13383,13383,-0.1198948635763708
13384,13384,-0.15111947190773245
13385,13385,-0.006474080366806634
13386,13386,-0.023803884233670865
13387,13387,-0.038733328030964104
13388,13388,-0.146526687799986
13389,13389,-0.03688239921636073
13390,13390,-0.06362957867619645
13391,13391,-0.21842702501423655
13392,13392,-0.33410030597246254
13393,13393,-0.009224145796025734
13394,13394,-0.02396970656129463
13395,13395,-0.11251183413507133
13396,13396,-0.05724325326704278
13397,13397,-0.03448594061172816
13398,13398,-0.17147456468298453
13399,13399,-0.0011699820120731359
13400,13400,-0.20520452638657005
13401,13401,-0.1276405060040564
13402,13402,-0.03405316986549922
13403,13403,-0.020405107488100566
13404,13404,-0.06481393896695054
13405,13405,-0.0950658667777678
13406,13406,-0.056795673241720995
13407,13407,-0.043106571638893317
13408,13408,-0.09986132821820529
13409,13409,-0.010414523697070306
13410,13410,-0.15459489969414486
13411,13411,-0.01874441389706534
13412,13412,-0.0182136748666977
13413,13413,-0.07697143059180178
13414,13414,-0.3731058495091055
13415,13415,-0.19033449179161943
13416,13416,-0.010662403328527192
13417,13417,-0.04600154962514458
13418,13418,-0.1401257076404578
13419,13419,-0.020720360708459395
13420,13420,-0.0510777855411021
13421,13421,-0.0850355137400216
13422,13422,-0.135431620231505
13423,13423,-0.26080081454982174
13424,13424,-0.034298834834011666
13425,13425,-0.08434004378371363
13426,13426,-0.0067900114500703546
13427,13427,-0.15063929275861243
13428,13428,-0.08376385142918219
13429,13429,-0.062597190101821
13430,13430,-0.114402504622106
13431,13431,-0.05716147778734351
13432,13432,-0.10893007636999075
13433,13433,-0.0618544479607791
13434,13434,-0.04056777518622756
13435,13435,-0.07390438223555995
13436,13436,-0.07021593390018677
13437,13437,-0.09628890277669166
13438,13438,-0.07407526782741708
13439,13439,-0.014158768960156914
13440,13440,-0.010893484767482982
13441,13441,-0.008019623015087136
13442,13442,-0.003707934210405474
13443,13443,-0.007314329758228988
13444,13444,-0.22712751952582136
13445,13445,-0.030011121195624657
13446,13446,-0.03430400490969554
13447,13447,-0.1781446020071581
13448,13448,-0.07978738674120633
13449,13449,-0.03418037464268198
13450,13450,-0.014440068398006406
13451,13451,-0.0010692400925053987
13452,13452,-0.009498796869704514
13453,13453,-0.004073131954458804
13454,13454,-0.1720748519213604
13455,13455,-0.04009967495292188
13456,13456,-0.08808441727331989
13457,13457,-0.09030850770958132
13458,13458,-0.01532121122880184
13459,13459,-0.22787796929019954
13460,13460,-0.006034791266201607
13461,13461,-0.25643531061385183
13462,13462,-0.27833914711167473
13463,13463,-0.17434378351522506
13464,13464,-0.13633608466566471
13465,13465,-0.04458950836480183
13466,13466,-0.08602770140404303
13467,13467,-0.13814335910304454
13468,13468,-0.10103896452651578
13469,13469,-0.07878095249118156
13470,13470,-0.21418517145857585
13471,13471,-0.06757141745550976
13472,13472,-0.07195183221861656
13473,13473,-0.19518674714816708
13474,13474,-0.02542299090626335
13475,13475,-0.11722474641735123
13476,13476,-0.2517882297960683
13477,13477,-0.020725838222235643
13478,13478,-0.21713284721459225
13479,13479,-0.008265549310850995
13480,13480,-0.04835523698529587
13481,13481,-0.07873268421271229
13482,13482,-0.07217190387603248
13483,13483,-0.10511856836461186
13484,13484,-0.014809929835837649
13485,13485,-0.09997921829551482
13486,13486,-0.032984458732202904
13487,13487,-0.3212278508872295
13488,13488,-0.19491700122025124
13489,13489,-0.02660049759492767
13490,13490,-0.04865722355050117
13491,13491,-0.0860846651080667
13492,13492,-0.03174873616939622
13493,13493,-0.011452158482836566
13494,13494,-0.03469074949426032
13495,13495,-0.11447087206831208
13496,13496,-0.0016631759443814396
13497,13497,-0.07444211547292412
13498,13498,-0.03003373494367559
13499,13499,-0.02540090562488939
13500,13500,-0.035904675631624805
13501,13501,-0.012114029476565098
13502,13502,-0.08996902612959101
13503,13503,-0.07802570553490284
13504,13504,-0.010681500300722818
13505,13505,-0.17470413514685257
13506,13506,-0.17412099938067804
13507,13507,-0.07666041906635712
13508,13508,-0.04491193408487138
13509,13509,-0.03411654677484524
13510,13510,-0.0023338214198930177
13511,13511,-0.08942669632368894
13512,13512,-0.14481361399573636
13513,13513,-0.04187697233848653
13514,13514,-0.000997214445585756
13515,13515,-0.05023130454828986
13516,13516,-0.04449725338539849
13517,13517,-0.004965675080339127
13518,13518,-0.14849362687417766
13519,13519,-0.040173697253016005
13520,13520,-0.20069241781553204
13521,13521,-0.016540537221567897
13522,13522,-0.09440238957604097
13523,13523,-0.009708874347766268
13524,13524,-0.08588233873809925
13525,13525,-0.35418525810565393
13526,13526,-0.0271491169256928
13527,13527,-0.05086173745392165
13528,13528,-0.11728363557567123
13529,13529,-0.10758318533121994
13530,13530,-0.010924498194166805
13531,13531,-0.09414948397069
13532,13532,-0.035829449943792675
13533,13533,-0.0614680297589173
13534,13534,-0.11078836059542907
13535,13535,-0.08458169156440265
13536,13536,-0.03678639383985094
13537,13537,-0.01798871814160899
13538,13538,-0.0874254183519314
13539,13539,-0.02164737808095929
13540,13540,-0.05966534335954379
13541,13541,-0.14690887057173654
13542,13542,-0.3389655970955232
13543,13543,-0.11459061198053355
13544,13544,-0.10932084472475367
13545,13545,-0.11541616848630121
13546,13546,-0.11384389146330404
13547,13547,-0.07853953843768302
13548,13548,-0.011563892552271332
13549,13549,-0.15329714238342262
13550,13550,-0.13635288261011347
13551,13551,-0.11209761123688455
13552,13552,-0.08423033321891016
13553,13553,-0.03756601368816015
13554,13554,-0.26926801077346696
13555,13555,-0.058002367971025315
13556,13556,-0.08228956296689782
13557,13557,-0.017891446737085648
13558,13558,-0.01544891054425504
13559,13559,-0.13734675664379736
13560,13560,-0.07898573588176028
13561,13561,-0.0018180032494196354
13562,13562,-0.06401073467639584
13563,13563,-0.2271147136888101
13564,13564,-0.11851591474189505
13565,13565,-0.3826579270244146
13566,13566,-0.03222639248498571
13567,13567,-0.2567587866507015
13568,13568,-0.020981399473720685
13569,13569,-0.0006236475828786427
13570,13570,-0.05824528918568106
13571,13571,-0.1559452114729406
13572,13572,-0.11648105567260425
13573,13573,-0.10689755717269556
13574,13574,-0.029000075631180566
13575,13575,-0.27130326132748905
13576,13576,-0.1169935914671486
13577,13577,-0.025008245238900873
13578,13578,-0.02275417752602582
13579,13579,-0.01640394048749383
13580,13580,-0.4711900285463485
13581,13581,-0.02673783670945007
13582,13582,-0.009683276208898889
13583,13583,-0.005645705937018325
13584,13584,-0.009129380535881533
13585,13585,-0.09366984594928107
13586,13586,-0.2303601959478337
13587,13587,-0.06354868643552453
13588,13588,-0.027041378647365666
13589,13589,-0.03505552257943359
13590,13590,-0.05512209989207273
13591,13591,-0.18191828409078614
13592,13592,-0.07282760330887383
13593,13593,-0.029880425195789734
13594,13594,-0.1073034724345581
13595,13595,-0.03126016513441998
13596,13596,-0.04167039658555363
13597,13597,-0.02717873120364145
13598,13598,-0.033367937449282015
13599,13599,-0.08785038402547307
13600,13600,-0.07951555105817942
13601,13601,-0.03663064472097455
13602,13602,-0.08335700560970283
13603,13603,-0.03167017004507866
13604,13604,-0.20253338280088684
13605,13605,-0.018016213250405144
13606,13606,-0.028902859687300803
13607,13607,-0.08221163968668499
13608,13608,-0.25910930676844046
13609,13609,-0.03439003423266698
13610,13610,-0.10434591404055082
13611,13611,-0.052362140420358666
13612,13612,-0.027217838683481266
13613,13613,-0.017797662402793853
13614,13614,-0.03930471038920713
13615,13615,-0.061796392143766705
13616,13616,-0.1645433742864305
13617,13617,-0.0440423697683578
13618,13618,-0.2222053551674108
13619,13619,-0.19265625901665118
13620,13620,-0.006535858532513851
13621,13621,-0.013671244613896365
13622,13622,-0.061366216504032095
13623,13623,-0.15013408113351723
13624,13624,-0.2158933580985032
13625,13625,-0.10368188605143525
13626,13626,-0.14297481267888562
13627,13627,-0.47454350428535363
13628,13628,-0.04511645035754397
13629,13629,-0.08666852246019488
13630,13630,-0.058550033848274285
13631,13631,-0.4266176314321286
13632,13632,-0.046058863020440106
13633,13633,-0.14691174265286835
13634,13634,-0.025937653775955916
13635,13635,-0.09410100573267821
13636,13636,-0.5300521949502497
13637,13637,-0.06358903990718723
13638,13638,-0.002057829061278208
13639,13639,-0.05090772283048109
13640,13640,-0.09406388279688871
13641,13641,-0.032780810302253105
13642,13642,-0.3640952055801733
13643,13643,-0.07077291499375216
13644,13644,-0.04771216737402984
13645,13645,-0.21906088501174636
13646,13646,-0.44256184831018075
13647,13647,-0.041922499741671726
13648,13648,-0.015377760044143332
13649,13649,-0.15961987911779207
13650,13650,-0.017264023340553443
13651,13651,-0.07987218746904157
13652,13652,-0.32753799124712835
13653,13653,-0.15513670553924896
13654,13654,-0.05431651097820803
13655,13655,-0.009467584740871005
13656,13656,-0.07659249141347949
13657,13657,-0.04916564324710215
13658,13658,-0.10023050504519837
13659,13659,-0.06222947706937498
13660,13660,-0.038217680426001266
13661,13661,-0.035785371070191196
13662,13662,-0.04477903870511668
13663,13663,-0.012203104261959944
13664,13664,-0.028437399128654645
13665,13665,-0.26406147041955835
13666,13666,-0.05887185832403008
13667,13667,-0.17970379088539382
13668,13668,-0.0375411873746595
13669,13669,-0.05883420985225973
13670,13670,-0.11290750669224991
13671,13671,-0.007686576556278503
13672,13672,-0.1383252491904512
13673,13673,-0.006723009887348863
13674,13674,-0.335871391506013
13675,13675,-0.0036864953773315112
13676,13676,-0.12491173591540461
13677,13677,-0.2475829714253206
13678,13678,-0.2084569310047374
13679,13679,-0.05607968211696068
13680,13680,-0.20899699092242774
13681,13681,-0.009177479658537352
13682,13682,-0.015136444544427002
13683,13683,-0.017149224591550022
13684,13684,-0.08357426059657735
13685,13685,-0.026899792555356017
13686,13686,-0.12977298145932048
13687,13687,-0.09774243340725564
13688,13688,-0.1800808938619117
13689,13689,-0.11503083917846668
13690,13690,-0.31333987102608596
13691,13691,-0.04071025287439023
13692,13692,-0.016944184713331478
13693,13693,-0.006672345567324607
13694,13694,-0.30993531759733806
13695,13695,-0.3174291460811074
13696,13696,-0.0810768126425182
13697,13697,-0.03824852449279548
13698,13698,-0.008246065937030957
13699,13699,-0.027008861782631538
13700,13700,-0.028323816402473084
13701,13701,-0.12063320027350466
13702,13702,-0.3606072362241921
13703,13703,-0.12053425142422747
13704,13704,-0.019980839632133054
13705,13705,-0.1180302842126868
13706,13706,-0.35696463219290253
13707,13707,-0.07108726226053375
13708,13708,-0.09212277830938176
13709,13709,-0.021571335906774465
13710,13710,-0.0063839457267040114
13711,13711,-0.03143925893683344
13712,13712,-0.027224251714413478
13713,13713,-0.021698679155037343
13714,13714,-0.056891923930463495
13715,13715,-0.10644318149466203
13716,13716,-0.22748021048352252
13717,13717,-0.028643715757617927
13718,13718,-0.05697549212912989
13719,13719,-0.045196258707146275
13720,13720,-0.00799022758063598
13721,13721,-0.000209240619739537
13722,13722,-0.20530166160642693
13723,13723,-0.018683405195443203
13724,13724,-0.16815996881232398
13725,13725,-0.02097340411972671
13726,13726,-0.19383099218092614
13727,13727,-0.059409058026772876
13728,13728,-0.08290139280779807
13729,13729,-0.19530040582041786
13730,13730,-0.010758295134234014
13731,13731,-0.06068588067626168
13732,13732,-0.003917168809224915
13733,13733,-0.18790813354965197
13734,13734,-0.07927832441374694
13735,13735,-0.06678415297759388
13736,13736,-0.1825983412531336
13737,13737,-0.14632351956796266
13738,13738,-0.09052773450096518
13739,13739,-0.02258653106901054
13740,13740,-0.08224318881229745
13741,13741,-0.07080482482733796
13742,13742,-0.008939692112219899
13743,13743,-0.08664435715210494
13744,13744,-0.1215892168374868
13745,13745,-0.07888091433452893
13746,13746,-0.14926188390497153
13747,13747,-0.044439890773833146
13748,13748,-0.40426139846023557
13749,13749,-0.031667851763620636
13750,13750,-0.03443712120233133
13751,13751,-0.1625050816032375
13752,13752,-0.01185141642842192
13753,13753,-0.0611728279052165
13754,13754,-0.2608438707771019
13755,13755,-0.042135100706334846
13756,13756,-0.11162051447853338
13757,13757,-0.113239813084173
13758,13758,-0.10426274442798533
13759,13759,-0.04047523006951617
13760,13760,-0.07500426209925104
13761,13761,-0.18031601985668022
13762,13762,-0.04732886033545303
13763,13763,-0.07790755558196638
13764,13764,-0.08515915740624713
13765,13765,-0.03176734977875706
13766,13766,-0.12164583593813783
13767,13767,-0.017113156080321962
13768,13768,-0.004093311214661395
13769,13769,-0.2004162482263343
13770,13770,-0.08661024966823819
13771,13771,-0.14863459591337325
13772,13772,-0.07607727379612561
13773,13773,-0.09301734990819732
13774,13774,-0.06719994446620403
13775,13775,-0.13799135900149517
13776,13776,-0.11589606126190022
13777,13777,-0.01986355402154355
13778,13778,-0.0036993628314844484
13779,13779,-0.014390750743502628
13780,13780,-0.15734552649924385
13781,13781,-0.046942146565884024
13782,13782,-0.057956819119517555
13783,13783,-0.008881202679667695
13784,13784,-0.08504773625741813
13785,13785,-0.02284242210041454
13786,13786,-0.08666083072277253
13787,13787,-0.008260428160547286
13788,13788,-0.2603680112037896
13789,13789,-0.006096092326006969
13790,13790,-0.05754651915476927
13791,13791,-0.06556784879081734
13792,13792,-0.08358229209745563
13793,13793,-0.08198656782838165
13794,13794,-0.030651582334418254
13795,13795,-0.011586870303497136
13796,13796,-0.23287359679837794
13797,13797,-0.037709205258176844
13798,13798,-0.062238638177181116
13799,13799,-0.027109125087704584
13800,13800,-0.29585150725400844
13801,13801,-0.006463727398085307
13802,13802,-0.29441160375790654
13803,13803,-0.1672560829196047
13804,13804,-0.09819845367917157
13805,13805,-0.029668823311042064
13806,13806,-0.06224055311894017
13807,13807,-0.012502141784576676
13808,13808,-0.4521703288050283
13809,13809,-0.3373419951387735
13810,13810,-0.13021869662953112
13811,13811,-0.006068444052522187
13812,13812,-0.19393679303135514
13813,13813,-0.23288485098338363
13814,13814,-0.0015781478856200185
13815,13815,-0.009496184788967897
13816,13816,-0.008243582004083795
13817,13817,-0.0119698139834944
13818,13818,-0.037237699537900903
13819,13819,-0.09367079164915015
13820,13820,-0.07827528769109338
13821,13821,-0.0002494190093856476
13822,13822,-0.05384319138846838
13823,13823,-0.015429146392489997
13824,13824,-0.01303077131866126
13825,13825,-0.007959083936370265
13826,13826,-0.3751188863006849
13827,13827,-0.015965734140481885
13828,13828,-0.0063467737632701415
13829,13829,-0.0019134666970472072
13830,13830,-0.23596040983334277
13831,13831,-0.024799623384742647
13832,13832,-0.043786819060461224
13833,13833,-0.024329742439597013
13834,13834,-0.1187261342487892
13835,13835,-0.16160067620109375
13836,13836,-0.07355347362070674
13837,13837,-0.02975919076646172
13838,13838,-0.025552797818486184
13839,13839,-0.10747672263763164
13840,13840,-0.00721509901687218
13841,13841,-0.003673813493525281
13842,13842,-0.07566215567368839
13843,13843,-0.10629391238428987
13844,13844,-0.14735740226872462
13845,13845,-0.13500812920616115
13846,13846,-0.0029089129194770913
13847,13847,-0.09693808845446528
13848,13848,-0.013522595799537247
13849,13849,-0.03554805931555649
13850,13850,-0.1531845388640961
13851,13851,-0.012990281029444843
13852,13852,-0.0742435302323341
13853,13853,-0.006147661862438904
13854,13854,-0.0008004633740730325
13855,13855,-0.02635590593600437
13856,13856,-0.012047914980465764
13857,13857,-0.3617302223912702
13858,13858,-0.013317610771225626
13859,13859,-0.08746525024294627
13860,13860,-0.14539056343101864
13861,13861,-0.029328363852504702
13862,13862,-0.22339940552991777
13863,13863,-0.024777424242993007
13864,13864,-0.02757574693829945
13865,13865,-0.1494428606022713
13866,13866,-0.19533332676594917
13867,13867,-0.0066224567781639
13868,13868,-0.04646718188049892
13869,13869,-0.03443559897338802
13870,13870,-0.26114242702521984
13871,13871,-0.06287826709087202
13872,13872,-0.1686981806850672
13873,13873,-0.12262563518373615
13874,13874,-0.056095668779463814
13875,13875,-0.008260682980478206
13876,13876,-0.053667578532797244
13877,13877,-0.09506630600157265
13878,13878,-0.23396244026910695
13879,13879,-0.21418144574831732
13880,13880,-0.1378790155082137
13881,13881,-0.06458591342502817
13882,13882,-0.2383872419675388
13883,13883,-0.01831840979931801
13884,13884,-0.019486624567203986
13885,13885,-0.00342155987569185
13886,13886,-0.06197731692655884
13887,13887,-0.03229161708186157
13888,13888,-0.10718429927299689
13889,13889,-0.02921898369873957
13890,13890,-0.1003845254728124
13891,13891,-0.03660485242093239
13892,13892,-0.05189234747964966
13893,13893,-0.10040424005068305
13894,13894,-0.08844470434389828
13895,13895,-0.023246129729226822
13896,13896,-0.11954504733308768
13897,13897,-0.014937097151876523
13898,13898,-0.002552849756326976
13899,13899,-0.16151431681181272
13900,13900,-0.3969228414493742
13901,13901,-0.03080262707613246
13902,13902,-0.07392663547981038
13903,13903,-0.2756724059825175
13904,13904,-0.005403027637617908
13905,13905,-0.25201500303479385
13906,13906,-0.12603605709067794
13907,13907,-0.027747623758443862
13908,13908,-0.052300312666405446
13909,13909,-0.06612045270843273
13910,13910,-0.015970189014792968
13911,13911,-0.08238457764118234
13912,13912,-0.012312903496632006
13913,13913,-0.03871627453056947
13914,13914,-0.01804320794448839
13915,13915,-0.1339475823132297
13916,13916,-0.01005363405447618
13917,13917,-0.061621288544776776
13918,13918,-0.10143296956993675
13919,13919,-0.08565293726491341
13920,13920,-0.05704237941480372
13921,13921,-0.04394533973559067
13922,13922,-0.16682488621760427
13923,13923,-0.02782746331508046
13924,13924,-0.25396944143266653
13925,13925,-0.05020951971725085
13926,13926,-0.06576600783076403
13927,13927,-0.1531912725934399
13928,13928,-0.013138481075671837
13929,13929,-0.13008158160535865
13930,13930,-0.038164368998802836
13931,13931,-0.1480959495646319
13932,13932,-0.0003250199550229489
13933,13933,-0.19920311264470492
13934,13934,-0.05528421974959841
13935,13935,-0.14395997039704556
13936,13936,-0.1447792189934578
13937,13937,-0.03600443046407465
13938,13938,-0.18866495824468624
13939,13939,-0.149480903330371
13940,13940,-0.03849986542740738
13941,13941,-0.006380602418972904
13942,13942,-0.03365012746385532
13943,13943,-0.028239997680034046
13944,13944,-0.19565493057822758
13945,13945,-0.18053597423550016
13946,13946,-0.00016042726294164474
13947,13947,-0.11852474042914851
13948,13948,-0.21677514439023327
13949,13949,-0.18731904491276774
13950,13950,-0.012928872239148632
13951,13951,-0.19466941758708822
13952,13952,-0.21105641927925634
13953,13953,-0.1081769060675285
13954,13954,-0.05562786683819576
13955,13955,-0.1010127808880659
13956,13956,-0.13937219350897978
13957,13957,-0.028548758661628898
13958,13958,-0.06782970133449684
13959,13959,-0.032469676407581805
13960,13960,-0.5051759411845413
13961,13961,-0.05691775349082662
13962,13962,-0.08955165618891331
13963,13963,-0.17153005838432478
13964,13964,-0.251949413349021
13965,13965,-0.10711688754398346
13966,13966,-0.08430842134228028
13967,13967,-0.15703490511520046
13968,13968,-0.24537208747749742
13969,13969,-0.0019508572200954682
13970,13970,-0.09023485282728505
13971,13971,-0.039624464423219125
13972,13972,-0.1595129339875272
13973,13973,-0.09249921857064447
13974,13974,-0.033268545274279054
13975,13975,-0.035850577117317914
13976,13976,-0.04399098659956524
13977,13977,-0.08902847927646118
13978,13978,-0.07731686231144375
13979,13979,-0.15404107376901566
13980,13980,-0.16936060952762455
13981,13981,-0.11913101835123024
13982,13982,-0.06811156132109641
13983,13983,-0.03742759160409606
13984,13984,-0.20434157218842444
13985,13985,-0.049982880088574544
13986,13986,-0.05023130775843443
13987,13987,-0.060070142329927474
13988,13988,-0.019654266380534496
13989,13989,-0.05510428034928572
13990,13990,-0.046225767963110176
13991,13991,-0.034683804188233344
13992,13992,-0.07295706924057699
13993,13993,-0.006479056974820568
13994,13994,-0.06265312520310362
13995,13995,-0.11746236667754473
13996,13996,-0.0570659360833492
13997,13997,-0.08212004733487854
13998,13998,-0.05107261070594607
13999,13999,-0.040283046049674476
14000,14000,-0.03437739153665867
14001,14001,-0.0005601327831581166
14002,14002,-0.008764529582874353
14003,14003,-0.010875165549522947
14004,14004,-0.02667500012520052
14005,14005,-0.229188383477112
14006,14006,-0.03981005335280832
14007,14007,-0.02410299666767582
14008,14008,-0.06182238757838354
14009,14009,-0.05846988377401241
14010,14010,-0.14997466108305801
14011,14011,-0.029284000559705176
14012,14012,-0.003458932620167554
14013,14013,-0.036233444245913266
14014,14014,-0.07657311040660852
14015,14015,-0.06534854854194183
14016,14016,-0.018520818671915025
14017,14017,-0.10700810546555098
14018,14018,-0.11158838518862257
14019,14019,-0.19398981814412908
14020,14020,-0.046914802223160135
14021,14021,-0.4051953786596574
14022,14022,-0.30628831086955444
14023,14023,-0.013179017882227417
14024,14024,-0.012841409818613193
14025,14025,-0.01899244102110864
14026,14026,-0.02216956658525529
14027,14027,-0.2837785935201982
14028,14028,-0.2345017639326077
14029,14029,-0.003216064348933581
14030,14030,-0.04429504104240503
14031,14031,-0.036411204159652516
14032,14032,-0.08987473330842244
14033,14033,-0.10667221189392828
14034,14034,-0.13220928913122876
14035,14035,-0.09698857798148497
14036,14036,-0.1777210188957885
14037,14037,-0.06469943403682177
14038,14038,-0.060791989025417714
14039,14039,-0.04949377710300221
14040,14040,-0.054639900061833196
14041,14041,-0.15324170916916668
14042,14042,-0.1499177696923688
14043,14043,-0.04336036470765281
14044,14044,-0.1084702266788029
14045,14045,-0.24360728867071835
14046,14046,-0.12382518216426952
14047,14047,-0.13901936968365836
14048,14048,-0.1088080066566528
14049,14049,-0.02329987095052577
14050,14050,-0.01085743306302625
14051,14051,-0.5203534506406928
14052,14052,-0.0018001561813975678
14053,14053,-0.018999095333311997
14054,14054,-0.04108742726520309
14055,14055,-0.2282289291075702
14056,14056,-0.04581068583066017
14057,14057,-0.0334737659215302
14058,14058,-0.2056135314195533
14059,14059,-0.5388468083689819
14060,14060,-0.008810852805429398
14061,14061,-0.06308411108080225
14062,14062,-0.41760692255208653
14063,14063,-0.012682124308827316
14064,14064,-0.03893935601996382
14065,14065,-0.06006799146644577
14066,14066,-0.1268782084286535
14067,14067,-0.3555683455067431
14068,14068,-0.10365259802098636
14069,14069,-0.1764563501682589
14070,14070,-0.0025019228259418047
14071,14071,-0.10567429504926562
14072,14072,-0.0222399181717087
14073,14073,-0.06681447665848383
14074,14074,-0.03982757256532621
14075,14075,-0.05119507966980241
14076,14076,-0.03039042892362609
14077,14077,-0.11275338470591356
14078,14078,-0.12157502088720087
14079,14079,-0.06924811864739333
14080,14080,-0.03297838549065582
14081,14081,-0.09069951788632213
14082,14082,-0.013205782162590302
14083,14083,-0.05758746187984454
14084,14084,-0.4005662164821082
14085,14085,-0.047040594574714434
14086,14086,-0.04634348852200232
14087,14087,-0.13181504777794928
14088,14088,-0.07342229406106704
14089,14089,-0.005032434161364487
14090,14090,-0.0948251266009752
14091,14091,-0.045720603148614924
14092,14092,-0.09289255124116064
14093,14093,-0.10469764362700085
14094,14094,-0.08367228772826055
14095,14095,-0.2715828018720772
14096,14096,-0.04648608072136007
14097,14097,-0.06809035218104836
14098,14098,-0.3496602302423657
14099,14099,-0.04433607523469585
14100,14100,-0.012779491929640306
14101,14101,-0.32204917810423206
14102,14102,-0.050562765843619406
14103,14103,-0.07214882523020316
14104,14104,-0.028743193267153307
14105,14105,-0.1305836521056123
14106,14106,-0.2129692861355048
14107,14107,-0.11928105431739455
14108,14108,-0.05082032658788638
14109,14109,-0.08137490119017798
14110,14110,-0.19898038505551208
14111,14111,-0.019559402937757958
14112,14112,-0.13449846714725888
14113,14113,-0.11181014772741182
14114,14114,-0.008592823857521498
14115,14115,-0.09294383000915317
14116,14116,-0.060788269111965665
14117,14117,-0.02950972053288306
14118,14118,-0.024679516699263382
14119,14119,-0.12446861465318904
14120,14120,-0.13458029133279803
14121,14121,-0.3214865577089405
14122,14122,-0.17061705078371325
14123,14123,-0.018011708478593708
14124,14124,-0.02044015193784557
14125,14125,-0.10710963879431379
14126,14126,-0.03305424669173443
14127,14127,-0.13753614578167828
14128,14128,-0.2773005545436047
14129,14129,-0.12540153602481896
14130,14130,-0.06721388585602206
14131,14131,-0.1428941059730846
14132,14132,-0.05112527166445002
14133,14133,-0.006189940658663212
14134,14134,-0.004381063964020715
14135,14135,-0.11221968330547272
14136,14136,-0.1422021933588553
14137,14137,-0.025738781604473134
14138,14138,-0.0754951330092784
14139,14139,-0.02572533468754412
14140,14140,-0.03076082498939503
14141,14141,-0.0360604691934463
14142,14142,-0.0636891160168035
14143,14143,-0.14113070063476577
14144,14144,-0.05172659751236042
14145,14145,-0.06730869658466077
14146,14146,-0.3708456839554217
14147,14147,-0.07563341181592478
14148,14148,-0.009056309781622147
14149,14149,-0.05319705347156492
14150,14150,-0.10939540285410532
14151,14151,-0.10457819330545981
14152,14152,-0.05633269341312641
14153,14153,-0.042709146455452984
14154,14154,-0.04789646544182305
14155,14155,-0.10370224524487881
14156,14156,-0.007281221721844561
14157,14157,-0.13939035349845463
14158,14158,-0.17683862988965604
14159,14159,-0.024105594797851265
14160,14160,-0.03664321866957865
14161,14161,-0.06658658599028311
14162,14162,-0.07640997573301045
14163,14163,-0.022631638758213946
14164,14164,-0.14672159295956577
14165,14165,-0.08221996449799818
14166,14166,-0.07422704095311738
14167,14167,-0.2644604113254232
14168,14168,-0.11885815677959011
14169,14169,-0.0013611092622962812
14170,14170,-0.24731503942838728
14171,14171,-0.006510550331595713
14172,14172,-0.01758305638428704
14173,14173,-0.04630351149062406
14174,14174,-0.1230190635706504
14175,14175,-0.3666138509445833
14176,14176,-0.03682903047538988
14177,14177,-0.004710665448674295
14178,14178,-0.2230893336267017
14179,14179,-0.03224499298741379
14180,14180,-0.05072057045496759
14181,14181,-0.047817387020119624
14182,14182,-0.02112183179203589
14183,14183,-0.14308129149587395
14184,14184,-0.06846462003656273
14185,14185,-0.001827134019907306
14186,14186,-0.1540546898587416
14187,14187,-0.002065015307249521
14188,14188,-0.42139520400943065
14189,14189,-0.09220903400351066
14190,14190,-0.05220162495579228
14191,14191,-0.06664039750360617
14192,14192,-0.09758797210903947
14193,14193,-0.009404833253634122
14194,14194,-0.16682023935830514
14195,14195,-0.2597365458647489
14196,14196,-0.008317944039566209
14197,14197,-0.011114197063127773
14198,14198,-0.02459217789454593
14199,14199,-0.12088258876653768
14200,14200,-0.026675995461480917
14201,14201,-0.04090010364038721
14202,14202,-0.012187460559235253
14203,14203,-0.06115725736411415
14204,14204,-0.007409726425828156
14205,14205,-0.2843878956679191
14206,14206,-0.03790207711167251
14207,14207,-0.14270969185393279
14208,14208,-0.15151749978240467
14209,14209,-0.25244652114637
14210,14210,-0.07703734855824618
14211,14211,-0.2534918628968743
14212,14212,-0.028966486632282858
14213,14213,-0.07947093652073323
14214,14214,-0.05425519436054139
14215,14215,-0.04752265814170642
14216,14216,-0.010989927476487547
14217,14217,-0.2712869919094931
14218,14218,-0.2618536214514311
14219,14219,-0.18258628843007074
14220,14220,-0.01837748807153356
14221,14221,-0.017978855854158135
14222,14222,-0.05095442042925846
14223,14223,-0.017175137087982933
14224,14224,-0.16955089052561512
14225,14225,-0.10843618199353047
14226,14226,-0.05732918674531684
14227,14227,-0.06689654009386192
14228,14228,-0.04251642007845153
14229,14229,-0.14060892740895536
14230,14230,-0.010745001964338093
14231,14231,-0.10894329407486636
14232,14232,-0.0009885462190994624
14233,14233,-0.09735187649791222
14234,14234,-0.2160919325055426
14235,14235,-0.1513601660781525
14236,14236,-0.04260081970552898
14237,14237,-0.19186412926196006
14238,14238,-0.21330532347434186
14239,14239,-0.039213650571673836
14240,14240,-0.06356834344620144
14241,14241,-0.009468070693707871
14242,14242,-0.06825344031640146
14243,14243,-0.020182794396046422
14244,14244,-0.08407664878399468
14245,14245,-0.20983625872565925
14246,14246,-0.020002398204408994
14247,14247,-0.005956116001644279
14248,14248,-0.05268986291949762
14249,14249,-0.03595532871302782
14250,14250,-0.23910337091793465
14251,14251,-0.09969072252535227
14252,14252,-0.01760435153903675
14253,14253,-0.14494872923291702
14254,14254,-0.029319790265373458
14255,14255,-0.08942513346797121
14256,14256,-0.023701090026301636
14257,14257,-0.07034464940827168
14258,14258,-0.15353061148675806
14259,14259,-0.04445899838185225
14260,14260,-0.13846653693710298
14261,14261,-0.07109027027341464
14262,14262,-0.4385962823274543
14263,14263,-0.1263341336001429
14264,14264,-0.2528491544119693
14265,14265,-0.07794155226678268
14266,14266,-0.0010126850050478022
14267,14267,-0.12396917086410486
14268,14268,-0.03301158746427568
14269,14269,-0.03147569958676777
14270,14270,-0.0070878771181568725
14271,14271,-0.05220008148006139
14272,14272,-0.1181793021903853
14273,14273,-0.13021403916630428
14274,14274,-0.023097394804518053
14275,14275,-0.0294684586888716
14276,14276,-0.026107422544447645
14277,14277,-0.1723974877846108
14278,14278,-0.11929321024993256
14279,14279,-0.07090277328801264
14280,14280,-0.18762807021762606
14281,14281,-0.07913112023588431
14282,14282,-0.08978218892795597
14283,14283,-0.008221865633209098
14284,14284,-0.2521010740249854
14285,14285,-0.06466400841035405
14286,14286,-0.08011400237894029
14287,14287,-0.11862522059957487
14288,14288,-0.048196824465596144
14289,14289,-0.228090500988531
14290,14290,-0.27842565225008054
14291,14291,-0.013413820891740709
14292,14292,-0.00182204726173283
14293,14293,-0.0049816551372892995
14294,14294,-0.07572335228357344
14295,14295,-0.13616780953236288
14296,14296,-0.08165872189786516
14297,14297,-0.03872417566561559
14298,14298,-0.09767059863937322
14299,14299,-0.06795009540252162
14300,14300,-0.03663958495372732
14301,14301,-0.0501029101539765
14302,14302,-0.033515656173401465
14303,14303,-0.10877619743181433
14304,14304,-0.09735926426771802
14305,14305,-0.19287411850575786
14306,14306,-0.00022987204351448314
14307,14307,-0.06310790855876214
14308,14308,-0.057482494569215864
14309,14309,-0.18917867318500037
14310,14310,-0.2659407175703863
14311,14311,-0.012972298961157265
14312,14312,-0.12163106115584116
14313,14313,-0.036396705319406336
14314,14314,-0.044551717563033666
14315,14315,-0.08384267293285758
14316,14316,-0.21465079117944014
14317,14317,-0.13468437580174397
14318,14318,-0.04753826441498183
14319,14319,-0.03132325658024737
14320,14320,-0.23588792572089823
14321,14321,-0.1614963747919771
14322,14322,-0.08199690042120322
14323,14323,-0.02732502251698224
14324,14324,-0.010843453874097138
14325,14325,-0.11038750996557756
14326,14326,-0.04527881857711347
14327,14327,-0.05615039486333979
14328,14328,-0.01731115994349844
14329,14329,-0.054499815983146266
14330,14330,-0.10916473833437346
14331,14331,-0.197692473817348
14332,14332,-0.08767093069804988
14333,14333,-0.06984546077106704
14334,14334,-0.08155571855079657
14335,14335,-0.03824927804586853
14336,14336,-0.04385958124873679
14337,14337,-0.02244824882338617
14338,14338,-0.11228731712848417
14339,14339,-0.25927940615697864
14340,14340,-0.03929244166614443
14341,14341,-0.1035444318381954
14342,14342,-0.05928994743924682
14343,14343,-0.12081428427859667
14344,14344,-0.08585242447038244
14345,14345,-0.013276550616459342
14346,14346,-0.07627810169134515
14347,14347,-0.2722308225174239
14348,14348,-0.06135560764893189
14349,14349,-0.03436046477053811
14350,14350,-0.08423684838451242
14351,14351,-0.004198955972670816
14352,14352,-0.11841905770510985
14353,14353,-0.035102123671125446
14354,14354,-0.0668738625805334
14355,14355,-0.03341931935377674
14356,14356,-0.13107938504782313
14357,14357,-0.024370235085302124
14358,14358,-0.14229667878778934
14359,14359,-0.05058702056423059
14360,14360,-0.08498633099493036
14361,14361,-0.10397254990536642
14362,14362,-0.01294684265670798
14363,14363,-0.25755884826902453
14364,14364,-0.11560617933531286
14365,14365,-0.0810150609784217
14366,14366,-0.1562063130499035
14367,14367,-0.039519963395298265
14368,14368,-0.06372343662816829
14369,14369,-0.019099720677011267
14370,14370,-0.016673633916936464
14371,14371,-0.2365211677168375
14372,14372,-0.02566316251344436
14373,14373,-0.00584208387760546
14374,14374,-0.06991499130329615
14375,14375,-0.15642594989947955
14376,14376,-0.14543030552463865
14377,14377,-0.09082352574903974
14378,14378,-0.5877550364354001
14379,14379,-0.038844316705030774
14380,14380,-0.022306655088508376
14381,14381,-0.05806957052758266
14382,14382,-0.0071502021730337085
14383,14383,-0.12689599711721933
14384,14384,-0.10240071204522971
14385,14385,-0.00428744792984
14386,14386,-0.06486831581516628
14387,14387,-0.011948942633784217
14388,14388,-0.1345964265007167
14389,14389,-0.1513176536213533
14390,14390,-0.0009611276284671112
14391,14391,-0.014765409852643414
14392,14392,-0.042081949447411504
14393,14393,-0.06445353581609448
14394,14394,-0.10040138947457544
14395,14395,-0.001097920718127388
14396,14396,-0.2848691915419921
14397,14397,-0.03552748189649124
14398,14398,-0.008726749478359837
14399,14399,-0.060374075835715524
14400,14400,-0.009425778741480213
14401,14401,-0.026785477812863723
14402,14402,-0.25782065400376775
14403,14403,-0.020078657591009304
14404,14404,-0.01283574641994814
14405,14405,-0.0299260560190584
14406,14406,-0.04805587899452235
14407,14407,-0.02768085657017552
14408,14408,-0.07119324862269985
14409,14409,-0.06564312958044471
14410,14410,-0.07314414963846838
14411,14411,-0.020836092007907703
14412,14412,-0.03692488269725603
14413,14413,-0.002916278313592202
14414,14414,-0.0997611839526743
14415,14415,-0.11075538285279984
14416,14416,-0.07332034462409143
14417,14417,-0.06555414434874865
14418,14418,-0.081672112670364
14419,14419,-0.03144013762575171
14420,14420,-0.00915287821016908
14421,14421,-0.09832879101783576
14422,14422,-0.04287592520326314
14423,14423,-0.06134997278093704
14424,14424,-0.0730346756448097
14425,14425,-0.009761879808117269
14426,14426,-0.10737187941606452
14427,14427,-0.06305751214629618
14428,14428,-0.02164615230733142
14429,14429,-0.11556142470006911
14430,14430,-0.0043663115770475065
14431,14431,-0.2526595482254539
14432,14432,-0.36992195243371606
14433,14433,-0.18362355672489494
14434,14434,-0.3072949407263792
14435,14435,-0.0033473724063639645
14436,14436,-0.03117198229263818
14437,14437,-0.3022459872014327
14438,14438,-0.2590458535437843
14439,14439,-0.017555382800682695
14440,14440,-0.030383402511281937
14441,14441,-0.016704315579523926
14442,14442,-0.07538307976835334
14443,14443,-0.05557098667011465
14444,14444,-0.16263468145232318
14445,14445,-0.1964024897646599
14446,14446,-0.15540270613774088
14447,14447,-0.045837182843043056
14448,14448,-0.03791172385903983
14449,14449,-0.046478379945421366
14450,14450,-0.17598578735361414
14451,14451,-0.08042549368730416
14452,14452,-0.04564064024001313
14453,14453,-0.0017341623365961167
14454,14454,-0.024578059626410603
14455,14455,-0.2322421769992964
14456,14456,-0.18081522191788071
14457,14457,-0.18163147452331885
14458,14458,-0.36960020095582025
14459,14459,-0.0033803998750583444
14460,14460,-0.2255539850591937
14461,14461,-0.03460595012751011
14462,14462,-0.3132451172935937
14463,14463,-0.43954390782409725
14464,14464,-0.003173789533913708
14465,14465,-0.021043884914676042
14466,14466,-0.1621133516020525
14467,14467,-0.17797487992102756
14468,14468,-0.008653595359175092
14469,14469,-0.04707520070847737
14470,14470,-0.04571209796522924
14471,14471,-0.05916411208631862
14472,14472,-0.03045320395877041
14473,14473,-0.04495433439168528
14474,14474,-0.08360467050213642
14475,14475,-0.027215699147671413
14476,14476,-0.04342052146998343
14477,14477,-0.05853841953628016
14478,14478,-0.0013329326441411955
14479,14479,-0.3380839243049625
14480,14480,-0.01000315933669566
14481,14481,-0.012156854980324178
14482,14482,-0.03619982659068166
14483,14483,-0.1118013835182037
14484,14484,-0.04389297302264719
14485,14485,-0.07411511934593706
14486,14486,-0.01519865947988211
14487,14487,-0.16443317547785385
14488,14488,-0.10727297495184078
14489,14489,-0.03488231435098424
14490,14490,-0.0885673234616613
14491,14491,-0.09099236798452495
14492,14492,-0.04556058601756831
14493,14493,-0.08244170238394813
14494,14494,-0.050901272383240964
14495,14495,-0.14989502926959475
14496,14496,-0.015795460263348132
14497,14497,-0.03302140474690008
14498,14498,-0.17643907545839277
14499,14499,-0.058499749559406844
14500,14500,-0.04759210315124662
14501,14501,-0.23710411653415386
14502,14502,-0.04006118083334043
14503,14503,-0.09434083758115291
14504,14504,-0.06772641632922183
14505,14505,-0.08043572457135406
14506,14506,-0.010287721876942922
14507,14507,-0.049897125110988094
14508,14508,-0.11286256450552701
14509,14509,-0.11368776969027738
14510,14510,-0.12713836473537388
14511,14511,-0.07898900324399927
14512,14512,-0.01644019251520968
14513,14513,-0.18242557022040656
14514,14514,-0.0846995798475475
14515,14515,-0.05744435096419531
14516,14516,-0.1220846505447648
14517,14517,-0.03351642459610294
14518,14518,-0.016266575212730144
14519,14519,-0.12218303412575615
14520,14520,-0.005837456709361227
14521,14521,-0.013635572571395195
14522,14522,-0.06194480748274478
14523,14523,-0.04615038159811491
14524,14524,-0.08263054737399944
14525,14525,-0.09944261979853453
14526,14526,-0.008025402711329704
14527,14527,-0.03560451296792455
14528,14528,-0.03852919976009364
14529,14529,-0.08642288194616754
14530,14530,-0.04572861781360971
14531,14531,-0.09337606007288646
14532,14532,-0.2640268020345915
14533,14533,-0.014969131226039156
14534,14534,-0.038651743252836046
14535,14535,-0.03400984538380769
14536,14536,-0.1097083477316052
14537,14537,-0.01147875809038515
14538,14538,-0.16813140733873633
14539,14539,-0.0381316111486979
14540,14540,-0.041045743468147045
14541,14541,-0.18697911890533447
14542,14542,-0.07554854753926366
14543,14543,-0.002569669841536975
14544,14544,-0.017326672036973606
14545,14545,-0.21239396408230793
14546,14546,-0.1371468310899333
14547,14547,-0.004774454430613919
14548,14548,-0.14698147270638096
14549,14549,-0.10423655928750097
14550,14550,-0.38648410774340747
14551,14551,-0.0783291197947884
14552,14552,-0.21873263795921638
14553,14553,-0.21396385333135592
14554,14554,-0.006221560331977079
14555,14555,-0.062162539032119324
14556,14556,-0.007532292590982453
14557,14557,-0.05671631766853366
14558,14558,-0.12347064667747265
14559,14559,-0.018247403452671063
14560,14560,-0.11508488600369138
14561,14561,-0.05169483587216073
14562,14562,-0.19225985273735635
14563,14563,-0.05473883892229381
14564,14564,-0.01655621026317878
14565,14565,-0.06185132827963935
14566,14566,-0.0603853238552734
14567,14567,-0.0793961220571422
14568,14568,-0.0015212997679141319
14569,14569,-0.0809529961966704
14570,14570,-0.05627412341754756
14571,14571,-0.03990992776795821
14572,14572,-0.19565933041642225
14573,14573,-0.08912223184258217
14574,14574,-0.07197749877358506
14575,14575,-0.11216578426707091
14576,14576,-0.10102438588197293
14577,14577,-0.12712523927523448
14578,14578,-0.011008464571916315
14579,14579,-0.01702547430294657
14580,14580,-0.0295112270993714
14581,14581,-0.012828617670378906
14582,14582,-0.0973018728973174
14583,14583,-0.020903503922026556
14584,14584,-0.17700639010012909
14585,14585,-0.13306776840990553
14586,14586,-0.1567234012191996
14587,14587,-0.044661546943481234
14588,14588,-0.0379084828870907
14589,14589,-0.08332410678311064
14590,14590,-0.011341107017977525
14591,14591,-0.06294818125412949
14592,14592,-0.0024523719442853045
14593,14593,-0.03358092814675917
14594,14594,-0.18657632621724318
14595,14595,-0.39704177200432345
14596,14596,-0.0009185561910915203
14597,14597,-0.12355919794293735
14598,14598,-0.05036659310227487
14599,14599,-0.10979433472443434
14600,14600,-0.015693255242638426
14601,14601,-0.0787250189927616
14602,14602,-0.1488486313796138
14603,14603,-0.033257213861001333
14604,14604,-0.14216012523027025
14605,14605,-0.11091471772205444
14606,14606,-0.36350098182477986
14607,14607,-0.13337206773225496
14608,14608,-0.06841555320734205
14609,14609,-0.012282429643266896
14610,14610,-0.11643418731960198
14611,14611,-0.08260082720419248
14612,14612,-0.03093095284916858
14613,14613,-0.17661367441335196
14614,14614,-0.020165979265967554
14615,14615,-0.1602018374828078
14616,14616,-0.03514115549816055
14617,14617,-0.02557182902597012
14618,14618,-0.08962426218709574
14619,14619,-0.09028743211052215
14620,14620,-0.18707032882807173
14621,14621,-0.002230091719276163
14622,14622,-0.09565345851524087
14623,14623,-0.07547515502027924
14624,14624,-0.008777940849235237
14625,14625,-0.09108486517238223
14626,14626,-0.012338220343582368
14627,14627,-0.18145118009036354
14628,14628,-0.0006333597635153639
14629,14629,-0.020548160866857096
14630,14630,-0.1789941804205335
14631,14631,-0.1906928124240973
14632,14632,-0.11698230297226475
14633,14633,-0.06380758320204205
14634,14634,-0.14466799078013548
14635,14635,-0.18731649862552294
14636,14636,-0.19872089411069638
14637,14637,-0.0026764043567412132
14638,14638,-0.050471061500481924
14639,14639,-0.015632650941996423
14640,14640,-0.07229567262291348
14641,14641,-0.0570710095104503
14642,14642,-0.024002819386323232
14643,14643,-0.08810967992677776
14644,14644,-0.06863082417851721
14645,14645,-0.006574190074592791
14646,14646,-0.0041020800155579865
14647,14647,-0.13051488125353394
14648,14648,-0.024959983284736836
14649,14649,-0.11131792920192496
14650,14650,-0.12556487418888918
14651,14651,-0.006307750280596193
14652,14652,-0.003617222477125988
14653,14653,-0.031533110152739185
14654,14654,-0.02249238081070193
14655,14655,-0.15416869301737723
14656,14656,-0.15620115201189044
14657,14657,-0.002930507329132949
14658,14658,-0.09150080229584212
14659,14659,-0.10074161300421824
14660,14660,-0.038429554735025545
14661,14661,-0.09287417707884149
14662,14662,-0.009857360908590476
14663,14663,-0.007600544479484668
14664,14664,-0.23672213630328054
14665,14665,-0.0006559386158147798
14666,14666,-0.16695358455455223
14667,14667,-0.04265475754771331
14668,14668,-0.07845605223912167
14669,14669,-0.01502795937328441
14670,14670,-0.0627553584620153
14671,14671,-0.021224840695888147
14672,14672,-0.11294030879389408
14673,14673,-0.09636692701650132
14674,14674,-0.11650227254316059
14675,14675,-0.12144420458640653
14676,14676,-0.02068481023808133
14677,14677,-0.002416932915783293
14678,14678,-0.13801508256570338
14679,14679,-0.229155150959532
14680,14680,-0.08546498212142287
14681,14681,-0.061702037293673746
14682,14682,-0.03356340112331602
14683,14683,-0.015657660647067084
14684,14684,-0.06429000049652756
14685,14685,-0.09488618219161948
14686,14686,-0.045198159702825674
14687,14687,-0.05829999628238139
14688,14688,-0.03939417378012777
14689,14689,-0.005444512022329789
14690,14690,-0.22438708691696976
14691,14691,-0.03163189311919515
14692,14692,-0.006982866732651166
14693,14693,-0.12286129636972465
14694,14694,-0.0033240951779568706
14695,14695,-0.058782979683444925
14696,14696,-0.0013557399157543629
14697,14697,-0.07309181889048988
14698,14698,-0.0017923146061615829
14699,14699,-0.06030500390619639
14700,14700,-0.01379995684270588
14701,14701,-0.26690269902111874
14702,14702,-0.029235612860154747
14703,14703,-0.022517648377262334
14704,14704,-0.18709835362979144
14705,14705,-0.052112678269031765
14706,14706,-0.018099114605230657
14707,14707,-0.05345374639167233
14708,14708,-0.17910754623025937
14709,14709,-0.009999406378503224
14710,14710,-0.056256586055499574
14711,14711,-0.0056004850419170155
14712,14712,-0.044657267951901614
14713,14713,-0.021561413180388872
14714,14714,-0.11911717123847598
14715,14715,-0.03331379129082368
14716,14716,-0.05173803837952606
14717,14717,-0.267932805537507
14718,14718,-0.10175343350127264
14719,14719,-0.09660386507327193
14720,14720,-0.24742412098523306
14721,14721,-0.028280962499779294
14722,14722,-0.14000387321720398
14723,14723,-0.11431066406527449
14724,14724,-0.02398204352868985
14725,14725,-0.07987929746569303
14726,14726,-0.09343683462263289
14727,14727,-0.03593277050081363
14728,14728,-0.006266881493221549
14729,14729,-0.06991211060332692
14730,14730,-0.053657760582910274
14731,14731,-0.019945588718909814
14732,14732,-0.16728589056380205
14733,14733,-0.007705487191183608
14734,14734,-0.127456047328147
14735,14735,-0.10953476451313693
14736,14736,-0.07698536783078769
14737,14737,-0.08733290067755384
14738,14738,-0.46946389483544604
14739,14739,-0.14707805841705845
14740,14740,-0.05476022718721119
14741,14741,-0.09889881283299673
14742,14742,-0.011591829367265272
14743,14743,-0.0174553885641138
14744,14744,-0.05797986730448068
14745,14745,-0.01554994809934502
14746,14746,-0.0377525634242889
14747,14747,-0.017412608913639716
14748,14748,-0.1851803457568977
14749,14749,-0.19497491401097067
14750,14750,-0.07247943957708891
14751,14751,-0.11361972277464938
14752,14752,-0.09074883222544516
14753,14753,-0.032812394516229866
14754,14754,-0.07471355341985356
14755,14755,-0.060569166365503496
14756,14756,-0.011647775899390374
14757,14757,-0.047342540342528966
14758,14758,-0.025898084093673668
14759,14759,-0.16350386013218499
14760,14760,-0.028167729361777277
14761,14761,-0.10705627365233428
14762,14762,-0.11924456057856248
14763,14763,-0.3177642186538291
14764,14764,-0.17357720626778894
14765,14765,-0.016885298256524947
14766,14766,-0.05950106759355392
14767,14767,-0.005574517776399779
14768,14768,-0.45676572742601174
14769,14769,-0.030932566683766788
14770,14770,-0.3393569379692565
14771,14771,-0.016871095822636684
14772,14772,-0.10176531669271904
14773,14773,-0.16772644218620458
14774,14774,-0.08044065610172924
14775,14775,-0.29102283276214
14776,14776,-0.039997510683419196
14777,14777,-0.10859236296835437
14778,14778,-0.1852938233974477
14779,14779,-0.024027615901191735
14780,14780,-0.02558627115072931
14781,14781,-0.2541232523481085
14782,14782,-0.045286640675302636
14783,14783,-0.02685486941340376
14784,14784,-0.30171379613079746
14785,14785,-0.041171841121601445
14786,14786,-0.0259115302302472
14787,14787,-0.12828726420933567
14788,14788,-0.08562829069998834
14789,14789,-0.12432520153966309
14790,14790,-0.004740782685984553
14791,14791,-0.017743274775832263
14792,14792,-0.029406955210456026
14793,14793,-0.020715231000567602
14794,14794,-0.01116039927795548
14795,14795,-0.18377633756286293
14796,14796,-0.07541630069256122
14797,14797,-0.2969116999551211
14798,14798,-0.09829956512894178
14799,14799,-0.00021927761480928067
14800,14800,-0.020017460360577943
14801,14801,-0.06596995817988172
14802,14802,-0.028497847131946252
14803,14803,-0.026904175668448826
14804,14804,-0.007687684663653466
14805,14805,-0.006061052407867249
14806,14806,-0.10776747075845317
14807,14807,-0.07254127106086461
14808,14808,-0.10566019771168778
14809,14809,-0.202474177989318
14810,14810,-0.0052506210874672665
14811,14811,-0.09294654931801816
14812,14812,-0.1353109621306121
14813,14813,-0.14586854962144358
14814,14814,-0.024125478312819665
14815,14815,-0.03898290962050854
14816,14816,-0.007882448193813035
14817,14817,-0.2732043412004743
14818,14818,-0.1963118220262694
14819,14819,-0.006300806868371846
14820,14820,-0.093503137826359
14821,14821,-0.05826915995636428
14822,14822,-0.050476919532487036
14823,14823,-0.15386213484719563
14824,14824,-0.015486224430315693
14825,14825,-0.041179155026840775
14826,14826,-0.1654238356613722
14827,14827,-0.08197198548325879
14828,14828,-0.11316139655890567
14829,14829,-0.11082525491838258
14830,14830,-0.0003850809855482245
14831,14831,-0.12898457999341945
14832,14832,-0.11022554046019606
14833,14833,-0.04060411558206795
14834,14834,-0.0022416813470841138
14835,14835,-0.13354208488081598
14836,14836,-0.2610426281462833
14837,14837,-0.02796353334796254
14838,14838,-0.2426150961672068
14839,14839,-0.14835283743737293
14840,14840,-0.06406226254467962
14841,14841,-0.32015403829987577
14842,14842,-0.4922907503946061
14843,14843,-0.15016686456968564
14844,14844,-0.03854388564841771
14845,14845,-0.11594954092719068
14846,14846,-0.10888954443775811
14847,14847,-0.19851245649741722
14848,14848,-0.026646916245547964
14849,14849,-0.030251468761178235
14850,14850,-0.0021325586648315645
14851,14851,-0.2001481897971458
14852,14852,-0.11097142852591724
14853,14853,-0.039912455870681485
14854,14854,-0.26058954634386433
14855,14855,-0.05038663836828239
14856,14856,-0.13620758124589116
14857,14857,-0.2896535937371154
14858,14858,-0.0022476133469511717
14859,14859,-0.08898836327625947
14860,14860,-0.011666157515028315
14861,14861,-0.024719087665364743
14862,14862,-0.04074333431974459
14863,14863,-0.0735426786240887
14864,14864,-0.00013721029376215308
14865,14865,-0.1951317571544059
14866,14866,-0.05291560725186095
14867,14867,-0.030581824825439724
14868,14868,-0.03270990142373009
14869,14869,-0.11941994258529443
14870,14870,-0.22364329881467093
14871,14871,-0.10338944017494855
14872,14872,-0.14001172904097325
14873,14873,-0.023235061204364027
14874,14874,-0.020341725080796125
14875,14875,-0.058049691878994114
14876,14876,-0.02564514080812208
14877,14877,-0.03721284963252875
14878,14878,-0.10385606093600197
14879,14879,-0.005629490218498623
14880,14880,-0.009449683579644654
14881,14881,-0.05216504288516524
14882,14882,-0.09489736176113439
14883,14883,-0.237581100423217
14884,14884,-0.17273427380180317
14885,14885,-0.07651986781043496
14886,14886,-0.10638096733696442
14887,14887,-0.06716719792189088
14888,14888,-0.020418612214858772
14889,14889,-0.1274766793471091
14890,14890,-0.09063601143633371
14891,14891,-0.016208029903152094
14892,14892,-0.12161709640381746
14893,14893,-0.2383590231710588
14894,14894,-0.12698570734730286
14895,14895,-0.00475049828610331
14896,14896,-0.07443217295433435
14897,14897,-0.005838422665170678
14898,14898,-0.011967189425001107
14899,14899,-0.10175268596942022
14900,14900,-0.09042213798704124
14901,14901,-0.005888500705754002
14902,14902,-0.35853727842093264
14903,14903,-0.033078181746160285
14904,14904,-0.08670372588564759
14905,14905,-0.11213676218039303
14906,14906,-0.20044059740539888
14907,14907,-0.03190353441436303
14908,14908,-0.1371831789582849
14909,14909,-0.19248315020771736
14910,14910,-0.0050558071994746615
14911,14911,-0.1228936436024447
14912,14912,-0.06173629385905886
14913,14913,-0.14136619759326097
14914,14914,-0.10591086654507945
14915,14915,-0.08593540658888177
14916,14916,-0.04172422697934497
14917,14917,-0.09371817889871581
14918,14918,-0.029144482872528577
14919,14919,-0.004812243089518125
14920,14920,-0.23294453189590003
14921,14921,-0.10169207296188612
14922,14922,-0.04044211247982766
14923,14923,-0.0708488790355255
14924,14924,-0.14800430082841956
14925,14925,-0.23894783640816009
14926,14926,-0.08936076257781725
14927,14927,-0.21556938220602717
14928,14928,-0.03916962270688629
14929,14929,-0.00996817641312056
14930,14930,-0.004666462283231974
14931,14931,-0.15152481632735837
14932,14932,-0.22273122817517166
14933,14933,-0.029831887679663938
14934,14934,-0.009105607931416546
14935,14935,-0.0002494899263834117
14936,14936,-0.00014846387270642489
14937,14937,-0.02832922310591704
14938,14938,-0.2996415906646721
14939,14939,-0.0717009691956344
14940,14940,-0.03104303995086266
14941,14941,-0.022602709565691555
14942,14942,-0.01502229675338873
14943,14943,-0.01262065899736093
14944,14944,-0.13428520922541987
14945,14945,-0.08009188336842288
14946,14946,-0.017012995930489466
14947,14947,-0.07087319646217782
14948,14948,-0.01592032688688949
14949,14949,-0.18838315950018014
14950,14950,-0.12240214692351303
14951,14951,-0.052351377434575165
14952,14952,-0.143472194358516
14953,14953,-0.0171888524086522
14954,14954,-0.24232578487032308
14955,14955,-0.011357180295084972
14956,14956,-0.04481135459564067
14957,14957,-0.08109857852919422
14958,14958,-0.02271258985331992
14959,14959,-0.04367721611618793
14960,14960,-0.20661399484918697
14961,14961,-0.06441049184196762
14962,14962,-0.04752483836484436
14963,14963,-0.011093972496236948
14964,14964,-0.060564216128905085
14965,14965,-0.04041772549622153
14966,14966,-0.03480485626329188
14967,14967,-0.02749420654753057
14968,14968,-0.04226739010225258
14969,14969,-0.007368586455584192
14970,14970,-0.02131730574873198
14971,14971,-0.06245163977094492
14972,14972,-0.08240202759892057
14973,14973,-0.11932132360138586
14974,14974,-0.07214394120669443
14975,14975,-0.07689347289219883
14976,14976,-0.10823299839327441
14977,14977,-0.04468257529416342
14978,14978,-0.010366401330186126
14979,14979,-0.06346981520602013
14980,14980,-0.1574271604363106
14981,14981,-0.032189861858529345
14982,14982,-0.4800121473923077
14983,14983,-0.11802094039456978
14984,14984,-0.15066286762685088
14985,14985,-0.18242242740951398
14986,14986,-0.024576125540768885
14987,14987,-0.004611886355838479
14988,14988,-0.07061724661522473
14989,14989,-0.019985986975026987
14990,14990,-0.06171216714863517
14991,14991,-0.13097632962455272
14992,14992,-0.07243019905905657
14993,14993,-0.00945800760663254
14994,14994,-0.257920868711075
14995,14995,-0.2257288372249927
14996,14996,-0.1455937996070924
14997,14997,-0.18780182432289294
14998,14998,-0.016938519980087247
14999,14999,-0.031191478003688496
15000,15000,-0.0251414558660088
15001,15001,-0.1644941306473352
15002,15002,-0.09965480633843965
15003,15003,-0.016556871661748247
15004,15004,-0.025489704452756223
15005,15005,-0.005871642982405809
15006,15006,-0.11154044593840995
15007,15007,-0.11922894328857758
15008,15008,-0.0011036038218724031
15009,15009,-0.04615742643148879
15010,15010,-0.14519559815275065
15011,15011,-0.0031443408834535558
15012,15012,-0.06267889304497842
15013,15013,-0.14181134912338528
15014,15014,-0.006209444226853468
15015,15015,-0.02408826106885098
15016,15016,-0.08603801454102866
15017,15017,-0.03758990203042781
15018,15018,-0.17372871892845876
15019,15019,-0.012624767951552986
15020,15020,-0.38621311292511296
15021,15021,-0.24170812942015374
15022,15022,-0.12942400895385564
15023,15023,-0.27360734152204635
15024,15024,-0.014132979855937422
15025,15025,-0.21315913338087888
15026,15026,-0.18435619614932258
15027,15027,-0.20556186096024665
15028,15028,-0.1006705997501004
15029,15029,-0.07124017095053128
15030,15030,-0.04509748581046635
15031,15031,-0.09317212242299977
15032,15032,-0.026766773889321423
15033,15033,-0.193190829450193
15034,15034,-0.08189007780187163
15035,15035,-0.13371839080372994
15036,15036,-0.024832894305218997
15037,15037,-0.0958725167141119
15038,15038,-0.023773613565904156
15039,15039,-0.10176973630313377
15040,15040,-0.02274453315956066
15041,15041,-0.07384451941535852
15042,15042,-0.07012296813366803
15043,15043,-0.014085672527700682
15044,15044,-0.1795319352206448
15045,15045,-0.06110431434318331
15046,15046,-0.21309450406779407
15047,15047,-0.06173799562411475
15048,15048,-0.17997115145134224
15049,15049,-0.02875588149462094
15050,15050,-0.018354943962833565
15051,15051,-0.028615017620340476
15052,15052,-0.1303600805231887
15053,15053,-0.02941768542644907
15054,15054,-0.0127954587874686
15055,15055,-0.1197186563345061
15056,15056,-0.06448604030080007
15057,15057,-0.01843017177050102
15058,15058,-0.04093928333377231
15059,15059,-0.08351348579177298
15060,15060,-0.011815030703932534
15061,15061,-0.017947048562586693
15062,15062,-0.0760471214397872
15063,15063,-0.2990273832561172
15064,15064,-0.018579949808641444
15065,15065,-0.3698194869689755
15066,15066,-0.07252958913109808
15067,15067,-0.06399815312298252
15068,15068,-0.03361981501677791
15069,15069,-0.008985887112732238
15070,15070,-0.005374317699589189
15071,15071,-0.09754661006533782
15072,15072,-0.04659531565014108
15073,15073,-0.10384542519713988
15074,15074,-0.15545838882425622
15075,15075,-0.15820975260477477
15076,15076,-0.07147523760522312
15077,15077,-0.08922012675434354
15078,15078,-0.16152422765274288
15079,15079,-0.06933527502440473
15080,15080,-0.026965518070167782
15081,15081,-0.02512243967579597
15082,15082,-0.03801471841754617
15083,15083,-0.007081658424255795
15084,15084,-0.010912090570266951
15085,15085,-0.15344066550273944
15086,15086,-0.02771374916221145
15087,15087,-0.0686256297484068
15088,15088,-0.01178918619635086
15089,15089,-0.2459281318132305
15090,15090,-0.037793177040758685
15091,15091,-0.2599848879595279
15092,15092,-0.013659521176624306
15093,15093,-0.18139416601678626
15094,15094,-0.03740493557120539
15095,15095,-0.033109507265689175
15096,15096,-0.009298039038013656
15097,15097,-0.05827150930925251
15098,15098,-0.075490818448532
15099,15099,-0.08380944776635779
15100,15100,-0.16510946815126104
15101,15101,-0.007601001446027227
15102,15102,-0.02338916262668969
15103,15103,-0.10245049997241498
15104,15104,-0.042977399259155155
15105,15105,-0.0035583124680444514
15106,15106,-0.06992777137562592
15107,15107,-0.016524762756248063
15108,15108,-0.24683351782184326
15109,15109,-0.3215941358714436
15110,15110,-0.128766668478161
15111,15111,-0.04253488836499475
15112,15112,-0.015596409039327248
15113,15113,-0.05363990584651271
15114,15114,-0.01942029598530029
15115,15115,-0.050004157778860164
15116,15116,-0.09939788979805231
15117,15117,-0.05423693945310948
15118,15118,-0.014769465516736219
15119,15119,-0.04715493103875213
15120,15120,-0.5422260114431521
15121,15121,-0.04823582487239353
15122,15122,-0.04221690693941271
15123,15123,-0.1031722216884341
15124,15124,-0.021792477903593146
15125,15125,-0.015453167859341949
15126,15126,-0.047152384783363144
15127,15127,-0.07153408669343801
15128,15128,-0.18068999722762513
15129,15129,-0.01612832897566499
15130,15130,-0.02416620810334627
15131,15131,-0.06437161156381288
15132,15132,-0.23198436250165877
15133,15133,-0.07705845228958863
15134,15134,-0.021911553274346934
15135,15135,-0.010955436783840061
15136,15136,-0.1408111739603557
15137,15137,-0.34877595719382776
15138,15138,-0.1224681347395884
15139,15139,-0.07361061736207208
15140,15140,-0.20226518801759685
15141,15141,-0.039996648223918685
15142,15142,-0.04112962384674182
15143,15143,-0.006744191686204215
15144,15144,-0.05030012752920143
15145,15145,-0.08582307462103655
15146,15146,-0.2148079844955615
15147,15147,-0.23910803897541344
15148,15148,-0.03989959407902455
15149,15149,-0.12467773369179191
15150,15150,-0.03548363363200038
15151,15151,-0.010525967661946238
15152,15152,-0.12173262755631287
15153,15153,-0.04878949363386598
15154,15154,-0.0008068159916185988
15155,15155,-0.11508135713976231
15156,15156,-0.42283972331409414
15157,15157,-0.006680546979866558
15158,15158,-0.1246113267037221
15159,15159,-0.00722512649142041
15160,15160,-0.11240254472430469
15161,15161,-0.23083171609292918
15162,15162,-0.15806142174196802
15163,15163,-0.037690520963551966
15164,15164,-0.04749177481161525
15165,15165,-0.07967626495418267
15166,15166,-0.01155557640374344
15167,15167,-0.07530903212009665
15168,15168,-0.03081954977691148
15169,15169,-0.052407260019962654
15170,15170,-0.13001931010577472
15171,15171,-0.10910111764415209
15172,15172,-0.07476239316368138
15173,15173,-0.060598845807646136
15174,15174,-0.02259004646574017
15175,15175,-0.11928607207952568
15176,15176,-0.11248116081049808
15177,15177,-0.10616133922782212
15178,15178,-0.08281675892746776
15179,15179,-0.442588847437694
15180,15180,-0.2877767377759781
15181,15181,-0.01957180815629303
15182,15182,-0.0030434444613031933
15183,15183,-0.10513814236621191
15184,15184,-0.06288962814804089
15185,15185,-0.05905768164843306
15186,15186,-0.07438424197348414
15187,15187,-0.42373903034922833
15188,15188,-0.20146287169521493
15189,15189,-0.034180989749020646
15190,15190,-0.12187483832259449
15191,15191,-0.189484480784897
15192,15192,-0.09327225263819772
15193,15193,-0.012917681256698121
15194,15194,-0.009693336539964986
15195,15195,-0.07907011477828954
15196,15196,-0.23570451975447781
15197,15197,-0.014105217129667365
15198,15198,-0.03738227907736527
15199,15199,-0.17624324065770125
15200,15200,-0.10711186162319031
15201,15201,-0.037466994097107915
15202,15202,-0.08934451535062538
15203,15203,-0.022426159889060632
15204,15204,-0.015458235644356806
15205,15205,-0.08142459936566926
15206,15206,-0.5538491565657626
15207,15207,-0.05147725474821338
15208,15208,-0.019299542687554766
15209,15209,-0.005593609115312544
15210,15210,-0.03652385594116503
15211,15211,-0.018856747686291336
15212,15212,-0.12643147741589766
15213,15213,-0.018065294922439024
15214,15214,-0.0017560578431463983
15215,15215,-0.03720468518196407
15216,15216,-0.07293955896252868
15217,15217,-0.14212788825013478
15218,15218,-0.10411566519064855
15219,15219,-0.06272388733026671
15220,15220,-0.10595720339866865
15221,15221,-0.06264802818256587
15222,15222,-0.02114891187105608
15223,15223,-0.0654456498860519
15224,15224,-0.029098875683311595
15225,15225,-0.0673785929298859
15226,15226,-0.34488149798622914
15227,15227,-0.035841055243488434
15228,15228,-0.011265798103196084
15229,15229,-0.24963126253354062
15230,15230,-0.03131158821781954
15231,15231,-0.09832835515003449
15232,15232,-0.00022661414222895266
15233,15233,-0.011265380418588267
15234,15234,-0.037976582899126976
15235,15235,-0.3325579498194904
15236,15236,-0.14115120355620725
15237,15237,-0.06017511511431639
15238,15238,-0.058139016868914095
15239,15239,-0.010373677990044988
15240,15240,-0.0192122267617802
15241,15241,-0.14861197250319702
15242,15242,-0.12936228092993052
15243,15243,-0.01805026310357872
15244,15244,-0.09103530440917942
15245,15245,-0.17748447932355527
15246,15246,-0.06905844675910267
15247,15247,-0.13049651114096505
15248,15248,-0.09042533829439725
15249,15249,-0.13702961042896622
15250,15250,-0.3030253990425269
15251,15251,-0.11093202126915935
15252,15252,-0.34369360289785356
15253,15253,-0.12313105170236227
15254,15254,-0.0706450545642775
15255,15255,-0.026325946130683786
15256,15256,-0.2973294875885487
15257,15257,-0.3209123397059096
15258,15258,-0.01917407487444267
15259,15259,-0.0029249310222507763
15260,15260,-0.030016144151690655
15261,15261,-0.15043562365735008
15262,15262,-0.1375798275779272
15263,15263,-0.0863664653593661
15264,15264,-0.037200730050460096
15265,15265,-0.15466398422865119
15266,15266,-0.07589793600704198
15267,15267,-0.333113278642418
15268,15268,-0.060474507179061804
15269,15269,-0.028063843788758036
15270,15270,-0.21318763254432962
15271,15271,-0.2310892685325605
15272,15272,-0.02638472299387698
15273,15273,-0.05829568692198406
15274,15274,-0.017036377503105007
15275,15275,-0.0127209029489255
15276,15276,-0.05666266525709007
15277,15277,-0.05832989627914054
15278,15278,-0.1354623826021939
15279,15279,-0.06459327811435614
15280,15280,-0.12451047909727342
15281,15281,-0.3050113697294279
15282,15282,-0.15253202089847173
15283,15283,-0.4325100365350495
15284,15284,-0.03684521834943115
15285,15285,-0.0030999626753249743
15286,15286,-0.03152205116260032
15287,15287,-0.020615135669923818
15288,15288,-0.038545714189672405
15289,15289,-0.14266615940762728
15290,15290,-0.02468980204440277
15291,15291,-0.006485033581618699
15292,15292,-0.05396801470448909
15293,15293,-0.0055187947698387765
15294,15294,-0.1128960073671097
15295,15295,-0.0068063065372652165
15296,15296,-0.05811687557928169
15297,15297,-0.017750977208118253
15298,15298,-0.051066720132404875
15299,15299,-0.11429155091330528
15300,15300,-0.21882571536284978
15301,15301,-0.1593528553023934
15302,15302,-0.4162267955259473
15303,15303,-0.1840538506684073
15304,15304,-0.12380623060758789
15305,15305,-0.1929366119502454
15306,15306,-0.2891187721313049
15307,15307,-0.2744943733413586
15308,15308,-0.07192083665301263
15309,15309,-0.01948182663015363
15310,15310,-0.2836669294903036
15311,15311,-0.060981751998368666
15312,15312,-0.014258378483383252
15313,15313,-0.014250725978058983
15314,15314,-0.018837130204752223
15315,15315,-0.08726144294492655
15316,15316,-0.18770130300067117
15317,15317,-0.02242034258749126
15318,15318,-0.06689107310132458
15319,15319,-0.11849386608910928
15320,15320,-0.08044303226659599
15321,15321,-0.028865943027001184
15322,15322,-0.16439821452577386
15323,15323,-0.06251162731680637
15324,15324,-0.10302168965671621
15325,15325,-0.00898754908950073
15326,15326,-0.08334753670958428
15327,15327,-0.0748285411567573
15328,15328,-0.25566044340754024
15329,15329,-0.1967312932312777
15330,15330,-0.03703107166031805
15331,15331,-0.07035976567144175
15332,15332,-0.04024269891178392
15333,15333,-0.17284538927299378
15334,15334,-0.04208109117997039
15335,15335,-0.009130663546338985
15336,15336,-0.10128847728946022
15337,15337,-0.267036613877389
15338,15338,-0.08068036865035058
15339,15339,-0.17501146290608827
15340,15340,-0.013422275682440366
15341,15341,-0.09122363939376094
15342,15342,-0.15931646761050233
15343,15343,-0.14475941124797498
15344,15344,-0.0528351636865039
15345,15345,-0.016569442849605626
15346,15346,-0.029366280112923193
15347,15347,-0.13259581953857813
15348,15348,-0.07305822571354315
15349,15349,-0.24423242513905175
15350,15350,-0.04930363093719059
15351,15351,-0.014523994348299991
15352,15352,-0.04045141428725499
15353,15353,-0.049963669107676356
15354,15354,-0.09244398324799796
15355,15355,-0.16601386314416777
15356,15356,-0.020656156950588783
15357,15357,-0.008619487389618069
15358,15358,-0.01780477539388814
15359,15359,-0.19731013670554853
15360,15360,-0.016264712366110295
15361,15361,-0.01844106891277207
15362,15362,-0.2506986913482252
15363,15363,-0.02818163515376393
15364,15364,-0.017931084085512722
15365,15365,-0.12789698918812187
15366,15366,-0.07529924067687155
15367,15367,-0.17789448733456448
15368,15368,-0.043873248981235353
15369,15369,-0.043869482573961394
15370,15370,-0.1830473711710714
15371,15371,-0.0034583487543045355
15372,15372,-0.019874689929526568
15373,15373,-0.10498472979115639
15374,15374,-0.0003670052093640106
15375,15375,-0.04394867655750468
15376,15376,-0.010947011675186996
15377,15377,-0.02804162163840751
15378,15378,-0.0910021436710019
15379,15379,-0.039494305857789264
15380,15380,-0.30775885213402354
15381,15381,-0.27875338465474586
15382,15382,-0.20981764944429537
15383,15383,-0.028956269826443344
15384,15384,-0.10711339757623906
15385,15385,-0.051597546034677366
15386,15386,-0.020296219577570884
15387,15387,-0.12092050797968892
15388,15388,-0.18900738504780357
15389,15389,-0.042681611281448206
15390,15390,-0.09958063609724388
15391,15391,-0.36161263810246425
15392,15392,-0.09933439305165617
15393,15393,-0.03031136853246752
15394,15394,-0.07619055467553892
15395,15395,-0.06293834791378311
15396,15396,-0.0053672877910852235
15397,15397,-0.005188222562938273
15398,15398,-0.005306127130824817
15399,15399,-0.12041711965003588
15400,15400,-0.048845361262790404
15401,15401,-0.4105033885864917
15402,15402,-0.09229203770903638
15403,15403,-0.09152328003062238
15404,15404,-0.013331295817625408
15405,15405,-0.012412491886679061
15406,15406,-0.20439036227148039
15407,15407,-0.07187575603282703
15408,15408,-0.048256726603407185
15409,15409,-0.13559792571028684
15410,15410,-0.07270516151683326
15411,15411,-0.09542524490225157
15412,15412,-0.1185522988752915
15413,15413,-0.04403601096186982
15414,15414,-0.15470466851104803
15415,15415,-0.0210720933753952
15416,15416,-0.04194070040954678
15417,15417,-0.14392997166983446
15418,15418,-0.0003969521407883904
15419,15419,-0.1524236407876921
15420,15420,-0.02064526547353402
15421,15421,-0.07343107470242727
15422,15422,-0.20198616977252337
15423,15423,-0.009635174635152066
15424,15424,-0.27625331549521814
15425,15425,-0.19062596088223138
15426,15426,-0.055650456235577406
15427,15427,-0.023638586439104887
15428,15428,-0.36036988619997257
15429,15429,-0.0020742958842289508
15430,15430,-0.01208929507732854
15431,15431,-0.027184932785706134
15432,15432,-0.19246244428132542
15433,15433,-0.28624330932498987
15434,15434,-0.06606651863839241
15435,15435,-0.01847631953204698
15436,15436,-0.1628086169423072
15437,15437,-0.10163366317176825
15438,15438,-0.06466294128320949
15439,15439,-0.10908891309585877
15440,15440,-0.0044108858419259
15441,15441,-0.012569117986426598
15442,15442,-0.07824474676889193
15443,15443,-0.12167792519769094
15444,15444,-0.10177354470225497
15445,15445,-0.3056249121793133
15446,15446,-0.04684896166556962
15447,15447,-0.07371733112255774
15448,15448,-0.07219913058492367
15449,15449,-0.026175665685600064
15450,15450,-0.008896754387804823
15451,15451,-0.05513802136500768
15452,15452,-0.02773688819358322
15453,15453,-0.026100930901410302
15454,15454,-0.13973572263138978
15455,15455,-0.029204812670767244
15456,15456,-0.40645259835186565
15457,15457,-0.0707422906069737
15458,15458,-0.15684123899160385
15459,15459,-0.017855162095976457
15460,15460,-0.08050578579879186
15461,15461,-0.16172690803673007
15462,15462,-0.018217063397897443
15463,15463,-0.10712970251953016
15464,15464,-0.23602907876907347
15465,15465,-0.011928672493172116
15466,15466,-0.007715030479734188
15467,15467,-0.04059049943695787
15468,15468,-0.029107809384885663
15469,15469,-0.061947345052802305
15470,15470,-0.004890155436252224
15471,15471,-0.03122719462831125
15472,15472,-0.004967341065846488
15473,15473,-0.08769413317325103
15474,15474,-0.11920068764216163
15475,15475,-0.14035241444304924
15476,15476,-0.00858868752531508
15477,15477,-0.15591825569362883
15478,15478,-0.010188182299764509
15479,15479,-0.09857567244272772
15480,15480,-0.027061684538155162
15481,15481,-0.01806241187792896
15482,15482,-0.3435697945657967
15483,15483,-0.054349468422696945
15484,15484,-0.024252626405095068
15485,15485,-0.3025205764875941
15486,15486,-0.04792761804198345
15487,15487,-0.13696510024097552
15488,15488,-0.14545400490547536
15489,15489,-0.036459958196355946
15490,15490,-0.016592392919777058
15491,15491,-0.0603312022211312
15492,15492,-0.056427596995158424
15493,15493,-0.03288047759656421
15494,15494,-0.016006673808095062
15495,15495,-0.11005941750388404
15496,15496,-0.07646172812441371
15497,15497,-0.03128115191195535
15498,15498,-0.10186506128461004
15499,15499,-0.02690787729914812
15500,15500,-0.14650785496822216
15501,15501,-0.010406970893614892
15502,15502,-0.196114712231239
15503,15503,-0.002445844710514804
15504,15504,-0.0678689101282336
15505,15505,-0.04615440613232494
15506,15506,-0.14498170766708052
15507,15507,-0.057684489287113117
15508,15508,-0.08380125751036716
15509,15509,-0.08056717839807062
15510,15510,-0.11995976257094879
15511,15511,-0.08727726734326124
15512,15512,-0.04890906490252343
15513,15513,-0.06898066270614545
15514,15514,-0.2193610414104552
15515,15515,-0.11965622355764774
15516,15516,-0.005233499747674232
15517,15517,-0.03433644219658644
15518,15518,-0.1266742593343233
15519,15519,-0.15430968201933704
15520,15520,-0.14487320635545053
15521,15521,-0.04901243895589602
15522,15522,-0.029253904891295535
15523,15523,-0.009553594370756709
15524,15524,-0.14643293036782357
15525,15525,-0.08265420897875986
15526,15526,-0.005013607852092733
15527,15527,-0.024249292545491824
15528,15528,-0.007749879946876322
15529,15529,-0.22488176813448793
15530,15530,-0.1095521145901045
15531,15531,-0.03515042314610196
15532,15532,-0.3133446064508566
15533,15533,-0.013519515204351936
15534,15534,-0.09705471255614118
15535,15535,-0.024099450620601842
15536,15536,-0.10513177035058588
15537,15537,-0.24097413109250398
15538,15538,-0.06778628607908621
15539,15539,-0.11574311659278058
15540,15540,-0.11807101094092554
15541,15541,-0.01410821054545433
15542,15542,-0.022785125902257092
15543,15543,-0.02928170630840405
15544,15544,-0.07038000258244859
15545,15545,-0.006806247117078501
15546,15546,-0.011973609557263688
15547,15547,-0.25263993453556255
15548,15548,-0.008523139437977653
15549,15549,-0.004832524927479544
15550,15550,-0.055666768236805234
15551,15551,-0.01697204088662585
15552,15552,-0.07838996624519101
15553,15553,-0.007022746892213161
15554,15554,-0.0061773987900761995
15555,15555,-0.04111378421794149
15556,15556,-0.055544913927083224
15557,15557,-0.39744489448810505
15558,15558,-0.23651051739695594
15559,15559,-0.04913174986586111
15560,15560,-0.13705869249600336
15561,15561,-0.10075903606576977
15562,15562,-0.07573176401507731
15563,15563,-0.4673981737161049
15564,15564,-0.15373077087581788
15565,15565,-0.22570780594851847
15566,15566,-0.10258197432531369
15567,15567,-0.07744714281742171
15568,15568,-0.15885577556356667
15569,15569,-0.27824762164632943
15570,15570,-0.12671125425586174
15571,15571,-0.12113207093053235
15572,15572,-0.0011585376168076495
15573,15573,-0.04146371964434373
15574,15574,-0.10240915049148303
15575,15575,-0.08515982546608447
15576,15576,-0.11275473885442999
15577,15577,-0.007823614919289235
15578,15578,-0.11737189380095547
15579,15579,-0.00035995337108057435
15580,15580,-0.11629453466160955
15581,15581,-0.004081019335671093
15582,15582,-0.003936758223263949
15583,15583,-0.017062625549019536
15584,15584,-0.015377129443564841
15585,15585,-0.14885507026750175
15586,15586,-0.19342231294938195
15587,15587,-0.06267396969108052
15588,15588,-0.07087091091370093
15589,15589,-0.04137196796694642
15590,15590,-0.06076507321733527
15591,15591,-0.17852714559883864
15592,15592,-0.3350915701233621
15593,15593,-8.24614668748392e-05
15594,15594,-0.2813545055135145
15595,15595,-0.10738605950570212
15596,15596,-0.3153257316939051
15597,15597,-0.027529462083707504
15598,15598,-0.1498333468181687
15599,15599,-0.08247630644201343
15600,15600,-0.04191522224576606
15601,15601,-0.03912481391597658
15602,15602,-0.0178479661951515
15603,15603,-0.0049164969793509886
15604,15604,-0.09974843452962678
15605,15605,-0.0028424488401353216
15606,15606,-0.0749415136670313
15607,15607,-0.029819527421448777
15608,15608,-0.04702536297480597
15609,15609,-0.061770255745443176
15610,15610,-0.036528684783019294
15611,15611,-0.06893662750334889
15612,15612,-0.09180843694679044
15613,15613,-0.16803956379822627
15614,15614,-0.05242009878236489
15615,15615,-0.07671121385095958
15616,15616,-0.014150331973994096
15617,15617,-0.33155307226808084
15618,15618,-0.12140213473402464
15619,15619,-0.14040264602613428
15620,15620,-0.058486102955820685
15621,15621,-0.1405780965184108
15622,15622,-0.19783081783037393
15623,15623,-0.14332653798278064
15624,15624,-0.006829496066409986
15625,15625,-0.08338700856385384
15626,15626,-0.12281948129062281
15627,15627,-0.08066711966959383
15628,15628,-0.021981811615539568
15629,15629,-0.03938916046293264
15630,15630,-0.09677789054564645
15631,15631,-0.4313738710162198
15632,15632,-0.012318754899023815
15633,15633,-0.09476993140520173
15634,15634,-0.003926008768385426
15635,15635,-0.062303269054556965
15636,15636,-0.11069488131076577
15637,15637,-0.05155801869265522
15638,15638,-0.0724721065762518
15639,15639,-0.1265162964387514
15640,15640,-0.4386657332574889
15641,15641,-0.019116320263789094
15642,15642,-0.15296651375964573
15643,15643,-0.009293235112736387
15644,15644,-0.007328587467549108
15645,15645,-0.004260708521534556
15646,15646,-0.04577091329905747
15647,15647,-0.20500710474664224
15648,15648,-0.06471328751362687
15649,15649,-0.04101382193139469
15650,15650,-0.12278263556312874
15651,15651,-0.05960210917847919
15652,15652,-0.013002864489996381
15653,15653,-0.08187745702500937
15654,15654,-0.38076410247139814
15655,15655,-0.14110801817272034
15656,15656,-0.05345586187493101
15657,15657,-0.05910666638517281
15658,15658,-0.22272528076623077
15659,15659,-0.06776903821817415
15660,15660,-0.04110283156748995
15661,15661,-0.17898659649739734
15662,15662,-0.11361469782596625
15663,15663,-0.25990852098512207
15664,15664,-0.01938116165917103
15665,15665,-0.006318905509767131
15666,15666,-0.03402304509384835
15667,15667,-0.17974277650460557
15668,15668,-0.012224248903082997
15669,15669,-0.05937096736542191
15670,15670,-0.007687757071389844
15671,15671,-0.028223085682867938
15672,15672,-0.06999383608205711
15673,15673,-0.19847134351051487
15674,15674,-0.08998036168548496
15675,15675,-0.03488581446400851
15676,15676,-0.1811376987581781
15677,15677,-0.12186079910836023
15678,15678,-0.0008470100454205346
15679,15679,-0.17794893018759916
15680,15680,-0.23965165530570198
15681,15681,-0.03731388800215819
15682,15682,-0.11551428799938046
15683,15683,-0.004019285583877798
15684,15684,-0.02902024429004446
15685,15685,-0.001544516818341325
15686,15686,-0.04316675323872421
15687,15687,-0.00890066880638074
15688,15688,-0.1475553207778013
15689,15689,-0.07006499627904228
15690,15690,-0.07536918755731747
15691,15691,-0.030847712795898718
15692,15692,-0.020833430985302936
15693,15693,-0.17548353397366437
15694,15694,-0.15350296320711054
15695,15695,-0.0011369171804971462
15696,15696,-0.07562082316799368
15697,15697,-0.02197194934729669
15698,15698,-0.2215195600661386
15699,15699,-0.29552830097856386
15700,15700,-0.07571956915601732
15701,15701,-0.02316519440964347
15702,15702,-0.018213503140268664
15703,15703,-0.021013663858796668
15704,15704,-0.0531375086075806
15705,15705,-0.6080587728348963
15706,15706,-0.044445817481355565
15707,15707,-0.014617370537392427
15708,15708,-0.02521219689573498
15709,15709,-0.33131650154554615
15710,15710,-0.04317610332555122
15711,15711,-0.17874154212997564
15712,15712,-0.0678291382989813
15713,15713,-0.0831973194096004
15714,15714,-0.03746519907320878
15715,15715,-0.008833444207938234
15716,15716,-0.22476813547319285
15717,15717,-0.10510212665889362
15718,15718,-0.3470386810140377
15719,15719,-0.10588952866384194
15720,15720,-0.1422314575010919
15721,15721,-0.0017416944078966004
15722,15722,-0.00403671036572345
15723,15723,-0.01125241724048931
15724,15724,-0.11908514379918334
15725,15725,-0.08035179925222746
15726,15726,-0.0966213958951081
15727,15727,-0.01570961309887986
15728,15728,-0.12738594192983455
15729,15729,-0.07807501978149267
15730,15730,-0.05670992484806498
15731,15731,-0.23734595954962012
15732,15732,-0.0685737162320521
15733,15733,-0.1647614379236182
15734,15734,-0.04954581548237025
15735,15735,-0.18896219798056935
15736,15736,-0.011387192014618824
15737,15737,-0.001830877681397607
15738,15738,-0.030664259161411467
15739,15739,-0.1356803271722833
15740,15740,-0.06897836321862494
15741,15741,-0.18154820688071574
15742,15742,-0.08749937695306878
15743,15743,-0.030539687799411363
15744,15744,-0.01002669524662636
15745,15745,-0.060241761334525745
15746,15746,-0.01248665658819968
15747,15747,-0.0005365488542302421
15748,15748,-0.045856704566170414
15749,15749,-0.02525575205128272
15750,15750,-0.002355478170334019
15751,15751,-0.03673129690286836
15752,15752,-0.13973061799789946
15753,15753,-0.051489509756583535
15754,15754,-0.013056020635893513
15755,15755,-0.06366461662383059
15756,15756,-0.018167008885360603
15757,15757,-0.06614907268664061
15758,15758,-0.04244505712813096
15759,15759,-0.21667834679583997
15760,15760,-0.0015350366758971959
15761,15761,-0.05814185108473291
15762,15762,-0.025299580440614984
15763,15763,-0.03562978945112505
15764,15764,-0.36489426915392364
15765,15765,-0.012867549379833206
15766,15766,-0.05143140017758155
15767,15767,-0.01910007747877432
15768,15768,-0.03860048224149154
15769,15769,-0.060797232889707176
15770,15770,-0.13533510549078998
15771,15771,-0.06796239868017162
15772,15772,-0.1710952228550876
15773,15773,-0.1824458821477828
15774,15774,-0.05747469462275223
15775,15775,-0.013796971129766883
15776,15776,-0.0427896210929366
15777,15777,-0.09602053413449063
15778,15778,-0.09482774112421721
15779,15779,-0.06981257157310461
15780,15780,-0.13597009214717293
15781,15781,-0.3722392380565105
15782,15782,-0.06910923039740927
15783,15783,-0.034993119415533985
15784,15784,-0.34291634087328327
15785,15785,-0.030333114136322892
15786,15786,-0.025029632358107984
15787,15787,-0.03192054600611116
15788,15788,-0.003914639944501946
15789,15789,-0.007334232922965235
15790,15790,-0.0447081320212136
15791,15791,-0.03313067063901998
15792,15792,-0.020007733178336068
15793,15793,-0.13334587047982405
15794,15794,-0.04257037165575708
15795,15795,-0.03240849140932056
15796,15796,-0.028837662057055735
15797,15797,-0.013503059188907061
15798,15798,-0.016910313846523
15799,15799,-0.17938317718219565
15800,15800,-0.0013939973159810687
15801,15801,-0.0301079395864301
15802,15802,-0.12988748701338526
15803,15803,-0.02201374972916892
15804,15804,-0.017722784157319933
15805,15805,-0.006628156485787656
15806,15806,-0.022391729550764197
15807,15807,-0.04294549415026272
15808,15808,-0.0035835531545105603
15809,15809,-0.1792476830215053
15810,15810,-0.06917986723597516
15811,15811,-0.04753239293428679
15812,15812,-0.03796901463606028
15813,15813,-0.02251094232416606
15814,15814,-0.10739282538714079
15815,15815,-0.00865102538564773
15816,15816,-0.12861325714645533
15817,15817,-0.06664128731809393
15818,15818,-0.012923141691873391
15819,15819,-0.03688119822195582
15820,15820,-0.11962841851492323
15821,15821,-0.0479838017247044
15822,15822,-0.0424897050847195
15823,15823,-0.00774123811949079
15824,15824,-0.08252421395971557
15825,15825,-0.16833602739807718
15826,15826,-0.047299579022822
15827,15827,-0.04056031774206803
15828,15828,-0.0001329348335183338
15829,15829,-0.0023301214704654644
15830,15830,-0.008936268088412552
15831,15831,-0.0027003163473344072
15832,15832,-0.019071065036464496
15833,15833,-0.0027451032568109116
15834,15834,-0.057341958628884165
15835,15835,-0.13374858257558586
15836,15836,-0.030604565271531325
15837,15837,-0.08571462128073659
15838,15838,-0.0854185928322895
15839,15839,-0.07054610649475974
15840,15840,-0.20990851907583208
15841,15841,-0.2545812707822126
15842,15842,-0.0016830667377693148
15843,15843,-0.022858234653896796
15844,15844,-0.07484318781089006
15845,15845,-0.2954073834579063
15846,15846,-0.45123814428148457
15847,15847,-0.004548918320429474
15848,15848,-0.07725721300149369
15849,15849,-0.34233328605629554
15850,15850,-0.10494913193937272
15851,15851,-0.06327094210425016
15852,15852,-0.13939906455743145
15853,15853,-0.025712074534577245
15854,15854,-0.14382874602473983
15855,15855,-0.1696036419794834
15856,15856,-0.1210328265892362
15857,15857,-0.08623028781218844
15858,15858,-0.07676089653471596
15859,15859,-0.1120968483280671
15860,15860,-0.10260817896562469
15861,15861,-0.03594821867114864
15862,15862,-0.050971634317075076
15863,15863,-0.03515458726642046
15864,15864,-0.06881818295206454
15865,15865,-0.06078306960563246
15866,15866,-0.117125681623648
15867,15867,-0.21532553339212968
15868,15868,-0.1266800319558521
15869,15869,-0.03569514920053973
15870,15870,-0.14314036496756666
15871,15871,-0.11567689143887805
15872,15872,-0.008874459240211602
15873,15873,-0.008638709321552794
15874,15874,-0.039140574268079265
15875,15875,-0.3189188846791695
15876,15876,-0.10046623099620293
15877,15877,-0.04337800150178339
15878,15878,-0.1332730297092355
15879,15879,-0.05955645805664267
15880,15880,-0.016631112493765032
15881,15881,-0.03142138897140992
15882,15882,-0.04263979744759583
15883,15883,-0.11329863815367824
15884,15884,-0.056693238858105954
15885,15885,-0.02204322480027543
15886,15886,-0.15923074589872155
15887,15887,-0.019058157967949296
15888,15888,-0.08215260132201119
15889,15889,-0.13542960423843953
15890,15890,-0.06232980021851398
15891,15891,-0.08238299501789337
15892,15892,-0.1910420363697906
15893,15893,-0.004451940971137193
15894,15894,-0.004471663682480337
15895,15895,-0.01128632769597439
15896,15896,-0.01105000928796452
15897,15897,-0.014448620811569168
15898,15898,-0.0034285311850076397
15899,15899,-0.053822746026015444
15900,15900,-0.009057702270945366
15901,15901,-0.13373001237142024
15902,15902,-0.11894287753765287
15903,15903,-0.0968196775531075
15904,15904,-0.006302690179672173
15905,15905,-0.015453287160536316
15906,15906,-0.09728819544697676
15907,15907,-0.288060999061436
15908,15908,-0.4690277279955285
15909,15909,-0.162199873901816
15910,15910,-0.14601046703572262
15911,15911,-0.303434778207583
15912,15912,-0.08513643046084807
15913,15913,-0.1566544541671271
15914,15914,-0.030175732753965123
15915,15915,-0.03166942921938587
15916,15916,-0.04444003275422739
15917,15917,-0.0008789691391938043
15918,15918,-0.00365970221997039
15919,15919,-0.04215382759537756
15920,15920,-0.045299514243983846
15921,15921,-0.001989558291271296
15922,15922,-0.005759600208810313
15923,15923,-0.05569031155968718
15924,15924,-0.3263896701314075
15925,15925,-0.13948264771085922
15926,15926,-0.05672668226234556
15927,15927,-0.04042342761967266
15928,15928,-0.03248603859057175
15929,15929,-0.044593111911920946
15930,15930,-0.06345736330702068
15931,15931,-0.07763657176473748
15932,15932,-0.004152892397431246
15933,15933,-0.07785982940481379
15934,15934,-0.12467507962041546
15935,15935,-0.06633254985278697
15936,15936,-0.018617655795691634
15937,15937,-0.19393305410680828
15938,15938,-0.020798287229944812
15939,15939,-0.07464055470023201
15940,15940,-0.00847223342426795
15941,15941,-0.13193311664871088
15942,15942,-0.24228155251731964
15943,15943,-0.003786344675954973
15944,15944,-0.0015070742469730641
15945,15945,-0.1355621314650084
15946,15946,-0.08675448123943952
15947,15947,-0.011499821499252223
15948,15948,-0.003529387034472503
15949,15949,-0.0010202531226276281
15950,15950,-0.04455061823695161
15951,15951,-0.033431439648375194
15952,15952,-0.026022989784621982
15953,15953,-0.06129522197017068
15954,15954,-0.05816406428975818
15955,15955,-0.03651621120545581
15956,15956,-0.01646860895761278
15957,15957,-0.01862938801598238
15958,15958,-0.011356027911890998
15959,15959,-0.13701108453674948
15960,15960,-0.04951617126547306
15961,15961,-0.03146133958233421
15962,15962,-0.10367454966185818
15963,15963,-0.0019503553720366107
15964,15964,-0.02941975377592465
15965,15965,-0.030619504750929477
15966,15966,-0.1276065688073702
15967,15967,-0.034853640587925644
15968,15968,-0.26639619627717903
15969,15969,-0.42034148651416814
15970,15970,-0.006927525218685254
15971,15971,-0.1852180640605714
15972,15972,-0.04086319743353009
15973,15973,-0.06470525561402696
15974,15974,-0.057446026771581504
15975,15975,-0.04434775581058803
15976,15976,-0.1283774011669957
15977,15977,-0.054093094785641616
15978,15978,-0.023891862982154538
15979,15979,-0.16487209516984658
15980,15980,-0.17666914444568604
15981,15981,-0.03968230039318666
15982,15982,-0.03861091423208729
15983,15983,-0.25242069372066034
15984,15984,-0.09288446192554736
15985,15985,-0.010787315079151122
15986,15986,-0.012000936487048475
15987,15987,-0.06474664318620704
15988,15988,-0.12352467212503315
15989,15989,-0.03803545419814309
15990,15990,-0.013895380344522756
15991,15991,-0.028403595771083534
15992,15992,-0.036036078322717185
15993,15993,-0.04859942479170582
15994,15994,-0.13091101292970286
15995,15995,-0.029666797419792387
15996,15996,-0.09547711699420436
15997,15997,-0.0887199636392837
15998,15998,-0.007941550700955174
15999,15999,-0.13937318764533846
16000,16000,-0.05928801335796863
16001,16001,-0.05426905324610331
16002,16002,-0.17446261447819467
16003,16003,-0.006258699755647608
16004,16004,-0.06532081799622391
16005,16005,-0.0823998048647302
16006,16006,-0.08259574861676325
16007,16007,-0.035452241265509124
16008,16008,-0.04033800722660574
16009,16009,-0.03101745813379237
16010,16010,-0.0035168490139515576
16011,16011,-0.06859637011254771
16012,16012,-0.027305300122620335
16013,16013,-0.05929712296364065
16014,16014,-0.03517398552992845
16015,16015,-0.048693582173930834
16016,16016,-0.08393519288579443
16017,16017,-0.16561744979531
16018,16018,-0.18021947157207502
16019,16019,-0.007482977691122973
16020,16020,-0.13663833711929718
16021,16021,-0.03921284288995808
16022,16022,-0.0028879898799624194
16023,16023,-0.045784104569516204
16024,16024,-0.11675752684774843
16025,16025,-0.048564663636985195
16026,16026,-0.010709872390056996
16027,16027,-0.1779507188844609
16028,16028,-0.021502226558324067
16029,16029,-0.0919213992390141
16030,16030,-0.0030016745335649866
16031,16031,-0.13786526232358387
16032,16032,-0.007924713002997298
16033,16033,-0.01375359258942109
16034,16034,-0.05728992699514067
16035,16035,-0.009864258730665265
16036,16036,-0.040650574404467066
16037,16037,-0.04353403978035186
16038,16038,-0.1794453414428081
16039,16039,-0.0074898857437938685
16040,16040,-0.11579609558178228
16041,16041,-0.16611525760122514
16042,16042,-0.08708164410874752
16043,16043,-0.09748279636870041
16044,16044,-0.08199915434191363
16045,16045,-0.014614506687743396
16046,16046,-0.12349242629688117
16047,16047,-0.058187166134035184
16048,16048,-0.27989960928479585
16049,16049,-0.09957373404085434
16050,16050,-0.0076171566263998364
16051,16051,-0.08040367201526843
16052,16052,-0.0947423535035126
16053,16053,-0.034678140518199396
16054,16054,-0.22242072005749947
16055,16055,-0.01185067522508923
16056,16056,-0.05523228801771352
16057,16057,-0.15715243171139948
16058,16058,-0.03737636204187034
16059,16059,-0.08273009901234918
16060,16060,-0.05816657456728935
16061,16061,-0.28599191170465765
16062,16062,-0.07578736445717438
16063,16063,-0.06184611817085728
16064,16064,-0.026966028307892742
16065,16065,-0.029480220016554065
16066,16066,-0.25330715150136285
16067,16067,-0.038628894629912924
16068,16068,-0.2726543652845592
16069,16069,-0.017501528203119898
16070,16070,-0.07938168071986706
16071,16071,-0.024368010298619902
16072,16072,-0.033820460890743864
16073,16073,-0.006153908906289106
16074,16074,-0.1358185834137028
16075,16075,-0.23862678298486983
16076,16076,-0.058169434116454255
16077,16077,-0.012653004604134321
16078,16078,-0.0257547240346713
16079,16079,-0.1973436728319502
16080,16080,-0.08163553782168098
16081,16081,-0.269400944345517
16082,16082,-0.17005061780150932
16083,16083,-0.18540959635366588
16084,16084,-0.13046657816437213
16085,16085,-0.0917678294704457
16086,16086,-0.1421092708013623
16087,16087,-0.12075886466061947
16088,16088,-0.11625925365955325
16089,16089,-0.05785845502523701
16090,16090,-0.06551241533159136
16091,16091,-0.0080587448586485
16092,16092,-0.06840974751491391
16093,16093,-0.09903495479665114
16094,16094,-0.1313136182108724
16095,16095,-0.2717658847269635
16096,16096,-0.03222376732698451
16097,16097,-0.027875315488402608
16098,16098,-0.11080007940856806
16099,16099,-0.171428495631059
16100,16100,-0.1677173988086157
16101,16101,-0.020123683052325925
16102,16102,-0.03178727607705936
16103,16103,-0.04376579615941529
16104,16104,-0.01408236512780546
16105,16105,-0.021049271716732765
16106,16106,-0.008830304733743743
16107,16107,-0.19885653623834543
16108,16108,-0.11380171549225493
16109,16109,-0.3039271912467285
16110,16110,-0.17496788285521053
16111,16111,-0.12889168802450834
16112,16112,-0.02397809045320068
16113,16113,-0.14614847004762954
16114,16114,-0.07245727928700472
16115,16115,-0.01714463001676675
16116,16116,-0.017617260974713417
16117,16117,-0.08986175355646697
16118,16118,-0.22694444051254203
16119,16119,-0.06725248921153792
16120,16120,-0.018286643918007717
16121,16121,-0.035029853125843946
16122,16122,-0.07238724383840545
16123,16123,-0.03818269636291505
16124,16124,-0.05605777792513991
16125,16125,-0.05224302958430655
16126,16126,-0.08850581141867109
16127,16127,-0.11310716535191678
16128,16128,-0.13020402485192076
16129,16129,-0.2460975686345055
16130,16130,-0.024836134869621274
16131,16131,-0.05593025980501043
16132,16132,-0.0869336644185923
16133,16133,-0.12404718283873928
16134,16134,-0.008654137407018148
16135,16135,-0.007530566624267905
16136,16136,-0.04241544142197562
16137,16137,-0.04437741735442846
16138,16138,-0.008024222841937212
16139,16139,-0.05379126488880648
16140,16140,-0.07705803239327214
16141,16141,-0.25901987150203043
16142,16142,-0.1366318754897246
16143,16143,-0.123357065712828
16144,16144,-0.28906711554044096
16145,16145,-0.018374662719561438
16146,16146,-0.0036576438969194783
16147,16147,-0.017576611681322518
16148,16148,-0.2175322081033806
16149,16149,-0.04700159619136702
16150,16150,-0.09586417525380542
16151,16151,-0.06496839616620342
16152,16152,-0.020801262932496067
16153,16153,-0.04198743321660217
16154,16154,-0.1584705258973722
16155,16155,-0.015633189656153818
16156,16156,-0.024962313927621244
16157,16157,-0.025800605729625392
16158,16158,-0.0648349824921568
16159,16159,-0.09304033816426663
16160,16160,-0.006830297679766235
16161,16161,-0.05004789283259765
16162,16162,-0.08539329789099259
16163,16163,-0.08049746582856665
16164,16164,-0.03827266621848538
16165,16165,-0.13376762143019683
16166,16166,-0.06971202563699208
16167,16167,-0.02783079731299054
16168,16168,-0.03769711689809853
16169,16169,-0.009723741772657252
16170,16170,-0.028033305533282094
16171,16171,-0.10102533608559172
16172,16172,-0.3929358105386311
16173,16173,-0.027936161588097815
16174,16174,-0.04100003858466647
16175,16175,-0.3730885980203549
16176,16176,-0.01751314738131094
16177,16177,-0.005511248140702724
16178,16178,-0.026404832774929582
16179,16179,-0.015782053710299913
16180,16180,-0.02340611713414209
16181,16181,-0.1006154352616303
16182,16182,-0.06833267236784879
16183,16183,-0.12073788952692431
16184,16184,-0.05193476593223256
16185,16185,-0.22842081904632885
16186,16186,-0.015493485697579162
16187,16187,-0.029341716787246924
16188,16188,-0.03122878646931726
16189,16189,-0.2049115723394116
16190,16190,-0.06202006330546794
16191,16191,-0.15046275786956365
16192,16192,-0.03526881856340516
16193,16193,-0.17162713826634302
16194,16194,-0.1249288818488542
16195,16195,-0.027015089063001096
16196,16196,-0.07165914250817285
16197,16197,-0.14674113981465464
16198,16198,-0.2597246503348618
16199,16199,-0.04624595079791938
16200,16200,-0.12525141952692032
16201,16201,-0.04324608654742382
16202,16202,-0.04445204190761551
16203,16203,-0.013480000089784588
16204,16204,-0.023711361735600574
16205,16205,-0.00713709380970054
16206,16206,-0.0023414051252039093
16207,16207,-0.014761041762207107
16208,16208,-0.13034960421661745
16209,16209,-0.18391923018639578
16210,16210,-0.02141208308152953
16211,16211,-0.18871969555721124
16212,16212,-0.038353002825032095
16213,16213,-0.05816166260225375
16214,16214,-0.10692406688368644
16215,16215,-0.16372764052181887
16216,16216,-0.09276671762689637
16217,16217,-0.020111456035346767
16218,16218,-0.01731101796612769
16219,16219,-0.06891547426288883
16220,16220,-0.11592027609890332
16221,16221,-0.1031334929938258
16222,16222,-0.03125285312380816
16223,16223,-0.0004592127087623009
16224,16224,-0.16247362854004255
16225,16225,-0.0005690837851819271
16226,16226,-0.10313899804920945
16227,16227,-0.030959598956310938
16228,16228,-0.04402325228082682
16229,16229,-0.09710183546805029
16230,16230,-0.01829685245464141
16231,16231,-0.007267085014148661
16232,16232,-0.037753952491103804
16233,16233,-0.1946657319682732
16234,16234,-0.061341221012235714
16235,16235,-0.19830034504737393
16236,16236,-0.03083710291734549
16237,16237,-0.04002529889212261
16238,16238,-0.01170680136204641
16239,16239,-0.04912490931605762
16240,16240,-0.007480181171363842
16241,16241,-0.082282534424159
16242,16242,-0.015386367220298187
16243,16243,-0.1933707122856081
16244,16244,-0.07295460663536923
16245,16245,-0.049570181200156056
16246,16246,-0.08779965886076768
16247,16247,-0.384663377210567
16248,16248,-0.003103747548305849
16249,16249,-0.10911784524748544
16250,16250,-0.03792538943191881
16251,16251,-0.18440820280272885
16252,16252,-0.02930244154256198
16253,16253,-0.03803413727041349
16254,16254,-0.07826000147930892
16255,16255,-0.024269950299387277
16256,16256,-0.2720522874112312
16257,16257,-0.009784698748887988
16258,16258,-0.20861909657458647
16259,16259,-0.030991864221158766
16260,16260,-0.002854619273583353
16261,16261,-0.020620100108449835
16262,16262,-0.21892539221104323
16263,16263,-0.0697360738564905
16264,16264,-0.07638129071473376
16265,16265,-0.030759509900903592
16266,16266,-0.04282875633374772
16267,16267,-0.01975299746377715
16268,16268,-0.06972809873008334
16269,16269,-0.03538090880101669
16270,16270,-0.1345447759636884
16271,16271,-0.06688489081167426
16272,16272,-0.08258486192851466
16273,16273,-0.128613219333213
16274,16274,-0.07436090346445401
16275,16275,-0.09632527083693221
16276,16276,-0.07983027628417697
16277,16277,-0.14450341450327508
16278,16278,-0.21593867768515906
16279,16279,-0.09390147576390111
16280,16280,-0.10613188584928412
16281,16281,-0.03773823845370264
16282,16282,-0.06696289590909965
16283,16283,-4.554777571011415e-05
16284,16284,-0.21945247201023976
16285,16285,-0.038450775737110504
16286,16286,-0.0922785040325893
16287,16287,-0.12295056301468954
16288,16288,-0.35122517098737127
16289,16289,-0.2035182202792587
16290,16290,-0.1760154238549766
16291,16291,-0.015599864442385258
16292,16292,-0.05076127513379847
16293,16293,-0.14487163815486295
16294,16294,-0.12215499830335208
16295,16295,-0.21086147971398406
16296,16296,-0.16878388667804345
16297,16297,-0.4679728936506917
16298,16298,-0.02104993771403963
16299,16299,-0.005412447797947674
16300,16300,-0.009307520586025048
16301,16301,-0.09585038692569736
16302,16302,-0.013805899769050473
16303,16303,-0.005035195103372083
16304,16304,-0.017694440778153825
16305,16305,-0.036513286963357316
16306,16306,-0.3429825080080384
16307,16307,-0.06720684059050377
16308,16308,-0.14037508665874165
16309,16309,-0.00048709080609117387
16310,16310,-0.12369080092429485
16311,16311,-4.461435892206373e-05
16312,16312,-0.0309112559505742
16313,16313,-0.08374822381387803
16314,16314,-0.2889142207506912
16315,16315,-0.35068758542069256
16316,16316,-0.05362281545091652
16317,16317,-0.07830185142815493
16318,16318,-0.24235123958805005
16319,16319,-0.20794426360502216
16320,16320,-0.04783973195961688
16321,16321,-0.24241749582767547
16322,16322,-0.12802219878661758
16323,16323,-0.12793263599659987
16324,16324,-0.01996625037714051
16325,16325,-0.10318713348980782
16326,16326,-0.1179768105106082
16327,16327,-0.4959742916236132
16328,16328,-0.22765621503818423
16329,16329,-0.0032862455684157573
16330,16330,-0.19516354336377528
16331,16331,-0.06543220939958072
16332,16332,-0.10293182872175999
16333,16333,-0.20889806098965738
16334,16334,-0.003048540660597872
16335,16335,-0.018450838814900623
16336,16336,-0.27220912100922945
16337,16337,-0.24050965185967677
16338,16338,-0.3789866800806103
16339,16339,-0.008244711301694574
16340,16340,-0.07363660049947374
16341,16341,-0.09720703166594724
16342,16342,-0.1592916872751431
16343,16343,-0.14884268327153682
16344,16344,-0.025303889918863343
16345,16345,-0.034176708456955314
16346,16346,-0.19983751090473323
16347,16347,-0.005781083041533776
16348,16348,-0.06721968176337756
16349,16349,-0.017969923595934745
16350,16350,-0.06993718297030427
16351,16351,-0.01418519798671683
16352,16352,-0.023261036740862218
16353,16353,-0.21503352355146355
16354,16354,-0.001416412707962682
16355,16355,-0.02874257241753242
16356,16356,-0.01949442056953757
16357,16357,-0.1781745701884978
16358,16358,-0.0957826823497653
16359,16359,-0.04194391118399321
16360,16360,-0.042063009561333686
16361,16361,-0.07476059335179308
16362,16362,-0.11109297204195068
16363,16363,-0.0020638199205750343
16364,16364,-0.10090002711261331
16365,16365,-0.014756438312068805
16366,16366,-0.038132770887707085
16367,16367,-0.028694238693685592
16368,16368,-0.03250467730828399
16369,16369,-0.0011140632211972881
16370,16370,-0.03669902471082789
16371,16371,-0.05285751284726809
16372,16372,-0.008113436344030112
16373,16373,-0.05456882848038136
16374,16374,-0.0029584716604108344
16375,16375,-0.23538299938233154
16376,16376,-0.24748340748064246
16377,16377,-0.049712199180118155
16378,16378,-0.5122712043421171
16379,16379,-0.05559337364546657
16380,16380,-0.1174132039495503
16381,16381,-0.2676346729507739
16382,16382,-0.15775363829687863
16383,16383,-0.09562722694711681
16384,16384,-0.061014247056353305
16385,16385,-0.14360063108940413
16386,16386,-0.10300966996848182
16387,16387,-0.051591303514305964
16388,16388,-0.4296413930725187
16389,16389,-0.04407451761023262
16390,16390,-0.2164627923150082
16391,16391,-0.028292207305668844
16392,16392,-0.020209683339116
16393,16393,-0.046722414546927826
16394,16394,-0.014732976998636411
16395,16395,-0.01886702286539743
16396,16396,-0.3583563946337396
16397,16397,-0.008281604171582484
16398,16398,-0.13443524780499105
16399,16399,-0.10020719290048996
16400,16400,-0.055158436048242554
16401,16401,-0.020290415403168005
16402,16402,-0.16556241261122473
16403,16403,-0.028096472665572247
16404,16404,-0.052526568287397546
16405,16405,-0.042406785089897814
16406,16406,-0.03467402216364974
16407,16407,-0.2468315648236158
16408,16408,-0.06201893526019886
16409,16409,-0.007588261681879538
16410,16410,-0.05628473956616731
16411,16411,-0.035023289264780044
16412,16412,-0.15213084066501326
16413,16413,-0.36879451767723914
16414,16414,-0.06760888565163699
16415,16415,-0.01336775381435032
16416,16416,-0.09745384002288196
16417,16417,-0.10952722793972625
16418,16418,-0.09976887314183325
16419,16419,-0.05559905073178373
16420,16420,-0.06604890330097257
16421,16421,-0.06035486722920381
16422,16422,-0.04286799138810349
16423,16423,-0.050785573194189554
16424,16424,-0.0307870018616161
16425,16425,-0.029341419348703296
16426,16426,-0.1078687154120811
16427,16427,-0.03874287686541911
16428,16428,-0.03773615592995516
16429,16429,-0.0044859442520078525
16430,16430,-0.03946731053327435
16431,16431,-0.04114773889920009
16432,16432,-0.027681332357901045
16433,16433,-0.0348087303597302
16434,16434,-0.05556387306237976
16435,16435,-0.04976966281838949
16436,16436,-0.41963161068236765
16437,16437,-0.12470305224233025
16438,16438,-0.10738319183979605
16439,16439,-0.2063471896430702
16440,16440,-0.015279709000463187
16441,16441,-0.009416827876327055
16442,16442,-0.049913028363582246
16443,16443,-0.32792653624689416
16444,16444,-0.07715354830127019
16445,16445,-0.09195657545541372
16446,16446,-0.039823144285602324
16447,16447,-0.007954109833964634
16448,16448,-0.003293779170537957
16449,16449,-0.029776714426538092
16450,16450,-0.051802539199594766
16451,16451,-0.049462866323432664
16452,16452,-0.09787645159735316
16453,16453,-0.07823912983334624
16454,16454,-0.22334439918621252
16455,16455,-0.004791448147231592
16456,16456,-0.25654418996775175
16457,16457,-0.09932605952620799
16458,16458,-0.09213507480234917
16459,16459,-0.3935247227215122
16460,16460,-0.2513586414991398
16461,16461,-0.1041079170448792
16462,16462,-0.0326527710471515
16463,16463,-0.045518313918732796
16464,16464,-0.019049196916041594
16465,16465,-0.020700810568831884
16466,16466,-0.13694165428177785
16467,16467,-0.04521052181903196
16468,16468,-0.005678434844714336
16469,16469,-0.05810685254618342
16470,16470,-0.07405103111083466
16471,16471,-0.05228769717490922
16472,16472,-0.04852607817547483
16473,16473,-0.11322185202051926
16474,16474,-0.07744632916503935
16475,16475,-0.1904388154971599
16476,16476,-0.13505591548769058
16477,16477,-0.04908225867022076
16478,16478,-0.04322145823465909
16479,16479,-0.0636972071781684
16480,16480,-0.027415952566240992
16481,16481,-0.07026567961131847
16482,16482,-0.020739534377700708
16483,16483,-0.17216308847116502
16484,16484,-0.02459512743659653
16485,16485,-0.09660422427192916
16486,16486,-0.02993244312034846
16487,16487,-0.10490493552592683
16488,16488,-0.14647309321389035
16489,16489,-0.20837091383201178
16490,16490,-0.07893057155149263
16491,16491,-0.022058704382852096
16492,16492,-0.0396355773838164
16493,16493,-0.12539890458613634
16494,16494,-0.07999357849215427
16495,16495,-0.00653725617335902
16496,16496,-0.030154330356199077
16497,16497,-0.0010530952177562058
16498,16498,-0.05799455891511318
16499,16499,-0.09116581987415717
16500,16500,-0.19951315537957132
16501,16501,-0.016436127251092447
16502,16502,-0.09358905402325812
16503,16503,-0.0997543514514892
16504,16504,-0.05069023746129944
16505,16505,-0.09735435192648723
16506,16506,-0.376561316424592
16507,16507,-0.048649155721336684
16508,16508,-0.14181468772407746
16509,16509,-0.1354051914008645
16510,16510,-0.08999013486288909
16511,16511,-0.03751050083035182
16512,16512,-0.06563296233895494
16513,16513,-0.14294833714928734
16514,16514,-0.043497563324880084
16515,16515,-0.027517416698288
16516,16516,-0.03684070824077701
16517,16517,-0.026411765051693736
16518,16518,-0.1164147771950419
16519,16519,-0.10801680473796227
16520,16520,-0.09854624180211202
16521,16521,-0.0009699694423066854
16522,16522,-0.03418951963940242
16523,16523,-0.16248304519552947
16524,16524,-0.026630307612776627
16525,16525,-0.06410408705409765
16526,16526,-0.17438210887928962
16527,16527,-0.10883724640002718
16528,16528,-0.05939104303840148
16529,16529,-0.022815795281249558
16530,16530,-0.0020365454751235593
16531,16531,-0.076724324627231
16532,16532,-0.06201240587470125
16533,16533,-0.037459470583181026
16534,16534,-0.009838231039623335
16535,16535,-0.049998244194975734
16536,16536,-0.017255502042343385
16537,16537,-0.181462700574059
16538,16538,-0.08701512184167237
16539,16539,-0.12279693816312223
16540,16540,-0.05742412054440283
16541,16541,-0.07433171500753868
16542,16542,-0.0393234042657703
16543,16543,-0.054395830008575397
16544,16544,-0.07475066890266824
16545,16545,-0.3003738472028097
16546,16546,-0.02407252411579633
16547,16547,-0.25369938882639254
16548,16548,-0.003202763154777515
16549,16549,-0.08270775287286547
16550,16550,-0.01382904911306327
16551,16551,-0.011098649940708527
16552,16552,-0.025724992782665712
16553,16553,-0.019875102116486354
16554,16554,-0.011397155996627939
16555,16555,-0.05069174638427831
16556,16556,-0.01947035237011841
16557,16557,-0.04323014874717446
16558,16558,-0.06861463829113845
16559,16559,-0.18328644656413307
16560,16560,-0.03357783322195662
16561,16561,-0.01130047631261289
16562,16562,-0.006958294795081754
16563,16563,-0.04601196168666499
16564,16564,-0.13207660907844643
16565,16565,-0.00689412347955104
16566,16566,-0.2105946514657947
16567,16567,-0.03756272091337909
16568,16568,-0.00749740406586033
16569,16569,-0.20589639265186088
16570,16570,-0.08931942162742601
16571,16571,-0.1905722725691411
16572,16572,-0.1398235752175242
16573,16573,-0.2651562081380696
16574,16574,-0.15323474304032125
16575,16575,-0.11956579051262128
16576,16576,-0.027653079180827628
16577,16577,-0.012998564606635739
16578,16578,-0.024845273333464563
16579,16579,-0.09112880252669076
16580,16580,-0.02524983856054154
16581,16581,-0.1592328016164246
16582,16582,-0.0004973888673301243
16583,16583,-0.2968965497302656
16584,16584,-0.007666239031158233
16585,16585,-0.18141003196913097
16586,16586,-0.030697009128932792
16587,16587,-0.0026702037805481638
16588,16588,-0.13208481385638926
16589,16589,-0.03770538900497214
16590,16590,-0.13401975134183575
16591,16591,-0.07176413765456369
16592,16592,-0.05011709748047702
16593,16593,-0.05817225116418723
16594,16594,-0.17397637359994755
16595,16595,-0.04860066571171087
16596,16596,-0.10748415024327729
16597,16597,-0.31842530672863134
16598,16598,-0.0025228466567542296
16599,16599,-0.15146525923170578
16600,16600,-0.03583653650454302
16601,16601,-0.0053864936481784476
16602,16602,-0.12661832958209418
16603,16603,-0.1454498265016868
16604,16604,-0.03593719131774388
16605,16605,-0.019078311356136468
16606,16606,-0.08471150422165019
16607,16607,-0.04131810312279172
16608,16608,-0.030495302519290696
16609,16609,-0.09528005319753863
16610,16610,-0.19256000358338288
16611,16611,-0.0003870954268985014
16612,16612,-0.28886404113665304
16613,16613,-0.05832825827981733
16614,16614,-0.03290281422956312
16615,16615,-0.018256109342381782
16616,16616,-0.01371292091857404
16617,16617,-0.0318594094563297
16618,16618,-0.023255836553785166
16619,16619,-0.1239748188808143
16620,16620,-0.011523407811721294
16621,16621,-0.006476184457075195
16622,16622,-0.033249331436229435
16623,16623,-0.04684531473355547
16624,16624,-0.10079286243733643
16625,16625,-0.00991902082323587
16626,16626,-0.03448795104241223
16627,16627,-0.017277740413140924
16628,16628,-0.4673852732348518
16629,16629,-0.009011908501960014
16630,16630,-0.14588425393750715
16631,16631,-0.04686919528160127
16632,16632,-0.08816189571932265
16633,16633,-0.040746455047310955
16634,16634,-0.15725932245982055
16635,16635,-0.05552115680250458
16636,16636,-0.03148823781150345
16637,16637,-0.138611032301875
16638,16638,-0.04084896661789017
16639,16639,-0.014253081344907444
16640,16640,-0.18807530208727252
16641,16641,-0.09477555806849924
16642,16642,-0.08229475910146622
16643,16643,-0.04104980813552228
16644,16644,-0.01300777583551588
16645,16645,-0.07451017367725754
16646,16646,-0.005960943692018307
16647,16647,-0.09965121987620329
16648,16648,-0.15183380467089203
16649,16649,-0.11911725012219343
16650,16650,-0.08948093156117543
16651,16651,-0.001678421955980687
16652,16652,-0.07970931402548054
16653,16653,-0.18435590866436258
16654,16654,-0.1592234097395534
16655,16655,-0.07999572410047728
16656,16656,-0.09170039729569368
16657,16657,-0.17121332917260368
16658,16658,-0.18890023227029673
16659,16659,-0.14525960911550584
16660,16660,-0.1134565683354456
16661,16661,-0.03938997053524032
16662,16662,-0.02592405923389121
16663,16663,-0.08353937730622944
16664,16664,-0.012529925278689236
16665,16665,-0.04714389373225425
16666,16666,-0.14190038324921028
16667,16667,-0.09356093375769535
16668,16668,-0.013681653224086099
16669,16669,-0.22423623002283222
16670,16670,-0.11153536387643836
16671,16671,-0.08415564133053
16672,16672,-0.07013012450646006
16673,16673,-0.03632679868899147
16674,16674,-0.07569300457770911
16675,16675,-0.06242652123768011
16676,16676,-0.16359660543933963
16677,16677,-0.05717754560878241
16678,16678,-0.0037161164034760384
16679,16679,-0.12616813921771167
16680,16680,-0.20841736039666658
16681,16681,-0.09266252773937345
16682,16682,-0.007886724550379226
16683,16683,-0.025058975723671773
16684,16684,-0.010663314258490542
16685,16685,-0.05058554676369245
16686,16686,-0.04822415927765056
16687,16687,-0.026757449206079587
16688,16688,-0.029264721290150786
16689,16689,-0.007288059344988995
16690,16690,-0.12973780868044893
16691,16691,-0.08514262007008222
16692,16692,-0.04205033182156928
16693,16693,-0.002492566044761804
16694,16694,-0.0943185618858694
16695,16695,-0.009692351317120984
16696,16696,-0.049829920138242945
16697,16697,-0.0008979577261315473
16698,16698,-0.25608827093945985
16699,16699,-0.0213778255772425
16700,16700,-0.05038860628114053
16701,16701,-0.1581931551289384
16702,16702,-0.15968530052810687
16703,16703,-0.07458876894148461
16704,16704,-0.07083806380635987
16705,16705,-0.03352681721367035
16706,16706,-0.13237522123282774
16707,16707,-0.05190890693899741
16708,16708,-0.06788849742992875
16709,16709,-0.02234856025327076
16710,16710,-0.0637352268353864
16711,16711,-0.016549804479130792
16712,16712,-0.11104368939371456
16713,16713,-0.20320525627114006
16714,16714,-0.0789188346769118
16715,16715,-0.17527410850606034
16716,16716,-0.15939225768671783
16717,16717,-0.060478743457486606
16718,16718,-0.13405510476754134
16719,16719,-0.00965206062075366
16720,16720,-0.035977211444199186
16721,16721,-0.028342282649632122
16722,16722,-0.009003087019400474
16723,16723,-0.013167283383226924
16724,16724,-0.05338076887326404
16725,16725,-0.0037343427366883686
16726,16726,-0.015233212557084881
16727,16727,-0.17946070634702604
16728,16728,-0.03308997555750469
16729,16729,-0.0590036748817675
16730,16730,-0.055558348177063205
16731,16731,-0.03355683650387409
16732,16732,-0.2687281595483264
16733,16733,-0.11236482821553928
16734,16734,-0.04583221116374114
16735,16735,-0.17225783931833272
16736,16736,-0.08673700810756738
16737,16737,-0.056142087362966664
16738,16738,-0.04973533330589522
16739,16739,-0.16612086943115262
16740,16740,-0.09132051742679659
16741,16741,-0.01683774458222201
16742,16742,-0.13383092246342487
16743,16743,-0.029933290043918943
16744,16744,-0.06073944891744987
16745,16745,-0.02412732848827226
16746,16746,-0.06165221883775063
16747,16747,-0.058477558086923925
16748,16748,-0.053490628159507225
16749,16749,-0.03740983815512758
16750,16750,-0.08736666217799186
16751,16751,-0.024834276000581107
16752,16752,-0.10340535375981919
16753,16753,-0.3812743963167464
16754,16754,-0.14046012900566224
16755,16755,-0.08793912282484317
16756,16756,-0.0474337687139218
16757,16757,-0.11546053676427848
16758,16758,-0.10762848504457745
16759,16759,-0.00890739446624705
16760,16760,-0.03687456921990864
16761,16761,-0.03703340027348134
16762,16762,-0.04723370377609026
16763,16763,-0.038380542969866926
16764,16764,-0.17446847991849568
16765,16765,-0.5548588622110859
16766,16766,-0.027119836985928375
16767,16767,-0.10818059415200398
16768,16768,-0.09127498242649468
16769,16769,-0.00947598400141969
16770,16770,-0.0587649807500612
16771,16771,-0.06466858374090023
16772,16772,-0.20053015832454335
16773,16773,-0.35347133285697874
16774,16774,-0.1445389564949071
16775,16775,-0.06323356158105689
16776,16776,-0.1373797719907448
16777,16777,-0.2705556295831735
16778,16778,-0.1099382318524265
16779,16779,-0.10902617201184628
16780,16780,-0.24327646350426635
16781,16781,-0.005671903137470548
16782,16782,-0.11380727229348267
16783,16783,-0.1956509291559475
16784,16784,-0.14706903759909018
16785,16785,-0.0042910228996947755
16786,16786,-0.028549761865305445
16787,16787,-0.011723039165343119
16788,16788,-0.01819787687326413
16789,16789,-0.0405248053187508
16790,16790,-0.043635861048073044
16791,16791,-0.32487376326617223
16792,16792,-0.02244188304596057
16793,16793,-0.18425689577552307
16794,16794,-0.04117339518221741
16795,16795,-0.07527769328487555
16796,16796,-0.013784159221985198
16797,16797,-0.03511788002524707
16798,16798,-0.00774904262331959
16799,16799,-0.09853390427823072
16800,16800,-0.12346502331741949
16801,16801,-0.14748814875771565
16802,16802,-0.00645924049389815
16803,16803,-0.25667889201017957
16804,16804,-0.031530002449914614
16805,16805,-0.1923561107327498
16806,16806,-0.10124717377677861
16807,16807,-0.30230736298972094
16808,16808,-0.12387345778283043
16809,16809,-0.005493597490951747
16810,16810,-0.1293864145483017
16811,16811,-0.0787840191329714
16812,16812,-0.05347579691351914
16813,16813,-0.17182089881867715
16814,16814,-0.04857997272529027
16815,16815,-0.036499686448343116
16816,16816,-0.016484427705927958
16817,16817,-0.11564362578219267
16818,16818,-0.13639631907654248
16819,16819,-0.22737001138974014
16820,16820,-0.1833228678682569
16821,16821,-0.11994979414092066
16822,16822,-0.02890935327565631
16823,16823,-0.04070057222482293
16824,16824,-0.06274585296164725
16825,16825,-0.38943263288519603
16826,16826,-0.018297596852514975
16827,16827,-0.07615431984802301
16828,16828,-0.0021624697098342003
16829,16829,-0.0458709677559096
16830,16830,-0.029892274757534816
16831,16831,-0.03886858483043645
16832,16832,-0.10794742463234641
16833,16833,-0.026420310944957892
16834,16834,-0.14725590737796512
16835,16835,-0.05308748653480466
16836,16836,-0.012139274995633331
16837,16837,-0.009701832500213642
16838,16838,-0.07850149507505855
16839,16839,-0.13190063056496015
16840,16840,-0.20126789971900547
16841,16841,-0.011594702415551161
16842,16842,-0.040307679356097026
16843,16843,-0.025301978450807283
16844,16844,-0.08808576853207997
16845,16845,-0.1190837379250187
16846,16846,-0.08378480716168257
16847,16847,-0.015594526318891022
16848,16848,-0.0503377997405533
16849,16849,-0.01249858678366525
16850,16850,-0.07907051902982909
16851,16851,-0.029811539629201467
16852,16852,-0.07628656967015246
16853,16853,-0.11591306270373261
16854,16854,-0.10114967203465142
16855,16855,-0.0692678008934231
16856,16856,-0.09430222109824415
16857,16857,-0.013186568705387036
16858,16858,-0.1020543975699938
16859,16859,-0.021165702902589664
16860,16860,-0.4303496927774071
16861,16861,-0.03514708453282056
16862,16862,-0.00790032635316905
16863,16863,-0.0034889712208985447
16864,16864,-0.03639642413075883
16865,16865,-0.1516805828425013
16866,16866,-0.0077026532874105436
16867,16867,-0.04985524580439327
16868,16868,-0.24288623380770258
16869,16869,-0.048923675927554755
16870,16870,-0.15910310520570026
16871,16871,-0.6374907828453278
16872,16872,-0.05321298821979159
16873,16873,-0.05876495217686394
16874,16874,-0.012754805423178528
16875,16875,-0.03597358574124998
16876,16876,-0.02517248476480083
16877,16877,-0.1978591597446907
16878,16878,-0.0510734890672005
16879,16879,-0.15689876556159524
16880,16880,-0.0875539609945779
16881,16881,-0.1666350690002405
16882,16882,-0.030819159343274394
16883,16883,-0.014797940793137787
16884,16884,-0.07234241211657422
16885,16885,-0.02627554981789129
16886,16886,-0.16623396511113953
16887,16887,-0.15189421836312592
16888,16888,-0.037754954088514175
16889,16889,-0.05237069768241476
16890,16890,-0.16792951042359505
16891,16891,-0.12302315175143352
16892,16892,-0.1092779469098315
16893,16893,-0.4728405151593975
16894,16894,-0.028048386817430077
16895,16895,-0.08724842583722991
16896,16896,-0.004679980602632534
16897,16897,-0.09872754271240503
16898,16898,-0.11216824191387653
16899,16899,-0.0661764303323662
16900,16900,-0.11070000061332141
16901,16901,-0.04263938116037997
16902,16902,-0.37007521316870495
16903,16903,-0.05742299221355476
16904,16904,-0.10274177377717653
16905,16905,-0.045775880391032
16906,16906,-0.029703763971690167
16907,16907,-0.035351493612071155
16908,16908,-0.07336996662851603
16909,16909,-0.045806384610028505
16910,16910,-0.01580164110493216
16911,16911,-0.03618504675846179
16912,16912,-0.033724339886291865
16913,16913,-0.085945062758086
16914,16914,-0.06681254481679544
16915,16915,-0.028032841736780785
16916,16916,-0.0937994675930165
16917,16917,-0.23164101194561404
16918,16918,-0.2720717871457201
16919,16919,-0.2625497985013059
16920,16920,-0.0007506109806009326
16921,16921,-0.09468330231680525
16922,16922,-0.0028115747907462366
16923,16923,-0.2140849177326416
16924,16924,-0.15030173003533387
16925,16925,-0.31040978280706
16926,16926,-0.12177115686083753
16927,16927,-0.3667389767843048
16928,16928,-0.07424412932040214
16929,16929,-0.05521874311705635
16930,16930,-0.010441042341882506
16931,16931,-0.0731877533487989
16932,16932,-0.027529990426591794
16933,16933,-0.04830764796880216
16934,16934,-0.04223776710124583
16935,16935,-0.043920437429002424
16936,16936,-0.05540475804645742
16937,16937,-0.05105433170103668
16938,16938,-0.03197669142647064
16939,16939,-0.04339250140267226
16940,16940,-0.20234881449175113
16941,16941,-0.08468627366201295
16942,16942,-0.01796535923004794
16943,16943,-0.1193705854746634
16944,16944,-0.044873257969832214
16945,16945,-0.04001942111656745
16946,16946,-0.04239060058180846
16947,16947,-0.19792892687546138
16948,16948,-0.1078787031232924
16949,16949,-0.1935327304853126
16950,16950,-0.06933336348974051
16951,16951,-0.05898271947332126
16952,16952,-0.04121520830314673
16953,16953,-0.18415992075819787
16954,16954,-0.010975006882094296
16955,16955,-0.012606173282500799
16956,16956,-0.13058862709617536
16957,16957,-0.00502369267599484
16958,16958,-0.028966068504724385
16959,16959,-0.19483699557171275
16960,16960,-0.002619338505840499
16961,16961,-0.0870703689911716
16962,16962,-0.09084606247091731
16963,16963,-0.10181806595409601
16964,16964,-0.058155151796774995
16965,16965,-0.20050437103502539
16966,16966,-0.033536682365129966
16967,16967,-0.21721881153010614
16968,16968,-0.23451816171326023
16969,16969,-0.2930401672470393
16970,16970,-0.0344794922431505
16971,16971,-0.0747992874361545
16972,16972,-0.058924191567939294
16973,16973,-0.038636377289692714
16974,16974,-8.445278456959522e-05
16975,16975,-0.18571223044820329
16976,16976,-0.14569690637317168
16977,16977,-0.01294556627624846
16978,16978,-0.014824023919948887
16979,16979,-0.020528669530728738
16980,16980,-0.06344631668423764
16981,16981,-0.005323290748251555
16982,16982,-0.023791300987046515
16983,16983,-0.14353521723017515
16984,16984,-0.30434065389686404
16985,16985,-0.06458750548023151
16986,16986,-0.05386828587909179
16987,16987,-0.11905920540945802
16988,16988,-0.0851640333300634
16989,16989,-0.018109592338517527
16990,16990,-0.014913104150647727
16991,16991,-0.1686662996133893
16992,16992,-0.021062118805539903
16993,16993,-0.09911546660053075
16994,16994,-0.01686198936911812
16995,16995,-0.16505101505941966
16996,16996,-0.1574141473004831
16997,16997,-0.02350125243568076
16998,16998,-0.06625020414958716
16999,16999,-0.09872685182475927
17000,17000,-0.06058823899003685
17001,17001,-0.0325699995043629
17002,17002,-0.0016261318773200099
17003,17003,-0.09448911864859866
17004,17004,-0.034411209782644225
17005,17005,-0.020821316656948974
17006,17006,-0.06128530471257543
17007,17007,-0.10274615231077888
17008,17008,-0.2770845688627799
17009,17009,-0.030543258772387394
17010,17010,-0.11724518998479516
17011,17011,-0.14065351808949567
17012,17012,-0.020213002772763805
17013,17013,-0.004780115669327234
17014,17014,-0.09521526986576712
17015,17015,-0.0002735853071334899
17016,17016,-0.005127029071694322
17017,17017,-0.025911037944656053
17018,17018,-0.19909199447102255
17019,17019,-0.09378070146431128
17020,17020,-0.04160456765337317
17021,17021,-0.02226499173790311
17022,17022,-0.016095147025584247
17023,17023,-0.05931709841907341
17024,17024,-0.024378573453317683
17025,17025,-0.009453778322572777
17026,17026,-0.013958808904525343
17027,17027,-0.021936309297265866
17028,17028,-0.00707939929438256
17029,17029,-0.06768350610076417
17030,17030,-0.02546333128270961
17031,17031,-0.04315539060895601
17032,17032,-0.08795621434727341
17033,17033,-0.10136551501498581
17034,17034,-0.006692575821292403
17035,17035,-0.06252139858766059
17036,17036,-0.06429861154629934
17037,17037,-0.1253722398310697
17038,17038,-0.006021531305095156
17039,17039,-0.014356281196355486
17040,17040,-0.001782720675335617
17041,17041,-0.039122499422791696
17042,17042,-0.05687485597546574
17043,17043,-0.07113139056333484
17044,17044,-0.024292530367964194
17045,17045,-0.23355628700266529
17046,17046,-0.06213025290099328
17047,17047,-0.07698505846078618
17048,17048,-0.025731157823996598
17049,17049,-0.060280507176721634
17050,17050,-0.0035369940307550807
17051,17051,-0.01772886541233254
17052,17052,-0.058752666888048144
17053,17053,-0.05835150860423355
17054,17054,-0.035350639843132206
17055,17055,-0.008908868491464442
17056,17056,-0.021638142747253397
17057,17057,-0.04273094688655044
17058,17058,-0.13562030537856007
17059,17059,-0.06828514390651153
17060,17060,-0.20569434713966395
17061,17061,-0.09249962456212313
17062,17062,-0.004148465650705542
17063,17063,-0.14250832230368318
17064,17064,-0.02709897698808139
17065,17065,-0.08455814428388209
17066,17066,-0.0018491661564254483
17067,17067,-0.09794944651271875
17068,17068,-0.01752681166226358
17069,17069,-0.12245343055578006
17070,17070,-0.33105693596048136
17071,17071,-0.07217872701504868
17072,17072,-0.03410544416545616
17073,17073,-0.06507004749839729
17074,17074,-0.10206992810073823
17075,17075,-0.01828652646375284
17076,17076,-0.06591868620542851
17077,17077,-0.012672060497872605
17078,17078,-0.06738191052140907
17079,17079,-0.13474311380475834
17080,17080,-0.05376591150061094
17081,17081,-0.02059480891619639
17082,17082,-0.06951046307534903
17083,17083,-0.24335557311001788
17084,17084,-0.03180150704758511
17085,17085,-0.17270845925427558
17086,17086,-0.031641569350337684
17087,17087,-0.17493238967557057
17088,17088,-0.09797557795070422
17089,17089,-0.0015347664413971965
17090,17090,-0.043657305982293365
17091,17091,-0.07491449232968295
17092,17092,-0.0013577005594024097
17093,17093,-0.10331847045299158
17094,17094,-0.13729214301785309
17095,17095,-0.13090659714481845
17096,17096,-0.029969645558363678
17097,17097,-0.01229817900370729
17098,17098,-0.10948482143238225
17099,17099,-0.16791214403466315
17100,17100,-0.09332123564213024
17101,17101,-0.09355857650643584
17102,17102,-0.08762935265076044
17103,17103,-0.08438829690243788
17104,17104,-0.01006404108106787
17105,17105,-0.04786505444248729
17106,17106,-0.06571034087335992
17107,17107,-0.021117905600025466
17108,17108,-0.03702048917285297
17109,17109,-0.06184426199160564
17110,17110,-0.02728551542536442
17111,17111,-0.06630792183236922
17112,17112,-0.04711447249327551
17113,17113,-0.011260768027121011
17114,17114,-0.02437451882941588
17115,17115,-0.08447295035695745
17116,17116,-0.10578990784757147
17117,17117,-0.02113154761483363
17118,17118,-0.09027948609822556
17119,17119,-0.109505058858538
17120,17120,-0.07733586611692392
17121,17121,-0.269671014506077
17122,17122,-0.056498022193094966
17123,17123,-0.07259850304650867
17124,17124,-0.11568168595710748
17125,17125,-0.01930564510556837
17126,17126,-0.33063667442739764
17127,17127,-0.07492211890491918
17128,17128,-0.06895670822038236
17129,17129,-0.005963660718388998
17130,17130,-0.034770033631355446
17131,17131,-0.3240108209037893
17132,17132,-0.07255508290205315
17133,17133,-0.019096749868807855
17134,17134,-0.02831029256130102
17135,17135,-0.08737213591409665
17136,17136,-0.04653119382340565
17137,17137,-0.09337144479062554
17138,17138,-0.06653799725026666
17139,17139,-0.017370627051614296
17140,17140,-0.1667297637232591
17141,17141,-0.04600245049546284
17142,17142,-0.064771374125298
17143,17143,-0.16181022102506626
17144,17144,-0.0007072847891471182
17145,17145,-0.0014017747329582442
17146,17146,-0.12525888861472206
17147,17147,-0.11097253269610312
17148,17148,-0.024231533832129948
17149,17149,-0.12180654478428332
17150,17150,-0.030195566900249937
17151,17151,-0.09404887885982982
17152,17152,-0.05334294043567048
17153,17153,-0.0019982358926214985
17154,17154,-0.024688159197744364
17155,17155,-0.21423388027909107
17156,17156,-0.010853382329400058
17157,17157,-0.047423564888995906
17158,17158,-0.008156796335351962
17159,17159,-0.05112655623341178
17160,17160,-0.14166852632375937
17161,17161,-0.049517384687255445
17162,17162,-0.4129444937763669
17163,17163,-0.13985843664461164
17164,17164,-0.059364536186491734
17165,17165,-0.025071142977172833
17166,17166,-0.08268823413607962
17167,17167,-0.08558509338892784
17168,17168,-0.1215793762991253
17169,17169,-0.02196798107027087
17170,17170,-0.17663205676764102
17171,17171,-0.19629387178143887
17172,17172,-0.14723869015738356
17173,17173,-0.049690925213218946
17174,17174,-0.34927074110768175
17175,17175,-0.056820889594804136
17176,17176,-0.0654427318922861
17177,17177,-0.011937061344074358
17178,17178,-0.04186678983191827
17179,17179,-0.10092267163786506
17180,17180,-0.12363085443455413
17181,17181,-0.0201543637656727
17182,17182,-0.04218466019130729
17183,17183,-0.20289228655451258
17184,17184,-0.01431732641000215
17185,17185,-0.12387288551526376
17186,17186,-0.18308205859894144
17187,17187,-0.025255866291265777
17188,17188,-0.11401549797965949
17189,17189,-0.0462882248301211
17190,17190,-0.17374656031194968
17191,17191,-0.11304723299483799
17192,17192,-0.017352687820585744
17193,17193,-0.034663724185275864
17194,17194,-0.041539009567915744
17195,17195,-0.03198571035471187
17196,17196,-0.0004291020011912064
17197,17197,-0.06271907727356667
17198,17198,-0.027294222065241236
17199,17199,-0.16371998251725195
17200,17200,-0.11582691092841602
17201,17201,-0.451565403272868
17202,17202,-0.09629989238009717
17203,17203,-0.02020906533964452
17204,17204,-0.15041976162476137
17205,17205,-0.00866296800518017
17206,17206,-0.08011337011932713
17207,17207,-0.02897285216361703
17208,17208,-0.2197934604365006
17209,17209,-0.06050272919390157
17210,17210,-0.3307214492802082
17211,17211,-0.3065506606342533
17212,17212,-0.020715406605567727
17213,17213,-0.06342776966957431
17214,17214,-0.06908446603736806
17215,17215,-0.0027373803581865353
17216,17216,-0.07953995525778801
17217,17217,-0.14992643912826342
17218,17218,-0.1912632758638494
17219,17219,-0.24362392245278486
17220,17220,-0.07332293070475676
17221,17221,-0.1059167090386609
17222,17222,-0.12619347053929042
17223,17223,-0.01210324137655372
17224,17224,-0.052579826041219135
17225,17225,-0.009914474433353367
17226,17226,-0.07595481186806419
17227,17227,-0.025162388797432933
17228,17228,-0.0572583946815417
17229,17229,-0.15534098847185795
17230,17230,-0.14701015917202398
17231,17231,-0.022376737093655175
17232,17232,-0.045183892137194245
17233,17233,-0.020010248005366132
17234,17234,-0.010559183182180897
17235,17235,-0.007504259994921535
17236,17236,-0.19099704217636004
17237,17237,-0.01800020527223478
17238,17238,-0.029437412390391313
17239,17239,-0.010617022151726024
17240,17240,-0.0028057033344107765
17241,17241,-0.4872813677409855
17242,17242,-0.03576401352642073
17243,17243,-0.06830379318599367
17244,17244,-0.04706087482961843
17245,17245,-0.14271963374796215
17246,17246,-0.10346967324456324
17247,17247,-0.012294751744361128
17248,17248,-0.057339731995925486
17249,17249,-0.2016023886898788
17250,17250,-0.03254553853913311
17251,17251,-0.22111341784047056
17252,17252,-0.3374857355938463
17253,17253,-0.04299687372896388
17254,17254,-0.019835432456405955
17255,17255,-0.08606877004802993
17256,17256,-0.024832080919883877
17257,17257,-0.07193903616951314
17258,17258,-0.026916770114771588
17259,17259,-0.028723625931807578
17260,17260,-0.05490993623562812
17261,17261,-0.06149257150915455
17262,17262,-0.21247008097582132
17263,17263,-0.2616642483896392
17264,17264,-0.06476218681475432
17265,17265,-0.03553992753837609
17266,17266,-0.4626468416055102
17267,17267,-0.09877939683802284
17268,17268,-0.06195240295226079
17269,17269,-0.10496320032770808
17270,17270,-0.031126115711687358
17271,17271,-0.2609591452321429
17272,17272,-0.0885872702925079
17273,17273,-0.08201444263499313
17274,17274,-0.2065182346135015
17275,17275,-0.005882753994278513
17276,17276,-0.015858447847131446
17277,17277,-0.08437629954467674
17278,17278,-0.029415545614914468
17279,17279,-0.09100489622901015
17280,17280,-0.007479837484551848
17281,17281,-0.1649690371926007
17282,17282,-0.1567346075574714
17283,17283,-0.07371952859804276
17284,17284,-0.08486349262068538
17285,17285,-0.17649461773738162
17286,17286,-0.005467351244448776
17287,17287,-0.052211645633168935
17288,17288,-0.003451402176707391
17289,17289,-0.026342481459541767
17290,17290,-0.04856895748948098
17291,17291,-0.041553025350567485
17292,17292,-0.015930994343006353
17293,17293,-0.02133234764434333
17294,17294,-0.17673252926731384
17295,17295,-0.033492387931007755
17296,17296,-0.01729391670850733
17297,17297,-0.10015041416114537
17298,17298,-0.039353967325868516
17299,17299,-0.011366636081441846
17300,17300,-0.35046613554374106
17301,17301,-0.04088626104522641
17302,17302,-0.009635742089547233
17303,17303,-0.004030828902164956
17304,17304,-0.3763081642117361
17305,17305,-0.04474648267533133
17306,17306,-0.020456685208453007
17307,17307,-0.3444350284478138
17308,17308,-0.029622146467403465
17309,17309,-0.10302441272338303
17310,17310,-0.25748339593873226
17311,17311,-0.021586693362697945
17312,17312,-0.03541377420668845
17313,17313,-0.05449672443395495
17314,17314,-0.05822687205840815
17315,17315,-0.2330115796514769
17316,17316,-0.06303175664173155
17317,17317,-0.12458928427480354
17318,17318,-0.023466386822948437
17319,17319,-0.00011980765444014713
17320,17320,-0.001589010645394889
17321,17321,-0.010082971730753343
17322,17322,-0.6378256693893167
17323,17323,-0.14738903203471854
17324,17324,-0.05395173738677039
17325,17325,-0.0043023455732847955
17326,17326,-0.0811412526781693
17327,17327,-0.20272364735696158
17328,17328,-0.09234482369829466
17329,17329,-0.011708418977929513
17330,17330,-0.07269283279916261
17331,17331,-0.0470248916519396
17332,17332,-0.008902898468966143
17333,17333,-0.0315473504073851
17334,17334,-0.026535662375875686
17335,17335,-0.0909203297528487
17336,17336,-0.020377199004543996
17337,17337,-0.14198451806386195
17338,17338,-0.004703498314041293
17339,17339,-0.04769106954425839
17340,17340,-0.07910572630038326
17341,17341,-0.11609248593329946
17342,17342,-0.041496968465935535
17343,17343,-0.16631818509235874
17344,17344,-0.23397798626349164
17345,17345,-0.05793232737999665
17346,17346,-0.04892355327939646
17347,17347,-0.08607824414343046
17348,17348,-0.03079803976894324
17349,17349,-0.1937853816149393
17350,17350,-0.005863071385781913
17351,17351,-0.020242577164201775
17352,17352,-0.003411565770855186
17353,17353,-0.18353336490481986
17354,17354,-0.1250589868492828
17355,17355,-0.04924509362272256
17356,17356,-0.16036257730964198
17357,17357,-0.15317480763104863
17358,17358,-0.06101772325152821
17359,17359,-0.09038498168270348
17360,17360,-0.11894158706921631
17361,17361,-0.06348325822822257
17362,17362,-0.19105110209560294
17363,17363,-0.1718165625979929
17364,17364,-0.11736039860418623
17365,17365,-0.08712316301780776
17366,17366,-0.00046321996612667254
17367,17367,-0.09092913547994608
17368,17368,-0.003255505554030119
17369,17369,-0.11832889706202909
17370,17370,-0.08581167903210052
17371,17371,-0.05582600312576169
17372,17372,-0.13616912685849059
17373,17373,-0.2702106965497646
17374,17374,-0.044917858223556414
17375,17375,-0.12278374627334276
17376,17376,-0.1793089387184068
17377,17377,-0.10500516831452755
17378,17378,-0.08593496358243202
17379,17379,-0.05507489556203471
17380,17380,-0.11485939226887476
17381,17381,-0.0008245473277658805
17382,17382,-0.02183448663961543
17383,17383,-0.038722939266500056
17384,17384,-0.06030054494203796
17385,17385,-0.0381141879039906
17386,17386,-0.0273419394426182
17387,17387,-0.011867442964204729
17388,17388,-0.006574965736170724
17389,17389,-0.058715119021437445
17390,17390,-0.23940275224577123
17391,17391,-0.05518483685167219
17392,17392,-0.3079767077583321
17393,17393,-0.0675008373745678
17394,17394,-0.1505574801407019
17395,17395,-0.23314383440032097
17396,17396,-0.05122136810820965
17397,17397,-0.25586145218033096
17398,17398,-0.2510878954249329
17399,17399,-0.07079828773470043
17400,17400,-0.005965802302776581
17401,17401,-0.016085993786038283
17402,17402,-0.014384404981695714
17403,17403,-0.283427749574912
17404,17404,-0.2112151906668719
17405,17405,-0.004937925423390138
17406,17406,-0.010198293891092863
17407,17407,-0.07993816367314333
17408,17408,-0.19594307547310486
17409,17409,-0.038162177339942094
17410,17410,-0.012708837734262707
17411,17411,-0.19253793438165623
17412,17412,-0.08684976383409948
17413,17413,-0.05914267441555099
17414,17414,-0.04193198243841063
17415,17415,-0.07041793471865265
17416,17416,-0.06539556411909908
17417,17417,-0.14719212736212
17418,17418,-0.09186792921130271
17419,17419,-0.09556670317220262
17420,17420,-0.015442516211185881
17421,17421,-0.044687097747342835
17422,17422,-0.06441586720722425
17423,17423,-0.12219346027124944
17424,17424,-0.004082112142416787
17425,17425,-0.004596122846388317
17426,17426,-0.24093407188681415
17427,17427,-0.08852012990992641
17428,17428,-0.039873110448137905
17429,17429,-0.007313875281256543
17430,17430,-0.10522175819818014
17431,17431,-0.02372441992606262
17432,17432,-0.03189870780073201
17433,17433,-0.045575977075358876
17434,17434,-0.053070335254789325
17435,17435,-0.023924172165497026
17436,17436,-0.15482343902577966
17437,17437,-0.0347177718723054
17438,17438,-0.05816592682918256
17439,17439,-0.12275490464848904
17440,17440,-0.15842994813945888
17441,17441,-0.05898734149098195
17442,17442,-0.030931461369032798
17443,17443,-0.002405309245471013
17444,17444,-0.0582179227918318
17445,17445,-0.07408694050913359
17446,17446,-0.2563067746694867
17447,17447,-0.21462814828302446
17448,17448,-0.2548443344993232
17449,17449,-0.020612372046962535
17450,17450,-0.03222532694435823
17451,17451,-0.040119473209749845
17452,17452,-0.004492456688754892
17453,17453,-0.6439108420320849
17454,17454,-0.20642159120775005
17455,17455,-0.08199818816119464
17456,17456,-0.06634704837236871
17457,17457,-0.2062627999487976
17458,17458,-0.007410275011253964
17459,17459,-0.08709931329159698
17460,17460,-0.03486863388468607
17461,17461,-0.049394048530715384
17462,17462,-0.03586117883015405
17463,17463,-0.029766609931031
17464,17464,-0.5282068917834022
17465,17465,-0.06676639245697669
17466,17466,-0.051689983166967074
17467,17467,-0.01720293235462103
17468,17468,-0.009569787003388536
17469,17469,-0.17777067419580295
17470,17470,-0.12081473817356184
17471,17471,-0.029491416471542947
17472,17472,-0.06969888685541159
17473,17473,-0.00390215015491769
17474,17474,-0.008468148030743756
17475,17475,-0.2428667036530019
17476,17476,-0.07643374257571234
17477,17477,-0.004834062480176683
17478,17478,-0.1828144550685029
17479,17479,-0.018813564051584075
17480,17480,-0.019173216184760707
17481,17481,-0.010827963988391644
17482,17482,-0.008123258129170169
17483,17483,-0.3766468368465632
17484,17484,-0.047314808017766996
17485,17485,-0.14147239842770976
17486,17486,-0.04800913170973209
17487,17487,-0.23870214320936015
17488,17488,-0.3192250471231911
17489,17489,-0.1556257170895342
17490,17490,-0.16696085365621594
17491,17491,-0.02280685264836102
17492,17492,-0.5636372324151883
17493,17493,-0.06134795559815098
17494,17494,-0.0477897952588654
17495,17495,-0.08253933723915852
17496,17496,-0.09562302757899532
17497,17497,-0.04779623737265526
17498,17498,-0.1305476163137418
17499,17499,-0.10932395003384077
17500,17500,-0.007686013043031504
17501,17501,-0.01792474126458085
17502,17502,-0.09818498600572179
17503,17503,-0.04148567907682921
17504,17504,-0.02543181421242946
17505,17505,-0.024888753046827028
17506,17506,-0.34587921268574817
17507,17507,-0.014391674362735363
17508,17508,-0.0024914284644995
17509,17509,-0.03691510664021325
17510,17510,-0.10086076769022378
17511,17511,-0.17912579001326812
17512,17512,-0.00029256830539004484
17513,17513,-0.1668584833600808
17514,17514,-0.1302298704695346
17515,17515,-0.002276639680470875
17516,17516,-0.03040193715330952
17517,17517,-0.08204368568536494
17518,17518,-0.006846769302808732
17519,17519,-0.19603369223047976
17520,17520,-0.11133884950869988
17521,17521,-0.062430033671589946
17522,17522,-0.3140124723679074
17523,17523,-0.30539517824920104
17524,17524,-0.019529012482790847
17525,17525,-0.06764310488310354
17526,17526,-0.15737720450813633
17527,17527,-0.3947805255116066
17528,17528,-0.07762917347588971
17529,17529,-0.008001523556210442
17530,17530,-0.003329744316561689
17531,17531,-0.14252717672629922
17532,17532,-0.06714700646848559
17533,17533,-0.017262222835700808
17534,17534,-0.0682896482144997
17535,17535,-0.01748628072153091
17536,17536,-0.13088263218785035
17537,17537,-0.017498807029603825
17538,17538,-0.11671276356310756
17539,17539,-0.06456496731205885
17540,17540,-0.03944948658770475
17541,17541,-0.08191102892285695
17542,17542,-0.03500109748020741
17543,17543,-0.4060040006870802
17544,17544,-0.016679110667455532
17545,17545,-0.22591722621617016
17546,17546,-0.018821784945434406
17547,17547,-0.06534302438799822
17548,17548,-0.0038328230646136885
17549,17549,-0.018924557882093414
17550,17550,-0.2253111636562527
17551,17551,-0.07815643943545902
17552,17552,-0.0374522702439638
17553,17553,-0.019763471011452767
17554,17554,-0.13673992352747577
17555,17555,-0.11280073730388088
17556,17556,-0.0285437273046123
17557,17557,-0.11360580291409328
17558,17558,-0.053720974474104316
17559,17559,-0.18360622779932914
17560,17560,-0.16356240990247395
17561,17561,-0.13544363296355588
17562,17562,-0.12636223264421353
17563,17563,-0.1603637093526478
17564,17564,-0.06658163986298204
17565,17565,-0.13154218984219382
17566,17566,-0.17766524188271626
17567,17567,-0.3126137411649257
17568,17568,-0.12581818451128213
17569,17569,-0.0919755946860552
17570,17570,-0.15262220919308556
17571,17571,-0.03691768536185913
17572,17572,-0.11873399408078636
17573,17573,-0.09943381982667143
17574,17574,-0.1558226070522939
17575,17575,-0.20116931289648798
17576,17576,-0.1490798900761705
17577,17577,-0.003206657695897376
17578,17578,-0.03081567995298773
17579,17579,-0.12388580372988367
17580,17580,-0.27472063215978615
17581,17581,-0.06929228251466812
17582,17582,-0.06676361571524028
17583,17583,-0.021563883187176308
17584,17584,-0.16184202321699148
17585,17585,-0.07828955348881284
17586,17586,-0.0811816933165238
17587,17587,-0.036614491866764826
17588,17588,-0.06614004969467457
17589,17589,-0.19617386412661597
17590,17590,-0.05674804762785535
17591,17591,-0.02356001034227187
17592,17592,-0.04756719886651217
17593,17593,-0.021612323208911183
17594,17594,-0.10945926121633687
17595,17595,-0.1775259165069607
17596,17596,-0.05423167769275275
17597,17597,-0.10275455575748674
17598,17598,-0.13770418781425087
17599,17599,-0.06538882174494731
17600,17600,-0.09353780011686341
17601,17601,-0.02544934459333837
17602,17602,-0.023012031279530915
17603,17603,-0.004583827468499129
17604,17604,-0.029652726874055846
17605,17605,-0.22491493454760203
17606,17606,-0.16743306483238074
17607,17607,-0.09252733559303383
17608,17608,-0.02729922610465521
17609,17609,-0.05276748113925622
17610,17610,-0.07972911139437189
17611,17611,-0.09272020269635917
17612,17612,-0.016294787895693337
17613,17613,-0.2069148553502922
17614,17614,-0.01842921502038966
17615,17615,-0.04134025625937865
17616,17616,-0.06638437946710107
17617,17617,-0.137167123244617
17618,17618,-0.046136604400916714
17619,17619,-0.2865526507265148
17620,17620,-0.018627114133069833
17621,17621,-0.02717143485292106
17622,17622,-0.07454839276918224
17623,17623,-0.15516284672353564
17624,17624,-0.04619162144602784
17625,17625,-0.01960929809768308
17626,17626,-0.07730241893012171
17627,17627,-0.12210064537117093
17628,17628,-0.002633431597490646
17629,17629,-0.01297087870488934
17630,17630,-0.039664091046702876
17631,17631,-0.01446833049329635
17632,17632,-0.019957584154875474
17633,17633,-0.34616168892762644
17634,17634,-0.2547834459644527
17635,17635,-0.04674609541089103
17636,17636,-0.23584716438190456
17637,17637,-0.09847394943685206
17638,17638,-0.018490863405462576
17639,17639,-0.0027705939744236616
17640,17640,-0.10795630647035814
17641,17641,-0.017545894213755853
17642,17642,-0.04413697297561303
17643,17643,-0.012665726347387635
17644,17644,-0.012680006304227054
17645,17645,-0.17156272970340503
17646,17646,-0.05104021556596949
17647,17647,-0.008971254902105319
17648,17648,-0.1337474101415911
17649,17649,-0.04402860775543305
17650,17650,-0.11628583579552876
17651,17651,-0.17347139551404844
17652,17652,-0.04424610550765451
17653,17653,-0.26949321488093547
17654,17654,-0.1937362296354661
17655,17655,-0.14404110911981016
17656,17656,-0.22738431407039394
17657,17657,-0.02175317624725051
17658,17658,-0.06298234161676852
17659,17659,-0.09118810680356448
17660,17660,-0.0652745734242415
17661,17661,-0.023242571553513613
17662,17662,-0.13218052214157305
17663,17663,-0.12120855576240036
17664,17664,-0.004822829882978809
17665,17665,-0.06870793206452544
17666,17666,-0.02020152306679715
17667,17667,-0.07922138997042863
17668,17668,-0.00465120717454599
17669,17669,-4.395683848395491
17670,17670,-0.06917144920769724
17671,17671,-0.022728853011589334
17672,17672,-0.09494307733814455
17673,17673,-0.15346464707257426
17674,17674,-0.15040340457604454
17675,17675,-0.4410967949157403
17676,17676,-0.11007924480116296
17677,17677,-0.07050910604260219
17678,17678,-0.0974303220176922
17679,17679,-0.08887910867771653
17680,17680,-0.07860722430885447
17681,17681,-0.019097601595572944
17682,17682,-0.03106895671689558
17683,17683,-0.05139883353237673
17684,17684,-0.04607204807997789
17685,17685,-0.046120435206877364
17686,17686,-0.3464042277503965
17687,17687,-0.16803787831037198
17688,17688,-0.0003008956238358539
17689,17689,-0.05995734390573729
17690,17690,-0.043604527857994846
17691,17691,-0.01252403529567625
17692,17692,-0.10280720037453017
17693,17693,-0.02781045165203555
17694,17694,-0.014311791338944613
17695,17695,-0.039404435753760875
17696,17696,-0.05027037051289718
17697,17697,-0.0012331390447402682
17698,17698,-0.22532632820441534
17699,17699,-0.02880159201791535
17700,17700,-0.6504459078227374
17701,17701,-0.22955709516248035
17702,17702,-0.0017295087832513156
17703,17703,-0.0504123779988791
17704,17704,-0.01432113778838018
17705,17705,-0.05073223435836782
17706,17706,-0.1600710070306488
17707,17707,-0.06605731491672018
17708,17708,-0.10213474884145424
17709,17709,-0.08934341820549963
17710,17710,-0.005431700209934672
17711,17711,-0.18764333118424154
17712,17712,-0.08715726839240182
17713,17713,-0.024557529820471463
17714,17714,-0.005406322966056865
17715,17715,-0.00965449271039482
17716,17716,-0.02275906366907443
17717,17717,-0.055621188342061534
17718,17718,-0.05667671847456968
17719,17719,-0.015344947420632887
17720,17720,-0.015840367597106414
17721,17721,-0.022277366325098424
17722,17722,-0.016026523373721485
17723,17723,-0.1576173479165291
17724,17724,-0.0005370860186763929
17725,17725,-0.10537917572119015
17726,17726,-0.006195057741534671
17727,17727,-0.02726214277187211
17728,17728,-0.016474010202434802
17729,17729,-0.07986227851991112
17730,17730,-0.16849484439411277
17731,17731,-0.005556041701718823
17732,17732,-0.037736637565692795
17733,17733,-0.22582017894204232
17734,17734,-0.09700561657890205
17735,17735,-0.12472116607056494
17736,17736,-0.041285755199927054
17737,17737,-0.20479019937042503
17738,17738,-0.019995919066580936
17739,17739,-0.08626622694074237
17740,17740,-0.09699158768063898
17741,17741,-0.09680769688773161
17742,17742,-0.12332464933519427
17743,17743,-0.07876164756301884
17744,17744,-0.0453054412423165
17745,17745,-0.11032993299435079
17746,17746,-0.23552234307433695
17747,17747,-0.0626439840786871
17748,17748,-0.03726014959427773
17749,17749,-0.03206522287944591
17750,17750,-0.0632569402429839
17751,17751,-0.09433651873981319
17752,17752,-0.013452361922485119
17753,17753,-0.010632064750078829
17754,17754,-0.026926450075985042
17755,17755,-0.3692033357469636
17756,17756,-0.008409877428381007
17757,17757,-0.01100256027665783
17758,17758,-0.34097217969781823
17759,17759,-0.15376181345783604
17760,17760,-0.0009359844716939139
17761,17761,-0.043919287336468216
17762,17762,-0.014939282097918616
17763,17763,-0.1447395429950733
17764,17764,-0.24069181847223442
17765,17765,-0.11582502124385208
17766,17766,-0.11220916564237673
17767,17767,-0.12435623034238355
17768,17768,-0.005467451597922557
17769,17769,-0.10828000855604758
17770,17770,-0.06101611052504241
17771,17771,-0.07313273781256291
17772,17772,-0.32975786709216415
17773,17773,-0.37212377271370123
17774,17774,-0.045942545562761006
17775,17775,-0.11290853449325233
17776,17776,-0.09401714588997259
17777,17777,-0.15499147782635891
17778,17778,-0.010817041591712068
17779,17779,-0.009900023388016904
17780,17780,-0.01897817812584371
17781,17781,-0.006817709439665337
17782,17782,-0.3248279986638778
17783,17783,-0.05343757146720174
17784,17784,-0.037787540756153426
17785,17785,-0.2763897297122564
17786,17786,-0.02443119282109321
17787,17787,-0.034692357652017086
17788,17788,-0.27284351779798266
17789,17789,-0.02843967746081251
17790,17790,-0.05364023635238091
17791,17791,-0.03647423748650083
17792,17792,-0.1647454031161877
17793,17793,-0.052224123158840285
17794,17794,-0.1684211333486002
17795,17795,-0.5924821736741233
17796,17796,-0.08523406612938944
17797,17797,-0.238996252535284
17798,17798,-0.114563906044447
17799,17799,-0.03399650961226304
17800,17800,-0.12826712449034672
17801,17801,-0.1400800207402001
17802,17802,-0.08636531812323911
17803,17803,-0.05402606099989618
17804,17804,-0.1458183694233597
17805,17805,-0.07332413155668371
17806,17806,-0.019266841664799195
17807,17807,-0.0029587400192875937
17808,17808,-0.045348905889385255
17809,17809,-0.03031760457928301
17810,17810,-0.008969662228865999
17811,17811,-0.08704988017268045
17812,17812,-0.20356356592742886
17813,17813,-0.0009299318190960429
17814,17814,-0.1844166712260109
17815,17815,-0.030440206339643644
17816,17816,-0.2643494366208299
17817,17817,-0.15862727786686692
17818,17818,-0.03642235125029109
17819,17819,-0.09800233597202557
17820,17820,-0.07921832906563964
17821,17821,-0.0782434537823713
17822,17822,-0.046808065136166595
17823,17823,-0.055197927966505134
17824,17824,-0.23006318014523408
17825,17825,-0.30225296547045943
17826,17826,-0.19411068055673342
17827,17827,-0.1268446842941673
17828,17828,-0.17906273567543174
17829,17829,-0.007237451603085755
17830,17830,-0.00469927902178164
17831,17831,-0.1219259659372125
17832,17832,-0.023771739908522355
17833,17833,-0.4134592492952187
17834,17834,-0.23139311802811102
17835,17835,-0.006541222922290023
17836,17836,-0.1914786952212144
17837,17837,-0.10580949138786513
17838,17838,-0.04661253294799739
17839,17839,-0.14726746416172398
17840,17840,-0.03732266743513016
17841,17841,-0.1525444920083885
17842,17842,-0.05802563091380929
17843,17843,-0.12056013772492594
17844,17844,-0.012475800282101823
17845,17845,-0.11234870331219818
17846,17846,-0.03687780635163773
17847,17847,-0.028857152218471432
17848,17848,-0.05504404178510614
17849,17849,-0.002060078430348146
17850,17850,-0.2961779155596478
17851,17851,-0.2590344287404811
17852,17852,-0.05565760973818071
17853,17853,-0.11734103525086192
17854,17854,-0.06493093872949329
17855,17855,-0.03583444280392922
17856,17856,-0.09722441800047443
17857,17857,-0.026118557498688993
17858,17858,-0.10651182308757703
17859,17859,-0.09894898501477434
17860,17860,-0.018832097375073298
17861,17861,-0.062280185843186536
17862,17862,-0.038732868433272866
17863,17863,-0.06043999773385611
17864,17864,-0.010534585478303798
17865,17865,-0.10662588652938076
17866,17866,-0.156743980423383
17867,17867,-0.025394939710712723
17868,17868,-0.004899679979082708
17869,17869,-0.023072602465891254
17870,17870,-0.09128977062379129
17871,17871,-0.015567049886047542
17872,17872,-0.05822439700846005
17873,17873,-0.30002244467771755
17874,17874,-0.028723495486639994
17875,17875,-0.016309727035018103
17876,17876,-0.23196787678619402
17877,17877,-0.12990229849891535
17878,17878,-0.038440092156355465
17879,17879,-0.12376818683185009
17880,17880,-0.37192339555800524
17881,17881,-0.2993910941366994
17882,17882,-0.050954247596132214
17883,17883,-0.09498750999796801
17884,17884,-0.06566054915185937
17885,17885,-0.1592435469111947
17886,17886,-0.036869085509190276
17887,17887,-0.05777472265196426
17888,17888,-0.04909895619500713
17889,17889,-0.07032506567318556
17890,17890,-0.01241013082074871
17891,17891,-0.08657294925045456
17892,17892,-0.03731348614322949
17893,17893,-0.06095189824557856
17894,17894,-0.06604380578254665
17895,17895,-0.0247537273774171
17896,17896,-0.3330596040791467
17897,17897,-0.006906764174090398
17898,17898,-0.08504792676797301
17899,17899,-0.02757757655635029
17900,17900,-0.10442485391548795
17901,17901,-0.012671569589649727
17902,17902,-0.015360384056211658
17903,17903,-0.10497894820817466
17904,17904,-0.07239420448443103
17905,17905,-0.03933566806132094
17906,17906,-0.08388995251085385
17907,17907,-0.015594953574373793
17908,17908,-0.09065254534137068
17909,17909,-0.04835935517786227
17910,17910,-0.18153194151817553
17911,17911,-0.049144239152403846
17912,17912,-0.10469880393466913
17913,17913,-0.16863139812304695
17914,17914,-0.10059070181044441
17915,17915,-0.0010925339830341971
17916,17916,-0.21751695103109017
17917,17917,-0.3419318388340238
17918,17918,-0.08767451102080992
17919,17919,-0.13644925961850796
17920,17920,-0.13134663534165103
17921,17921,-0.02514017420625747
17922,17922,-0.0077039629500413875
17923,17923,-0.3440827603457741
17924,17924,-0.081557692314016
17925,17925,-0.04254634704564575
17926,17926,-0.10998741704453785
17927,17927,-0.07275825760217294
17928,17928,-0.24642200360554864
17929,17929,-0.045908879673939036
17930,17930,-0.08828518165642057
17931,17931,-0.13311231157754622
17932,17932,-0.06966380718549481
17933,17933,-0.002090415411380449
17934,17934,-0.08450517395739299
17935,17935,-0.14128771841183652
17936,17936,-0.03712553391511941
17937,17937,-0.12053537181182572
17938,17938,-0.019215238705374588
17939,17939,-0.21516142832670448
17940,17940,-0.04472993036084072
17941,17941,-0.04896195067026987
17942,17942,-0.19207514976074558
17943,17943,-0.08525843373588743
17944,17944,-0.20600009752623194
17945,17945,-0.00455725299639448
17946,17946,-0.09160962134894257
17947,17947,-0.1493208559312298
17948,17948,-0.08178571840121496
17949,17949,-0.1598647384622831
17950,17950,-0.031711965832877276
17951,17951,-0.16482084936265207
17952,17952,-0.047339074979601214
17953,17953,-0.15811232078344703
17954,17954,-0.053377073234599975
17955,17955,-0.008689114263221165
17956,17956,-0.017561740119806518
17957,17957,-0.0538886280379246
17958,17958,-0.4451759856804536
17959,17959,-0.08895776756697638
17960,17960,-0.07594132711230239
17961,17961,-0.006983224490538552
17962,17962,-0.00038364310439993306
17963,17963,-0.0009294022434801316
17964,17964,-0.04610442997476305
17965,17965,-0.07928015621671414
17966,17966,-0.05085798512993822
17967,17967,-0.06137936863169216
17968,17968,-0.2458782805162958
17969,17969,-0.026342942047604123
17970,17970,-0.06646081445485444
17971,17971,-0.15396585720000655
17972,17972,-0.07533156257516027
17973,17973,-0.040170787925050695
17974,17974,-0.3251254254973368
17975,17975,-0.13352964310776594
17976,17976,-0.09198394820990485
17977,17977,-0.05991290295488352
17978,17978,-0.012661650949553627
17979,17979,-0.10018435036170681
17980,17980,-0.0839821963335119
17981,17981,-0.02345396130605304
17982,17982,-0.09008661424210651
17983,17983,-0.1525543745124196
17984,17984,-0.15768196537432688
17985,17985,-0.1689098264528628
17986,17986,-0.016550980441911528
17987,17987,-0.006633352706509943
17988,17988,-0.02245012889352993
17989,17989,-0.0664527780580011
17990,17990,-0.11133554677568613
17991,17991,-0.19931626363115929
17992,17992,-0.2700015857814524
17993,17993,-0.008171956543477786
17994,17994,-0.14948294233103931
17995,17995,-0.011705641696744762
17996,17996,-0.020021381776001053
17997,17997,-0.019375556094499286
17998,17998,-0.12890527517536907
17999,17999,-0.05493581428940664
18000,18000,-0.011850063564597897
18001,18001,-0.13135506143929776
18002,18002,-0.017636353418403167
18003,18003,-0.0661264041463008
18004,18004,-0.057166894564914306
18005,18005,-0.19063744599142393
18006,18006,-0.04232778011966978
18007,18007,-0.01469394851145911
18008,18008,-0.1910136837438814
18009,18009,-0.011958705838805444
18010,18010,-0.0018976366818386353
18011,18011,-0.10704276068518803
18012,18012,-0.0008048482552689311
18013,18013,-0.0697658598713509
18014,18014,-7.600998875912388e-05
18015,18015,-0.02617444991188167
18016,18016,-0.027069333005489665
18017,18017,-0.013340093668442805
18018,18018,-0.0944591180280413
18019,18019,-0.00545438019354199
18020,18020,-0.15515137961063008
18021,18021,-0.07507149462087581
18022,18022,-0.03641595276527321
18023,18023,-0.04421872565074392
18024,18024,-0.1335559520375793
18025,18025,-0.04852677370613859
18026,18026,-0.005582864584734809
18027,18027,-0.01710135629040821
18028,18028,-0.16315750451561242
18029,18029,-0.11002694480287589
18030,18030,-0.006812027799022973
18031,18031,-0.1026679768650576
18032,18032,-0.006423064292252062
18033,18033,-0.049681126063425674
18034,18034,-0.0172028186457674
18035,18035,-0.17593531713799715
18036,18036,-0.03261579491657843
18037,18037,-0.15161616989413007
18038,18038,-0.096122288793549
18039,18039,-0.07347212039682566
18040,18040,-0.14091007713727668
18041,18041,-0.0799226474702569
18042,18042,-0.16113709369430218
18043,18043,-0.04641433054397126
18044,18044,-0.02947266616168176
18045,18045,-0.054489733073007446
18046,18046,-0.04893396293844543
18047,18047,-0.032927554406613796
18048,18048,-0.09908227726702366
18049,18049,-0.05081779918401442
18050,18050,-0.18291524644841717
18051,18051,-0.016187481493429995
18052,18052,-0.1324437229182296
18053,18053,-0.03315866710617222
18054,18054,-0.040573498155256016
18055,18055,-0.054171725429630335
18056,18056,-0.051100258570814905
18057,18057,-0.2958666929834558
18058,18058,-0.08637266127572263
18059,18059,-0.061921441220848666
18060,18060,-0.06869531275413199
18061,18061,-0.20496529284429466
18062,18062,-0.07292576770444459
18063,18063,-0.05831880816921109
18064,18064,-0.06181382267857005
18065,18065,-0.02713156543098194
18066,18066,-0.08082327646640097
18067,18067,-0.11418454640522102
18068,18068,-0.031673954365131096
18069,18069,-0.07206298242130416
18070,18070,-0.10152639834150234
18071,18071,-0.040122906102335265
18072,18072,-0.13802568378149127
18073,18073,-0.011034034602930953
18074,18074,-0.17075730318814664
18075,18075,-0.011533530403298742
18076,18076,-0.09462139871138331
18077,18077,-0.011276937156625061
18078,18078,-0.02898976924852692
18079,18079,-0.15048021031381076
18080,18080,-0.06251244119551602
18081,18081,-0.020564902366742327
18082,18082,-0.039363127063966274
18083,18083,-0.039918120250564404
18084,18084,-0.09638246163818545
18085,18085,-0.00995471694302455
18086,18086,-0.030733755742032298
18087,18087,-0.053137998663890795
18088,18088,-0.040757971373331064
18089,18089,-0.1806614338798971
18090,18090,-0.050090719175596626
18091,18091,-0.0094059663744987
18092,18092,-0.19745380708650062
18093,18093,-0.05933115923881396
18094,18094,-0.4665144345350153
18095,18095,-0.021550063503905453
18096,18096,-0.18132820435884156
18097,18097,-0.018924759419677258
18098,18098,-0.09553228003615646
18099,18099,-0.11877441446557768
18100,18100,-0.03385798589580627
18101,18101,-0.09229993993970764
18102,18102,-0.018513720059188277
18103,18103,-0.02299058725958956
18104,18104,-0.08203724193277451
18105,18105,-0.07363067296856463
18106,18106,-0.1026007735296095
18107,18107,-0.01924331183562373
18108,18108,-0.08889855960749182
18109,18109,-0.01933498201090278
18110,18110,-0.046658039769598175
18111,18111,-0.02940119131087493
18112,18112,-0.1331782482244397
18113,18113,-0.09061888249620927
18114,18114,-0.055687850345189194
18115,18115,-0.12595284337027124
18116,18116,-0.0056353378206740745
18117,18117,-0.15529143514384147
18118,18118,-0.0302160243677152
18119,18119,-0.2391353257317026
18120,18120,-0.06774756026104145
18121,18121,-0.025598215983909794
18122,18122,-0.2085196423240233
18123,18123,-0.017510766283461182
18124,18124,-0.008211127872835428
18125,18125,-0.22784740894376476
18126,18126,-0.025599431843947196
18127,18127,-0.031081418011673634
18128,18128,-0.0003213996389320878
18129,18129,-0.16822835717818496
18130,18130,-0.008875590713328387
18131,18131,-0.25289203832499263
18132,18132,-0.014936159851399872
18133,18133,-0.07417142799284962
18134,18134,-0.003927030331519145
18135,18135,-4.692718633876961e-05
18136,18136,-0.05428895973260746
18137,18137,-0.14864360835758905
18138,18138,-0.2827722456019086
18139,18139,-0.10931009399204894
18140,18140,-0.14943050795258594
18141,18141,-0.05952726221606544
18142,18142,-0.042180230123602946
18143,18143,-0.037718918393155665
18144,18144,-0.012209840032033377
18145,18145,-0.00011129356668590582
18146,18146,-0.09466484442599399
18147,18147,-0.05822435621896327
18148,18148,-0.13434786806329857
18149,18149,-0.0002543828703137619
18150,18150,-0.0576713662869186
18151,18151,-0.0054422172068547825
18152,18152,-0.04059951036502343
18153,18153,-0.005298238993025096
18154,18154,-0.11475946122396963
18155,18155,-0.006420932979848859
18156,18156,-0.11718831337338934
18157,18157,-0.1620678173648642
18158,18158,-0.024509208511962477
18159,18159,-0.15924680089642296
18160,18160,-0.10139970833034129
18161,18161,-0.038139628394789904
18162,18162,-0.043249765251676675
18163,18163,-0.027634927483976363
18164,18164,-0.08715046711145213
18165,18165,-0.10189002273492953
18166,18166,-0.26924195585925625
18167,18167,-0.04005317435468017
18168,18168,-0.04348181896621586
18169,18169,-0.09062033994101493
18170,18170,-0.03959519507922327
18171,18171,-0.28438748744083864
18172,18172,-0.25044698688606293
18173,18173,-0.0164011611052646
18174,18174,-0.16703789997185362
18175,18175,-0.036066049473019945
18176,18176,-0.08811936354093419
18177,18177,-0.13202006393224863
18178,18178,-0.0046271861465183375
18179,18179,-0.020704854437596627
18180,18180,-0.008233772632621796
18181,18181,-0.049047479623058915
18182,18182,-0.07243757921859262
18183,18183,-0.004994631746352049
18184,18184,-0.0639673077209322
18185,18185,-0.10116237414595197
18186,18186,-0.1459766241415572
18187,18187,-0.04300570079451038
18188,18188,-0.06833344474935021
18189,18189,-0.06277848124949603
18190,18190,-0.12565035630910526
18191,18191,-0.0144088491819723
18192,18192,-0.22433968243242675
18193,18193,-0.018932802460044813
18194,18194,-0.029509552093447307
18195,18195,-0.26594622584163297
18196,18196,-0.1952963874462288
18197,18197,-0.011951099072490479
18198,18198,-0.018494220529070238
18199,18199,-0.01619046949467076
18200,18200,-0.02595972393552748
18201,18201,-0.050017835795577725
18202,18202,-0.020807437476586532
18203,18203,-0.1558638570293347
18204,18204,-0.1827069433512839
18205,18205,-0.14087045512932805
18206,18206,-0.0447345577026903
18207,18207,-0.10354000455913948
18208,18208,-0.061972341890019766
18209,18209,-0.010746548975733572
18210,18210,-0.07155299651206315
18211,18211,-0.0813253346073175
18212,18212,-0.0217263490600726
18213,18213,-0.2613809253569066
18214,18214,-0.13236532558068337
18215,18215,-0.1042885459925299
18216,18216,-0.06538594524806662
18217,18217,-0.08985539791651023
18218,18218,-0.008170303955279318
18219,18219,-0.22580903263335728
18220,18220,-0.001034875648771528
18221,18221,-0.07331057582420586
18222,18222,-0.05179155698515647
18223,18223,-0.17835706141514152
18224,18224,-0.07516588303796556
18225,18225,-0.2536637925167615
18226,18226,-0.05637197407230021
18227,18227,-0.11263248158295669
18228,18228,-0.01817166046891261
18229,18229,-0.19014522726166494
18230,18230,-0.06813950535632118
18231,18231,-0.04997707890835091
18232,18232,-0.24997119568548998
18233,18233,-0.03490733392868462
18234,18234,-0.07787151140753149
18235,18235,-0.04001943564568067
18236,18236,-0.09437702821494698
18237,18237,-0.207424098144799
18238,18238,-0.18251362394586856
18239,18239,-0.0090410182984349
18240,18240,-0.02724973771660777
18241,18241,-0.15064028785260364
18242,18242,-0.015128388960602313
18243,18243,-0.048243447490600055
18244,18244,-0.009146837122123164
18245,18245,-0.08142998677058627
18246,18246,-0.0031776223045761626
18247,18247,-0.003325627694992457
18248,18248,-0.23649128093556016
18249,18249,-0.03362267606400596
18250,18250,-0.11306969391456437
18251,18251,-0.12329765736384823
18252,18252,-0.014988736309903966
18253,18253,-0.05003938960764398
18254,18254,-0.056103409186819775
18255,18255,-0.16508759903772763
18256,18256,-0.24810750747107102
18257,18257,-0.024998913035095827
18258,18258,-0.0803383406824204
18259,18259,-0.0908619928587725
18260,18260,-0.1878298900185299
18261,18261,-0.13931234506012302
18262,18262,-0.12118303272516062
18263,18263,-0.1246555932304087
18264,18264,-0.029990465783402698
18265,18265,-0.20699564246982138
18266,18266,-0.005736723981610271
18267,18267,-0.050730696688735116
18268,18268,-0.007467894599317883
18269,18269,-0.35969401316837235
18270,18270,-0.17791329010728252
18271,18271,-0.23714311565922225
18272,18272,-0.10300675832572462
18273,18273,-0.21500611241082268
18274,18274,-0.058744328629202675
18275,18275,-0.1722165285206967
18276,18276,-0.024900275006533912
18277,18277,-0.15425626518455804
18278,18278,-0.019338224728644993
18279,18279,-0.013463283950026383
18280,18280,-0.07614963270060138
18281,18281,-0.012462999201150127
18282,18282,-0.08359043305040814
18283,18283,-0.05254496430286759
18284,18284,-0.15977835607700053
18285,18285,-0.015183632720135183
18286,18286,-0.05235166623435841
18287,18287,-0.21905018308569993
18288,18288,-0.13690825450565303
18289,18289,-0.001110833365738884
18290,18290,-0.008982615166210963
18291,18291,-0.35526284355541726
18292,18292,-0.11504691929994781
18293,18293,-0.1200023848638127
18294,18294,-0.36641002668658773
18295,18295,-0.06032197903999981
18296,18296,-0.0528345504605815
18297,18297,-0.06216182405556625
18298,18298,-0.037640413175129894
18299,18299,-0.12420315577573948
18300,18300,-0.38227026488580684
18301,18301,-0.36584865108427067
18302,18302,-0.16286146461701856
18303,18303,-0.1452429556589241
18304,18304,-0.014686271710458254
18305,18305,-0.25567550438076403
18306,18306,-0.02079988310533712
18307,18307,-0.02237178288929889
18308,18308,-0.09206789353052791
18309,18309,-0.00346782796108272
18310,18310,-0.18680663046558132
18311,18311,-0.02721133269908471
18312,18312,-0.13374253595406788
18313,18313,-0.03347231214596092
18314,18314,-0.059404876854253025
18315,18315,-0.27394466700059894
18316,18316,-0.1548283127581671
18317,18317,-0.14137261693805003
18318,18318,-0.06566244356526657
18319,18319,-0.1356316365446819
18320,18320,-0.13414564124623185
18321,18321,-0.26440089318892923
18322,18322,-0.08085630361092211
18323,18323,-0.09521724142741306
18324,18324,-0.007674120732043666
18325,18325,-0.04577795909619431
18326,18326,-0.12672045737156135
18327,18327,-0.15743485664140533
18328,18328,-0.015908404421279193
18329,18329,-0.018979020511872974
18330,18330,-0.05671654343949328
18331,18331,-0.09751539479329241
18332,18332,-0.1741094755359751
18333,18333,-0.13761259165803397
18334,18334,-0.07040247239860797
18335,18335,-0.12918615168060388
18336,18336,-0.017743916888803085
18337,18337,-0.0006397496349200282
18338,18338,-0.22556554455327849
18339,18339,-0.03136166152438317
18340,18340,-0.127837626148054
18341,18341,-0.10386566036272782
18342,18342,-0.04788646135622244
18343,18343,-0.0015137911269804266
18344,18344,-0.029494071480174605
18345,18345,-0.04038677143146485
18346,18346,-0.12606428150706428
18347,18347,-0.14922282434381096
18348,18348,-0.0850892650842359
18349,18349,-0.1619691633979593
18350,18350,-0.05643058444992022
18351,18351,-0.007908794135022774
18352,18352,-0.006854856790241698
18353,18353,-0.11173308467474508
18354,18354,-0.024829581114843013
18355,18355,-0.16245738450159308
18356,18356,-0.06624279159560287
18357,18357,-0.1805007178538488
18358,18358,-0.027827856020989694
18359,18359,-0.06616086986364067
18360,18360,-0.15721645048593302
18361,18361,-0.012332361884383893
18362,18362,-0.20263717371399192
18363,18363,-0.06467179838223258
18364,18364,-0.04629495547067075
18365,18365,-0.07450674712719943
18366,18366,-0.2948348439743659
18367,18367,-0.019834179242410606
18368,18368,-0.04140605499422856
18369,18369,-0.07257990052504582
18370,18370,-0.07219494721782749
18371,18371,-0.006077586868593977
18372,18372,-0.1265290438260328
18373,18373,-0.06389833409097279
18374,18374,-0.059177944482078026
18375,18375,-0.06120668481405478
18376,18376,-0.08293799575405705
18377,18377,-0.07964853171186537
18378,18378,-0.26549530317419745
18379,18379,-0.03488559392237425
18380,18380,-0.14285169827978317
18381,18381,-0.005991137766188322
18382,18382,-0.1728344488720044
18383,18383,-0.04144377528816379
18384,18384,-0.07532641583738497
18385,18385,-0.015724491724595363
18386,18386,-0.008997779961659652
18387,18387,-0.0662113452223837
18388,18388,-0.0383699781387109
18389,18389,-0.1412916205974427
18390,18390,-0.09403513933795837
18391,18391,-0.06633901214952553
18392,18392,-0.021443480903624426
18393,18393,-0.3799861907117368
18394,18394,-0.16872048302360648
18395,18395,-0.1689494756718979
18396,18396,-0.015346192759096988
18397,18397,-0.14139865377017677
18398,18398,-0.004970485198496258
18399,18399,-0.010719692823139337
18400,18400,-0.028749002830883025
18401,18401,-0.017207845996333876
18402,18402,-0.04945520225973435
18403,18403,-0.0839489547163823
18404,18404,-0.023235517282658158
18405,18405,-0.059030240418344704
18406,18406,-0.02067378296410368
18407,18407,-0.2652167544246298
18408,18408,-0.11922047428884364
18409,18409,-0.10018886944759098
18410,18410,-0.022359272192693715
18411,18411,-0.1353460539475793
18412,18412,-0.14790804256640933
18413,18413,-0.03673636875980171
18414,18414,-0.10358953168136334
18415,18415,-0.051027710919023694
18416,18416,-0.06756007009556031
18417,18417,-0.07486555210598234
18418,18418,-0.00680823274158575
18419,18419,-0.1657726018951977
18420,18420,-0.2316712395686018
18421,18421,-0.028966948158441613
18422,18422,-0.036871353227641124
18423,18423,-0.10534825249226865
18424,18424,-0.08287983312174996
18425,18425,-0.028166296529850143
18426,18426,-0.35195232882128746
18427,18427,-0.015986400331141626
18428,18428,-0.0027149658226005013
18429,18429,-0.003617496706905936
18430,18430,-0.0037975564118638717
18431,18431,-0.053463232013823636
18432,18432,-0.09938307457237672
18433,18433,-0.05716121061973703
18434,18434,-0.04268025748610271
18435,18435,-0.023400477024577038
18436,18436,-0.08005414096848018
18437,18437,-0.011556054527593784
18438,18438,-0.16862093237747233
18439,18439,-0.11329435342577909
18440,18440,-0.08674890723983926
18441,18441,-0.296021707637772
18442,18442,-0.2280974305435568
18443,18443,-0.19501379455811543
18444,18444,-0.02272257643880249
18445,18445,-0.038386578220172246
18446,18446,-0.19535015700108638
18447,18447,-0.035102494084537916
18448,18448,-0.18777581843941438
18449,18449,-0.1554243473265906
18450,18450,-0.09236802539910077
18451,18451,-0.14473345342260135
18452,18452,-0.005986021056413021
18453,18453,-0.05313972599861927
18454,18454,-0.005767657737133343
18455,18455,-0.005812125930663298
18456,18456,-0.12441884141561887
18457,18457,-0.33758046321447666
18458,18458,-0.0048434970631082985
18459,18459,-0.0450020666755796
18460,18460,-0.2007474109563483
18461,18461,-0.25304721002145314
18462,18462,-0.23033349213404108
18463,18463,-0.17317712097137986
18464,18464,-0.340166877811521
18465,18465,-0.10188030272068005
18466,18466,-0.2058110375551383
18467,18467,-0.12773159119744637
18468,18468,-0.03888269168045366
18469,18469,-0.09601829158093403
18470,18470,-0.10986561239266746
18471,18471,-0.02276760563537128
18472,18472,-0.010956297868023018
18473,18473,-0.1378128058456305
18474,18474,-0.09573546921419762
18475,18475,-0.07313133171829023
18476,18476,-0.1156359345221053
18477,18477,-0.0917257277263297
18478,18478,-0.05932041456672199
18479,18479,-0.1898123686479255
18480,18480,-0.06475678268874008
18481,18481,-0.13362185323158116
18482,18482,-0.01811850096077719
18483,18483,-0.20275751070039805
18484,18484,-0.07817833511171646
18485,18485,-0.06880048351235235
18486,18486,-0.02080515294638558
18487,18487,-0.05787536888414113
18488,18488,-0.06348446351187542
18489,18489,-0.006425422451612289
18490,18490,-0.0703741631441629
18491,18491,-0.06029260168124129
18492,18492,-0.07198823977431014
18493,18493,-0.047444608530133686
18494,18494,-0.015044533278438417
18495,18495,-0.5039144052282656
18496,18496,-0.0006675085242438161
18497,18497,-0.021486927607390464
18498,18498,-0.003966672354972278
18499,18499,-0.020306470051048575
18500,18500,-0.2547579684011194
18501,18501,-0.1321275013020919
18502,18502,-0.04030463008304341
18503,18503,-0.05637660829299351
18504,18504,-0.12232869306003025
18505,18505,-0.323360043265581
18506,18506,-0.10019076793234838
18507,18507,-0.01576912624167051
18508,18508,-0.048909729472592756
18509,18509,-0.09925918476027862
18510,18510,-0.1095711264728273
18511,18511,-0.009699391369266813
18512,18512,-0.00965987895715021
18513,18513,-0.0922595384397007
18514,18514,-0.02023639506926156
18515,18515,-0.08012313617055833
18516,18516,-0.029722546056531574
18517,18517,-0.04174009491802133
18518,18518,-0.053787075395650086
18519,18519,-0.2134816269050308
18520,18520,-0.04034859791320111
18521,18521,-0.15813385128487178
18522,18522,-0.04534347192617805
18523,18523,-0.03214954882058585
18524,18524,-0.01706227974272448
18525,18525,-0.13571720217582772
18526,18526,-0.02683554034404101
18527,18527,-0.15036764385229173
18528,18528,-0.009310026648587162
18529,18529,-0.005675217708470421
18530,18530,-0.013031764746760044
18531,18531,-0.09439664931812877
18532,18532,-0.12935758014253373
18533,18533,-0.08459564951771137
18534,18534,-0.0027172264967204197
18535,18535,-0.028344354173720387
18536,18536,-0.15556975302038945
18537,18537,-0.03874933608138653
18538,18538,-0.14925838560552063
18539,18539,-0.2997485039678697
18540,18540,-0.045382755091651905
18541,18541,-0.14225975600585627
18542,18542,-0.32576445932215314
18543,18543,-0.04959665430967555
18544,18544,-0.05065542011221302
18545,18545,-0.0524967506212346
18546,18546,-0.41516560894713284
18547,18547,-0.0014237402931904855
18548,18548,-0.038255462895041004
18549,18549,-0.15099118646319187
18550,18550,-0.041195358393751325
18551,18551,-0.1451662469042394
18552,18552,-0.08505923185438613
18553,18553,-0.033268381085539596
18554,18554,-0.1158595498558932
18555,18555,-0.05968906078929728
18556,18556,-0.02535103463836986
18557,18557,-0.004699199602278327
18558,18558,-0.0008342416954760026
18559,18559,-0.04593505601983594
18560,18560,-0.025466596077817094
18561,18561,-0.411916140513211
18562,18562,-0.11302683346291309
18563,18563,-0.056014161797537626
18564,18564,-0.30788999434948217
18565,18565,-0.001825699358015499
18566,18566,-0.0005703861361427438
18567,18567,-0.46968733637965565
18568,18568,-0.013084065183949112
18569,18569,-0.03769738841238679
18570,18570,-0.08648368260999878
18571,18571,-0.37638618714619554
18572,18572,-0.2651348342346953
18573,18573,-0.023075306693364106
18574,18574,-0.007507491914725384
18575,18575,-0.009535900572646527
18576,18576,-0.35365231719147516
18577,18577,-0.009000723696512176
18578,18578,-0.08269353207031804
18579,18579,-0.07504699561875502
18580,18580,-0.2137272584607689
18581,18581,-0.08018234536622515
18582,18582,-0.07938292138377293
18583,18583,-0.09394718601071095
18584,18584,-0.11906170443072697
18585,18585,-0.09689478850208488
18586,18586,-0.009695293385615589
18587,18587,-0.0026980476053833427
18588,18588,-0.05261901612905906
18589,18589,-0.08520632511028359
18590,18590,-0.06749144832655063
18591,18591,-0.11884387186072276
18592,18592,-0.10821135073710808
18593,18593,-0.1837952130902637
18594,18594,-0.061087497557998915
18595,18595,-0.07941075398860964
18596,18596,-0.03894066136418584
18597,18597,-0.047820284795978246
18598,18598,-0.01564503464840484
18599,18599,-0.06381961788738838
18600,18600,-0.0791952341855742
18601,18601,-0.08439746049655072
18602,18602,-0.13577858951777877
18603,18603,-0.08126402543595715
18604,18604,-0.026095585092937884
18605,18605,-0.041648667368227366
18606,18606,-0.027567360623032333
18607,18607,-0.01194387913401107
18608,18608,-0.0936077248402527
18609,18609,-0.22910158691637728
18610,18610,-0.11068716624737907
18611,18611,-0.135305822101508
18612,18612,-0.07380356119064946
18613,18613,-0.06310177592681321
18614,18614,-0.04112830011639004
18615,18615,-0.011068500458953384
18616,18616,-0.020068617678986045
18617,18617,-0.009548693985073353
18618,18618,-0.021435930570682965
18619,18619,-0.009028459718674109
18620,18620,-0.03334815603027386
18621,18621,-0.10117756744790919
18622,18622,-0.008905765562254815
18623,18623,-0.05051904859279022
18624,18624,-0.02340666633010824
18625,18625,-0.10909775689886997
18626,18626,-0.1740051180652884
18627,18627,-0.07321392561041817
18628,18628,-0.03295006693465341
18629,18629,-0.026279233929684814
18630,18630,-0.0475953438429727
18631,18631,-0.03663508217586342
18632,18632,-0.026044604043718805
18633,18633,-0.462557075578248
18634,18634,-0.14203310027274485
18635,18635,-0.135875542669198
18636,18636,-0.015360182276997043
18637,18637,-0.018693265008213538
18638,18638,-0.13141230662851777
18639,18639,-0.12159890921789007
18640,18640,-0.10844483170185859
18641,18641,-0.046269769917147895
18642,18642,-0.03420368035818655
18643,18643,-0.14860162350849662
18644,18644,-0.14310179748282792
18645,18645,-0.000724261421098743
18646,18646,-0.005719601694012699
18647,18647,-0.0015677535572835872
18648,18648,-0.0012953293694565205
18649,18649,-0.0281126656268404
18650,18650,-0.020157942547356034
18651,18651,-0.09625579131627904
18652,18652,-0.07782339316106557
18653,18653,-0.1409171016253854
18654,18654,-0.47693360708821686
18655,18655,-0.011955075994919878
18656,18656,-0.04250073626298034
18657,18657,-0.1286865989865551
18658,18658,-0.19169286836434207
18659,18659,-0.025512346223592608
18660,18660,-0.06539203005498895
18661,18661,-0.05105622023518966
18662,18662,-0.2837661959756339
18663,18663,-0.14831745163654184
18664,18664,-0.19643599850529292
18665,18665,-0.08623716280205784
18666,18666,-0.1273571153614591
18667,18667,-0.04430745286409435
18668,18668,-0.02069257522731205
18669,18669,-0.13064264033428064
18670,18670,-0.024089306405500333
18671,18671,-0.005732082172396874
18672,18672,-0.13824168680946958
18673,18673,-0.05790095519036287
18674,18674,-0.005421315755424712
18675,18675,-0.017573889966299557
18676,18676,-0.006279863323628426
18677,18677,-0.003068817062779651
18678,18678,-0.09683360576211548
18679,18679,-0.0671833388313674
18680,18680,-0.17817433007175554
18681,18681,-0.06062491503949197
18682,18682,-0.07314809497130037
18683,18683,-0.13767497586123412
18684,18684,-0.0689388791611677
18685,18685,-0.17081083214840098
18686,18686,-0.10272638081243068
18687,18687,-0.018151621177695643
18688,18688,-0.1287029161604325
18689,18689,-0.022421562305472986
18690,18690,-0.019248436010037673
18691,18691,-0.05451000396560802
18692,18692,-0.036478188762949865
18693,18693,-0.04119409498873483
18694,18694,-0.19821227268332509
18695,18695,-0.023848809720525943
18696,18696,-0.4869817120895754
18697,18697,-0.04127884228197809
18698,18698,-0.030478515609786566
18699,18699,-0.14027136237276716
18700,18700,-0.03561893990542626
18701,18701,-0.03046718978489127
18702,18702,-0.0232524257190031
18703,18703,-0.11953369610237674
18704,18704,-0.2014467929305419
18705,18705,-0.2933503550868122
18706,18706,-0.03393191504622409
18707,18707,-0.012204843007650464
18708,18708,-0.10335816574037529
18709,18709,-0.018139691097115024
18710,18710,-0.1347228309512155
18711,18711,-0.03472426859347145
18712,18712,-0.01253265508260798
18713,18713,-0.24825561767169235
18714,18714,-0.036834315979436316
18715,18715,-0.011778434521854259
18716,18716,-0.06420743215390401
18717,18717,-0.06618383683864026
18718,18718,-0.013697842715334696
18719,18719,-0.10393989861676278
18720,18720,-0.09415155583667323
18721,18721,-0.021692957250030287
18722,18722,-0.01826971715914827
18723,18723,-0.10138027104566705
18724,18724,-0.002638800774790409
18725,18725,-0.14653252019621832
18726,18726,-0.24955176006508062
18727,18727,-0.029289207748581014
18728,18728,-0.2697023504075463
18729,18729,-0.03870102066455783
18730,18730,-0.04246126423663166
18731,18731,-0.016667362357491153
18732,18732,-0.010181080620806054
18733,18733,-0.048151103257532135
18734,18734,-0.030692388740596495
18735,18735,-0.052593080584325325
18736,18736,-0.03327696970365779
18737,18737,-0.2716973864704588
18738,18738,-0.1271532924692247
18739,18739,-0.0703567028301082
18740,18740,-0.06488275143942845
18741,18741,-0.026564000735275678
18742,18742,-0.04888299639220828
18743,18743,-0.10395598065406597
18744,18744,-0.041278429631575464
18745,18745,-0.030440058782172992
18746,18746,-0.006051602833958093
18747,18747,-0.17863166006181164
18748,18748,-0.10107111020739845
18749,18749,-0.017266409068884464
18750,18750,-0.15738152036549824
18751,18751,-0.27186483252693683
18752,18752,-0.2494037830264758
18753,18753,-0.08888507096004084
18754,18754,-0.017852220247362466
18755,18755,-0.034008759476722106
18756,18756,-0.0029873406173737474
18757,18757,-0.07786717224375517
18758,18758,-0.05655649818024966
18759,18759,-0.027372561231889136
18760,18760,-0.0797861727965885
18761,18761,-0.06520093041412744
18762,18762,-0.011977549638248736
18763,18763,-0.011402585368382182
18764,18764,-0.20549757142310066
18765,18765,-0.050517401700421516
18766,18766,-0.15571770777947913
18767,18767,-0.26912921831814174
18768,18768,-0.11723535752222825
18769,18769,-0.06928082746551656
18770,18770,-0.22052525786941857
18771,18771,-0.12084152531870007
18772,18772,-0.20962950325748908
18773,18773,-0.14017507469568047
18774,18774,-0.06739727995848543
18775,18775,-0.06835344249400155
18776,18776,-0.04126561792283656
18777,18777,-0.2673794580785992
18778,18778,-0.021580788713281368
18779,18779,-0.0828889571124779
18780,18780,-0.04787005796901289
18781,18781,-0.009036192353614192
18782,18782,-0.10732537906223483
18783,18783,-0.05958322582182432
18784,18784,-0.032075674765098316
18785,18785,-0.005340094380874599
18786,18786,-0.1214406561701954
18787,18787,-0.04477019121110859
18788,18788,-0.01696599717428393
18789,18789,-0.0502893994136443
18790,18790,-0.035333489698988196
18791,18791,-0.037205706004173084
18792,18792,-0.0561530814120581
18793,18793,-0.20922557052873003
18794,18794,-0.17692183452274124
18795,18795,-0.15022385305613561
18796,18796,-0.23949509308643258
18797,18797,-0.1274086797839189
18798,18798,-0.22007090266286378
18799,18799,-0.0085715948796799
18800,18800,-0.1434728154778484
18801,18801,-0.0005649981862648518
18802,18802,-0.02803940794648699
18803,18803,-0.010084399035806714
18804,18804,-0.2516479945044048
18805,18805,-0.03344874908917783
18806,18806,-0.055171475067530534
18807,18807,-0.0202832773850708
18808,18808,-0.2808169654320225
18809,18809,-0.1634772924649952
18810,18810,-0.003280395118390296
18811,18811,-0.011498278338686246
18812,18812,-0.08184944271366135
18813,18813,-0.23279079848864548
18814,18814,-0.0209025346950088
18815,18815,-0.04311715265372998
18816,18816,-0.012677691603768977
18817,18817,-0.05104437840956566
18818,18818,-0.08031483915466033
18819,18819,-0.01882539598793198
18820,18820,-0.1006031626797552
18821,18821,-0.036509070373878405
18822,18822,-0.0441925760647105
18823,18823,-0.09007554403797968
18824,18824,-0.03679173673540259
18825,18825,-0.06053938811700954
18826,18826,-0.01495302660333033
18827,18827,-0.095348944892229
18828,18828,-0.020807417337560558
18829,18829,-0.38067770109406696
18830,18830,-0.16957725729152273
18831,18831,-0.05981301840937239
18832,18832,-0.04811855331262738
18833,18833,-0.1329121287232775
18834,18834,-0.22524106315064074
18835,18835,-0.04689868462308233
18836,18836,-0.39221669243524204
18837,18837,-0.009429765013826003
18838,18838,-0.00430271141825523
18839,18839,-0.31398406753315733
18840,18840,-0.05895118767438856
18841,18841,-0.19823681086705713
18842,18842,-0.038010615128615144
18843,18843,-0.06426486406947929
18844,18844,-0.010981841058203684
18845,18845,-0.16333285614529924
18846,18846,-0.18958049182427594
18847,18847,-0.3187171477186964
18848,18848,-0.09574336965501518
18849,18849,-0.005301933735108594
18850,18850,-0.028573241926256543
18851,18851,-0.19602893907922914
18852,18852,-0.009248020122302247
18853,18853,-0.002565174099689385
18854,18854,-0.06764192608858688
18855,18855,-0.0908401860532485
18856,18856,-0.050905105451339416
18857,18857,-0.14697164449389044
18858,18858,-0.021519881864515207
18859,18859,-0.0466058761409045
18860,18860,-0.03316145822059719
18861,18861,-0.05160429946876255
18862,18862,-0.02460907645157051
18863,18863,-0.1635638176219062
18864,18864,-0.19445834552904273
18865,18865,-0.18084964461219005
18866,18866,-0.11968855773539
18867,18867,-0.05538784258238211
18868,18868,-0.07587981812539327
18869,18869,-0.10477508672601943
18870,18870,-0.08997598261461859
18871,18871,-0.09321111509446212
18872,18872,-0.09119886264631072
18873,18873,-0.03692591008795265
18874,18874,-0.11861910267631837
18875,18875,-0.10087030503929117
18876,18876,-0.04778496392152087
18877,18877,-0.019508600834704848
18878,18878,-0.017240715575828625
18879,18879,-0.05566296731877098
18880,18880,-0.12195249582317047
18881,18881,-0.10737621576602299
18882,18882,-0.027972403715415983
18883,18883,-0.05099249658918892
18884,18884,-0.0185123018457114
18885,18885,-0.03815529466355427
18886,18886,-0.04660154972722544
18887,18887,-0.020817260228167423
18888,18888,-0.026864531182117096
18889,18889,-0.029284762445388687
18890,18890,-0.0125270648917395
18891,18891,-0.01597451660619323
18892,18892,-0.05684299843135543
18893,18893,-0.0012013526447625829
18894,18894,-0.28361069583325005
18895,18895,-0.05135362008795108
18896,18896,-0.013052574910163095
18897,18897,-0.05111898829742467
18898,18898,-0.24738788103434495
18899,18899,-0.039605171325066024
18900,18900,-0.21688270676789184
18901,18901,-0.019748808407840573
18902,18902,-0.01741449877584389
18903,18903,-0.023755445101656787
18904,18904,-0.02915284897046469
18905,18905,-0.04296398064685025
18906,18906,-0.33941513579296523
18907,18907,-0.021603848209671428
18908,18908,-0.12235423902059583
18909,18909,-0.060250458305088905
18910,18910,-0.129676995731582
18911,18911,-0.08373933248366427
18912,18912,-0.10640489714964341
18913,18913,-0.08390566287843804
18914,18914,-0.03579486651034858
18915,18915,-0.3098736285689725
18916,18916,-0.025594726383142086
18917,18917,-0.0762315465188298
18918,18918,-0.05335629673742304
18919,18919,-0.06451692803127307
18920,18920,-0.0247544114339322
18921,18921,-0.003996711305395044
18922,18922,-0.10194045488477566
18923,18923,-0.006376895453185427
18924,18924,-0.010495501013235327
18925,18925,-0.023696804085263486
18926,18926,-0.04330042008572588
18927,18927,-0.18444980378411202
18928,18928,-0.03285585001517017
18929,18929,-0.06444709477414268
18930,18930,-0.04090961251426187
18931,18931,-0.060617086982248325
18932,18932,-0.1370366035323234
18933,18933,-0.08237940224837248
18934,18934,-0.00035400413704284733
18935,18935,-0.009752865758164038
18936,18936,-0.06852760401659624
18937,18937,-0.1103427728266202
18938,18938,-0.019214083619358835
18939,18939,-0.22786693048769457
18940,18940,-0.041757210013664836
18941,18941,-0.06764999241504002
18942,18942,-0.03634348659549645
18943,18943,-0.22327285243527564
18944,18944,-0.08960656765906894
18945,18945,-0.08434805533946305
18946,18946,-0.014346159720066809
18947,18947,-0.0009167733131916671
18948,18948,-0.01558656412452189
18949,18949,-0.20304262573535015
18950,18950,-0.17766483706561775
18951,18951,-0.12950085426023678
18952,18952,-0.0129195943189081
18953,18953,-0.03680480101054151
18954,18954,-0.024223420601725554
18955,18955,-0.04061037279481184
18956,18956,-0.1307860497804272
18957,18957,-0.06922519039131336
18958,18958,-0.29235458163061706
18959,18959,-0.04440907759523882
18960,18960,-0.015350746506987561
18961,18961,-0.1158128061493926
18962,18962,-0.01792709088643732
18963,18963,-0.15199726729794805
18964,18964,-0.07722585989245978
18965,18965,-0.02092378894935138
18966,18966,-0.27975883992973793
18967,18967,-0.03786528917051302
18968,18968,-0.013141660504346203
18969,18969,-0.02414373222789115
18970,18970,-0.0018190062812187039
18971,18971,-0.011628843420522866
18972,18972,-0.12888243504024155
18973,18973,-0.12249877067339021
18974,18974,-0.01123360944018454
18975,18975,-0.05687254963382049
18976,18976,-0.021902554527347268
18977,18977,-0.2660320300129665
18978,18978,-0.004401775187110296
18979,18979,-0.014898342480824917
18980,18980,-0.11729823615088453
18981,18981,-0.11301326699328318
18982,18982,-0.0016619247709492666
18983,18983,-0.03615008391181741
18984,18984,-0.08828557448810795
18985,18985,-0.01763142166837945
18986,18986,-0.031984671367953355
18987,18987,-0.016352765432774002
18988,18988,-0.09248213858711829
18989,18989,-0.04536062202739169
18990,18990,-0.16027411991128204
18991,18991,-0.01846004158642478
18992,18992,-0.07870324358670244
18993,18993,-0.008042186540778845
18994,18994,-0.09721801815809311
18995,18995,-0.07184065558344566
18996,18996,-0.1168158166543849
18997,18997,-0.18763247231496516
18998,18998,-0.01122219902557342
18999,18999,-0.0786421237289634
19000,19000,-0.05037778929815895
19001,19001,-0.051157283017062155
19002,19002,-0.08898130969351714
19003,19003,-0.010260487365344156
19004,19004,-0.002292648461482154
19005,19005,-0.06415981730054054
19006,19006,-0.08040870360018859
19007,19007,-0.12255195583167167
19008,19008,-0.0896630632802351
19009,19009,-0.2423882558492796
19010,19010,-0.08281798344715306
19011,19011,-0.036801852474791535
19012,19012,-0.05366957122400795
19013,19013,-0.11215159299857236
19014,19014,-0.07609335992406763
19015,19015,-0.0584589397929596
19016,19016,-0.006193839871386888
19017,19017,-0.11805065209594379
19018,19018,-0.01643050908860888
19019,19019,-0.0014827123661617179
19020,19020,-0.010416984738503304
19021,19021,-0.031079054401652706
19022,19022,-0.17978705964636932
19023,19023,-0.05362442855814978
19024,19024,-0.20036007364108066
19025,19025,-0.5940000813489519
19026,19026,-0.023217072728412114
19027,19027,-0.11653202782787497
19028,19028,-0.12907283868420372
19029,19029,-0.036887234123935464
19030,19030,-0.014525996173628819
19031,19031,-0.08607653364401335
19032,19032,-0.05899337667041182
19033,19033,-0.04751208305463772
19034,19034,-0.0689166971807823
19035,19035,-0.00030171209489299113
19036,19036,-0.2508255470730085
19037,19037,-0.006812905086169094
19038,19038,-0.24454704506302338
19039,19039,-0.17959821696369893
19040,19040,-0.020529729112791495
19041,19041,-0.06929996343713984
19042,19042,-0.060035893667232276
19043,19043,-0.0539518090015731
19044,19044,-0.01268734323324397
19045,19045,-0.006647263565611468
19046,19046,-0.16819191812288814
19047,19047,-0.12436039125950504
19048,19048,-0.3148914782203378
19049,19049,-0.01786333034105303
19050,19050,-0.04872417497809878
19051,19051,-0.04745023937843662
19052,19052,-0.09945398421882204
19053,19053,-0.261707037559491
19054,19054,-0.2802684565621978
19055,19055,-0.35789239125537975
19056,19056,-0.18805212633711443
19057,19057,-0.32808339124264174
19058,19058,-0.08971419406756853
19059,19059,-0.012065526019293504
19060,19060,-0.064376029297879
19061,19061,-0.030140021435720366
19062,19062,-0.07916102604924202
19063,19063,-0.0020064105367612398
19064,19064,-0.0054154863880332416
19065,19065,-0.04422326298022217
19066,19066,-0.0036034763466320507
19067,19067,-0.032023089124418314
19068,19068,-0.13803345795945532
19069,19069,-0.2282165277310355
19070,19070,-0.08073287759025674
19071,19071,-0.18929904387586483
19072,19072,-0.08913164751048619
19073,19073,-0.0903001696099387
19074,19074,-0.011600877777080215
19075,19075,-0.1009022063376449
19076,19076,-0.007466761924050699
19077,19077,-0.13391988843317482
19078,19078,-0.08147573347545592
19079,19079,-0.004769957537992392
19080,19080,-0.04945851339086585
19081,19081,-0.029616029346967304
19082,19082,-0.23014788946428588
19083,19083,-0.05031932718294885
19084,19084,-0.022823834450433234
19085,19085,-0.009465328440449922
19086,19086,-0.021837691228445255
19087,19087,-0.024925777540721783
19088,19088,-0.15477334330361725
19089,19089,-0.007939726505510891
19090,19090,-0.10088609120126435
19091,19091,-0.19555010543202167
19092,19092,-0.004134370077041969
19093,19093,-0.10183231495334646
19094,19094,-0.0517167630317239
19095,19095,-0.007984457547601825
19096,19096,-0.06033820430165182
19097,19097,-0.015243343221322543
19098,19098,-0.048318048127537705
19099,19099,-0.013443401703727376
19100,19100,-0.08046614627471682
19101,19101,-0.06342206394909056
19102,19102,-0.016107437048038416
19103,19103,-0.06784498869527111
19104,19104,-0.05505007438288889
19105,19105,-0.024704959453430875
19106,19106,-0.13596432830956087
19107,19107,-0.1624387016800033
19108,19108,-0.024136498432302263
19109,19109,-0.06946000134521757
19110,19110,-0.06508668922546518
19111,19111,-0.11277502208488643
19112,19112,-0.041465981910958516
19113,19113,-0.11129959378353649
19114,19114,-0.006674682639393359
19115,19115,-0.007454291768241507
19116,19116,-0.012985880123103977
19117,19117,-0.12620423157430027
19118,19118,-0.007477010960133895
19119,19119,-0.039442406781738444
19120,19120,-0.018472417919027095
19121,19121,-0.005427699918273549
19122,19122,-0.02320282895232506
19123,19123,-0.007351146337074545
19124,19124,-0.012404260517782012
19125,19125,-0.009424767819740831
19126,19126,-0.051999117707479336
19127,19127,-0.13863793121773899
19128,19128,-0.12612535567173616
19129,19129,-0.05460257753217321
19130,19130,-0.10933158633429063
19131,19131,-0.0029188632748190016
19132,19132,-0.13624005962805796
19133,19133,-0.021781477208024924
19134,19134,-0.11935890421003137
19135,19135,-0.06193955543418017
19136,19136,-0.033398131876297706
19137,19137,-0.03922517584293894
19138,19138,-0.02495990122902915
19139,19139,-0.02670283394029785
19140,19140,-0.05965667642684824
19141,19141,-0.1045766465152953
19142,19142,-0.00015141604088470255
19143,19143,-0.002862253956768084
19144,19144,-0.10645144476989983
19145,19145,-0.031005036786753704
19146,19146,-0.14461541700782599
19147,19147,-0.07254051508145398
19148,19148,-0.061312303826217725
19149,19149,-0.07336954589503952
19150,19150,-0.011595859814942034
19151,19151,-0.04100361568456956
19152,19152,-0.10795500944812719
19153,19153,-0.0868768957209376
19154,19154,-0.3120584626457027
19155,19155,-0.07461065979380488
19156,19156,-0.13301954377107572
19157,19157,-0.02068435229524674
19158,19158,-0.1239172418588641
19159,19159,-0.09775734304298125
19160,19160,-0.06912265004546006
19161,19161,-0.19154571949299773
19162,19162,-0.18226389513898456
19163,19163,-0.21112048040109999
19164,19164,-0.19740357326219637
19165,19165,-0.34259172427481
19166,19166,-0.046791595397357555
19167,19167,-0.16225485395209394
19168,19168,-0.031973365200894915
19169,19169,-0.08784013042875849
19170,19170,-0.24342137993785973
19171,19171,-0.0852351752509134
19172,19172,-0.2569969731262618
19173,19173,-0.051710627273751086
19174,19174,-0.0005589852119954625
19175,19175,-0.03897239638079644
19176,19176,-0.2775066986262446
19177,19177,-0.18349830106018183
19178,19178,-0.09475808233754357
19179,19179,-0.0904639526604556
19180,19180,-0.010243747269152177
19181,19181,-0.015888447327216088
19182,19182,-0.10415269748099087
19183,19183,-0.042150720591566326
19184,19184,-0.02549937647746703
19185,19185,-0.04189228857402638
19186,19186,-0.0072291507961113124
19187,19187,-0.019608791754987642
19188,19188,-0.05695610595801981
19189,19189,-0.2051743065996181
19190,19190,-0.05565258820546204
19191,19191,-0.014399605522303377
19192,19192,-0.0060443000385552725
19193,19193,-0.05006158405040484
19194,19194,-0.05677347029671376
19195,19195,-0.0573955891911071
19196,19196,-0.03661269376491198
19197,19197,-0.020893068426780403
19198,19198,-0.1661766959119425
19199,19199,-0.08491308682416376
19200,19200,-0.0011749066029232494
19201,19201,-0.09982673354317129
19202,19202,-0.08752784112550716
19203,19203,-0.11362355188417483
19204,19204,-0.024173154207335346
19205,19205,-0.03151509576775105
19206,19206,-0.15405947726128588
19207,19207,-0.2725665050960693
19208,19208,-0.08097269526113227
19209,19209,-0.2193321040509031
19210,19210,-0.0664777445678979
19211,19211,-0.012805006535019287
19212,19212,-0.019009194808530916
19213,19213,-0.26461568048758544
19214,19214,-0.01744874903797801
19215,19215,-0.178507292943495
19216,19216,-0.048084750110797714
19217,19217,-0.12960195571253286
19218,19218,-2.9324426154534356e-05
19219,19219,-0.05844265000265958
19220,19220,-0.05248131399262974
19221,19221,-0.08056313163121276
19222,19222,-0.04908055605511663
19223,19223,-0.02991718842513169
19224,19224,-0.06088173127552754
19225,19225,-0.22264576516315637
19226,19226,-0.012433334268622948
19227,19227,-0.04761167371752254
19228,19228,-0.2870647412366911
19229,19229,-0.007654859123882378
19230,19230,-0.013689730084396508
19231,19231,-0.05527774593527168
19232,19232,-0.1262911854581007
19233,19233,-0.037965239130621775
19234,19234,-0.22059521350679434
19235,19235,-0.0013869552593465465
19236,19236,-0.04850883118807359
19237,19237,-0.06194708374967384
19238,19238,-0.003997503384809954
19239,19239,-0.003193238100879252
19240,19240,-0.01655515433955057
19241,19241,-0.04173847833798445
19242,19242,-0.15528167693952988
19243,19243,-0.12950014150677847
19244,19244,-0.059361063387003275
19245,19245,-0.05519516986513928
19246,19246,-0.06287618513507731
19247,19247,-0.10429337957515161
19248,19248,-0.3321603321978338
19249,19249,-0.0940755865838967
19250,19250,-0.11074880823347089
19251,19251,-0.19410845353008632
19252,19252,-0.0062636993774589644
19253,19253,-0.030639392443674862
19254,19254,-0.005565377888109291
19255,19255,-0.18546759528496537
19256,19256,-0.04397284170980645
19257,19257,-0.10170913850771512
19258,19258,-0.035493513627180145
19259,19259,-0.045943230408937996
19260,19260,-0.014226525509144522
19261,19261,-0.10917288739548472
19262,19262,-0.04216131180865734
19263,19263,-0.05281802570070282
19264,19264,-0.02673827108915927
19265,19265,-0.19898407527267814
19266,19266,-0.03783716233123935
19267,19267,-0.011021207979671994
19268,19268,-0.24464069141074818
19269,19269,-0.10426865904079874
19270,19270,-0.056344823978442204
19271,19271,-0.07041817917149354
19272,19272,-0.1747896428654834
19273,19273,-0.14771013577107228
19274,19274,-0.4001164778210331
19275,19275,-0.05902402329518586
19276,19276,-0.19636676215445803
19277,19277,-0.23153047658117032
19278,19278,-0.06444934204325836
19279,19279,-0.1095519862673644
19280,19280,-0.0574315185295432
19281,19281,-0.12412176557280219
19282,19282,-0.09186341956895305
19283,19283,-0.028610208304801432
19284,19284,-0.03330771718290082
19285,19285,-0.009556046683301601
19286,19286,-0.21777654292867865
19287,19287,-0.0764084211255398
19288,19288,-0.023808568023784324
19289,19289,-0.03575230626846327
19290,19290,-0.01374799880034705
19291,19291,-0.013917282458934116
19292,19292,-0.036595832396565386
19293,19293,-0.10117490971125065
19294,19294,-0.010900976630895426
19295,19295,-0.12858348673022713
19296,19296,-0.5150212646790493
19297,19297,-0.06162472263449373
19298,19298,-0.03475719440057701
19299,19299,-0.08880561523894048
19300,19300,-0.19824128330298452
19301,19301,-0.0647766755679702
19302,19302,-0.018337936925371584
19303,19303,-0.030757117790515487
19304,19304,-0.03410597880355104
19305,19305,-0.11184561746699906
19306,19306,-0.029977410246107228
19307,19307,-0.20401958815682697
19308,19308,-0.020338358577282084
19309,19309,-0.12831458874211868
19310,19310,-0.0556585261576098
19311,19311,-0.22752684870314654
19312,19312,-0.07058154603088207
19313,19313,-5.303101363200258e-05
19314,19314,-0.019368476205913976
19315,19315,-0.25282707590075093
19316,19316,-0.11609679679882134
19317,19317,-0.15908008862400402
19318,19318,-0.03302077279551563
19319,19319,-0.031768881994649556
19320,19320,-0.14466356970948846
19321,19321,-0.07514302228499414
19322,19322,-0.0006179596811070705
19323,19323,-0.048898096500718524
19324,19324,-0.1918118374210125
19325,19325,-0.031367802299206216
19326,19326,-0.09797140957685502
19327,19327,-0.15791860407573965
19328,19328,-0.1244520228478283
19329,19329,-0.010641252619119253
19330,19330,-0.005695739859178511
19331,19331,-0.04753753000181882
19332,19332,-0.08354772844787295
19333,19333,-0.1994601238025635
19334,19334,-0.03342956266740027
19335,19335,-0.15588398097050604
19336,19336,-0.08667000394326552
19337,19337,-0.03985507740605255
19338,19338,-0.05249708264324604
19339,19339,-0.42473514486702335
19340,19340,-0.046765394391112824
19341,19341,-0.04903237697370333
19342,19342,-0.025110517745493888
19343,19343,-0.018662304405879265
19344,19344,-0.012791448961132629
19345,19345,-0.04742142375904257
19346,19346,-0.027555624726858796
19347,19347,-0.04125979429543769
19348,19348,-0.08158511374671573
19349,19349,-0.014593083383602878
19350,19350,-0.05024796611519958
19351,19351,-0.03963454687079371
19352,19352,-0.3842348537977718
19353,19353,-0.05646013005568762
19354,19354,-0.018016568594934168
19355,19355,-0.06329966035579704
19356,19356,-0.18157896429504675
19357,19357,-0.010456068418756043
19358,19358,-0.01750669373712921
19359,19359,-0.22839089692478076
19360,19360,-0.12427690619213871
19361,19361,-0.05603386742142302
19362,19362,-0.04305871469155245
19363,19363,-0.02048300108416607
19364,19364,-0.1162800318676889
19365,19365,-0.12635370606896013
19366,19366,-0.06205591063710614
19367,19367,-0.17586614756106858
19368,19368,-0.015721258792501663
19369,19369,-0.048857923389717235
19370,19370,-0.10575643723375008
19371,19371,-0.15446469210751346
19372,19372,-0.21101740490061804
19373,19373,-0.11465891186680277
19374,19374,-0.11238704688739931
19375,19375,-0.011736082206088155
19376,19376,-0.029271221216970678
19377,19377,-0.07370748903819846
19378,19378,-0.03516898470572151
19379,19379,-0.03202068789217045
19380,19380,-0.02673896721165403
19381,19381,-0.012183632320819787
19382,19382,-0.10469456655118611
19383,19383,-0.11549168222031228
19384,19384,-0.06562255888518476
19385,19385,-0.006628538984083693
19386,19386,-0.024916971848934488
19387,19387,-0.004803189617606313
19388,19388,-0.08007881642725503
19389,19389,-0.03756185643585541
19390,19390,-0.013543422352230161
19391,19391,-0.4120879010279239
19392,19392,-0.15799010515082934
19393,19393,-0.07152433046666407
19394,19394,-0.16528935016962898
19395,19395,-0.18079057133510057
19396,19396,-0.01723339859576692
19397,19397,-0.10724793664629306
19398,19398,-0.17561431392853477
19399,19399,-0.1977768992048388
19400,19400,-0.20343150498373952
19401,19401,-0.0440169084987237
19402,19402,-0.11084865987142623
19403,19403,-0.18809408709372422
19404,19404,-0.051183543353658933
19405,19405,-0.11034718892663009
19406,19406,-0.02905761603229709
19407,19407,-0.013821152087942018
19408,19408,-0.019114793411329663
19409,19409,-0.15042006337505232
19410,19410,-0.28175465378873144
19411,19411,-0.08405522830719436
19412,19412,-0.0006255031200595122
19413,19413,-0.030851374812977728
19414,19414,-0.09005262549221005
19415,19415,-0.12328753307644916
19416,19416,-0.2052292091728789
19417,19417,-0.1833087717834876
19418,19418,-0.04340607868041646
19419,19419,-0.08040717533120478
19420,19420,-0.06880546285426858
19421,19421,-0.2951294300797339
19422,19422,-0.020744602895833714
19423,19423,-0.07144212503260239
19424,19424,-0.013342678995260204
19425,19425,-0.17801981249240884
19426,19426,-0.07248468056543089
19427,19427,-0.040683860793310905
19428,19428,-0.04036786733709452
19429,19429,-0.05722763957459387
19430,19430,-0.045942720924594865
19431,19431,-0.05682424101223704
19432,19432,-0.08511982787738989
19433,19433,-0.12421047999773771
19434,19434,-0.03723103151837243
19435,19435,-0.1111310959930365
19436,19436,-0.029418064288642132
19437,19437,-0.002910312934474026
19438,19438,-0.042109645472258816
19439,19439,-0.027710290439718954
19440,19440,-0.15803422768278352
19441,19441,-0.0935129017033356
19442,19442,-0.03622155713868394
19443,19443,-0.3149231130459147
19444,19444,-0.07333147559802244
19445,19445,-0.11015587891120093
19446,19446,-0.05384380231043687
19447,19447,-0.10919484072150265
19448,19448,-0.02095808458393262
19449,19449,-0.01175828351186476
19450,19450,-0.044689200300263715
19451,19451,-0.22460632315296708
19452,19452,-0.1317367899937545
19453,19453,-0.0008020562730714641
19454,19454,-0.11206435761075584
19455,19455,-0.12396477006945128
19456,19456,-0.04181832959414411
19457,19457,-0.12261204586579044
19458,19458,-0.04374806724763092
19459,19459,-0.15642992620788632
19460,19460,-0.32843222672787864
19461,19461,-0.024876292602431627
19462,19462,-0.11516147873317895
19463,19463,-0.16941179174423215
19464,19464,-0.3873263946895378
19465,19465,-0.021388580553189596
19466,19466,-0.026335321996116434
19467,19467,-0.02980732376076567
19468,19468,-0.028166677215986202
19469,19469,-0.2704001152857874
19470,19470,-0.025541307646633565
19471,19471,-0.037007938693407016
19472,19472,-0.060419496558981295
19473,19473,-0.06007856778993048
19474,19474,-0.18673173879866056
19475,19475,-0.11818553831095938
19476,19476,-0.01492372486782323
19477,19477,-0.3808827804626064
19478,19478,-0.015406490403213874
19479,19479,-0.13753829021724118
19480,19480,-0.04753488246731011
19481,19481,-0.03641994959622544
19482,19482,-0.016678318194864088
19483,19483,-0.014847453060398697
19484,19484,-0.013806116994257711
19485,19485,-0.2044285223980728
19486,19486,-0.049050831602139855
19487,19487,-0.09718143426603598
19488,19488,-0.10708668673147237
19489,19489,-0.2513920298783354
19490,19490,-0.049835931071998046
19491,19491,-0.019214673158404638
19492,19492,-0.04508028865482905
19493,19493,-0.049703451498024354
19494,19494,-0.2812883279217093
19495,19495,-0.20925010236813704
19496,19496,-0.09402402255462627
19497,19497,-0.09982158640570671
19498,19498,-0.018957427304953117
19499,19499,-0.062213170776260984
19500,19500,-0.23141428405610934
19501,19501,-0.1932014544353433
19502,19502,-0.04737072128759312
19503,19503,-0.0945457347434342
19504,19504,-0.1991851264686676
19505,19505,-0.13374833813973774
19506,19506,-0.09978510082117664
19507,19507,-0.021413310766402543
19508,19508,-0.012866368979034926
19509,19509,-0.11333848948050207
19510,19510,-0.13812483295902434
19511,19511,-0.011435151571147745
19512,19512,-0.24759227933327932
19513,19513,-0.1643909796004288
19514,19514,-0.16820248151799477
19515,19515,-0.030866019690738655
19516,19516,-0.024675209022627462
19517,19517,-0.00812619995400305
19518,19518,-0.04442682202570758
19519,19519,-0.04666682508722175
19520,19520,-0.07767159712410943
19521,19521,-0.041758272827638665
19522,19522,-0.1276332327201675
19523,19523,-0.02949331245479417
19524,19524,-0.14912623287804694
19525,19525,-0.0014869845566511941
19526,19526,-0.12888164749986564
19527,19527,-0.2494182280679258
19528,19528,-0.0857389971021594
19529,19529,-0.0340757418114106
19530,19530,-0.03296300210227976
19531,19531,-0.09152306696789658
19532,19532,-0.019250627627246525
19533,19533,-0.17395053282987227
19534,19534,-0.1493614585050046
19535,19535,-0.09358790197927824
19536,19536,-0.020399689051655234
19537,19537,-0.027462818378862892
19538,19538,-0.05287030185125108
19539,19539,-0.13679027261544263
19540,19540,-0.16536119755761414
19541,19541,-0.06169907075968872
19542,19542,-0.000700883820645926
19543,19543,-0.043912452542982844
19544,19544,-0.16666246699915382
19545,19545,-0.03019254881454092
19546,19546,-0.050036455454930184
19547,19547,-0.046130097754832566
19548,19548,-0.035095543480182845
19549,19549,-0.05513181517034539
19550,19550,-0.16249438600201238
19551,19551,-0.050101930815920515
19552,19552,-0.1924922895461756
19553,19553,-0.2190092295130981
19554,19554,-0.22425119031997476
19555,19555,-0.0359836844500957
19556,19556,-0.04496977395121893
19557,19557,-0.13563871989604026
19558,19558,-0.12873387665500005
19559,19559,-0.22083114937024462
19560,19560,-0.015909615765083235
19561,19561,-0.021672980582626566
19562,19562,-0.06075288888719925
19563,19563,-0.033017552510236414
19564,19564,-0.13700473943354696
19565,19565,-0.07007520007629475
19566,19566,-0.057491779574164514
19567,19567,-0.03448003058969196
19568,19568,-0.047854523224434176
19569,19569,-0.052500215755043406
19570,19570,-0.002178994316848426
19571,19571,-0.009992603951683582
19572,19572,-0.22944918088987443
19573,19573,-0.07746277563359263
19574,19574,-0.09799747189067753
19575,19575,-0.07950662376176157
19576,19576,-0.03179764246123984
19577,19577,-0.1473084916408525
19578,19578,-0.027495683194209437
19579,19579,-0.14872872250814784
19580,19580,-0.0016719186739045833
19581,19581,-0.03538983254242567
19582,19582,-0.051975972383374654
19583,19583,-0.07969141841216132
19584,19584,-0.07024847469054984
19585,19585,-0.07226816125778213
19586,19586,-0.2454856049141113
19587,19587,-0.07750513814124321
19588,19588,-0.14430589559974571
19589,19589,-0.2841208296860557
19590,19590,-0.01399574166802045
19591,19591,-0.12737693741168643
19592,19592,-0.028778933132560525
19593,19593,-0.0014910506077304157
19594,19594,-0.021962428555935692
19595,19595,-0.2360713877877889
19596,19596,-0.055818024578397935
19597,19597,-0.018709294397243892
19598,19598,-0.009661314991581654
19599,19599,-0.01175825070720174
19600,19600,-0.2750564474977488
19601,19601,-0.1309279557825456
19602,19602,-0.10879815724762043
19603,19603,-0.055975806201158385
19604,19604,-0.15599640796244796
19605,19605,-0.012555889098803924
19606,19606,-0.044845211320149514
19607,19607,-0.3065130216506362
19608,19608,-0.1767996673072476
19609,19609,-0.037555383413717114
19610,19610,-0.19810012829541457
19611,19611,-0.14083603869026007
19612,19612,-0.05617097538473332
19613,19613,-0.29310280787961007
19614,19614,-0.020807623207111825
19615,19615,-0.06836873226534479
19616,19616,-0.004948104707853954
19617,19617,-0.047674420152414194
19618,19618,-0.09195722111461324
19619,19619,-0.009382917448856026
19620,19620,-0.05281957837435769
19621,19621,-0.06310919395614123
19622,19622,-0.14841908249588454
19623,19623,-0.12141844864206608
19624,19624,-0.14449289491568829
19625,19625,-0.13948557040880527
19626,19626,-0.004892288000436118
19627,19627,-0.05109213182604411
19628,19628,-0.12978357356094428
19629,19629,-0.061670883788503605
19630,19630,-0.07766599218829962
19631,19631,-0.00011074484494456928
19632,19632,-0.12828883292801407
19633,19633,-0.10408873112627148
19634,19634,-0.0074513877622313365
19635,19635,-0.12468891550736652
19636,19636,-0.206312447044101
19637,19637,-0.03362418953773627
19638,19638,-0.12701031162442805
19639,19639,-0.09668019056391275
19640,19640,-0.00041181034582236107
19641,19641,-0.23670460636909185
19642,19642,-0.08520690900515525
19643,19643,-0.3588519890543762
19644,19644,-0.017798650145009573
19645,19645,-0.583906479041227
19646,19646,-0.017933856540194287
19647,19647,-0.04103802505067522
19648,19648,-0.13124038693243634
19649,19649,-0.03656510581988082
19650,19650,-0.07469522583213362
19651,19651,-0.0032377697166427813
19652,19652,-0.11536308777750026
19653,19653,-0.04673857944254512
19654,19654,-0.05048573668989598
19655,19655,-0.11787102707392452
19656,19656,-0.0067436879538835676
19657,19657,-0.00911751199971303
19658,19658,-0.0025296657864740182
19659,19659,-0.11359714348570416
19660,19660,-0.10392936241562456
19661,19661,-0.020515955580416807
19662,19662,-0.09548240027943378
19663,19663,-0.2895274260357847
19664,19664,-0.08795121494326377
19665,19665,-0.007216549916938542
19666,19666,-0.254995308109046
19667,19667,-0.02908979881479523
19668,19668,-0.06421806995476945
19669,19669,-0.10482880954159501
19670,19670,-0.22699403614801475
19671,19671,-0.027593059455054365
19672,19672,-0.22265295403388352
19673,19673,-0.03177103988353247
19674,19674,-0.0024945981186611666
19675,19675,-0.0968521164882839
19676,19676,-0.16475751534391148
19677,19677,-0.06441054770864899
19678,19678,-0.21151549539679507
19679,19679,-0.06400668089236616
19680,19680,-0.29506103988577703
19681,19681,-0.011160003564126192
19682,19682,-0.40641856855200764
19683,19683,-0.009291545881820601
19684,19684,-0.4319114987011058
19685,19685,-0.16260400258330243
19686,19686,-0.034603316842482745
19687,19687,-0.04721338828284127
19688,19688,-0.04702347465528389
19689,19689,-0.006166896891126733
19690,19690,-0.0399328630545108
19691,19691,-0.21705803523458592
19692,19692,-0.012838823527269403
19693,19693,-0.09387704489738136
19694,19694,-0.05291821164634636
19695,19695,-0.203595008638775
19696,19696,-0.06174697732913936
19697,19697,-0.18546726511741543
19698,19698,-0.060640417965934564
19699,19699,-0.08844202105309451
19700,19700,-0.03382673406890402
19701,19701,-0.08900664058974256
19702,19702,-0.12399266006715959
19703,19703,-0.006192031543710182
19704,19704,-0.08085354445572904
19705,19705,-0.02289846477322957
19706,19706,-0.13700766688765542
19707,19707,-0.023186324513473085
19708,19708,-0.03131120040739477
19709,19709,-0.017048412376263866
19710,19710,-0.015585583163882477
19711,19711,-0.26599193382342934
19712,19712,-0.12468044230376452
19713,19713,-0.10534258070058178
19714,19714,-0.03851777836678716
19715,19715,-0.0007542405288188861
19716,19716,-0.21255617506888502
19717,19717,-0.002818651283433869
19718,19718,-0.04609861655433367
19719,19719,-0.04649525234858898
19720,19720,-0.006076043518924129
19721,19721,-0.06491608892181411
19722,19722,-0.19875247981878097
19723,19723,-0.10887419696850476
19724,19724,-0.006683588854460298
19725,19725,-0.0017658825244609797
19726,19726,-0.24078989883655488
19727,19727,-0.007838310804085619
19728,19728,-0.142957464778656
19729,19729,-0.17015856420160091
19730,19730,-0.04626568183068009
19731,19731,-0.19711528118571853
19732,19732,-0.10985340608825614
19733,19733,-0.0017588224953970014
19734,19734,-0.012781282894104878
19735,19735,-0.10589305253271533
19736,19736,-0.057889825228724795
19737,19737,-0.08166833897877712
19738,19738,-0.0338401256138543
19739,19739,-0.07594293562113608
19740,19740,-0.05008417759438448
19741,19741,-0.15174027954148261
19742,19742,-0.025978821653602685
19743,19743,-0.0031516934367157856
19744,19744,-0.051761452689373155
19745,19745,-0.3501861018165844
19746,19746,-0.13043053676899286
19747,19747,-0.08360622583715271
19748,19748,-0.11986955732983917
19749,19749,-0.06571167757035257
19750,19750,-0.049674592905570525
19751,19751,-0.052132249202309994
19752,19752,-0.26277312962166555
19753,19753,-0.05869751599326645
19754,19754,-0.014641498177053514
19755,19755,-0.048897514460396696
19756,19756,-0.08223066879991203
19757,19757,-0.034114423898900625
19758,19758,-0.0015807473424222962
19759,19759,-0.06037393681772965
19760,19760,-0.11264619327832026
19761,19761,-0.06390661329459413
19762,19762,-0.12117975142649451
19763,19763,-0.006152604845292231
19764,19764,-0.007916356509914096
19765,19765,-0.07080639933412584
19766,19766,-0.00681247538260122
19767,19767,-0.37961211327128064
19768,19768,-0.24285913626121136
19769,19769,-0.20982404221234507
19770,19770,-0.28051280259216504
19771,19771,-0.032855990797892365
19772,19772,-0.1978978077394329
19773,19773,-0.04723795186074867
19774,19774,-0.05094104094979679
19775,19775,-0.012243410097363183
19776,19776,-0.028343027505100767
19777,19777,-0.4081855998099204
19778,19778,-0.09843246120367699
19779,19779,-0.11653280835713942
19780,19780,-0.13539978027395175
19781,19781,-0.07425908211734944
19782,19782,-0.481677319293798
19783,19783,-0.2632508616606164
19784,19784,-0.1923837373264422
19785,19785,-0.10356902357267497
19786,19786,-0.058072290059567155
19787,19787,-0.08395878998350259
19788,19788,-0.139531722486947
19789,19789,-0.031927565770371036
19790,19790,-0.06396489027942431
19791,19791,-0.026212464603834425
19792,19792,-0.019249704424223246
19793,19793,-0.003254230654282299
19794,19794,-0.02146316729673503
19795,19795,-0.049676231272279825
19796,19796,-0.20043318859142012
19797,19797,-0.030530460888746953
19798,19798,-0.026251567831777622
19799,19799,-0.11771010511678798
19800,19800,-0.0179014571470876
19801,19801,-0.02102919097007923
19802,19802,-0.2049324548419813
19803,19803,-0.2598390681002636
19804,19804,-0.01926916410011048
19805,19805,-0.003832356237629231
19806,19806,-0.0335595263493379
19807,19807,-0.1512930192273773
19808,19808,-0.0771806247033352
19809,19809,-0.15339815473260643
19810,19810,-0.07548400928922996
19811,19811,-0.04217493919845072
19812,19812,-0.024309778273728933
19813,19813,-0.05565030593150988
19814,19814,-0.1992456254646644
19815,19815,-0.013525747354115396
19816,19816,-0.06583702487580188
19817,19817,-0.023434636446162754
19818,19818,-0.12920509718689477
19819,19819,-0.04312339087791742
19820,19820,-0.011438594770438794
19821,19821,-0.011813248444740111
19822,19822,-0.02812143034239007
19823,19823,-0.09618293653254828
19824,19824,-0.09284506963509731
19825,19825,-0.05310378449614331
19826,19826,-0.11712587614930617
19827,19827,-0.20346257203592844
19828,19828,-0.135237224840552
19829,19829,-0.3608581637268444
19830,19830,-0.10059180591398986
19831,19831,-0.11894055338447386
19832,19832,-0.09607981122966391
19833,19833,-0.004937123834269502
19834,19834,-0.009354892165927886
19835,19835,-0.07517009069953787
19836,19836,-0.07877430101665851
19837,19837,-0.005429270601151226
19838,19838,-0.017292509134835043
19839,19839,-0.18361445379683694
19840,19840,-0.0008802792991833498
19841,19841,-0.01119286395309832
19842,19842,-0.011549264317706198
19843,19843,-0.024645260292164878
19844,19844,-0.03764108861637194
19845,19845,-0.1363428976266423
19846,19846,-0.038035078777827636
19847,19847,-0.11748621680466886
19848,19848,-0.02165047047641555
19849,19849,-0.10888395181516808
19850,19850,-0.01309376975997803
19851,19851,-0.027511112143917688
19852,19852,-0.032532937337469675
19853,19853,-0.08838098975768605
19854,19854,-0.07730731840618299
19855,19855,-0.03457181828702771
19856,19856,-0.27841518331746684
19857,19857,-0.11731828606363959
19858,19858,-0.07287815813516174
19859,19859,-0.29474491746595
19860,19860,-0.0929992994551932
19861,19861,-0.054835505200053536
19862,19862,-0.06817197379737439
19863,19863,-0.04251911443612866
19864,19864,-0.18681078277660587
19865,19865,-0.21053092766985415
19866,19866,-0.047740851867077994
19867,19867,-0.0746349618979304
19868,19868,-0.0069275354823999935
19869,19869,-0.03131561640245287
19870,19870,-0.018715481116976726
19871,19871,-0.06825316178619335
19872,19872,-0.33456867378640176
19873,19873,-0.19863735879026345
19874,19874,-0.086090685545813
19875,19875,-0.005927012465064163
19876,19876,-0.07246764752625978
19877,19877,-0.10888951606503786
19878,19878,-0.020685257639465604
19879,19879,-0.1111497077929916
19880,19880,-0.1796835142462232
19881,19881,-0.3547141091447963
19882,19882,-0.06342197793464033
19883,19883,-0.0813992660233277
19884,19884,-0.11484543537398295
19885,19885,-0.29789355839757825
19886,19886,-0.3918540596294169
19887,19887,-0.05180277382555376
19888,19888,-0.010996388840273347
19889,19889,-0.04204971112976009
19890,19890,-0.026609041241740572
19891,19891,-0.1060969067634413
19892,19892,-0.10141080042591799
19893,19893,-0.11200479081640602
19894,19894,-0.14025689247594564
19895,19895,-0.05687050722429692
19896,19896,-0.24539213409584315
19897,19897,-0.0726521942338132
19898,19898,-0.00012072134774221706
19899,19899,-0.06343202216548882
19900,19900,-0.04137975340812361
19901,19901,-0.19841290874170747
19902,19902,-0.24703168769985462
19903,19903,-0.1577820424967804
19904,19904,-0.01327829566071604
19905,19905,-0.11431099927939892
19906,19906,-0.05645886568992131
19907,19907,-0.03325678489896691
19908,19908,-0.07636291381573257
19909,19909,-0.11012725971192205
19910,19910,-0.09478567036185465
19911,19911,-0.3105480839699326
19912,19912,-0.08820535168224808
19913,19913,-0.1586817575786954
19914,19914,-0.016933666741753346
19915,19915,-0.3403377962621068
19916,19916,-0.027174354483566754
19917,19917,-0.035662871102571166
19918,19918,-0.031769085958104376
19919,19919,-0.04087128662147832
19920,19920,-0.16909754745086492
19921,19921,-0.029047661526800272
19922,19922,-0.0551938700414234
19923,19923,-0.06566827750179771
19924,19924,-0.0018136179722329296
19925,19925,-0.14730268684260753
19926,19926,-0.09171682556527616
19927,19927,-0.04600523729660788
19928,19928,-0.0011941880703264952
19929,19929,-0.034986183469236765
19930,19930,-0.0286169544595936
19931,19931,-0.05760034810365966
19932,19932,-0.04513675464655709
19933,19933,-0.0232661486936854
19934,19934,-0.1073407249942423
19935,19935,-0.005423530670411077
19936,19936,-0.01993209760571102
19937,19937,-0.16340450811498686
19938,19938,-0.27815650589368746
19939,19939,-0.07749870896378186
19940,19940,-0.16705934639333364
19941,19941,-0.051392255670319575
19942,19942,-0.006591157384299974
19943,19943,-0.03405015919850258
19944,19944,-0.188461169484349
19945,19945,-0.22080919507093322
19946,19946,-0.06305550140427851
19947,19947,-0.016197611576288212
19948,19948,-0.01502109807141716
19949,19949,-0.5029197905695626
19950,19950,-0.07049156146689217
19951,19951,-0.0023713876084186306
19952,19952,-0.12381745178053649
19953,19953,-0.08804711497562012
19954,19954,-0.040096256459368936
19955,19955,-0.21311151891692504
19956,19956,-0.20287084870794914
19957,19957,-0.01364839963548637
19958,19958,-0.013344939018361784
19959,19959,-0.0640173313424347
19960,19960,-0.28670608351753835
19961,19961,-0.2056135973128087
19962,19962,-0.017175758565908916
19963,19963,-0.17081533861088716
19964,19964,-0.2578655269194918
19965,19965,-0.011291174329978393
19966,19966,-0.045831465884024536
19967,19967,-0.012535175079754664
19968,19968,-0.1220693375661086
19969,19969,-0.06406116054890434
19970,19970,-0.013599723970006444
19971,19971,-0.4458547774836537
19972,19972,-0.002374853395049588
19973,19973,-0.2805250900492755
19974,19974,-0.20740998545968248
19975,19975,-0.041819195977265355
19976,19976,-0.02769408762631742
19977,19977,-0.04975294842572586
19978,19978,-0.042063713848844775
19979,19979,-0.03964988498897404
19980,19980,-0.13418811132371822
19981,19981,-0.028892884425127385
19982,19982,-0.1231880245307374
19983,19983,-0.15438696298541688
19984,19984,-0.06573294456437617
19985,19985,-0.1408588060872913
19986,19986,-0.07443153515238565
19987,19987,-0.06048770259259609
19988,19988,-0.027690177577462394
19989,19989,-0.03395470795114541
19990,19990,-0.30024578730861606
19991,19991,-0.14508218805902307
19992,19992,-0.09889078532252427
19993,19993,-0.15687373758768386
19994,19994,-0.12358778158320133
19995,19995,-0.3104317618223522
19996,19996,-0.017395547501082877
19997,19997,-0.0076947997961454295
19998,19998,-0.12294021925882692
19999,19999,-0.11110307492707294
