,episode,reward
0,0,-0.93549025974899
1,1,-0.36630372093936536
2,2,-0.39762894330783105
3,3,-0.9049749256092401
4,4,-0.8348330539213169
5,5,-0.33069695758882744
6,6,-0.6989721830967177
7,7,-0.822736952465549
8,8,-0.93549025974899
9,9,-0.9078952689327515
10,10,-0.4968432707320023
11,11,-0.7179610772276313
12,12,-0.2470086183284269
13,13,-0.7410684826810741
14,14,-0.6133523646090229
15,15,-0.5753546288788147
16,16,-0.93549025974899
17,17,-0.274914261720534
18,18,-0.93549025974899
19,19,-0.6476297787697849
20,20,-0.5351949654497368
21,21,-0.8307430552093287
22,22,-0.7312037064804144
23,23,-0.49876541311995837
24,24,-0.45673061006719173
25,25,-0.93549025974899
26,26,-0.39303731640098505
27,27,-0.29001083479060163
28,28,-0.7995996887383416
29,29,-0.2287355240574122
30,30,-0.7789952557191615
31,31,-0.6093984902276706
32,32,-0.8179526215373745
33,33,-0.93549025974899
34,34,-0.6925650684492215
35,35,-0.5432019324657418
36,36,-0.6111829319963977
37,37,-0.7726244366032109
38,38,-0.6069408085229728
39,39,-0.5165207407604258
40,40,-0.93549025974899
41,41,-0.8345772737495327
42,42,-0.8846520836699803
43,43,-0.9302345651392052
44,44,-0.6543409454571929
45,45,-0.6993005668689705
46,46,-0.31005696188419307
47,47,-0.7423494493492697
48,48,-0.4849078379403764
49,49,-0.6026404238197802
50,50,-0.93549025974899
51,51,-0.8102582733749912
52,52,-0.6948891248951004
53,53,-0.7995024516084417
54,54,-0.5257483772208063
55,55,-0.8228842006003312
56,56,-0.692876356717111
57,57,-0.6243778074709869
58,58,-0.4169731114324393
59,59,-0.5541280013665486
60,60,-0.40433077256860805
61,61,-0.4820055468522533
62,62,-0.35596725299151366
63,63,-0.6577232592159863
64,64,-0.5395665986095999
65,65,-0.93549025974899
66,66,-0.7317725661528929
67,67,-0.675109845323707
68,68,-0.93549025974899
69,69,-0.33414537692043567
70,70,-0.5356128715278428
71,71,-0.8800664535647105
72,72,-0.4470729794010939
73,73,-0.4703731882653077
74,74,-0.35597297898139424
75,75,-0.93549025974899
76,76,-0.5355897820901419
77,77,-0.93549025974899
78,78,-0.5663209395974498
79,79,-0.3086290686807249
80,80,-0.5887570245128697
81,81,-0.93549025974899
82,82,-0.8660635466341375
83,83,-0.8722494971698769
84,84,-0.6020525411927657
85,85,-0.7338546419885095
86,86,-0.585746041368882
87,87,-0.4094367692101528
88,88,-0.5109920537904671
89,89,-0.9060515734860122
90,90,-0.7302333034779167
91,91,-0.5713121586808416
92,92,-0.8000342668399529
93,93,-0.5375678628846381
94,94,-0.6563365926449141
95,95,-0.93549025974899
96,96,-0.93549025974899
97,97,-0.93549025974899
98,98,-0.8781501413252002
99,99,-0.9290782142251217
100,100,-0.7777579209295897
101,101,-0.444235637363239
102,102,-0.93549025974899
103,103,-0.6497058465516581
104,104,-0.732926258320008
105,105,-0.2372786026038387
106,106,-0.8669573508451212
107,107,-0.6982827756779333
108,108,-0.5282117893111402
109,109,-0.8818976415287683
110,110,-0.26346538501020866
111,111,-0.93549025974899
112,112,-0.8950494282119124
113,113,-0.5376629847989989
114,114,-0.3793298179400555
115,115,-0.7581366429837662
116,116,-0.4865454023124678
117,117,-0.8575270192905649
118,118,-0.7910948794635608
119,119,-0.6089686962095886
120,120,-0.93549025974899
121,121,-0.5652107267448265
122,122,-0.5561675325109405
123,123,-0.6349103329405636
124,124,-0.9088748396274653
125,125,-0.6842722246708437
126,126,-0.5712438522022527
127,127,-0.93549025974899
128,128,-0.3742145793572793
129,129,-0.8517833689919776
130,130,-0.6795750831018612
131,131,-0.89951123856331
132,132,-0.8710376949084822
133,133,-0.8975641924121938
134,134,-0.47586002903225655
135,135,-0.9011067348772208
136,136,-0.6893879279534421
137,137,-0.6741237846650723
138,138,-0.5765250640013733
139,139,-0.6775747712526812
140,140,-0.6439440317139891
141,141,-0.7147913056448107
142,142,-0.93549025974899
143,143,-0.6717183824679474
144,144,-0.9183494301643353
145,145,-0.7851262965930097
146,146,-0.18926030351353695
147,147,-0.93549025974899
148,148,-0.93549025974899
149,149,-0.6820398462878536
150,150,-0.7353212195203813
151,151,-0.6899809233189735
152,152,-0.93549025974899
153,153,-0.6297391273809314
154,154,-0.7125093059723699
155,155,-0.6430070107403285
156,156,-0.93549025974899
157,157,-0.93549025974899
158,158,-0.8808203404595094
159,159,-0.4701636729993357
160,160,-0.93549025974899
161,161,-0.5654683089656207
162,162,-0.93549025974899
163,163,-0.49896006260239467
164,164,-0.7955391430808607
165,165,-0.7851813407304356
166,166,-0.7822186507140998
167,167,-0.8896015450050143
168,168,-0.93549025974899
169,169,-0.4206680371838605
170,170,-0.93549025974899
171,171,-0.93549025974899
172,172,-0.42260560776495737
173,173,-0.8067306221587707
174,174,-0.9098926874391058
175,175,-0.8795528615612103
176,176,-0.93549025974899
177,177,-0.15053763762302896
178,178,-0.5134513074983449
179,179,-0.7897587507458983
180,180,-0.7417215364119247
181,181,-0.4767104474370747
182,182,-0.5918497226010722
183,183,-0.6153184860050693
184,184,-0.8718383416957352
185,185,-0.6767005590004409
186,186,-0.5174861747770709
187,187,-0.564924126870908
188,188,-0.93549025974899
189,189,-0.6934577940794959
190,190,-0.7947808574975035
191,191,-0.7240141224795629
192,192,-0.4696693231401987
193,193,-0.40946900040846756
194,194,-0.8098640507314716
195,195,-0.93549025974899
196,196,-0.4999013722004637
197,197,-0.699462722007242
198,198,-0.7163232794461649
199,199,-0.645366722731783
200,200,-0.6268246589168349
201,201,-0.35915624081619413
202,202,-0.5833892954913424
203,203,-0.93549025974899
204,204,-0.8549976730247408
205,205,-0.587430402175432
206,206,-0.5567565036131072
207,207,-0.5695249935783964
208,208,-0.7653708993296284
209,209,-0.37712417777254537
210,210,-0.93549025974899
211,211,-0.8722131128508934
212,212,-0.8796647368456441
213,213,-0.9077285004962121
214,214,-0.6837474995813739
215,215,-0.5953760852413552
216,216,-0.7560320553462319
217,217,-0.6393875537435356
218,218,-0.8735485839789465
219,219,-0.5995285526911136
220,220,-0.7550277349633383
221,221,-0.5758407657625231
222,222,-0.06005380861178722
223,223,-0.93549025974899
224,224,-0.44561563836514395
225,225,-0.4212287336027445
226,226,-0.93549025974899
227,227,-0.6324245060481051
228,228,-0.48305926390075815
229,229,-0.6955438925434709
230,230,-0.8560846208822159
231,231,-0.93549025974899
232,232,-0.5659619661512227
233,233,-0.93549025974899
234,234,-0.6530868425848002
235,235,-0.8856188538887455
236,236,-0.93549025974899
237,237,-0.6241203006092384
238,238,-0.5526612464699845
239,239,-0.93549025974899
240,240,-0.7211942519788757
241,241,-0.93549025974899
242,242,-0.93549025974899
243,243,-0.4651364351776063
244,244,-0.7992313260428379
245,245,-0.93549025974899
246,246,-0.8387003547432759
247,247,-0.5441769843615245
248,248,-0.5966673240109532
249,249,-0.8795722203807124
250,250,-0.5625200825442978
251,251,-0.8859171162001065
252,252,-0.5295767543641716
253,253,-0.8125490404021551
254,254,-0.23480382235646902
255,255,-0.93549025974899
256,256,-0.4196517263710451
257,257,-0.93549025974899
258,258,-0.5334016510701147
259,259,-0.832045336439565
260,260,-0.13314941952064363
261,261,-0.3927035059623183
262,262,-0.3308988178178983
263,263,-0.8163819167685507
264,264,-0.7909157816041006
265,265,-0.5928450298939527
266,266,-0.93549025974899
267,267,-0.8347101190198103
268,268,-0.9064818181685954
269,269,-0.3384280349293398
270,270,-0.8980371030576908
271,271,-0.93549025974899
272,272,-0.472399171849057
273,273,-0.8886339474023828
274,274,-0.7634032600827414
275,275,-0.5230543087695949
276,276,-0.571711588400456
277,277,-0.5860311992585743
278,278,-0.7386592281319171
279,279,-0.8622184596575853
280,280,-0.8257397767217363
281,281,-0.93549025974899
282,282,-0.93549025974899
283,283,-0.4852710975033744
284,284,-0.466653104575089
285,285,-0.6159145009977696
286,286,-0.8501485485185913
287,287,-0.7781601395382953
288,288,-0.6481704157556241
289,289,-0.7370240092437488
290,290,-0.6722308231771201
291,291,-0.5732838701243015
292,292,-0.5858474821139659
293,293,-0.802246124446043
294,294,-0.51660548930005
295,295,-0.6094686763696888
296,296,-0.6579943722585302
297,297,-0.5994818254763334
298,298,-0.9102378116009788
299,299,-0.6482159321822856
300,300,-0.8650267037809147
301,301,-0.6228105311024184
302,302,-0.5661880878971619
303,303,-0.5316913736446285
304,304,-0.7691637680967744
305,305,-0.5059162139980415
306,306,-0.6287976204711825
307,307,-0.7459107083110439
308,308,-0.3024603817420086
309,309,-0.8489300972079139
310,310,-0.8696212575977018
311,311,-0.6319911952174664
312,312,-0.8347435205266613
313,313,-0.93549025974899
314,314,-0.639425048338456
315,315,-0.6838230298627099
316,316,-0.4088874601105932
317,317,-0.93549025974899
318,318,-0.26430001180604856
319,319,-0.6735485332873399
320,320,-0.23678496290274964
321,321,-0.815178515677518
322,322,-0.7155116642254189
323,323,-0.8228782422835366
324,324,-0.5068700318765611
325,325,-0.93549025974899
326,326,-0.5912350214754447
327,327,-0.670313791200714
328,328,-0.37384138346775053
329,329,-0.93549025974899
330,330,-0.8738329944368672
331,331,-0.45637025642309403
332,332,-0.8490206221780525
333,333,-0.7022803067742167
334,334,-0.3573753201376584
335,335,-0.8258785237249189
336,336,-0.3682596220921628
337,337,-0.8105026279755254
338,338,-0.752171568831276
339,339,-0.5767964511793622
340,340,-0.2832673410216877
341,341,-0.93549025974899
342,342,-0.7418420383755251
343,343,-0.6880828664368188
344,344,-0.33673728407018366
345,345,-0.23662401869609972
346,346,-0.41576882156037165
347,347,-0.8297663584072215
348,348,-0.6279861204408395
349,349,-0.27550886924896156
350,350,-0.5468001576663912
351,351,-0.4902881225992566
352,352,-0.93549025974899
353,353,-0.93549025974899
354,354,-0.7286121412469999
355,355,-0.719533726563828
356,356,-0.9257948875132804
357,357,-0.8918576080695733
358,358,-0.93549025974899
359,359,-0.5947382840487538
360,360,-0.93549025974899
361,361,-0.5169154157142319
362,362,-0.763875311103094
363,363,-0.844990344250613
364,364,-0.6662250050792995
365,365,-0.7853694640856226
366,366,-0.8910005760418063
367,367,-0.9342012143129814
368,368,-0.93549025974899
369,369,-0.7241181055452675
370,370,-0.9073867756982299
371,371,-0.5065792996690881
372,372,-0.93549025974899
373,373,-0.6124021551034406
374,374,-0.6063158253676537
375,375,-0.5113044500132151
376,376,-0.6574990610989175
377,377,-0.7801563588689309
378,378,-0.6591352491492177
379,379,-0.7248175673147053
380,380,-0.7656830877473375
381,381,-0.7163151202943627
382,382,-0.5525444890443354
383,383,-0.5018657455439968
384,384,-0.93549025974899
385,385,-0.8205869664881948
386,386,-0.6399959704505864
387,387,-0.7920701584275225
388,388,-0.8288194136853129
389,389,-0.7824139021335785
390,390,-0.5030966481438668
391,391,-0.3982830064936209
392,392,-0.49572944479440695
393,393,-0.5516876854765891
394,394,-0.494688905951739
395,395,-0.8009937010835788
396,396,-0.7535361186013336
397,397,-0.5202897270981683
398,398,-0.3996231186504762
399,399,-0.93549025974899
400,400,-0.5038600817829875
401,401,-0.40648362038091124
402,402,-0.5787070608999034
403,403,-0.5376117685689117
404,404,-0.9185786836493026
405,405,-0.8696497748582104
406,406,-0.7738389682341538
407,407,-0.6555091080615583
408,408,-0.6983553664358642
409,409,-0.93549025974899
410,410,-0.8919458381097911
411,411,-0.9083429587274754
412,412,-0.6994325249678202
413,413,-0.8941809453111649
414,414,-0.697777707133131
415,415,-0.93549025974899
416,416,-0.9203851879884617
417,417,-0.6141218603196652
418,418,-0.8708411044538042
419,419,-0.7196107246818091
420,420,-0.6470063282341876
421,421,-0.5492595183413478
422,422,-0.7553662209114762
423,423,-0.6148381233350992
424,424,-0.8365045386046894
425,425,-0.4234079509456059
426,426,-0.8725225775926901
427,427,-0.6319287128311135
428,428,-0.7840115351510981
429,429,-0.5362260971647732
430,430,-0.739481458578414
431,431,-0.526268701860495
432,432,-0.8496080679401601
433,433,-0.93549025974899
434,434,-0.4591175823387861
435,435,-0.8436553571570631
436,436,-0.93549025974899
437,437,-0.5857116258921935
438,438,-0.93549025974899
439,439,-0.5270518840158633
440,440,-0.6919115363680888
441,441,-0.6486626182069646
442,442,-0.93549025974899
443,443,-0.93549025974899
444,444,-0.9033901725211013
445,445,-0.7547998451051416
446,446,-0.5171921123280558
447,447,-0.8096548313408114
448,448,-0.7681377625287098
449,449,-0.5079223190573021
450,450,-0.5559228019939213
451,451,-0.4894984156596429
452,452,-0.8928544671284389
453,453,-0.8265324559906908
454,454,-0.8320717912294686
455,455,-0.8307338946457321
456,456,-0.5653239420605249
457,457,-0.793830521948923
458,458,-0.4748551435548496
459,459,-0.24868875008328395
460,460,-0.6040261567990548
461,461,-0.4826528459800876
462,462,-0.6357130187060154
463,463,-0.6753605243393128
464,464,-0.4431426720683551
465,465,-0.8221166259304713
466,466,-0.7660215449730448
467,467,-0.6291724547414521
468,468,-0.7916420927329462
469,469,-0.6162913940048487
470,470,-0.45093350212035865
471,471,-0.8323614791604772
472,472,-0.6218557016314481
473,473,-0.49928450467628593
474,474,-0.4403299401245988
475,475,-0.6059977919312249
476,476,-0.7524672364130858
477,477,-0.7879385198077671
478,478,-0.6139476666672739
479,479,-0.5317394884597086
480,480,-0.718659283088714
481,481,-0.5568725397553926
482,482,-0.7554619105546934
483,483,-0.93549025974899
484,484,-0.6326358681476751
485,485,-0.5015790879716668
486,486,-0.382188668534754
487,487,-0.6934499325949339
488,488,-0.7765174934174759
489,489,-0.727022517443352
490,490,-0.932162745217342
491,491,-0.93549025974899
492,492,-0.5899153337089054
493,493,-0.93549025974899
494,494,-0.93549025974899
495,495,-0.7488084550854275
496,496,-0.5733771266783916
497,497,-0.93549025974899
498,498,-0.71971149823705
499,499,-0.8446128261807253
500,500,-0.5864327608914213
501,501,-0.7558562179755945
502,502,-0.5945282767833682
503,503,-0.5297533202453697
504,504,-0.8663369299404611
505,505,-0.5091116978486188
506,506,-0.8203548234277207
507,507,-0.6904386692860953
508,508,-0.93549025974899
509,509,-0.5752506174563798
510,510,-0.595875017708396
511,511,-0.7771085191796789
512,512,-0.592279583902755
513,513,-0.6057742078070394
514,514,-0.7187620979323306
515,515,-0.8729211568311985
516,516,-0.6343123149627719
517,517,-0.3101470959394459
518,518,-0.793753513594412
519,519,-0.7576540892405781
520,520,-0.93549025974899
521,521,-0.93549025974899
522,522,-0.6964186136923196
523,523,-0.93549025974899
524,524,-0.651426962620949
525,525,-0.5183221906118707
526,526,-0.93549025974899
527,527,-0.688235845581179
528,528,-0.7619365439201182
529,529,-0.8874815733325399
530,530,-0.7284774820064275
531,531,-0.6863839670918654
532,532,-0.8929514129690279
533,533,-0.6324653539622211
534,534,-0.93549025974899
535,535,-0.8801402076485605
536,536,-0.6587665199825654
537,537,-0.8855977936918187
538,538,-0.5408336002639977
539,539,-0.830985690523379
540,540,-0.5368229249295919
541,541,-0.5138264460662914
542,542,-0.93549025974899
543,543,-0.7166943355721322
544,544,-0.8164638331895624
545,545,-0.93549025974899
546,546,-0.643408325622552
547,547,-0.5925895180337992
548,548,-0.8972155655514644
549,549,-0.93549025974899
550,550,-0.8255260069920674
551,551,-0.6069581044756536
552,552,-0.5336471607946329
553,553,-0.8600344863527543
554,554,-0.6375529615598925
555,555,-0.93549025974899
556,556,-0.5234289229698152
557,557,-0.4316810297802398
558,558,-0.8068530211623841
559,559,-0.6905540317021099
560,560,-0.6948957223012204
561,561,-0.849458930409499
562,562,-0.34706652042194586
563,563,-0.5045749679544205
564,564,-0.6726413916695027
565,565,-0.48677908204457776
566,566,-0.7106074764551185
567,567,-0.5989420764847075
568,568,-0.8511820265788579
569,569,-0.8939204998669972
570,570,-0.6514575131380074
571,571,-0.5188051830247833
572,572,-0.93549025974899
573,573,-0.93549025974899
574,574,-0.7580676814969856
575,575,-0.93549025974899
576,576,-0.93549025974899
577,577,-0.4572289343939282
578,578,-0.6456003913854804
579,579,-0.572582237579502
580,580,-0.8320725436954035
581,581,-0.93549025974899
582,582,-0.48013374955989196
583,583,-0.4236647307695467
584,584,-0.5366771705067386
585,585,-0.5314483369386256
586,586,-0.4161060231250424
587,587,-0.93549025974899
588,588,-0.8772730369048976
589,589,-0.93549025974899
590,590,-0.6191387258606529
591,591,-0.93549025974899
592,592,-0.6756898590413876
593,593,-0.49797592900249343
594,594,-0.93549025974899
595,595,-0.9135748584384835
596,596,-0.6459611821868538
597,597,-0.8266910052887173
598,598,-0.6630542970901505
599,599,-0.8426070604190219
600,600,-0.93549025974899
601,601,-0.5728272861934927
602,602,-0.7549415518827463
603,603,-0.6962187936154862
604,604,-0.93549025974899
605,605,-0.4186073018225547
606,606,-0.5164464756339022
607,607,-0.7830051887942524
608,608,-0.5554435934965696
609,609,-0.93549025974899
610,610,-0.93549025974899
611,611,-0.5819556281970684
612,612,-0.19073681762585082
613,613,-0.8523448735698924
614,614,-0.93549025974899
615,615,-0.93549025974899
616,616,-0.6157418493449871
617,617,-0.7027924692679903
618,618,-0.23366088988745481
619,619,-0.588275435804082
620,620,-0.9221632254727332
621,621,-0.7689026015180946
622,622,-0.5026204680305093
623,623,-0.1443093879415387
624,624,-0.6777669617309137
625,625,-0.47619431411701774
626,626,-0.6970837650593342
627,627,-0.8037262878131859
628,628,-0.9003012299806645
629,629,-0.7817380088977988
630,630,-0.6493807807566334
631,631,-0.6816655803708418
632,632,-0.7493501169831305
633,633,-0.8682654378920649
634,634,-0.6130241154379252
635,635,-0.4018160452530495
636,636,-0.6554173891860859
637,637,-0.6457058274393948
638,638,-0.5457918986450161
639,639,-0.5586877845284057
640,640,-0.744046086808412
641,641,-0.701345508549025
642,642,-0.6799035836044371
643,643,-0.4254527079932089
644,644,-0.610187029865763
645,645,-0.9126104159102546
646,646,-0.93549025974899
647,647,-0.93549025974899
648,648,-0.93549025974899
649,649,-0.5497052798996425
650,650,-0.6501322458101289
651,651,-0.6705375611131448
652,652,-0.714442039992953
653,653,-0.5987304847308295
654,654,-0.4014195356707866
655,655,-0.2777227494364425
656,656,-0.5021519780938721
657,657,-0.8069089839083521
658,658,-0.8944095692140515
659,659,-0.5082197192383138
660,660,-0.9028337219881752
661,661,-0.5373730403932555
662,662,-0.7269220123332918
663,663,-0.93549025974899
664,664,-0.840205564160259
665,665,-0.93549025974899
666,666,-0.6649204429550313
667,667,-0.30678886228780344
668,668,-0.7605643896739913
669,669,-0.6000616175322993
670,670,-0.93549025974899
671,671,-0.6798465997959102
672,672,-0.5220436331129861
673,673,-0.603641976283102
674,674,-0.2206606763814528
675,675,-0.42892060014207667
676,676,-0.93549025974899
677,677,-0.6254427716516098
678,678,-0.7264811079414812
679,679,-0.6474366802555132
680,680,-0.49262059690308924
681,681,-0.81845207026136
682,682,-0.8449477731133932
683,683,-0.37960599921230553
684,684,-0.4508986135592341
685,685,-0.48704568089103795
686,686,-0.6800333258975755
687,687,-0.5763053973051488
688,688,-0.6619112270810206
689,689,-0.536247254712082
690,690,-0.8729525705086463
691,691,-0.93549025974899
692,692,-0.7330530265769575
693,693,-0.93549025974899
694,694,-0.2998072361481747
695,695,-0.7547775462508213
696,696,-0.3923372606369515
697,697,-0.4756641681058693
698,698,-0.5648071193324444
699,699,-0.9068221903192359
700,700,-0.7956165882461619
701,701,-0.5398218224720228
702,702,-0.7966443234396436
703,703,-0.5358300167741632
704,704,-0.48742048568137664
705,705,-0.8852032809368282
706,706,-0.7264409829400211
707,707,-0.34855077588910177
708,708,-0.5808847108124429
709,709,-0.93549025974899
710,710,-0.5799085089619287
711,711,-0.6873372908859938
712,712,-0.93549025974899
713,713,-0.7732604126051275
714,714,-0.7711237912330109
715,715,-0.5528354669532849
716,716,-0.5155728784806861
717,717,-0.8335092635633181
718,718,-0.8950516201872052
719,719,-0.4459953661212879
720,720,-0.7693366731965643
721,721,-0.7164014719184664
722,722,-0.93549025974899
723,723,-0.5392672870402837
724,724,-0.93549025974899
725,725,-0.5009158203813393
726,726,-0.752964735510119
727,727,-0.6720465245703231
728,728,-0.5458897574960364
729,729,-0.93549025974899
730,730,-0.7115127259439991
731,731,-0.6545019010884179
732,732,-0.93549025974899
733,733,-0.3785760435930019
734,734,-0.6016828699719046
735,735,-0.6808313335378955
736,736,-0.5782725800965967
737,737,-0.8391887452434332
738,738,-0.7619402141078275
739,739,-0.6302699231009754
740,740,-0.9183059194935499
741,741,-0.6848820819243588
742,742,-0.9154251909681381
743,743,-0.93549025974899
744,744,-0.4763552165935625
745,745,-0.9173050556605666
746,746,-0.6351754416911763
747,747,-0.6829822385888384
748,748,-0.75579090959355
749,749,-0.7182809699013504
750,750,-0.284908587282775
751,751,-0.621720146263316
752,752,-0.7576185200515084
753,753,-0.9305081534362092
754,754,-0.93549025974899
755,755,-0.6148354552526385
756,756,-0.8210956666886666
757,757,-0.7663656768732725
758,758,-0.7249494166151624
759,759,-0.9238801430883861
760,760,-0.36549870265551754
761,761,-0.7808803804831985
762,762,-0.8824831845918926
763,763,-0.7816064500876454
764,764,-0.93549025974899
765,765,-0.7493466030051668
766,766,-0.9223161966876479
767,767,-0.47778108295246113
768,768,-0.732353976056304
769,769,-0.3501672797348978
770,770,-0.93549025974899
771,771,-0.8406518404456325
772,772,-0.5608474195882653
773,773,-0.531413689812871
774,774,-0.6707499798089387
775,775,-0.681730709215902
776,776,-0.750091332256364
777,777,-0.4697745817295783
778,778,-0.5245048386704969
779,779,-0.5683893453409272
780,780,-0.8899468553181737
781,781,-0.734121442513942
782,782,-0.5308102158156505
783,783,-0.41322959125894343
784,784,-0.7580006421382226
785,785,-0.93549025974899
786,786,-0.6797237153518996
787,787,-0.93549025974899
788,788,-0.7033760138686151
789,789,-0.6391428854150618
790,790,-0.4513097475462935
791,791,-0.8432835696950463
792,792,-0.5932354618118048
793,793,-0.9219878723690798
794,794,-0.5819283573703959
795,795,-0.93549025974899
796,796,-0.787272910377725
797,797,-0.621737508212906
798,798,-0.8024970688958959
799,799,-0.41053316129209927
800,800,-0.9263854678481245
801,801,-0.45400948899945526
802,802,-0.8557662495394869
803,803,-0.6739356923934228
804,804,-0.5387471889521738
805,805,-0.490295304423654
806,806,-0.7419670443302842
807,807,-0.2756630674702394
808,808,-0.5080687731040747
809,809,-0.7579100435050012
810,810,-0.8581023844777071
811,811,-0.7972331275046418
812,812,-0.93549025974899
813,813,-0.7978085549977507
814,814,-0.93549025974899
815,815,-0.5096611506925104
816,816,-0.7555816347540603
817,817,-0.93549025974899
818,818,-0.5621483233643865
819,819,-0.7332173165808289
820,820,-0.7733249220083014
821,821,-0.875522416686696
822,822,-0.6544981515353587
823,823,-0.6674954794481938
824,824,-0.93549025974899
825,825,-0.93549025974899
826,826,-0.6355957209175678
827,827,-0.8691953821035732
828,828,-0.5436499594161703
829,829,-0.7691448820547642
830,830,-0.079789862855428
831,831,-0.93549025974899
832,832,-0.5827683339109897
833,833,-0.8649413873497522
834,834,-0.9231910241026373
835,835,-0.93549025974899
836,836,-0.9079530042880215
837,837,-0.49065201988285345
838,838,-0.3534882571352149
839,839,-0.792908512911163
840,840,-0.5768790743036938
841,841,-0.6942666945473608
842,842,-0.7417938879481074
843,843,-0.07846465362789168
844,844,-0.93549025974899
845,845,-0.7112252981947922
846,846,-0.5571435676364609
847,847,-0.9201770587478997
848,848,-0.6976500281647589
849,849,-0.8625791857735567
850,850,-0.5416346644919323
851,851,-0.5255941140105325
852,852,-0.7272909122471631
853,853,-0.6803956582599824
854,854,-0.6012409042170095
855,855,-0.5748434901156632
856,856,-0.8379728930386126
857,857,-0.6127550766924017
858,858,-0.93549025974899
859,859,-0.93549025974899
860,860,-0.93549025974899
861,861,-0.8767441493831871
862,862,-0.5614714982211026
863,863,-0.3578518760378202
864,864,-0.7522510663967275
865,865,-0.7793575345062962
866,866,-0.409378650797354
867,867,-0.5650874047989607
868,868,-0.45546305813192767
869,869,-0.9199819671916032
870,870,-0.8267304358355219
871,871,-0.5593586165597575
872,872,-0.30509635941787616
873,873,-0.8342315881522158
874,874,-0.4323169670854341
875,875,-0.7101731413297081
876,876,-0.4953818089688049
877,877,-0.7744463284169463
878,878,-0.5736835179958639
879,879,-0.39356112286967715
880,880,-0.93549025974899
881,881,-0.46915507615769414
882,882,-0.926589107383835
883,883,-0.93549025974899
884,884,-0.8894604308918055
885,885,-0.7036571711473769
886,886,-0.7411816098411794
887,887,-0.93549025974899
888,888,-0.93549025974899
889,889,-0.5711624514945086
890,890,-0.93549025974899
891,891,-0.6383637949678462
892,892,-0.6458819337377708
893,893,-0.533016792832163
894,894,-0.6254629098054529
895,895,-0.6357817024882326
896,896,-0.88389989188987
897,897,-0.6264084494671227
898,898,-0.8282673473899127
899,899,-0.5404929929669677
900,900,-0.6066629117272146
901,901,-0.93549025974899
902,902,-0.8625407518131727
903,903,-0.6261571359545304
904,904,-0.93549025974899
905,905,-0.3869436805450519
906,906,-0.5831942982549947
907,907,-0.8103641194531566
908,908,-0.626123450907631
909,909,-0.4746802018992011
910,910,-0.6508393943431745
911,911,-0.9026955525852429
912,912,-0.6372940729852079
913,913,-0.475061595477801
914,914,-0.93549025974899
915,915,-0.6902196961609697
916,916,-0.3232365187767847
917,917,-0.8911503292884948
918,918,-0.93549025974899
919,919,-0.833474962723459
920,920,-0.6219836791681264
921,921,-0.41251802713220265
922,922,-0.93549025974899
923,923,-0.3183168831648562
924,924,-0.8872183557310862
925,925,-0.93549025974899
926,926,-0.6100418097091627
927,927,-0.93549025974899
928,928,-0.8806619780621805
929,929,-0.5268227748598981
930,930,-0.3533057090464311
931,931,-0.8945391663871938
932,932,-0.6159105155830549
933,933,-0.31820459404715473
934,934,-0.6021013783738116
935,935,-0.7510522312506982
936,936,-0.7569395656695157
937,937,-0.5494011509054886
938,938,-0.8008156077228765
939,939,-0.6495561055336125
940,940,-0.9068721293335535
941,941,-0.5980999800649887
942,942,-0.8168005514410837
943,943,-0.93549025974899
944,944,-0.6420368300519517
945,945,-0.8528032549726596
946,946,-0.7288246233752496
947,947,-0.8975536273793594
948,948,-0.5995969418524538
949,949,-0.573774841845367
950,950,-0.6958505689216157
951,951,-0.7042703349526853
952,952,-0.7023959757537899
953,953,-0.539394716465655
954,954,-0.917380197406283
955,955,-0.6561377666676211
956,956,-0.5197916221358732
957,957,-0.3586577739411201
958,958,-0.6336253550531197
959,959,-0.1962168661319219
960,960,-0.9154305468657675
961,961,-0.46115015417263727
962,962,-0.93549025974899
963,963,-0.6908287820119519
964,964,-0.6567539712192918
965,965,-0.6273506535834095
966,966,-0.869721045803816
967,967,-0.6786388162559156
968,968,-0.493433908381137
969,969,-0.21345441593900683
970,970,-0.5623517319998914
971,971,-0.4773053762361634
972,972,-0.8724247405034635
973,973,-0.5125676230385388
974,974,-0.5687060663740362
975,975,-0.5322021538556676
976,976,-0.531313076534794
977,977,-0.18972128026596558
978,978,-0.5913208388356748
979,979,-0.93549025974899
980,980,-0.9068688377159617
981,981,-0.531592318274793
982,982,-0.8769965545832363
983,983,-0.597965286117665
984,984,-0.6348505662248556
985,985,-0.93549025974899
986,986,-0.5777295956797435
987,987,-0.6643463805676948
988,988,-0.47822309317236256
989,989,-0.6454692104917275
990,990,-0.5894065911881321
991,991,-0.488566441270466
992,992,-0.8840356323347809
993,993,-0.93549025974899
994,994,-0.2694791294797404
995,995,-0.826364981506206
996,996,-0.7095198434361585
997,997,-0.5392105610426245
998,998,-0.6496459007523203
999,999,-0.7573836483949936
1000,1000,-0.7717069345052394
1001,1001,-0.9306145622471025
1002,1002,-0.6537617385631513
1003,1003,-0.597825757930952
1004,1004,-0.9113074392082581
1005,1005,-0.6783519427117035
1006,1006,-0.7738302880667618
1007,1007,-0.2666454591862717
1008,1008,-0.7844392040941024
1009,1009,-0.6366779178086013
1010,1010,-0.5290368835566284
1011,1011,-0.29340505528370286
1012,1012,-0.8754225658123378
1013,1013,-0.93549025974899
1014,1014,-0.93549025974899
1015,1015,-0.681484357465596
1016,1016,-0.93549025974899
1017,1017,-0.8179532218658654
1018,1018,-0.8326897529271129
1019,1019,-0.8911771611753654
1020,1020,-0.93549025974899
1021,1021,-0.7964180361912643
1022,1022,-0.7164547669347066
1023,1023,-0.6354282625805698
1024,1024,-0.43620651950640266
1025,1025,-0.2577630562736677
1026,1026,-0.8736733197820179
1027,1027,-0.9117762060444878
1028,1028,-0.93549025974899
1029,1029,-0.6027641864722177
1030,1030,-0.8231368322960186
1031,1031,-0.7386338629827041
1032,1032,-0.7179589604813863
1033,1033,-0.486523130927603
1034,1034,-0.5548938459811432
1035,1035,-0.9162279943635898
1036,1036,-0.5242974705447132
1037,1037,-0.49953399971881574
1038,1038,-0.93549025974899
1039,1039,-0.7575687394631565
1040,1040,-0.6265624225406903
1041,1041,-0.5917552234827941
1042,1042,-0.275833885273288
1043,1043,-0.5791342187461979
1044,1044,-0.6638864564126283
1045,1045,-0.93549025974899
1046,1046,-0.8585482021796054
1047,1047,-0.93549025974899
1048,1048,-0.9038731477110336
1049,1049,-0.93549025974899
1050,1050,-0.6668454266032544
1051,1051,-0.7441617658113167
1052,1052,-0.93549025974899
1053,1053,-0.7284870502724097
1054,1054,-0.623634401450909
1055,1055,-0.603039247194177
1056,1056,-0.7066370978380139
1057,1057,-0.6427796592781938
1058,1058,-0.29479990243383014
1059,1059,-0.869379376339058
1060,1060,-0.808562287043161
1061,1061,-0.93549025974899
1062,1062,-0.8495416442034553
1063,1063,-0.7933178504302596
1064,1064,-0.5765554807304518
1065,1065,-0.4925152046867609
1066,1066,-0.5104065391894039
1067,1067,-0.7575436437373995
1068,1068,-0.5137147399023707
1069,1069,-0.85129706524258
1070,1070,-0.8658589556343088
1071,1071,-0.7328924469103004
1072,1072,-0.5649696006323257
1073,1073,-0.93549025974899
1074,1074,-0.6111009822890612
1075,1075,-0.6841583787678651
1076,1076,-0.48932966253430443
1077,1077,-0.4573451267593214
1078,1078,-0.6384676217140441
1079,1079,-0.6055947666880463
1080,1080,-0.93549025974899
1081,1081,-0.7189598181651036
1082,1082,-0.5529813758490452
1083,1083,-0.21004772909858582
1084,1084,-0.6334409554350771
1085,1085,-0.6021174103301696
1086,1086,-0.5348315914083415
1087,1087,-0.4814240833046757
1088,1088,-0.768492862269401
1089,1089,-0.38263353398441957
1090,1090,-0.93549025974899
1091,1091,-0.5728970527473294
1092,1092,-0.886119751975146
1093,1093,-0.93056835439309
1094,1094,-0.8962665875316134
1095,1095,-0.93549025974899
1096,1096,-0.19001175228200484
1097,1097,-0.39259025782894597
1098,1098,-0.6294298520423229
1099,1099,-0.93549025974899
1100,1100,-0.8056082562710749
1101,1101,-0.93549025974899
1102,1102,-0.5212863326343329
1103,1103,-0.5976449425961636
1104,1104,-0.48846918107988035
1105,1105,-0.93549025974899
1106,1106,-0.6164212495574262
1107,1107,-0.8070504067609026
1108,1108,-0.8908365418907227
1109,1109,-0.5973931163786137
1110,1110,-0.8808809379621199
1111,1111,-0.8697738234459127
1112,1112,-0.7832423518556944
1113,1113,-0.93549025974899
1114,1114,-0.8363395123343764
1115,1115,-0.93549025974899
1116,1116,-0.7241163943509719
1117,1117,-0.93549025974899
1118,1118,-0.5538405951908576
1119,1119,-0.6317365167267113
1120,1120,-0.8746066703558775
1121,1121,-0.93549025974899
1122,1122,-0.5884745417787745
1123,1123,-0.9343456340195377
1124,1124,-0.93549025974899
1125,1125,-0.5671781502016704
1126,1126,-0.49788553610629727
1127,1127,-0.9258460607240071
1128,1128,-0.7652594240831334
1129,1129,-0.7624839322618602
1130,1130,-0.93549025974899
1131,1131,-0.6677681157238116
1132,1132,-0.7818881449969357
1133,1133,-0.7491272869989007
1134,1134,-0.7375160189845538
1135,1135,-0.6662107941166386
1136,1136,-0.5380111425627043
1137,1137,-0.7301138417816322
1138,1138,-0.7391099954038314
1139,1139,-0.93549025974899
1140,1140,-0.521704720803644
1141,1141,-0.6541498192815443
1142,1142,-0.7802003225990166
1143,1143,-0.5060448886427213
1144,1144,-0.6948014574047878
1145,1145,-0.93549025974899
1146,1146,-0.4503560143933232
1147,1147,-0.8129892659557711
1148,1148,-0.93549025974899
1149,1149,-0.6205252008338125
1150,1150,-0.93549025974899
1151,1151,-0.7634055731769607
1152,1152,-0.611269967196975
1153,1153,-0.7854405727399474
1154,1154,-0.6872124293364301
1155,1155,-0.8096509559380696
1156,1156,-0.815731617519555
1157,1157,-0.6687243200391766
1158,1158,-0.9192854124906038
1159,1159,-0.3954937224994848
1160,1160,-0.7900182489150076
1161,1161,-0.6904998698002078
1162,1162,-0.6069670731028172
1163,1163,-0.2244009967920122
1164,1164,-0.7493823426440276
1165,1165,-0.8078270957141243
1166,1166,-0.7627141216352307
1167,1167,-0.8222229646545323
1168,1168,-0.4624230152551778
1169,1169,-0.7567844261691707
1170,1170,-0.7120647244811558
1171,1171,-0.6272256632348263
1172,1172,-0.6847061551964089
1173,1173,-0.7114550311043821
1174,1174,-0.6181011904986811
1175,1175,-0.564069465263112
1176,1176,-0.93549025974899
1177,1177,-0.6374178418963403
1178,1178,-0.93549025974899
1179,1179,-0.6920375993243955
1180,1180,-0.695787182515577
1181,1181,-0.536148564702799
1182,1182,-0.5548971588026337
1183,1183,-0.8580056661523443
1184,1184,-0.6539637845534401
1185,1185,-0.7276063025390229
1186,1186,-0.8613179901732071
1187,1187,-0.93549025974899
1188,1188,-0.3319577642134224
1189,1189,-0.5318525705146904
1190,1190,-0.93549025974899
1191,1191,-0.93549025974899
1192,1192,-0.93549025974899
1193,1193,-0.38054727807662125
1194,1194,-0.5616570850867397
1195,1195,-0.45516571205508605
1196,1196,-0.5661964077146866
1197,1197,-0.6650743405404445
1198,1198,-0.9109684234933191
1199,1199,-0.40759085208722157
1200,1200,-0.636222821089806
1201,1201,-0.42499090860318667
1202,1202,-0.6592442576371482
1203,1203,-0.93549025974899
1204,1204,-0.93549025974899
1205,1205,-0.7147455896847195
1206,1206,-0.93549025974899
1207,1207,-0.41890148925999604
1208,1208,-0.8478182519591151
1209,1209,-0.93549025974899
1210,1210,-0.93549025974899
1211,1211,-0.8074431066130803
1212,1212,-0.93549025974899
1213,1213,-0.7996869638322757
1214,1214,-0.8078657776341203
1215,1215,-0.8935382991887764
1216,1216,-0.93549025974899
1217,1217,-0.5952444980351892
1218,1218,-0.5767003307372143
1219,1219,-0.4516809313003911
1220,1220,-0.8766759117681886
1221,1221,-0.93549025974899
1222,1222,-0.6150922110524082
1223,1223,-0.7585391456997357
1224,1224,-0.6933527854078534
1225,1225,-0.24839401688079876
1226,1226,-0.93549025974899
1227,1227,-0.6188039579710569
1228,1228,-0.6645155819005488
1229,1229,-0.8238805327288112
1230,1230,-0.8045230168353559
1231,1231,-0.8915190522821526
1232,1232,-0.7061230073101008
1233,1233,-0.735163110295165
1234,1234,-0.795419208279533
1235,1235,-0.7574602556567278
1236,1236,-0.6538809919157451
1237,1237,-0.5785298656843736
1238,1238,-0.8570810070349673
1239,1239,-0.588570335435755
1240,1240,-0.8927017466700011
1241,1241,-0.93549025974899
1242,1242,-0.5992946927318386
1243,1243,-0.3103906753007113
1244,1244,-0.7444073909388411
1245,1245,-0.9007874024882838
1246,1246,-0.6657949802849874
1247,1247,-0.6861934509146472
1248,1248,-0.8864405567942484
1249,1249,-0.612350969973452
1250,1250,-0.9055131407145218
1251,1251,-0.6841185551271796
1252,1252,-0.6051998631779743
1253,1253,-0.8899186729172133
1254,1254,-0.9231661934252635
1255,1255,-0.3898253165932819
1256,1256,-0.6004309458595856
1257,1257,-0.8324681210813996
1258,1258,-0.93549025974899
1259,1259,-0.4645928709801481
1260,1260,-0.22326029804096414
1261,1261,-0.7582049107017674
1262,1262,-0.6979337888897295
1263,1263,-0.3535899285168753
1264,1264,-0.93549025974899
1265,1265,-0.6345872697019139
1266,1266,-0.93549025974899
1267,1267,-0.565587965012698
1268,1268,-0.8114511415305579
1269,1269,-0.7336520270952196
1270,1270,-0.6814559504845068
1271,1271,-0.6271966333625478
1272,1272,-0.6679026456823625
1273,1273,-0.93549025974899
1274,1274,-0.6342374227680825
1275,1275,-0.3649342823601476
1276,1276,-0.7235363948488658
1277,1277,-0.9154178755711389
1278,1278,-0.512570964913289
1279,1279,-0.5682783146555384
1280,1280,-0.93549025974899
1281,1281,-0.93549025974899
1282,1282,-0.46191141604173147
1283,1283,-0.8735232408134905
1284,1284,-0.93549025974899
1285,1285,-0.93549025974899
1286,1286,-0.4856166963230102
1287,1287,-0.7045997680154006
1288,1288,-0.5186421121102747
1289,1289,-0.6088271275451973
1290,1290,-0.93549025974899
1291,1291,-0.93549025974899
1292,1292,-0.93549025974899
1293,1293,-0.9035710065221227
1294,1294,-0.8697896587923655
1295,1295,-0.7412211182599329
1296,1296,-0.8772970902988675
1297,1297,-0.8579917590696642
1298,1298,-0.7662229697809497
1299,1299,-0.33001544610843503
1300,1300,-0.93549025974899
1301,1301,-0.45577682275611986
1302,1302,-0.7728560331967902
1303,1303,-0.8527203980144584
1304,1304,-0.8505014275857548
1305,1305,-0.6374247121843855
1306,1306,-0.7789527221873449
1307,1307,-0.5749162940798471
1308,1308,-0.93549025974899
1309,1309,-0.783036716781286
1310,1310,-0.93549025974899
1311,1311,-0.8162371723950912
1312,1312,-0.4638559629959005
1313,1313,-0.6182042063052098
1314,1314,-0.9326645541927583
1315,1315,-0.8594082377485623
1316,1316,-0.6668353795113546
1317,1317,-0.7848717820846662
1318,1318,-0.8376818048724921
1319,1319,-0.5551570854988452
1320,1320,-0.9000309868268008
1321,1321,-0.7168984175093573
1322,1322,-0.4977430395604032
1323,1323,-0.93549025974899
1324,1324,-0.890218789396231
1325,1325,-0.6500418441354725
1326,1326,-0.5308497212735404
1327,1327,-0.93549025974899
1328,1328,-0.93549025974899
1329,1329,-0.4500967735139785
1330,1330,-0.6474144471238663
1331,1331,-0.7521109326084172
1332,1332,-0.6700522979505426
1333,1333,-0.831369808977259
1334,1334,-0.8725675676210649
1335,1335,-0.93549025974899
1336,1336,-0.830330251236763
1337,1337,-0.41080000921275683
1338,1338,-0.9001794785234996
1339,1339,-0.7423078012113482
1340,1340,-0.22108141784501578
1341,1341,-0.518017629525227
1342,1342,-0.5468479713419647
1343,1343,-0.5907792914535168
1344,1344,-0.8967410247472323
1345,1345,-0.42941798864114844
1346,1346,-0.7368752773855594
1347,1347,-0.3642359396052548
1348,1348,-0.5191822569532878
1349,1349,-0.8578887642791706
1350,1350,-0.7175606962091621
1351,1351,-0.6590886638279301
1352,1352,-0.8637715044780236
1353,1353,-0.7411389121144385
1354,1354,-0.8497371762138961
1355,1355,-0.5421248694748915
1356,1356,-0.8744308112301997
1357,1357,-0.5403789114218416
1358,1358,-0.8750107560150244
1359,1359,-0.93549025974899
1360,1360,-0.7400253988028229
1361,1361,-0.7706873044974216
1362,1362,-0.7129821060894859
1363,1363,-0.5902537134339951
1364,1364,-0.8459933139035059
1365,1365,-0.5695144973150867
1366,1366,-0.36892337943840303
1367,1367,-0.3239067766992463
1368,1368,-0.6910639307303406
1369,1369,-0.6548759711317622
1370,1370,-0.9048570864581507
1371,1371,-0.7760800891933322
1372,1372,-0.5873897649647155
1373,1373,-0.5994808178478781
1374,1374,-0.7072339295000951
1375,1375,-0.93549025974899
1376,1376,-0.40438817980706077
1377,1377,-0.881349191023677
1378,1378,-0.6423358843432556
1379,1379,-0.6626199811375404
1380,1380,-0.4147909560186136
1381,1381,-0.5987909331973817
1382,1382,-0.5577700725841925
1383,1383,-0.7549909371451804
1384,1384,-0.6163114739810798
1385,1385,-0.7640346576374686
1386,1386,-0.5059705370853624
1387,1387,-0.4667385855735553
1388,1388,-0.5393204817850155
1389,1389,-0.6026938320902975
1390,1390,-0.697616107601478
1391,1391,-0.5711568906366669
1392,1392,-0.93549025974899
1393,1393,-0.6188090317244264
1394,1394,-0.763265396092061
1395,1395,-0.8634462218705057
1396,1396,-0.93549025974899
1397,1397,-0.6160010493749759
1398,1398,-0.6914598385714079
1399,1399,-0.6085473642871921
1400,1400,-0.8091659253369698
1401,1401,-0.608690365095315
1402,1402,-0.5516606127990009
1403,1403,-0.7665092480920226
1404,1404,-0.6288517475791942
1405,1405,-0.8954671194196813
1406,1406,-0.7234414128884659
1407,1407,-0.93549025974899
1408,1408,-0.8370515365255304
1409,1409,-0.7250645103921904
1410,1410,-0.93549025974899
1411,1411,-0.8062215411356313
1412,1412,-0.8848559401942602
1413,1413,-0.90755943406967
1414,1414,-0.2766788481587046
1415,1415,-0.7591865360636874
1416,1416,-0.93549025974899
1417,1417,-0.8037013928927994
1418,1418,-0.759886264877526
1419,1419,-0.7758013940421691
1420,1420,-0.6654414971658031
1421,1421,-0.7447515192900802
1422,1422,-0.1745345638371747
1423,1423,-0.6920875272918359
1424,1424,-0.8771929148058923
1425,1425,-0.9248391866039221
1426,1426,-0.424359329214683
1427,1427,-0.93549025974899
1428,1428,-0.640978989992691
1429,1429,-0.93549025974899
1430,1430,-0.4619789182340561
1431,1431,-0.34768671592227385
1432,1432,-0.93549025974899
1433,1433,-0.93549025974899
1434,1434,-0.5175620391449947
1435,1435,-0.49241947375515593
1436,1436,-0.16453371638451675
1437,1437,-0.5981848669144405
1438,1438,-0.7950876900128225
1439,1439,-0.6424402560532378
1440,1440,-0.8336977678084967
1441,1441,-0.39760105819194
1442,1442,-0.49085506636744825
1443,1443,-0.5289882720983403
1444,1444,-0.850338958329445
1445,1445,-0.7036415887650271
1446,1446,-0.6444699107409182
1447,1447,-0.9029426201117374
1448,1448,-0.93549025974899
1449,1449,-0.93549025974899
1450,1450,-0.9107660720844031
1451,1451,-0.890204424206468
1452,1452,-0.93549025974899
1453,1453,-0.3868083250144174
1454,1454,-0.39079118078888797
1455,1455,-0.93549025974899
1456,1456,-0.6290046213625295
1457,1457,-0.843967171319564
1458,1458,-0.16481118805340111
1459,1459,-0.5477243913281034
1460,1460,-0.852685841942149
1461,1461,-0.6954671840441797
1462,1462,-0.628270812312012
1463,1463,-0.6749772136783783
1464,1464,-0.5700258846221584
1465,1465,-0.510688039197138
1466,1466,-0.7623348000719865
1467,1467,-0.6886583218744882
1468,1468,-0.6782999896037811
1469,1469,-0.93549025974899
1470,1470,-0.8927013461153877
1471,1471,-0.6724921501160885
1472,1472,-0.8612840233702403
1473,1473,-0.3004191505852636
1474,1474,-0.93549025974899
1475,1475,-0.2659969493121839
1476,1476,-0.8011820981959961
1477,1477,-0.6882165582061308
1478,1478,-0.6720292669342331
1479,1479,-0.6751363819130507
1480,1480,-0.5613180320683302
1481,1481,-0.93549025974899
1482,1482,-0.6093603751492118
1483,1483,-0.6533116148398808
1484,1484,-0.8090357529758183
1485,1485,-0.93549025974899
1486,1486,-0.6849311448723672
1487,1487,-0.566559158556931
1488,1488,-0.47685575014861925
1489,1489,-0.8348311389944687
1490,1490,-0.6232272169898607
1491,1491,-0.9144006078449838
1492,1492,-0.7079955895719827
1493,1493,-0.5170545035685059
1494,1494,-0.93549025974899
1495,1495,-0.8943385971217346
1496,1496,-0.93549025974899
1497,1497,-0.3441379789221082
1498,1498,-0.6780689526575419
1499,1499,-0.8461209289836233
1500,1500,-0.4216109855578658
1501,1501,-0.3200063412043339
1502,1502,-0.6223696338789626
1503,1503,-0.93549025974899
1504,1504,-0.41386445762563717
1505,1505,-0.39476800289677527
1506,1506,-0.93549025974899
1507,1507,-0.7002214756836214
1508,1508,-0.8650498213588893
1509,1509,-0.24464082957775446
1510,1510,-0.5126320651300791
1511,1511,-0.6427981036921899
1512,1512,-0.556991183381351
1513,1513,-0.6647830298146076
1514,1514,-0.93549025974899
1515,1515,-0.5569351928712241
1516,1516,-0.93549025974899
1517,1517,-0.5151627839965318
1518,1518,-0.6453799063448162
1519,1519,-0.93549025974899
1520,1520,-0.724587682150359
1521,1521,-0.7441265715774268
1522,1522,-0.7600457036893502
1523,1523,-0.44317999580393996
1524,1524,-0.93549025974899
1525,1525,-0.674742232429999
1526,1526,-0.9191710296450886
1527,1527,-0.93549025974899
1528,1528,-0.7130302269661843
1529,1529,-0.852744834650867
1530,1530,-0.48062135959242624
1531,1531,-0.93549025974899
1532,1532,-0.7783916201510923
1533,1533,-0.650861824363929
1534,1534,-0.7393907441181913
1535,1535,-0.41689197310805426
1536,1536,-0.4813510262904863
1537,1537,-0.3299794018034352
1538,1538,-0.7437290601549229
1539,1539,-0.6228664642079185
1540,1540,-0.6419374915901166
1541,1541,-0.6687056766827144
1542,1542,-0.8712802511892068
1543,1543,-0.93549025974899
1544,1544,-0.5312294140080844
1545,1545,-0.7664146709265314
1546,1546,-0.6733291216632509
1547,1547,-0.48475221396307866
1548,1548,-0.7169079309131376
1549,1549,-0.39872737523882407
1550,1550,-0.6410078922861295
1551,1551,-0.369634677840768
1552,1552,-0.93549025974899
1553,1553,-0.9224804885997244
1554,1554,-0.7013562553878163
1555,1555,-0.93549025974899
1556,1556,-0.9265830056213264
1557,1557,-0.7599229404717569
1558,1558,-0.8709399769026938
1559,1559,-0.93549025974899
1560,1560,-0.1481011352867584
1561,1561,-0.33049225830767526
1562,1562,-0.5225964944438974
1563,1563,-0.7139900053325654
1564,1564,-0.7527323375914605
1565,1565,-0.6338543129687881
1566,1566,-0.6291603477698295
1567,1567,-0.8642394824646615
1568,1568,-0.5389152435453628
1569,1569,-0.4549544152126579
1570,1570,-0.48179957423436726
1571,1571,-0.7797379309319652
1572,1572,-0.93549025974899
1573,1573,-0.5038316800523757
1574,1574,-0.8036560159282136
1575,1575,-0.7464151139099116
1576,1576,-0.93549025974899
1577,1577,-0.3818142777698661
1578,1578,-0.6569816135210207
1579,1579,-0.8980954221323216
1580,1580,-0.8170029990826677
1581,1581,-0.6489612104760045
1582,1582,-0.93549025974899
1583,1583,-0.9282913315487384
1584,1584,-0.5118985993407712
1585,1585,-0.5539993558578704
1586,1586,-0.47702991897124314
1587,1587,-0.6754666653111521
1588,1588,-0.8180356268691469
1589,1589,-0.6666939413490471
1590,1590,-0.41285591071661054
1591,1591,-0.7236200547280323
1592,1592,-0.7062694945774712
1593,1593,-0.7070984886737541
1594,1594,-0.6982474513851304
1595,1595,-0.6013167117570362
1596,1596,-0.653734588787394
1597,1597,-0.4009494689951829
1598,1598,-0.9125269654876877
1599,1599,-0.6105407441968129
1600,1600,-0.5537659256180678
1601,1601,-0.7646156096205576
1602,1602,-0.77730946002821
1603,1603,-0.93549025974899
1604,1604,-0.93549025974899
1605,1605,-0.5821195596715487
1606,1606,-0.5947982093865285
1607,1607,-0.47405378173639434
1608,1608,-0.93549025974899
1609,1609,-0.7826433938774819
1610,1610,-0.6787634736155557
1611,1611,-0.880846504428769
1612,1612,-0.819840582300829
1613,1613,-0.3273775975003037
1614,1614,-0.8912315941013507
1615,1615,-0.6293655610130067
1616,1616,-0.5568613012739299
1617,1617,-0.5869840889394258
1618,1618,-0.93549025974899
1619,1619,-0.8993052725173971
1620,1620,-0.4600200380721873
1621,1621,-0.6556240767012156
1622,1622,-0.6999553531449809
1623,1623,-0.782814694785543
1624,1624,-0.93549025974899
1625,1625,-0.907158773470508
1626,1626,-0.6648770714044794
1627,1627,-0.8839605210637433
1628,1628,-0.93549025974899
1629,1629,-0.93549025974899
1630,1630,-0.7822241372713457
1631,1631,-0.8179490195771724
1632,1632,-0.93549025974899
1633,1633,-0.5432252206085786
1634,1634,-0.8980199562232158
1635,1635,-0.6776871138005447
1636,1636,-0.627075122391151
1637,1637,-0.93549025974899
1638,1638,-0.93549025974899
1639,1639,-0.8084062488686072
1640,1640,-0.7770635654926981
1641,1641,-0.906509687811381
1642,1642,-0.6074771581800977
1643,1643,-0.5948914163329064
1644,1644,-0.93549025974899
1645,1645,-0.2255118242661922
1646,1646,-0.93549025974899
1647,1647,-0.2807523887145469
1648,1648,-0.8001540800181104
1649,1649,-0.46876666526694255
1650,1650,-0.7088429498518565
1651,1651,-0.8081400285841145
1652,1652,-0.7022246411296749
1653,1653,-0.4968696438690987
1654,1654,-0.8130326261706671
1655,1655,-0.8036203437364566
1656,1656,-0.6782448604968199
1657,1657,-0.5123101969712227
1658,1658,-0.93549025974899
1659,1659,-0.6405114502049631
1660,1660,-0.2567662956239496
1661,1661,-0.93549025974899
1662,1662,-0.6800220366152079
1663,1663,-0.5323398620429334
1664,1664,-0.4526370782714171
1665,1665,-0.49603090999831245
1666,1666,-0.664408966159165
1667,1667,-0.6627477428697421
1668,1668,-0.36505428787578786
1669,1669,-0.7577435606182839
1670,1670,-0.40382702595971764
1671,1671,-0.6925940165452609
1672,1672,-0.7914003924817337
1673,1673,-0.93549025974899
1674,1674,-0.6169215507641841
1675,1675,-0.6358450758788479
1676,1676,-0.93549025974899
1677,1677,-0.5605584856660801
1678,1678,-0.7902052940392004
1679,1679,-0.8158350460805952
1680,1680,-0.5971433696811097
1681,1681,-0.93549025974899
1682,1682,-0.6326895214336847
1683,1683,-0.5409866490247013
1684,1684,-0.93549025974899
1685,1685,-0.3808093544215052
1686,1686,-0.8090731142514418
1687,1687,-0.8070038206488608
1688,1688,-0.5343874853400283
1689,1689,-0.900118039948385
1690,1690,-0.93549025974899
1691,1691,-0.7410589236833971
1692,1692,-0.93549025974899
1693,1693,-0.93549025974899
1694,1694,-0.6064277285295692
1695,1695,-0.582120791470226
1696,1696,-0.93549025974899
1697,1697,-0.8030808335630244
1698,1698,-0.93549025974899
1699,1699,-0.8426992352668226
1700,1700,-0.7153398076390705
1701,1701,-0.6384243710714674
1702,1702,-0.8756329363509998
1703,1703,-0.7530957864053001
1704,1704,-0.93549025974899
1705,1705,-0.6254665898499869
1706,1706,-0.7633889571636594
1707,1707,-0.93549025974899
1708,1708,-0.93549025974899
1709,1709,-0.5805675189483743
1710,1710,-0.7857711029727046
1711,1711,-0.7794890853792857
1712,1712,-0.7074237154386118
1713,1713,-0.7447891899968262
1714,1714,-0.8289467126019936
1715,1715,-0.7295488229831228
1716,1716,-0.24354994920078754
1717,1717,-0.8352996209516341
1718,1718,-0.6944034283153133
1719,1719,-0.5268644906811435
1720,1720,-0.8041868397729406
1721,1721,-0.5650330996071773
1722,1722,-0.8954780606863899
1723,1723,-0.5901779528265667
1724,1724,-0.5037106144816605
1725,1725,-0.93549025974899
1726,1726,-0.46708740597938814
1727,1727,-0.6918457606287962
1728,1728,-0.6846671279113004
1729,1729,-0.5779979840937415
1730,1730,-0.9305442743446157
1731,1731,-0.93549025974899
1732,1732,-0.9318061148463883
1733,1733,-0.7928870089086661
1734,1734,-0.9038432319640766
1735,1735,-0.8762888563117031
1736,1736,-0.683905521823732
1737,1737,-0.6414868027926435
1738,1738,-0.8852358801700078
1739,1739,-0.5324984143468363
1740,1740,-0.6928168998257593
1741,1741,-0.25004575707260557
1742,1742,-0.5030708198300502
1743,1743,-0.6748404269508974
1744,1744,-0.7119542864650903
1745,1745,-0.49714891729275124
1746,1746,-0.93549025974899
1747,1747,-0.7144890720494743
1748,1748,-0.6818486866453899
1749,1749,-0.5213787440669297
1750,1750,-0.5657599136293823
1751,1751,-0.7524185346347725
1752,1752,-0.6819175989581439
1753,1753,-0.6719743105774487
1754,1754,-0.6643442768074284
1755,1755,-0.8417335412837179
1756,1756,-0.6405122255117579
1757,1757,-0.48439801512657976
1758,1758,-0.93549025974899
1759,1759,-0.5376041110580463
1760,1760,-0.5730763934523058
1761,1761,-0.37346850239525864
1762,1762,-0.93549025974899
1763,1763,-0.6921882093007614
1764,1764,-0.93549025974899
1765,1765,-0.6384172457306594
1766,1766,-0.4843608187357269
1767,1767,-0.93549025974899
1768,1768,-0.2731432083330958
1769,1769,-0.6174522566219345
1770,1770,-0.93549025974899
1771,1771,-0.4040953881770779
1772,1772,-0.5031155553017777
1773,1773,-0.8291317574261292
1774,1774,-0.93549025974899
1775,1775,-0.5709496911124234
1776,1776,-0.93549025974899
1777,1777,-0.93549025974899
1778,1778,-0.7765070105000138
1779,1779,-0.6866541845938414
1780,1780,-0.9284608148296236
1781,1781,-0.93549025974899
1782,1782,-0.914286367567616
1783,1783,-0.632203379375941
1784,1784,-0.6286263162747563
1785,1785,-0.7228559172080118
1786,1786,-0.8657255966917958
1787,1787,-0.7452331922372881
1788,1788,-0.429452332600464
1789,1789,-0.857466500630979
1790,1790,-0.93549025974899
1791,1791,-0.7065655855527897
1792,1792,-0.558038137104051
1793,1793,-0.8567546056657296
1794,1794,-0.6238913218131756
1795,1795,-0.6101523391578674
1796,1796,-0.36181654785611705
1797,1797,-0.8387592746234862
1798,1798,-0.93549025974899
1799,1799,-0.8598273396011837
1800,1800,-0.7692768926848945
1801,1801,-0.34440345135343264
1802,1802,-0.6749768666430658
1803,1803,-0.93549025974899
1804,1804,-0.6183727994344714
1805,1805,-0.7694891631241507
1806,1806,-0.9252375412139191
1807,1807,-0.8468269772593562
1808,1808,-0.5176199928604697
1809,1809,-0.782127450686767
1810,1810,-0.5267018517193081
1811,1811,-0.7519084302993129
1812,1812,-0.7885380054082738
1813,1813,-0.93549025974899
1814,1814,-0.8143161000667831
1815,1815,-0.93549025974899
1816,1816,-0.6208497045662007
1817,1817,-0.837777681539734
1818,1818,-0.8360288718896811
1819,1819,-0.9200722915724704
1820,1820,-0.5402885993787678
1821,1821,-0.7364846774545288
1822,1822,-0.887992203964318
1823,1823,-0.4929325934098472
1824,1824,-0.93549025974899
1825,1825,-0.40175380363326463
1826,1826,-0.7468662461349602
1827,1827,-0.7750398842850803
1828,1828,-0.39747136881058864
1829,1829,-0.6405570200190347
1830,1830,-0.7673948901200731
1831,1831,-0.700736348833475
1832,1832,-0.7853536252535065
1833,1833,-0.7538946513336828
1834,1834,-0.6616715677541496
1835,1835,-0.93549025974899
1836,1836,-0.6755444221100682
1837,1837,-0.5784985171192467
1838,1838,-0.8144068964687001
1839,1839,-0.6804002439822856
1840,1840,-0.93549025974899
1841,1841,-0.93549025974899
1842,1842,-0.4925400104726513
1843,1843,-0.5981703487059704
1844,1844,-0.4658788977494517
1845,1845,-0.93549025974899
1846,1846,-0.7445894170303724
1847,1847,-0.6849300494920421
1848,1848,-0.8973512316925838
1849,1849,-0.7592278496913583
1850,1850,-0.5657029175483874
1851,1851,-0.93549025974899
1852,1852,-0.42574154855677193
1853,1853,-0.47205886308185896
1854,1854,-0.8650162638037546
1855,1855,-0.5844877524545673
1856,1856,-0.4969165568379328
1857,1857,-0.674365275745572
1858,1858,-0.93549025974899
1859,1859,-0.8039586682737543
1860,1860,-0.6602258919546387
1861,1861,-0.7858692508305243
1862,1862,-0.7422837914210234
1863,1863,-0.6934153399746812
1864,1864,-0.93549025974899
1865,1865,-0.609900049394696
1866,1866,-0.93549025974899
1867,1867,-0.2990883337523662
1868,1868,-0.4997284037731706
1869,1869,-0.642805919996805
1870,1870,-0.8747079560743831
1871,1871,-0.7353828478518043
1872,1872,-0.4390234311229193
1873,1873,-0.26180234764379984
1874,1874,-0.9330219618516367
1875,1875,-0.7880350862218268
1876,1876,-0.93549025974899
1877,1877,-0.93549025974899
1878,1878,-0.6390557779527573
1879,1879,-0.5007031159984265
1880,1880,-0.6990335407563251
1881,1881,-0.93549025974899
1882,1882,-0.9031562954792935
1883,1883,-0.6268741607935002
1884,1884,-0.93549025974899
1885,1885,-0.7113640307864451
1886,1886,-0.93549025974899
1887,1887,-0.7126951547821694
1888,1888,-0.93549025974899
1889,1889,-0.5492717165088408
1890,1890,-0.6449232148861785
1891,1891,-0.28070773126430604
1892,1892,-0.6079732234113244
1893,1893,-0.6245161875731586
1894,1894,-0.9072263183408769
1895,1895,-0.93549025974899
1896,1896,-0.765242591072921
1897,1897,-0.8414404593710589
1898,1898,-0.6701070479256774
1899,1899,-0.8058804008353935
1900,1900,-0.6269990150759988
1901,1901,-0.93549025974899
1902,1902,-0.6574425088634719
1903,1903,-0.93549025974899
1904,1904,-0.668359138696264
1905,1905,-0.6779659915245198
1906,1906,-0.888058594942196
1907,1907,-0.34811315499484863
1908,1908,-0.48828616750471276
1909,1909,-0.80269180276062
1910,1910,-0.8073699299323653
1911,1911,-0.91201392516105
1912,1912,-0.7627649766176958
1913,1913,-0.7168733957675677
1914,1914,-0.21719907713674402
1915,1915,-0.4699519875210889
1916,1916,-0.5029802979845588
1917,1917,-0.5673844675557516
1918,1918,-0.7875003794466195
1919,1919,-0.7375075853804507
1920,1920,-0.5486244112216188
1921,1921,-0.8652980871344482
1922,1922,-0.8164269824863357
1923,1923,-0.6470411567612349
1924,1924,-0.7181633657860562
1925,1925,-0.37921463010025924
1926,1926,-0.93549025974899
1927,1927,-0.5035353044976549
1928,1928,-0.7754574999351327
1929,1929,-0.8736648170181542
1930,1930,-0.7575456786070323
1931,1931,-0.8284757716331868
1932,1932,-0.7706829579186945
1933,1933,-0.7430634391410695
1934,1934,-0.93549025974899
1935,1935,-0.6753392325467491
1936,1936,-0.7274588798264858
1937,1937,-0.464344270804947
1938,1938,-0.7357397565197523
1939,1939,-0.6876967170082029
1940,1940,-0.5678588881978492
1941,1941,-0.9338991134567198
1942,1942,-0.7346494652942468
1943,1943,-0.93549025974899
1944,1944,-0.8677735392738306
1945,1945,-0.4581780519901102
1946,1946,-0.7118593463030471
1947,1947,-0.8929980760290626
1948,1948,-0.93549025974899
1949,1949,-0.889505261706427
1950,1950,-0.7793851498859841
1951,1951,-0.6711453696816285
1952,1952,-0.7079912746008183
1953,1953,-0.5479138858672408
1954,1954,-0.5122560050570719
1955,1955,-0.745843485272605
1956,1956,-0.93549025974899
1957,1957,-0.9150804759501128
1958,1958,-0.9018647754557154
1959,1959,-0.6048300973453937
1960,1960,-0.39216783951184375
1961,1961,-0.6114138559788564
1962,1962,-0.6957760496142562
1963,1963,-0.7998609273063302
1964,1964,-0.5231362348147606
1965,1965,-0.7421888390528295
1966,1966,-0.93549025974899
1967,1967,-0.5037823304214513
1968,1968,-0.6603448286053073
1969,1969,-0.9283002177560551
1970,1970,-0.7445313787449734
1971,1971,-0.5454536735365494
1972,1972,-0.93549025974899
1973,1973,-0.7838463919248628
1974,1974,-0.5237530154506267
1975,1975,-0.93549025974899
1976,1976,-0.8181489562222044
1977,1977,-0.5735442694093629
1978,1978,-0.5753656017401743
1979,1979,-0.3815671052795899
1980,1980,-0.6147255544816588
1981,1981,-0.46721406851038694
1982,1982,-0.30544951380471064
1983,1983,-0.6456805031126951
1984,1984,-0.7162341601088009
1985,1985,-0.9207382018304333
1986,1986,-0.6932031084321864
1987,1987,-0.6211401758417754
1988,1988,-0.875318802574526
1989,1989,-0.8658181604794084
1990,1990,-0.7441641466688509
1991,1991,-0.7012574900912671
1992,1992,-0.7320711305578875
1993,1993,-0.6603402068417967
1994,1994,-0.7646082946779487
1995,1995,-0.7373122538174108
1996,1996,-0.7322554802852554
1997,1997,-0.93549025974899
1998,1998,-0.7209071946600165
1999,1999,-0.4846902906028365
2000,2000,-0.8440959184653423
2001,2001,-0.93549025974899
2002,2002,-0.835836191247461
2003,2003,-0.4270621042444316
2004,2004,-0.93549025974899
2005,2005,-0.93549025974899
2006,2006,-0.27068089815001806
2007,2007,-0.320047218571462
2008,2008,-0.7742334957658432
2009,2009,-0.5623893415208592
2010,2010,-0.6581332834624494
2011,2011,-0.7834291433069929
2012,2012,-0.9212515278844879
2013,2013,-0.93549025974899
2014,2014,-0.7611832454518908
2015,2015,-0.7658521730118402
2016,2016,-0.6097384404582318
2017,2017,-0.8792814859581597
2018,2018,-0.4109674586003713
2019,2019,-0.6782959636383854
2020,2020,-0.7273985061630288
2021,2021,-0.8529986692190121
2022,2022,-0.38193923135026786
2023,2023,-0.8544973123913113
2024,2024,-0.8989061373136611
2025,2025,-0.593886526047017
2026,2026,-0.8566079249430949
2027,2027,-0.8436793481346463
2028,2028,-0.5294789267738644
2029,2029,-0.6914915554922985
2030,2030,-0.8554817257914795
2031,2031,-0.1986738420399412
2032,2032,-0.5811184636734503
2033,2033,-0.7715071453095312
2034,2034,-0.5215652790240757
2035,2035,-0.6685501461199443
2036,2036,-0.93549025974899
2037,2037,-0.3380798924120598
2038,2038,-0.6375014762109448
2039,2039,-0.93549025974899
2040,2040,-0.5100420987393228
2041,2041,-0.93549025974899
2042,2042,-0.93549025974899
2043,2043,-0.93549025974899
2044,2044,-0.93549025974899
2045,2045,-0.7891836372252676
2046,2046,-0.3534694333588484
2047,2047,-0.7660874571410439
2048,2048,-0.8675165665621041
2049,2049,-0.93549025974899
2050,2050,-0.48514431734340535
2051,2051,-0.6886768292865444
2052,2052,-0.93549025974899
2053,2053,-0.93549025974899
2054,2054,-0.6679395406303072
2055,2055,-0.22428557994011566
2056,2056,-0.93549025974899
2057,2057,-0.3870947813511272
2058,2058,-0.7555677932829532
2059,2059,-0.7004393212565425
2060,2060,-0.93549025974899
2061,2061,-0.6676610598476262
2062,2062,-0.7104258068427729
2063,2063,-0.7723279321985821
2064,2064,-0.5148341237748153
2065,2065,-0.6888894210832976
2066,2066,-0.43861075356766754
2067,2067,-0.2928750428403539
2068,2068,-0.7457221730286978
2069,2069,-0.7541723219558438
2070,2070,-0.9339969380097148
2071,2071,-0.93549025974899
2072,2072,-0.5821096577609559
2073,2073,-0.6145419117356372
2074,2074,-0.7344784760881566
2075,2075,-0.93549025974899
2076,2076,-0.340020268220556
2077,2077,-0.8056695402223912
2078,2078,-0.7948240872216452
2079,2079,-0.8546901012553008
2080,2080,-0.58042022763517
2081,2081,-0.8169775518447935
2082,2082,-0.93549025974899
2083,2083,-0.5413214376152755
2084,2084,-0.7883014576898297
2085,2085,-0.834948218824012
2086,2086,-0.7080602031720833
2087,2087,-0.4949709722487299
2088,2088,-0.9087078341210066
2089,2089,-0.8995573391201237
2090,2090,-0.7376963065784423
2091,2091,-0.6292435473199198
2092,2092,-0.5843849777498793
2093,2093,-0.8194830161347912
2094,2094,-0.93549025974899
2095,2095,-0.5042213311329196
2096,2096,-0.5055002784284515
2097,2097,-0.7434505268068534
2098,2098,-0.93549025974899
2099,2099,-0.3367637057930719
2100,2100,-0.5978799106515034
2101,2101,-0.6999536397153907
2102,2102,-0.6294913199491248
2103,2103,-0.866757989690301
2104,2104,-0.93549025974899
2105,2105,-0.7708841586194115
2106,2106,-0.6266579745075607
2107,2107,-0.6864314463407517
2108,2108,-0.93549025974899
2109,2109,-0.8219823286523145
2110,2110,-0.423137886584259
2111,2111,-0.8171950400306969
2112,2112,-0.7621629452901892
2113,2113,-0.7346368661752525
2114,2114,-0.93549025974899
2115,2115,-0.603315883500386
2116,2116,-0.6203013295632207
2117,2117,-0.808933297624538
2118,2118,-0.93549025974899
2119,2119,-0.7038543282261447
2120,2120,-0.6579668210128808
2121,2121,-0.93549025974899
2122,2122,-0.5069676272889301
2123,2123,-0.47130561171631946
2124,2124,-0.6770815494545577
2125,2125,-0.93549025974899
2126,2126,-0.6739644775782825
2127,2127,-0.9029987526608387
2128,2128,-0.780878257546215
2129,2129,-0.5964526601966558
2130,2130,-0.93549025974899
2131,2131,-0.93549025974899
2132,2132,-0.93549025974899
2133,2133,-0.93549025974899
2134,2134,-0.7459702467364426
2135,2135,-0.7278650318457558
2136,2136,-0.4151346359877537
2137,2137,-0.7087314409810261
2138,2138,-0.26660486656130367
2139,2139,-0.8546823612377068
2140,2140,-0.6301549634557677
2141,2141,-0.31152964709223774
2142,2142,-0.6576834868248671
2143,2143,-0.8868484732847453
2144,2144,-0.8261768747312193
2145,2145,-0.93549025974899
2146,2146,-0.6164054374686092
2147,2147,-0.47960956301196067
2148,2148,-0.93549025974899
2149,2149,-0.4886486469252773
2150,2150,-0.679173287936182
2151,2151,-0.6502351268649296
2152,2152,-0.7239658869277754
2153,2153,-0.6834119491694768
2154,2154,-0.6338615368280109
2155,2155,-0.93549025974899
2156,2156,-0.6999995604658409
2157,2157,-0.2988639119596588
2158,2158,-0.5169315704028268
2159,2159,-0.7976754627915188
2160,2160,-0.6336903393098012
2161,2161,-0.3034891371689974
2162,2162,-0.5053416516913991
2163,2163,-0.9144003830138434
2164,2164,-0.8543103046451961
2165,2165,-0.7732763999093439
2166,2166,-0.5377645231119637
2167,2167,-0.93549025974899
2168,2168,-0.93549025974899
2169,2169,-0.7899041098525288
2170,2170,-0.93549025974899
2171,2171,-0.6052880680085373
2172,2172,-0.7826745895175264
2173,2173,-0.1970134723951955
2174,2174,-0.802772410197905
2175,2175,-0.6983270863976134
2176,2176,-0.93549025974899
2177,2177,-0.6138501317852878
2178,2178,-0.6076314229001145
2179,2179,-0.7612103666440238
2180,2180,-0.29323890462085167
2181,2181,-0.6224861828701354
2182,2182,-0.6326963191407788
2183,2183,-0.4059547696941497
2184,2184,-0.7663453408914851
2185,2185,-0.93549025974899
2186,2186,-0.93549025974899
2187,2187,-0.8728359073950287
2188,2188,-0.6839539245197219
2189,2189,-0.5803479144148107
2190,2190,-0.820881533191784
2191,2191,-0.7895485546718692
2192,2192,-0.7363493363647766
2193,2193,-0.5015247475329407
2194,2194,-0.3195945156693121
2195,2195,-0.93549025974899
2196,2196,-0.36982413332209774
2197,2197,-0.8282250036339249
2198,2198,-0.6077985391089058
2199,2199,-0.5626464291710409
2200,2200,-0.5278487023804499
2201,2201,-0.7283058616497762
2202,2202,-0.93549025974899
2203,2203,-0.93549025974899
2204,2204,-0.6471591799105632
2205,2205,-0.28249728065486623
2206,2206,-0.93549025974899
2207,2207,-0.864514513307995
2208,2208,-0.45759057639530853
2209,2209,-0.879127818557679
2210,2210,-0.7742525517156373
2211,2211,-0.5640061444023576
2212,2212,-0.6212545713689366
2213,2213,-0.9318295497709403
2214,2214,-0.7495636075752987
2215,2215,-0.8336334373560437
2216,2216,-0.6999045982194918
2217,2217,-0.44876973036567236
2218,2218,-0.93549025974899
2219,2219,-0.8058999000708411
2220,2220,-0.678650329449102
2221,2221,-0.49697720696585534
2222,2222,-0.5402356844326204
2223,2223,-0.4901532977751466
2224,2224,-0.9050405153377827
2225,2225,-0.6822076362253373
2226,2226,-0.93549025974899
2227,2227,-0.5885943845927835
2228,2228,-0.93549025974899
2229,2229,-0.7497730815039922
2230,2230,-0.6994222554484697
2231,2231,-0.6720121942988602
2232,2232,-0.454655423313874
2233,2233,-0.93549025974899
2234,2234,-0.7505134846443902
2235,2235,-0.893531001069805
2236,2236,-0.93549025974899
2237,2237,-0.93549025974899
2238,2238,-0.4990555739362357
2239,2239,-0.6200310014353541
2240,2240,-0.8038547954648312
2241,2241,-0.530745164946973
2242,2242,-0.8477023789460709
2243,2243,-0.49890482311330864
2244,2244,-0.9062085231490489
2245,2245,-0.33396070858121085
2246,2246,-0.9111879800981573
2247,2247,-0.41072347653944696
2248,2248,-0.7618920868735035
2249,2249,-0.6247624304185369
2250,2250,-0.93549025974899
2251,2251,-0.6624299711100505
2252,2252,-0.8627544418562696
2253,2253,-0.93549025974899
2254,2254,-0.6697211384207549
2255,2255,-0.7917022006815433
2256,2256,-0.93549025974899
2257,2257,-0.8679816561824669
2258,2258,-0.93549025974899
2259,2259,-0.5499164128448695
2260,2260,-0.8018659505354719
2261,2261,-0.4948658685610532
2262,2262,-0.5533552910163486
2263,2263,-0.7655437771924198
2264,2264,-0.7904856201338948
2265,2265,-0.8359098143636245
2266,2266,-0.8919712518242022
2267,2267,-0.93549025974899
2268,2268,-0.475326374481444
2269,2269,-0.5919720190085744
2270,2270,-0.2894283012580594
2271,2271,-0.5840730533833636
2272,2272,-0.93549025974899
2273,2273,-0.629116761201729
2274,2274,-0.8084607692889314
2275,2275,-0.55958009719388
2276,2276,-0.41123978786768767
2277,2277,-0.8171980670291674
2278,2278,-0.93549025974899
2279,2279,-0.3837047144312127
2280,2280,-0.831303568876729
2281,2281,-0.7650849308964442
2282,2282,-0.93549025974899
2283,2283,-0.7702768815871526
2284,2284,-0.6883510917330007
2285,2285,-0.93549025974899
2286,2286,-0.6742604002210051
2287,2287,-0.8106042638544331
2288,2288,-0.7936631947614572
2289,2289,-0.2518000294546159
2290,2290,-0.5232702288872737
2291,2291,-0.7298531987158619
2292,2292,-0.8210994857036304
2293,2293,-0.5665971535192149
2294,2294,-0.6307442848596114
2295,2295,-0.7554857904125356
2296,2296,-0.6378869443064517
2297,2297,-0.6013061456272695
2298,2298,-0.4718208191173723
2299,2299,-0.734035644505953
2300,2300,-0.5908148521360954
2301,2301,-0.93549025974899
2302,2302,-0.5728694287389438
2303,2303,-0.7615165494647336
2304,2304,-0.7474544258904192
2305,2305,-0.9037342256920784
2306,2306,-0.4951361128837437
2307,2307,-0.8447537625778594
2308,2308,-0.5558327120341691
2309,2309,-0.9076575847180042
2310,2310,-0.7086052795376592
2311,2311,-0.6770021049806747
2312,2312,-0.7443674767172759
2313,2313,-0.8907126335330879
2314,2314,-0.628601009882324
2315,2315,-0.6338608241505774
2316,2316,-0.7464390802698109
2317,2317,-0.6724496450735717
2318,2318,-0.7424462784170558
2319,2319,-0.93549025974899
2320,2320,-0.49125808742886967
2321,2321,-0.93549025974899
2322,2322,-0.43970619841170233
2323,2323,-0.3038603112377314
2324,2324,-0.8342796898538953
2325,2325,-0.3311174547236284
2326,2326,-0.8834465023199005
2327,2327,-0.875957693886436
2328,2328,-0.6005851018217019
2329,2329,-0.682243198532122
2330,2330,-0.842611003249278
2331,2331,-0.5462097569575755
2332,2332,-0.7672266025584804
2333,2333,-0.6329184806112984
2334,2334,-0.3652995394272356
2335,2335,-0.6329202318821707
2336,2336,-0.93549025974899
2337,2337,-0.41995129506220863
2338,2338,-0.93549025974899
2339,2339,-0.5230108338350625
2340,2340,-0.19572201520107235
2341,2341,-0.881881436697677
2342,2342,-0.3199970362062974
2343,2343,-0.8577652556929536
2344,2344,-0.7999097034398464
2345,2345,-0.8401669843516277
2346,2346,-0.21554990215016723
2347,2347,-0.7355147557826758
2348,2348,-0.7606891643281877
2349,2349,-0.93549025974899
2350,2350,-0.589712347121452
2351,2351,-0.6001693010476519
2352,2352,-0.93549025974899
2353,2353,-0.6456092141923921
2354,2354,-0.7515164491536872
2355,2355,-0.93549025974899
2356,2356,-0.6038755420625979
2357,2357,-0.29259834208881985
2358,2358,-0.9204889801789484
2359,2359,-0.7087258703234944
2360,2360,-0.93549025974899
2361,2361,-0.712206073865234
2362,2362,-0.9307454622251043
2363,2363,-0.8579252059574358
2364,2364,-0.5804549540674557
2365,2365,-0.93549025974899
2366,2366,-0.6402267554074186
2367,2367,-0.7989333612573066
2368,2368,-0.723431228386719
2369,2369,-0.8952269998599789
2370,2370,-0.7445494949316753
2371,2371,-0.5774912829631251
2372,2372,-0.8151306434374739
2373,2373,-0.4833868648541344
2374,2374,-0.93549025974899
2375,2375,-0.3163220518393519
2376,2376,-0.6197437494713576
2377,2377,-0.7292787463765382
2378,2378,-0.5975964991519351
2379,2379,-0.93549025974899
2380,2380,-0.24984768773905597
2381,2381,-0.7143607243115255
2382,2382,-0.5203859900960328
2383,2383,-0.759671985815551
2384,2384,-0.7640309106345899
2385,2385,-0.6359687769566236
2386,2386,-0.38424937456296115
2387,2387,-0.8049222639548379
2388,2388,-0.6016320766086256
2389,2389,-0.8829085650514692
2390,2390,-0.93549025974899
2391,2391,-0.5039309856462109
2392,2392,-0.7885310609709553
2393,2393,-0.5699240108118175
2394,2394,-0.5414579319564794
2395,2395,-0.7571262352758925
2396,2396,-0.6822335236598747
2397,2397,-0.6586678078954211
2398,2398,-0.8907132066874013
2399,2399,-0.93549025974899
2400,2400,-0.8521871894032262
2401,2401,-0.8733773119428978
2402,2402,-0.48621989243017794
2403,2403,-0.5492942708974287
2404,2404,-0.24583943343575793
2405,2405,-0.9162574717741769
2406,2406,-0.4383442405287017
2407,2407,-0.7176426914532943
2408,2408,-0.7885362812651415
2409,2409,-0.93549025974899
2410,2410,-0.93549025974899
2411,2411,-0.93549025974899
2412,2412,-0.8178736327759886
2413,2413,-0.7174274035805439
2414,2414,-0.5846874569802751
2415,2415,-0.93549025974899
2416,2416,-0.5513716881114465
2417,2417,-0.7980771432647078
2418,2418,-0.7909480529181003
2419,2419,-0.5702298940596258
2420,2420,-0.93549025974899
2421,2421,-0.8387188757556672
2422,2422,-0.7271391537974257
2423,2423,-0.16106939309357138
2424,2424,-0.731577710061929
2425,2425,-0.6729319997702152
2426,2426,-0.7072240993341445
2427,2427,-0.19295935900478733
2428,2428,-0.7480506960469668
2429,2429,-0.6027532722889681
2430,2430,-0.7551439080124922
2431,2431,-0.5992080309470005
2432,2432,-0.2444690727738852
2433,2433,-0.93549025974899
2434,2434,-0.7829310093677648
2435,2435,-0.601935447502969
2436,2436,-0.695244751188655
2437,2437,-0.8833031679696468
2438,2438,-0.93549025974899
2439,2439,-0.93549025974899
2440,2440,-0.8275251393316587
2441,2441,-0.7340171247270977
2442,2442,-0.93549025974899
2443,2443,-0.5675221908159944
2444,2444,-0.93549025974899
2445,2445,-0.640168616087653
2446,2446,-0.5840982439397635
2447,2447,-0.7302924276255318
2448,2448,-0.8209330777716861
2449,2449,-0.7845279141245989
2450,2450,-0.93549025974899
2451,2451,-0.6920857050459848
2452,2452,-0.8036284645285452
2453,2453,-0.549700110460595
2454,2454,-0.93549025974899
2455,2455,-0.8607022352660909
2456,2456,-0.8871794158829136
2457,2457,-0.20637821589907368
2458,2458,-0.6372249825160772
2459,2459,-0.33671260118845936
2460,2460,-0.93549025974899
2461,2461,-0.8112029622715102
2462,2462,-0.93549025974899
2463,2463,-0.5739330482332097
2464,2464,-0.6327015326703567
2465,2465,-0.93549025974899
2466,2466,-0.7245645399141569
2467,2467,-0.93549025974899
2468,2468,-0.8302400642009822
2469,2469,-0.93549025974899
2470,2470,-0.5952780219713762
2471,2471,-0.7720932020267135
2472,2472,-0.93549025974899
2473,2473,-0.93549025974899
2474,2474,-0.6193909775971385
2475,2475,-0.45680837028135457
2476,2476,-0.8602786877362689
2477,2477,-0.6926334845679438
2478,2478,-0.5353146340484649
2479,2479,-0.8614377590628681
2480,2480,-0.7389700895092695
2481,2481,-0.93549025974899
2482,2482,-0.28769423348854817
2483,2483,-0.597056948736796
2484,2484,-0.7606780028989011
2485,2485,-0.7511161376851057
2486,2486,-0.6283084005100115
2487,2487,-0.8536246260039295
2488,2488,-0.29738731472188107
2489,2489,-0.584561795599392
2490,2490,-0.6952304776882556
2491,2491,-0.6779701412076964
2492,2492,-0.6966325552961283
2493,2493,-0.93549025974899
2494,2494,-0.7183604543693356
2495,2495,-0.93549025974899
2496,2496,-0.8966361609293472
2497,2497,-0.93549025974899
2498,2498,-0.7425729204167375
2499,2499,-0.5976226498717558
2500,2500,-0.5212700328569504
2501,2501,-0.5523919053100337
2502,2502,-0.6452561637753309
2503,2503,-0.6533344030096941
2504,2504,-0.7581990480593284
2505,2505,-0.6814071172308971
2506,2506,-0.8195928724557611
2507,2507,-0.6362868866929752
2508,2508,-0.4044803540922519
2509,2509,-0.49252214417238704
2510,2510,-0.7489742862981874
2511,2511,-0.93549025974899
2512,2512,-0.5011696021024172
2513,2513,-0.5665069893690533
2514,2514,-0.4916380091587218
2515,2515,-0.18138217300562554
2516,2516,-0.93549025974899
2517,2517,-0.2419474458262436
2518,2518,-0.7124257663070086
2519,2519,-0.93549025974899
2520,2520,-0.93549025974899
2521,2521,-0.5738593102456946
2522,2522,-0.8778826077166748
2523,2523,-0.93549025974899
2524,2524,-0.2084340517969796
2525,2525,-0.93549025974899
2526,2526,-0.6531476972855774
2527,2527,-0.93549025974899
2528,2528,-0.8813725273981863
2529,2529,-0.93549025974899
2530,2530,-0.56204619818776
2531,2531,-0.44292497307137646
2532,2532,-0.6665281122877165
2533,2533,-0.7672053668969632
2534,2534,-0.8957166480794161
2535,2535,-0.6696778788061764
2536,2536,-0.6970058032579409
2537,2537,-0.6147667716568783
2538,2538,-0.7737483526734881
2539,2539,-0.6528816436481364
2540,2540,-0.93549025974899
2541,2541,-0.6211245390361348
2542,2542,-0.6691753090398613
2543,2543,-0.6283736313972543
2544,2544,-0.6667032752422308
2545,2545,-0.93549025974899
2546,2546,-0.93549025974899
2547,2547,-0.7274350079874417
2548,2548,-0.8295091447136258
2549,2549,-0.9177237280919304
2550,2550,-0.9106660555037553
2551,2551,-0.46218702164259284
2552,2552,-0.607086682286031
2553,2553,-0.587270073552526
2554,2554,-0.93549025974899
2555,2555,-0.4753374190482501
2556,2556,-0.31151436257124177
2557,2557,-0.7663108978569433
2558,2558,-0.833966266474464
2559,2559,-0.93549025974899
2560,2560,-0.5651990594200527
2561,2561,-0.7022343056271225
2562,2562,-0.8063347795080524
2563,2563,-0.6820442372496593
2564,2564,-0.636591352486926
2565,2565,-0.7669560628631942
2566,2566,-0.8139502027031984
2567,2567,-0.9083731845095606
2568,2568,-0.13385071250624359
2569,2569,-0.7800796490671082
2570,2570,-0.2714601781981096
2571,2571,-0.6305768820824245
2572,2572,-0.20190491477251626
2573,2573,-0.6504663966723747
2574,2574,-0.6139330804117584
2575,2575,-0.8293863345446528
2576,2576,-0.7804667911401442
2577,2577,-0.5649791862761369
2578,2578,-0.6795870113997626
2579,2579,-0.4862001814281065
2580,2580,-0.93549025974899
2581,2581,-0.8643672825680007
2582,2582,-0.7772229833143918
2583,2583,-0.5498138106589909
2584,2584,-0.629509358143503
2585,2585,-0.6288736474493852
2586,2586,-0.9332206217148826
2587,2587,-0.6780623881887529
2588,2588,-0.9186064749716891
2589,2589,-0.6518749371418497
2590,2590,-0.7228307844617383
2591,2591,-0.42586028083225536
2592,2592,-0.4052464569783911
2593,2593,-0.7820808908628454
2594,2594,-0.93549025974899
2595,2595,-0.43734399864826323
2596,2596,-0.5776730018952847
2597,2597,-0.93549025974899
2598,2598,-0.8153710052411647
2599,2599,-0.3631349511200739
2600,2600,-0.46504268032135343
2601,2601,-0.6581078824691566
2602,2602,-0.6337686036069616
2603,2603,-0.8644970893736303
2604,2604,-0.788414788662708
2605,2605,-0.739362611136686
2606,2606,-0.6917375643286192
2607,2607,-0.7654330950332966
2608,2608,-0.5789552194090817
2609,2609,-0.32249723732454827
2610,2610,-0.6399629997539087
2611,2611,-0.8192144437483382
2612,2612,-0.8812847603742284
2613,2613,-0.5234892122730415
2614,2614,-0.8923137543039559
2615,2615,-0.5798394624451113
2616,2616,-0.4862268008455022
2617,2617,-0.84886168701928
2618,2618,-0.6017234220691581
2619,2619,-0.6982406640807088
2620,2620,-0.8432301484997726
2621,2621,-0.93549025974899
2622,2622,-0.7985539248107649
2623,2623,-0.6082139283663714
2624,2624,-0.7570421096994622
2625,2625,-0.6551288677766571
2626,2626,-0.7184015958730061
2627,2627,-0.72910902760254
2628,2628,-0.8273036536130807
2629,2629,-0.93549025974899
2630,2630,-0.5034802604270272
2631,2631,-0.8791294125987328
2632,2632,-0.7217164168067995
2633,2633,-0.5782694922070495
2634,2634,-0.5195522674644089
2635,2635,-0.3807077533964094
2636,2636,-0.93549025974899
2637,2637,-0.6604770876737298
2638,2638,-0.93549025974899
2639,2639,-0.7966212551739922
2640,2640,-0.46190021227147504
2641,2641,-0.6858120031140107
2642,2642,-0.93549025974899
2643,2643,-0.754443126738984
2644,2644,-0.21676395241125102
2645,2645,-0.5120717251592044
2646,2646,-0.650729453792156
2647,2647,-0.48807863338638136
2648,2648,-0.8080065973480544
2649,2649,-0.93549025974899
2650,2650,-0.93549025974899
2651,2651,-0.93549025974899
2652,2652,-0.6274908805371755
2653,2653,-0.93549025974899
2654,2654,-0.8926985520074826
2655,2655,-0.7142397711187733
2656,2656,-0.5136989557847915
2657,2657,-0.9347348733873151
2658,2658,-0.6763701697559839
2659,2659,-0.7243119889244216
2660,2660,-0.542457602451023
2661,2661,-0.5413088147656033
2662,2662,-0.8983554591249465
2663,2663,-0.3646310592184392
2664,2664,-0.5819929005313345
2665,2665,-0.31272340741042415
2666,2666,-0.9305997915763875
2667,2667,-0.5242995297335629
2668,2668,-0.6440143200840911
2669,2669,-0.93549025974899
2670,2670,-0.7299121284840169
2671,2671,-0.6935297469884638
2672,2672,-0.3405678575589186
2673,2673,-0.7420517648451881
2674,2674,-0.26150893580515744
2675,2675,-0.6285584941683187
2676,2676,-0.93549025974899
2677,2677,-0.5674379382289563
2678,2678,-0.4631482257762105
2679,2679,-0.93549025974899
2680,2680,-0.5019574632151227
2681,2681,-0.4075246000673207
2682,2682,-0.711155277244707
2683,2683,-0.5133559275304211
2684,2684,-0.93549025974899
2685,2685,-0.34919573237022306
2686,2686,-0.9150922368961325
2687,2687,-0.8885600371915281
2688,2688,-0.38444975311708873
2689,2689,-0.4428556384887976
2690,2690,-0.6645458731872456
2691,2691,-0.703873003499746
2692,2692,-0.93549025974899
2693,2693,-0.785874804416558
2694,2694,-0.6198894722721491
2695,2695,-0.8200428699345483
2696,2696,-0.93549025974899
2697,2697,-0.8419268164729203
2698,2698,-0.93549025974899
2699,2699,-0.46211950119639233
2700,2700,-0.6651429656099328
2701,2701,-0.6111785582274027
2702,2702,-0.9093644308297417
2703,2703,-0.5879172904268533
2704,2704,-0.3945095570206636
2705,2705,-0.876925253258003
2706,2706,-0.9229995636724997
2707,2707,-0.6346372308335777
2708,2708,-0.8609028290696532
2709,2709,-0.6460692351504527
2710,2710,-0.6106902258940199
2711,2711,-0.6439464382932147
2712,2712,-0.6717224731768656
2713,2713,-0.6980839886097705
2714,2714,-0.6524685104997392
2715,2715,-0.818168872938509
2716,2716,-0.5313098085211312
2717,2717,-0.93549025974899
2718,2718,-0.4942047798091611
2719,2719,-0.7309982110832216
2720,2720,-0.8417401217893872
2721,2721,-0.7635370535124686
2722,2722,-0.5995198249064888
2723,2723,-0.93549025974899
2724,2724,-0.7964358834416974
2725,2725,-0.5519469511285031
2726,2726,-0.8030777511426326
2727,2727,-0.6955157109401444
2728,2728,-0.362692032535048
2729,2729,-0.6666456126323261
2730,2730,-0.48925287847662924
2731,2731,-0.6621907171496222
2732,2732,-0.8343809548501913
2733,2733,-0.46771311879267685
2734,2734,-0.5184173649211647
2735,2735,-0.6971607704259615
2736,2736,-0.650029747111704
2737,2737,-0.5546817520368652
2738,2738,-0.696624676706513
2739,2739,-0.93549025974899
2740,2740,-0.8634213114703471
2741,2741,-0.8408534505168976
2742,2742,-0.7842740076850081
2743,2743,-0.47296783764824823
2744,2744,-0.35376116933570145
2745,2745,-0.9113705632388793
2746,2746,-0.7329462814571635
2747,2747,-0.93549025974899
2748,2748,-0.5696955107699271
2749,2749,-0.439610627597645
2750,2750,-0.8772366593371661
2751,2751,-0.6345041919739742
2752,2752,-0.7291099290734326
2753,2753,-0.93549025974899
2754,2754,-0.8074832776738994
2755,2755,-0.8290846534078913
2756,2756,-0.93549025974899
2757,2757,-0.6319714857823744
2758,2758,-0.7254989415854176
2759,2759,-0.8362612328647447
2760,2760,-0.45951177149698097
2761,2761,-0.4687063170064114
2762,2762,-0.93549025974899
2763,2763,-0.6800713137180114
2764,2764,-0.8629052988146668
2765,2765,-0.80440885365201
2766,2766,-0.7036262549081762
2767,2767,-0.93549025974899
2768,2768,-0.11289855546442962
2769,2769,-0.7822604163329405
2770,2770,-0.6768999789721608
2771,2771,-0.93549025974899
2772,2772,-0.7610299284673463
2773,2773,-0.6892430094186697
2774,2774,-0.93549025974899
2775,2775,-0.6267438630703346
2776,2776,-0.9159034105938009
2777,2777,-0.5491881635483815
2778,2778,-0.6466200417829988
2779,2779,-0.735496581115699
2780,2780,-0.7199479040700343
2781,2781,-0.82629856950334
2782,2782,-0.6643596470667497
2783,2783,-0.6688845890113999
2784,2784,-0.93549025974899
2785,2785,-0.93549025974899
2786,2786,-0.6025158588760888
2787,2787,-0.5512649940948102
2788,2788,-0.4381759353057362
2789,2789,-0.5841839163565621
2790,2790,-0.3656078272812877
2791,2791,-0.6131053706245826
2792,2792,-0.7028995761235368
2793,2793,-0.899561657639314
2794,2794,-0.6250781069257574
2795,2795,-0.9170853261572223
2796,2796,-0.8705480427723167
2797,2797,-0.93549025974899
2798,2798,-0.7148101839206049
2799,2799,-0.93549025974899
2800,2800,-0.5763577761129
2801,2801,-0.5159932606368844
2802,2802,-0.5417832928885282
2803,2803,-0.5839054393663852
2804,2804,-0.6339527768063995
2805,2805,-0.7715233641014141
2806,2806,-0.635322573161405
2807,2807,-0.9190131312288266
2808,2808,-0.8226321258649492
2809,2809,-0.45700484087949533
2810,2810,-0.7617489561283595
2811,2811,-0.769176642414866
2812,2812,-0.8440723499899025
2813,2813,-0.93549025974899
2814,2814,-0.697051173655332
2815,2815,-0.6544714535355958
2816,2816,-0.93549025974899
2817,2817,-0.6602674345724626
2818,2818,-0.7258823528493963
2819,2819,-0.8520684003470933
2820,2820,-0.14598149889364231
2821,2821,-0.93549025974899
2822,2822,-0.3920057677640223
2823,2823,-0.8790848896116774
2824,2824,-0.5608729772952792
2825,2825,-0.873586804835293
2826,2826,-0.7002675860636263
2827,2827,-0.93549025974899
2828,2828,-0.93549025974899
2829,2829,-0.5791431696690399
2830,2830,-0.5238352014576186
2831,2831,-0.3499849939136368
2832,2832,-0.7246381556534391
2833,2833,-0.93549025974899
2834,2834,-0.93549025974899
2835,2835,-0.7494550987374744
2836,2836,-0.7127144668054548
2837,2837,-0.3477439991568496
2838,2838,-0.690288117208512
2839,2839,-0.6240453702762956
2840,2840,-0.5225147976292934
2841,2841,-0.5834775020350116
2842,2842,-0.655703867070887
2843,2843,-0.5705290190563534
2844,2844,-0.872566658983601
2845,2845,-0.6007523286085945
2846,2846,-0.6377223544868258
2847,2847,-0.6868146308058023
2848,2848,-0.7943651461274648
2849,2849,-0.6182245488381799
2850,2850,-0.93549025974899
2851,2851,-0.93549025974899
2852,2852,-0.866577963290327
2853,2853,-0.2003295304332675
2854,2854,-0.6818622373095877
2855,2855,-0.30977922332528296
2856,2856,-0.93549025974899
2857,2857,-0.426867191126421
2858,2858,-0.3590231921471929
2859,2859,-0.41988492579220926
2860,2860,-0.8627435536089259
2861,2861,-0.6302229460774988
2862,2862,-0.9265949129721278
2863,2863,-0.93549025974899
2864,2864,-0.6566980487903642
2865,2865,-0.93549025974899
2866,2866,-0.5837554745547919
2867,2867,-0.93549025974899
2868,2868,-0.93549025974899
2869,2869,-0.93549025974899
2870,2870,-0.6915471145481096
2871,2871,-0.6079509149613003
2872,2872,-0.6521924256288862
2873,2873,-0.7932120068261561
2874,2874,-0.5354865823528687
2875,2875,-0.693365426029418
2876,2876,-0.93549025974899
2877,2877,-0.5988111181366822
2878,2878,-0.600571217007273
2879,2879,-0.8963448166966419
2880,2880,-0.93549025974899
2881,2881,-0.817377891807471
2882,2882,-0.93549025974899
2883,2883,-0.8686807852436864
2884,2884,-0.428030770279213
2885,2885,-0.7406395292724035
2886,2886,-0.8194504261839484
2887,2887,-0.4580713586612011
2888,2888,-0.6360887343747894
2889,2889,-0.5722662982216438
2890,2890,-0.816547406781897
2891,2891,-0.5730557600474899
2892,2892,-0.93549025974899
2893,2893,-0.4461793727797758
2894,2894,-0.93549025974899
2895,2895,-0.7691352646609815
2896,2896,-0.21039251126993763
2897,2897,-0.93549025974899
2898,2898,-0.6925861061103777
2899,2899,-0.6441651543858473
2900,2900,-0.93549025974899
2901,2901,-0.93549025974899
2902,2902,-0.46606251955726397
2903,2903,-0.6782611275296837
2904,2904,-0.8704353317497464
2905,2905,-0.8919414238652852
2906,2906,-0.7299567039073853
2907,2907,-0.5806496052042025
2908,2908,-0.8406448588957449
2909,2909,-0.3953846845793443
2910,2910,-0.36141528143370794
2911,2911,-0.7757110752325946
2912,2912,-0.6199516716336806
2913,2913,-0.55111998697544
2914,2914,-0.93549025974899
2915,2915,-0.42127286664519836
2916,2916,-0.7825659542520391
2917,2917,-0.2167983998578027
2918,2918,-0.7346404942863849
2919,2919,-0.93549025974899
2920,2920,-0.8755665770713836
2921,2921,-0.93549025974899
2922,2922,-0.8724422850445865
2923,2923,-0.7740140436182674
2924,2924,-0.3750005025655163
2925,2925,-0.33875898695704665
2926,2926,-0.93549025974899
2927,2927,-0.93549025974899
2928,2928,-0.7406827276013335
2929,2929,-0.7689118378785942
2930,2930,-0.589252169482759
2931,2931,-0.6031030776436186
2932,2932,-0.627926184379465
2933,2933,-0.6057144937532133
2934,2934,-0.93549025974899
2935,2935,-0.7558729634961381
2936,2936,-0.4510318228257759
2937,2937,-0.6891343456314054
2938,2938,-0.8318199478972765
2939,2939,-0.9036258371840411
2940,2940,-0.5605764712339312
2941,2941,-0.907019051522159
2942,2942,-0.9058492800724061
2943,2943,-0.525625303558245
2944,2944,-0.6781712340767854
2945,2945,-0.758175760572513
2946,2946,-0.5111084516666833
2947,2947,-0.4227469352173081
2948,2948,-0.8715764797900647
2949,2949,-0.931706631883424
2950,2950,-0.93549025974899
2951,2951,-0.93549025974899
2952,2952,-0.7780220141376848
2953,2953,-0.93549025974899
2954,2954,-0.37342030361127065
2955,2955,-0.8624918343289512
2956,2956,-0.5797760397018781
2957,2957,-0.3592404658852093
2958,2958,-0.4762216146577334
2959,2959,-0.7571932653010016
2960,2960,-0.3263603654817935
2961,2961,-0.5324679814392863
2962,2962,-0.7297021043446605
2963,2963,-0.7218858158096584
2964,2964,-0.6934310672239565
2965,2965,-0.5519630778647482
2966,2966,-0.93549025974899
2967,2967,-0.6073412160442775
2968,2968,-0.4811125423372715
2969,2969,-0.5904547861158509
2970,2970,-0.6200464289612331
2971,2971,-0.5687098805381887
2972,2972,-0.6417927592451704
2973,2973,-0.93549025974899
2974,2974,-0.93549025974899
2975,2975,-0.7377215026286539
2976,2976,-0.47743466420595315
2977,2977,-0.8670080234962008
2978,2978,-0.6462922841015928
2979,2979,-0.6167006917406503
2980,2980,-0.93549025974899
2981,2981,-0.9014517582856918
2982,2982,-0.5119472162575289
2983,2983,-0.7751457317760995
2984,2984,-0.93549025974899
2985,2985,-0.6184005123863248
2986,2986,-0.4899047805798151
2987,2987,-0.8576379265010008
2988,2988,-0.5641602361567366
2989,2989,-0.767720675105318
2990,2990,-0.6796977343494337
2991,2991,-0.4921360943717197
2992,2992,-0.6030222321119485
2993,2993,-0.33532273894671016
2994,2994,-0.29190525864935424
2995,2995,-0.6828390676580742
2996,2996,-0.8199960072645229
2997,2997,-0.93549025974899
2998,2998,-0.93549025974899
2999,2999,-0.7812538069947994
3000,3000,-0.8168256116469141
3001,3001,-0.7823712581868172
3002,3002,-0.6212353547351945
3003,3003,-0.25737917897975593
3004,3004,-0.860223739235142
3005,3005,-0.7150278684539746
3006,3006,-0.5207473534341163
3007,3007,-0.8875395834330551
3008,3008,-0.5957034255270717
3009,3009,-0.8160699133453466
3010,3010,-0.93549025974899
3011,3011,-0.8570218098093463
3012,3012,-0.8056169054754783
3013,3013,-0.5779098928222859
3014,3014,-0.609516701479226
3015,3015,-0.6904913402793866
3016,3016,-0.7863299550178571
3017,3017,-0.8117463203626656
3018,3018,-0.7985650612283326
3019,3019,-0.93549025974899
3020,3020,-0.93549025974899
3021,3021,-0.6944397665468571
3022,3022,-0.4583257407406993
3023,3023,-0.5779927983808495
3024,3024,-0.8634273935547743
3025,3025,-0.8254453732933271
3026,3026,-0.7162855519036615
3027,3027,-0.8354516694550274
3028,3028,-0.93549025974899
3029,3029,-0.7539036502329513
3030,3030,-0.49317595473866405
3031,3031,-0.93549025974899
3032,3032,-0.6137514937302413
3033,3033,-0.93549025974899
3034,3034,-0.3051331123562022
3035,3035,-0.5168670859662154
3036,3036,-0.93549025974899
3037,3037,-0.8658200615226441
3038,3038,-0.93549025974899
3039,3039,-0.93549025974899
3040,3040,-0.93549025974899
3041,3041,-0.8848164309341833
3042,3042,-0.5359388631555948
3043,3043,-0.93549025974899
3044,3044,-0.93549025974899
3045,3045,-0.93549025974899
3046,3046,-0.513355655759149
3047,3047,-0.5338894984718103
3048,3048,-0.5922912259385704
3049,3049,-0.7902130727506353
3050,3050,-0.7079193002406914
3051,3051,-0.5198390009877674
3052,3052,-0.7041293482945594
3053,3053,-0.4757058578641501
3054,3054,-0.5828502636129773
3055,3055,-0.260366655107946
3056,3056,-0.6859229367897868
3057,3057,-0.8835484890484882
3058,3058,-0.7578653107783442
3059,3059,-0.93549025974899
3060,3060,-0.7142990250568495
3061,3061,-0.6683449391435126
3062,3062,-0.8996953937650591
3063,3063,-0.825784083832847
3064,3064,-0.9352640421037552
3065,3065,-0.927299766217482
3066,3066,-0.3943243021106646
3067,3067,-0.93549025974899
3068,3068,-0.7292379109095464
3069,3069,-0.4197984139094224
3070,3070,-0.7252930181362878
3071,3071,-0.7080339924524424
3072,3072,-0.6045725113859426
3073,3073,-0.7053984317019513
3074,3074,-0.646235980689271
3075,3075,-0.7509226702112759
3076,3076,-0.93549025974899
3077,3077,-0.5277801797761161
3078,3078,-0.6557925702567822
3079,3079,-0.9013298007723733
3080,3080,-0.31121718579761115
3081,3081,-0.7325524075671694
3082,3082,-0.93549025974899
3083,3083,-0.4342896919727792
3084,3084,-0.8810959551048256
3085,3085,-0.5827105558844501
3086,3086,-0.7750863430548254
3087,3087,-0.5967070156328678
3088,3088,-0.634726858285001
3089,3089,-0.5233924354843822
3090,3090,-0.31694673643480975
3091,3091,-0.524304241713411
3092,3092,-0.5355212655207016
3093,3093,-0.93549025974899
3094,3094,-0.3494608808361228
3095,3095,-0.8951898766393818
3096,3096,-0.622189229796394
3097,3097,-0.3918590327099498
3098,3098,-0.93549025974899
3099,3099,-0.17504477117516348
3100,3100,-0.12094919131678239
3101,3101,-0.93549025974899
3102,3102,-0.5364153612094911
3103,3103,-0.93549025974899
3104,3104,-0.93549025974899
3105,3105,-0.6116489845163233
3106,3106,-0.7052335734594184
3107,3107,-0.6467011408570773
3108,3108,-0.46503817107518586
3109,3109,-0.8430465538138954
3110,3110,-0.8086318424722094
3111,3111,-0.6350443605344527
3112,3112,-0.6797631679253531
3113,3113,-0.93549025974899
3114,3114,-0.8899999298270362
3115,3115,-0.8581761910051036
3116,3116,-0.9254224666009225
3117,3117,-0.8618627820617419
3118,3118,-0.9185408488552333
3119,3119,-0.633753713531906
3120,3120,-0.6280601058442876
3121,3121,-0.8057230793831227
3122,3122,-0.93549025974899
3123,3123,-0.8642123764120768
3124,3124,-0.93549025974899
3125,3125,-0.7641723604922834
3126,3126,-0.8429258671950368
3127,3127,-0.8600499954402387
3128,3128,-0.9018334767585134
3129,3129,-0.7185238537784677
3130,3130,-0.1432550923095831
3131,3131,-0.93549025974899
3132,3132,-0.5460156314207101
3133,3133,-0.93549025974899
3134,3134,-0.49856800763777365
3135,3135,-0.9121081970282265
3136,3136,-0.6021954978689088
3137,3137,-0.6383499257418226
3138,3138,-0.93549025974899
3139,3139,-0.93549025974899
3140,3140,-0.6937925624625052
3141,3141,-0.5284391164926796
3142,3142,-0.9060252188547668
3143,3143,-0.93549025974899
3144,3144,-0.5012831859316442
3145,3145,-0.7493849629402352
3146,3146,-0.93549025974899
3147,3147,-0.5835807456453086
3148,3148,-0.7779134281433073
3149,3149,-0.93549025974899
3150,3150,-0.765677709094037
3151,3151,-0.37538933400316665
3152,3152,-0.7009022045532323
3153,3153,-0.6617774847775308
3154,3154,-0.37069025396385236
3155,3155,-0.6088798503598021
3156,3156,-0.46638619284742966
3157,3157,-0.3807443443581704
3158,3158,-0.8185447938604558
3159,3159,-0.7623848878522157
3160,3160,-0.9008757307008253
3161,3161,-0.5231823640023379
3162,3162,-0.43571623464396403
3163,3163,-0.25326248173622945
3164,3164,-0.6254129525686096
3165,3165,-0.4538052832693129
3166,3166,-0.7265603486177987
3167,3167,-0.8453684264654857
3168,3168,-0.5562736132251431
3169,3169,-0.5808746276400591
3170,3170,-0.93549025974899
3171,3171,-0.8782233396514929
3172,3172,-0.5952225016688661
3173,3173,-0.7761222897486153
3174,3174,-0.8134177252732346
3175,3175,-0.471955852113652
3176,3176,-0.93549025974899
3177,3177,-0.5744460052523093
3178,3178,-0.6939112307030832
3179,3179,-0.8156868591810511
3180,3180,-0.5773123817818266
3181,3181,-0.6507373215667602
3182,3182,-0.8191202755404738
3183,3183,-0.8282098634461548
3184,3184,-0.6066943513062188
3185,3185,-0.5974995350385104
3186,3186,-0.8631417449831833
3187,3187,-0.93549025974899
3188,3188,-0.6255501865734665
3189,3189,-0.5122364651523359
3190,3190,-0.843227335085567
3191,3191,-0.93549025974899
3192,3192,-0.031387625234460814
3193,3193,-0.55338878132223
3194,3194,-0.8836119661325377
3195,3195,-0.58767631144155
3196,3196,-0.830388685361303
3197,3197,-0.503718253689716
3198,3198,-0.8775786930093776
3199,3199,-0.93549025974899
3200,3200,-0.7044596115602992
3201,3201,-0.6817414615772481
3202,3202,-0.573636597619791
3203,3203,-0.7982243221414098
3204,3204,-0.8796835559383798
3205,3205,-0.6177635978721785
3206,3206,-0.93549025974899
3207,3207,-0.4925617994211766
3208,3208,-0.9024285998368988
3209,3209,-0.8541612730790327
3210,3210,-0.7263986067173196
3211,3211,-0.5389347314937667
3212,3212,-0.93549025974899
3213,3213,-0.6624623306164388
3214,3214,-0.6064937446754364
3215,3215,-0.5989455838795301
3216,3216,-0.8824893899504875
3217,3217,-0.7273297991056218
3218,3218,-0.93549025974899
3219,3219,-0.6582149329441211
3220,3220,-0.93549025974899
3221,3221,-0.93549025974899
3222,3222,-0.6262970670593155
3223,3223,-0.93549025974899
3224,3224,-0.2875475365449809
3225,3225,-0.4364731043082859
3226,3226,-0.6334309344244993
3227,3227,-0.5109557299138316
3228,3228,-0.587036245363068
3229,3229,-0.5923795110231365
3230,3230,-0.7917521585018452
3231,3231,-0.24757758324276447
3232,3232,-0.3150577423197447
3233,3233,-0.8642571654305868
3234,3234,-0.7816470820547217
3235,3235,-0.613457967422983
3236,3236,-0.3223180052656347
3237,3237,-0.8290333861611465
3238,3238,-0.93549025974899
3239,3239,-0.8373288093097138
3240,3240,-0.7495924120836737
3241,3241,-0.7358704324424981
3242,3242,-0.4117311601901452
3243,3243,-0.7594806646458441
3244,3244,-0.6295564127221098
3245,3245,-0.6227551687130983
3246,3246,-0.93549025974899
3247,3247,-0.913962314835226
3248,3248,-0.551029752868617
3249,3249,-0.8595374573225918
3250,3250,-0.5790688624492368
3251,3251,-0.4908533219079434
3252,3252,-0.7895800687048808
3253,3253,-0.543023567056089
3254,3254,-0.5304416408460799
3255,3255,-0.5372040281884112
3256,3256,-0.6139094438885184
3257,3257,-0.93549025974899
3258,3258,-0.5102068808608387
3259,3259,-0.4914238839673608
3260,3260,-0.8035424073337936
3261,3261,-0.47046361356889266
3262,3262,-0.5653073781230487
3263,3263,-0.7180240331729308
3264,3264,-0.93549025974899
3265,3265,-0.649020519407717
3266,3266,-0.8409562490190048
3267,3267,-0.7635980439051782
3268,3268,-0.93549025974899
3269,3269,-0.6008293727387173
3270,3270,-0.919869364324926
3271,3271,-0.3965314111312388
3272,3272,-0.6762361699781039
3273,3273,-0.3651461537436629
3274,3274,-0.93549025974899
3275,3275,-0.4046644285401513
3276,3276,-0.93549025974899
3277,3277,-0.7478765872667399
3278,3278,-0.8590430985334496
3279,3279,-0.7210628309954021
3280,3280,-0.6268222189227277
3281,3281,-0.8769807937754468
3282,3282,-0.6557026913658355
3283,3283,-0.3797311062700204
3284,3284,-0.47554348734355223
3285,3285,-0.8036423446321983
3286,3286,-0.884976007383873
3287,3287,-0.93549025974899
3288,3288,-0.7734398977201415
3289,3289,-0.93549025974899
3290,3290,-0.8981472812161044
3291,3291,-0.7604466788712507
3292,3292,-0.6145065986797693
3293,3293,-0.45480542760141596
3294,3294,-0.6281829746428418
3295,3295,-0.5637828774784044
3296,3296,-0.6521863140037301
3297,3297,-0.774192857524314
3298,3298,-0.6309652756544271
3299,3299,-0.6609748041931951
3300,3300,-0.333330830891319
3301,3301,-0.6354491616702109
3302,3302,-0.6514580217291144
3303,3303,-0.5540376476179909
3304,3304,-0.6735634676968019
3305,3305,-0.6293350478077322
3306,3306,-0.5467289744064843
3307,3307,-0.6865817564232248
3308,3308,-0.7566579386367778
3309,3309,-0.6142001143288542
3310,3310,-0.606097305340386
3311,3311,-0.8439847459210661
3312,3312,-0.93549025974899
3313,3313,-0.5643975535982868
3314,3314,-0.5899773493558769
3315,3315,-0.7260928134531799
3316,3316,-0.93549025974899
3317,3317,-0.6800986541431087
3318,3318,-0.7766234231000784
3319,3319,-0.5670508526245843
3320,3320,-0.7692647350348683
3321,3321,-0.52574253288198
3322,3322,-0.6894811785773811
3323,3323,-0.7102129412011493
3324,3324,-0.5268256434830008
3325,3325,-0.6035767720852636
3326,3326,-0.9094429816731306
3327,3327,-0.7021119989939741
3328,3328,-0.7679365695874658
3329,3329,-0.8594406848990221
3330,3330,-0.8751610653213966
3331,3331,-0.6272341895362743
3332,3332,-0.93549025974899
3333,3333,-0.92424909223047
3334,3334,-0.35339149782685597
3335,3335,-0.7863223184467305
3336,3336,-0.93549025974899
3337,3337,-0.7508352554215083
3338,3338,-0.5190209024369778
3339,3339,-0.93549025974899
3340,3340,-0.7704015176479153
3341,3341,-0.82833240721056
3342,3342,-0.5650418000171218
3343,3343,-0.7252457368583922
3344,3344,-0.408543780366859
3345,3345,-0.7925970662782493
3346,3346,-0.5665643514426684
3347,3347,-0.93549025974899
3348,3348,-0.8220942260584962
3349,3349,-0.7079780371847164
3350,3350,-0.7232622720544715
3351,3351,-0.6881638418269294
3352,3352,-0.17958202915490107
3353,3353,-0.6512561657954965
3354,3354,-0.9204153694904793
3355,3355,-0.597309353477387
3356,3356,-0.6464552982934268
3357,3357,-0.7655173187538882
3358,3358,-0.6288688467522707
3359,3359,-0.2824282271843135
3360,3360,-0.5601114815244537
3361,3361,-0.7606865503504157
3362,3362,-0.6732161436563651
3363,3363,-0.6416141029683207
3364,3364,-0.5966907986104264
3365,3365,-0.7259264031109058
3366,3366,-0.6161572677754794
3367,3367,-0.863435971238653
3368,3368,-0.93549025974899
3369,3369,-0.893106629137538
3370,3370,-0.91682432175479
3371,3371,-0.38669548134955
3372,3372,-0.93549025974899
3373,3373,-0.8876454890570109
3374,3374,-0.41596840272161195
3375,3375,-0.8274441211252004
3376,3376,-0.9274650249587229
3377,3377,-0.7705222235210307
3378,3378,-0.9351932303109951
3379,3379,-0.6810764045307316
3380,3380,-0.7671103545195468
3381,3381,-0.9098939795426055
3382,3382,-0.21488258255669912
3383,3383,-0.7753767738823303
3384,3384,-0.93549025974899
3385,3385,-0.875103138768413
3386,3386,-0.5176080168778814
3387,3387,-0.681404294050667
3388,3388,-0.7278971965657792
3389,3389,-0.93549025974899
3390,3390,-0.6548174457055396
3391,3391,-0.6626763226586299
3392,3392,-0.7108956379288589
3393,3393,-0.5906443334287292
3394,3394,-0.93549025974899
3395,3395,-0.5596504022359814
3396,3396,-0.867507448611665
3397,3397,-0.8435947455041504
3398,3398,-0.8665572614545347
3399,3399,-0.6279383014285997
3400,3400,-0.13316630032194576
3401,3401,-0.6787577360854247
3402,3402,-0.93549025974899
3403,3403,-0.93549025974899
3404,3404,-0.36697488315899207
3405,3405,-0.93549025974899
3406,3406,-0.8267139777070796
3407,3407,-0.6654028201672748
3408,3408,-0.6969301912967456
3409,3409,-0.6096804367053554
3410,3410,-0.6561643484422781
3411,3411,-0.4694020092596478
3412,3412,-0.6936519713813158
3413,3413,-0.93549025974899
3414,3414,-0.6856950657359633
3415,3415,-0.21490455158337696
3416,3416,-0.5305583722727825
3417,3417,-0.93549025974899
3418,3418,-0.6159120644206428
3419,3419,-0.7422271688007989
3420,3420,-0.6053310550344264
3421,3421,-0.8022083486369702
3422,3422,-0.6294922632279452
3423,3423,-0.7241631413759997
3424,3424,-0.8593116675013892
3425,3425,-0.9091580098458429
3426,3426,-0.6750745105920988
3427,3427,-0.8267213305011012
3428,3428,-0.93549025974899
3429,3429,-0.93549025974899
3430,3430,-0.93549025974899
3431,3431,-0.2175928893876855
3432,3432,-0.4045411222906026
3433,3433,-0.3739415232274155
3434,3434,-0.93549025974899
3435,3435,-0.93549025974899
3436,3436,-0.7885362812651415
3437,3437,-0.93549025974899
3438,3438,-0.93549025974899
3439,3439,-0.8403032026243693
3440,3440,-0.6533954793905128
3441,3441,-0.9173405663581846
3442,3442,-0.93549025974899
3443,3443,-0.9353049889980412
3444,3444,-0.7255085653702942
3445,3445,-0.7804762965849967
3446,3446,-0.10854993269535707
3447,3447,-0.548348165174366
3448,3448,-0.6274497349089447
3449,3449,-0.755375635989326
3450,3450,-0.7301235335603771
3451,3451,-0.5761306311726404
3452,3452,-0.8037656903090014
3453,3453,-0.6054707422510592
3454,3454,-0.93549025974899
3455,3455,-0.5586124195402764
3456,3456,-0.93549025974899
3457,3457,-0.6659858970740746
3458,3458,-0.93549025974899
3459,3459,-0.6118508940226395
3460,3460,-0.6387675773357504
3461,3461,-0.5640986644382942
3462,3462,-0.7501103880250923
3463,3463,-0.5574943988708392
3464,3464,-0.7634525181021168
3465,3465,-0.5523478012056451
3466,3466,-0.93549025974899
3467,3467,-0.667312277600411
3468,3468,-0.7389600887650705
3469,3469,-0.93549025974899
3470,3470,-0.93549025974899
3471,3471,-0.93549025974899
3472,3472,-0.7266442775479938
3473,3473,-0.93549025974899
3474,3474,-0.93549025974899
3475,3475,-0.6908666972898239
3476,3476,-0.558310806343389
3477,3477,-0.22382609833282574
3478,3478,-0.8769845591284184
3479,3479,-0.7503391986665182
3480,3480,-0.36122419988998367
3481,3481,-0.8263234226694411
3482,3482,-0.5646194371215736
3483,3483,-0.8058923123813546
3484,3484,-0.4675366693265506
3485,3485,-0.6119884120266086
3486,3486,-0.37560021573692737
3487,3487,-0.5978674278657259
3488,3488,-0.7429991330153918
3489,3489,-0.911850137531367
3490,3490,-0.4536203354487598
3491,3491,-0.3476551599443991
3492,3492,-0.47976415187315524
3493,3493,-0.49354615413300884
3494,3494,-0.8467865014305307
3495,3495,-0.7164754241754583
3496,3496,-0.6504634619847938
3497,3497,-0.41355281694128054
3498,3498,-0.6638012411342977
3499,3499,-0.7767987232747373
3500,3500,-0.7476318396868908
3501,3501,-0.7699165494669735
3502,3502,-0.93549025974899
3503,3503,-0.93549025974899
3504,3504,-0.5395310370624031
3505,3505,-0.93549025974899
3506,3506,-0.8033312946076965
3507,3507,-0.93549025974899
3508,3508,-0.32799784009714905
3509,3509,-0.7001722978701679
3510,3510,-0.7844600073769925
3511,3511,-0.93549025974899
3512,3512,-0.93549025974899
3513,3513,-0.6060027801394074
3514,3514,-0.5094296371520475
3515,3515,-0.7940041458047062
3516,3516,-0.5829800058960082
3517,3517,-0.34411159799542734
3518,3518,-0.24840589126573187
3519,3519,-0.93549025974899
3520,3520,-0.538053461425227
3521,3521,-0.5361186892806451
3522,3522,-0.93549025974899
3523,3523,-0.7095235893050535
3524,3524,-0.833718063839699
3525,3525,-0.93549025974899
3526,3526,-0.6179116291021547
3527,3527,-0.93549025974899
3528,3528,-0.8681016012749332
3529,3529,-0.6867868870759999
3530,3530,-0.93549025974899
3531,3531,-0.6907551203162434
3532,3532,-0.4184647156480015
3533,3533,-0.7047148375274919
3534,3534,-0.8006352045631075
3535,3535,-0.93549025974899
3536,3536,-0.7277177580557748
3537,3537,-0.8831351965905476
3538,3538,-0.46735720413409787
3539,3539,-0.6563160576980511
3540,3540,-0.6746404377356345
3541,3541,-0.4576208565709803
3542,3542,-0.8157113708449106
3543,3543,-0.47952091517371187
3544,3544,-0.6282868633818683
3545,3545,-0.5322809077554091
3546,3546,-0.93549025974899
3547,3547,-0.6282122165477819
3548,3548,-0.5759688399419916
3549,3549,-0.465935548508164
3550,3550,-0.7517992682711441
3551,3551,-0.4718185899993821
3552,3552,-0.7148000238731402
3553,3553,-0.556919753415619
3554,3554,-0.7997886839556863
3555,3555,-0.815504704061869
3556,3556,-0.7552283042529897
3557,3557,-0.93549025974899
3558,3558,-0.6809239763960306
3559,3559,-0.6203332352736144
3560,3560,-0.93549025974899
3561,3561,-0.5860075179961832
3562,3562,-0.6454637692028076
3563,3563,-0.6459146569410734
3564,3564,-0.5110991128664466
3565,3565,-0.5429318111405355
3566,3566,-0.5162197258487211
3567,3567,-0.593061892029489
3568,3568,-0.6023780694759697
3569,3569,-0.7045154421497735
3570,3570,-0.6942917761278711
3571,3571,-0.3626180906373424
3572,3572,-0.93549025974899
3573,3573,-0.2865935463039353
3574,3574,-0.6914687696656987
3575,3575,-0.5801869250953229
3576,3576,-0.93549025974899
3577,3577,-0.7197985762180998
3578,3578,-0.6057385262040018
3579,3579,-0.5996507565823155
3580,3580,-0.29110502696914375
3581,3581,-0.7092997975666027
3582,3582,-0.7656002247404903
3583,3583,-0.8852321353962402
3584,3584,-0.49401088096924406
3585,3585,-0.7731056597723285
3586,3586,-0.6654072958540258
3587,3587,-0.5531989377183848
3588,3588,-0.9062509581237936
3589,3589,-0.6901088291066859
3590,3590,-0.8133639970417512
3591,3591,-0.3316861008027061
3592,3592,-0.46725049003378594
3593,3593,-0.5202682571365433
3594,3594,-0.7610957076695559
3595,3595,-0.7184403407735616
3596,3596,-0.850150321157912
3597,3597,-0.93549025974899
3598,3598,-0.93549025974899
3599,3599,-0.6260066641003483
3600,3600,-0.93549025974899
3601,3601,-0.8930426638280142
3602,3602,-0.25624711215470564
3603,3603,-0.311372494012494
3604,3604,-0.7496372882629476
3605,3605,-0.7591185451202733
3606,3606,-0.93549025974899
3607,3607,-0.8437284771310694
3608,3608,-0.6475570826316392
3609,3609,-0.6027128860462785
3610,3610,-0.5648263107491354
3611,3611,-0.516187140438463
3612,3612,-0.8078589080485177
3613,3613,-0.771323890037694
3614,3614,-0.6565352646247682
3615,3615,-0.93549025974899
3616,3616,-0.5798096391575851
3617,3617,-0.9089000651924728
3618,3618,-0.7052839048967829
3619,3619,-0.7889756555460838
3620,3620,-0.5641632967979593
3621,3621,-0.6891108789979175
3622,3622,-0.5027009433946308
3623,3623,-0.631268849226462
3624,3624,-0.9089628046130578
3625,3625,-0.7228606998059561
3626,3626,-0.7147305308902663
3627,3627,-0.93549025974899
3628,3628,-0.8051480012643495
3629,3629,-0.5342092283710986
3630,3630,-0.93549025974899
3631,3631,-0.93549025974899
3632,3632,-0.36788502367437026
3633,3633,-0.64678110300102
3634,3634,-0.6115818810669484
3635,3635,-0.9334927097735477
3636,3636,-0.9088443441892426
3637,3637,-0.93549025974899
3638,3638,-0.6383351184521491
3639,3639,-0.6372882332269967
3640,3640,-0.5704556646563379
3641,3641,-0.464484161716328
3642,3642,-0.8820291028808658
3643,3643,-0.8443932241154517
3644,3644,-0.6635033721457706
3645,3645,-0.756081081502531
3646,3646,-0.8390215541158614
3647,3647,-0.3517946802344274
3648,3648,-0.8626193850371955
3649,3649,-0.93549025974899
3650,3650,-0.6787455482263329
3651,3651,-0.93549025974899
3652,3652,-0.9140007793284042
3653,3653,-0.8624071007148366
3654,3654,-0.5565418514704956
3655,3655,-0.42549254642952583
3656,3656,-0.7528030563337076
3657,3657,-0.7112982205281657
3658,3658,-0.8460592904732493
3659,3659,-0.5539833598779342
3660,3660,-0.6437258512737376
3661,3661,-0.93549025974899
3662,3662,-0.49624141843592184
3663,3663,-0.93549025974899
3664,3664,-0.24960532355630116
3665,3665,-0.673270553687022
3666,3666,-0.8946575748543637
3667,3667,-0.4029998559723964
3668,3668,-0.5640799308301769
3669,3669,-0.45241185906175474
3670,3670,-0.8503559068567093
3671,3671,-0.4123023819002771
3672,3672,-0.93549025974899
3673,3673,-0.7963046987967921
3674,3674,-0.5768871911805977
3675,3675,-0.7871706286710651
3676,3676,-0.93549025974899
3677,3677,-0.5909869277130184
3678,3678,-0.5279480389447802
3679,3679,-0.8514089070938144
3680,3680,-0.8708116372568231
3681,3681,-0.6554862650489657
3682,3682,-0.7212371797896964
3683,3683,-0.93549025974899
3684,3684,-0.65067369528116
3685,3685,-0.6178934754452605
3686,3686,-0.5331486688323239
3687,3687,-0.7137646085003215
3688,3688,-0.7456352678777911
3689,3689,-0.42714002336426127
3690,3690,-0.7527773076257578
3691,3691,-0.7474145263693845
3692,3692,-0.93549025974899
3693,3693,-0.6009985845889929
3694,3694,-0.588562409753921
3695,3695,-0.6294322013271643
3696,3696,-0.4957179083155677
3697,3697,-0.4889982300607887
3698,3698,-0.9218175531217287
3699,3699,-0.11218667130229765
3700,3700,-0.93549025974899
3701,3701,-0.8492708230608645
3702,3702,-0.6398094643372279
3703,3703,-0.440607081988027
3704,3704,-0.5266974597795255
3705,3705,-0.38271736876394336
3706,3706,-0.7044780234389876
3707,3707,-0.5516437609440779
3708,3708,-0.8232745728227204
3709,3709,-0.6028430073852977
3710,3710,-0.7943985246142304
3711,3711,-0.7252242547589738
3712,3712,-0.5955462481400904
3713,3713,-0.5631659190152654
3714,3714,-0.93549025974899
3715,3715,-0.4283349937706493
3716,3716,-0.927533802796292
3717,3717,-0.7251888233573709
3718,3718,-0.93549025974899
3719,3719,-0.8929596724699085
3720,3720,-0.5539822407247361
3721,3721,-0.5881775082281226
3722,3722,-0.5644061422435307
3723,3723,-0.6874708330857775
3724,3724,-0.24277975498842075
3725,3725,-0.93549025974899
3726,3726,-0.6904325425998117
3727,3727,-0.7509667592429725
3728,3728,-0.34968739847571584
3729,3729,-0.93549025974899
3730,3730,-0.7327855803257002
3731,3731,-0.6906964635170656
3732,3732,-0.93549025974899
3733,3733,-0.7698593343510431
3734,3734,-0.8529794865963005
3735,3735,-0.5746170468161158
3736,3736,-0.93549025974899
3737,3737,-0.7141385514776406
3738,3738,-0.8880570648551682
3739,3739,-0.8154287852638209
3740,3740,-0.2600106609512043
3741,3741,-0.7751470634009028
3742,3742,-0.7475592206038346
3743,3743,-0.45750961879041263
3744,3744,-0.8793867305367531
3745,3745,-0.15028662572155227
3746,3746,-0.8598913195922542
3747,3747,-0.5096062428090278
3748,3748,-0.93549025974899
3749,3749,-0.6689746366732017
3750,3750,-0.4317914590650549
3751,3751,-0.4155400301842094
3752,3752,-0.4398386268697152
3753,3753,-0.354648977509719
3754,3754,-0.8929529713980067
3755,3755,-0.3944226454016846
3756,3756,-0.6638747022772193
3757,3757,-0.6578151711470959
3758,3758,-0.5565999399525055
3759,3759,-0.93549025974899
3760,3760,-0.8269264838345567
3761,3761,-0.4637854109649897
3762,3762,-0.6360314079223208
3763,3763,-0.5184164782933536
3764,3764,-0.6482175493604849
3765,3765,-0.4463654928889742
3766,3766,-0.8264582318485658
3767,3767,-0.7091866179484558
3768,3768,-0.93549025974899
3769,3769,-0.8179129509635636
3770,3770,-0.93549025974899
3771,3771,-0.7511680163083589
3772,3772,-0.37119270535009763
3773,3773,-0.5582178743569841
3774,3774,-0.5100647709061334
3775,3775,-0.3407782178210699
3776,3776,-0.6037325327031784
3777,3777,-0.93549025974899
3778,3778,-0.8594113582334053
3779,3779,-0.855999124933847
3780,3780,-0.5902319973411001
3781,3781,-0.6013864004145262
3782,3782,-0.856364974272994
3783,3783,-0.7192603876802153
3784,3784,-0.907513812365595
3785,3785,-0.6939222235151465
3786,3786,-0.5842262867319192
3787,3787,-0.4364264841322729
3788,3788,-0.15412080818664453
3789,3789,-0.93549025974899
3790,3790,-0.20083551082826123
3791,3791,-0.8903123690482904
3792,3792,-0.93549025974899
3793,3793,-0.5493899401050819
3794,3794,-0.7131539278254451
3795,3795,-0.7546247132480204
3796,3796,-0.9043133802291781
3797,3797,-0.7194026909857634
3798,3798,-0.6682901620436077
3799,3799,-0.397223817637983
3800,3800,-0.6585395773417435
3801,3801,-0.8487950128162147
3802,3802,-0.6475382482317293
3803,3803,-0.5715209940933796
3804,3804,-0.829079724684906
3805,3805,-0.7377018406486702
3806,3806,-0.93549025974899
3807,3807,-0.5346177809946746
3808,3808,-0.4721786568351557
3809,3809,-0.6316785714997071
3810,3810,-0.47506926074232514
3811,3811,-0.8950274400718925
3812,3812,-0.46467238685169443
3813,3813,-0.6921782137702284
3814,3814,-0.93549025974899
3815,3815,-0.9014919883862706
3816,3816,-0.7125748172572379
3817,3817,-0.93549025974899
3818,3818,-0.6292610075210252
3819,3819,-0.9208969992254552
3820,3820,-0.7448500456072225
3821,3821,-0.6336842245253127
3822,3822,-0.8687718034076468
3823,3823,-0.931077751372742
3824,3824,-0.7678674904037486
3825,3825,-0.5973925354482397
3826,3826,-0.6140519238538946
3827,3827,-0.7829923430028636
3828,3828,-0.93549025974899
3829,3829,-0.6478242418040896
3830,3830,-0.626553700782484
3831,3831,-0.93549025974899
3832,3832,-0.93549025974899
3833,3833,-0.5578133569634236
3834,3834,-0.6401026099570917
3835,3835,-0.7520821134236133
3836,3836,-0.6719278158849171
3837,3837,-0.568902243354902
3838,3838,-0.8417237106683917
3839,3839,-0.93549025974899
3840,3840,-0.619450099000753
3841,3841,-0.93549025974899
3842,3842,-0.3623339724763075
3843,3843,-0.13601640098461054
3844,3844,-0.63358516250665
3845,3845,-0.93549025974899
3846,3846,-0.8526424786140758
3847,3847,-0.7620001186002145
3848,3848,-0.4889989247840436
3849,3849,-0.8548744063021765
3850,3850,-0.93549025974899
3851,3851,-0.4982126972664106
3852,3852,-0.644906956928617
3853,3853,-0.7497655790122781
3854,3854,-0.742661942740698
3855,3855,-0.5582390800535553
3856,3856,-0.93549025974899
3857,3857,-0.93549025974899
3858,3858,-0.547871934357179
3859,3859,-0.8792604737504242
3860,3860,-0.587885843419679
3861,3861,-0.5254697770035954
3862,3862,-0.7542312641213655
3863,3863,-0.5608239318852726
3864,3864,-0.5595389795713182
3865,3865,-0.9130725019342183
3866,3866,-0.7883454087841137
3867,3867,-0.93549025974899
3868,3868,-0.3192436973954913
3869,3869,-0.49144461533008077
3870,3870,-0.48816727126458126
3871,3871,-0.9270869532237214
3872,3872,-0.8321372530445537
3873,3873,-0.7809999091577158
3874,3874,-0.3021254415046428
3875,3875,-0.6265988341653213
3876,3876,-0.5052296873948436
3877,3877,-0.9002164921506228
3878,3878,-0.6686961445009167
3879,3879,-0.6895161115328481
3880,3880,-0.5356806020353866
3881,3881,-0.6921319572994129
3882,3882,-0.93549025974899
3883,3883,-0.5501716653896054
3884,3884,-0.6906557641105895
3885,3885,-0.8173108630764094
3886,3886,-0.93549025974899
3887,3887,-0.6323265813891457
3888,3888,-0.7792010142790424
3889,3889,-0.7114359962503478
3890,3890,-0.538444219328186
3891,3891,-0.32857597099641467
3892,3892,-0.93549025974899
3893,3893,-0.4158095003847482
3894,3894,-0.8907152302234511
3895,3895,-0.6429003819656067
3896,3896,-0.5827518510657033
3897,3897,-0.2915263585468839
3898,3898,-0.6807474335208283
3899,3899,-0.6470173499063954
3900,3900,-0.9260740018964544
3901,3901,-0.6195023011517407
3902,3902,-0.7010770741154637
3903,3903,-0.895851418140774
3904,3904,-0.6565834316485084
3905,3905,-0.44484679589958676
3906,3906,-0.8495906785010678
3907,3907,-0.7014217284675741
3908,3908,-0.93549025974899
3909,3909,-0.8998168632770565
3910,3910,-0.533563662559466
3911,3911,-0.762984984221271
3912,3912,-0.6971088884837133
3913,3913,-0.5465236794677129
3914,3914,-0.6881284852604796
3915,3915,-0.5885930402206441
3916,3916,-0.7682864969033609
3917,3917,-0.42815198209678584
3918,3918,-0.832685423614663
3919,3919,-0.93549025974899
3920,3920,-0.6586527784944014
3921,3921,-0.4620942895192872
3922,3922,-0.6405160340334994
3923,3923,-0.5670430491060134
3924,3924,-0.5890342762692455
3925,3925,-0.5744576968387083
3926,3926,-0.5479171256981274
3927,3927,-0.5749371180408378
3928,3928,-0.4770224387934967
3929,3929,-0.716158312246904
3930,3930,-0.93549025974899
3931,3931,-0.6569594803035717
3932,3932,-0.7672370846559318
3933,3933,-0.8757520670384622
3934,3934,-0.6274483884644031
3935,3935,-0.7231268988341846
3936,3936,-0.7786390557581413
3937,3937,-0.6834810626351828
3938,3938,-0.93549025974899
3939,3939,-0.5984473818477376
3940,3940,-0.38822257285165485
3941,3941,-0.8278472231453637
3942,3942,-0.88604540295524
3943,3943,-0.4571628893701707
3944,3944,-0.4301422284840375
3945,3945,-0.6815091429421845
3946,3946,-0.7476209342063136
3947,3947,-0.49893947185452037
3948,3948,-0.8766336332457403
3949,3949,-0.5925084964538776
3950,3950,-0.39756095826017557
3951,3951,-0.7741770728580661
3952,3952,-0.6780346553991201
3953,3953,-0.48010854920857604
3954,3954,-0.4980443037559059
3955,3955,-0.5844780287057905
3956,3956,-0.8950651520973487
3957,3957,-0.81414428370873
3958,3958,-0.93549025974899
3959,3959,-0.9058836728252917
3960,3960,-0.9262516018053937
3961,3961,-0.736242920461482
3962,3962,-0.77496469182468
3963,3963,-0.6205664381884191
3964,3964,-0.8203437209516018
3965,3965,-0.5564562506607675
3966,3966,-0.46801495218116607
3967,3967,-0.6960239953231042
3968,3968,-0.7866369249908178
3969,3969,-0.9096952985740803
3970,3970,-0.6898661915554953
3971,3971,-0.93549025974899
3972,3972,-0.812388168910747
3973,3973,-0.5223175583898101
3974,3974,-0.5849140498815353
3975,3975,-0.93549025974899
3976,3976,-0.7409401524474681
3977,3977,-0.36766660637840687
3978,3978,-0.93549025974899
3979,3979,-0.5196513136381231
3980,3980,-0.93549025974899
3981,3981,-0.6964537981059085
3982,3982,-0.6072672342344312
3983,3983,-0.7585687830582266
3984,3984,-0.6896027405986622
3985,3985,-0.44166182181082014
3986,3986,-0.7918095925116706
3987,3987,-0.5634480842314993
3988,3988,-0.43964685949332427
3989,3989,-0.7878080991978198
3990,3990,-0.8097036232807131
3991,3991,-0.4960048388867211
3992,3992,-0.5972220113896487
3993,3993,-0.9222223405244456
3994,3994,-0.6259871320476726
3995,3995,-0.7419035535376182
3996,3996,-0.5554658326833124
3997,3997,-0.7460981080861906
3998,3998,-0.3059104362224354
3999,3999,-0.5140923885467665
4000,4000,-0.37646695821900167
4001,4001,-0.93549025974899
4002,4002,-0.6864378238835691
4003,4003,-0.6538146703946559
4004,4004,-0.6224778445348313
4005,4005,-0.9094202406704657
4006,4006,-0.93549025974899
4007,4007,-0.9165714292322669
4008,4008,-0.4944559046138495
4009,4009,-0.7777222010428932
4010,4010,-0.6325984319064748
4011,4011,-0.7850812976771273
4012,4012,-0.25013057519930904
4013,4013,-0.7650126185240769
4014,4014,-0.5950350059875973
4015,4015,-0.93549025974899
4016,4016,-0.7002448072553324
4017,4017,-0.4835769836416439
4018,4018,-0.660389593237328
4019,4019,-0.7880291990287436
4020,4020,-0.5107350261552068
4021,4021,-0.5896910385098852
4022,4022,-0.6970424513711926
4023,4023,-0.5916962047030712
4024,4024,-0.9074000208743804
4025,4025,-0.23493407348076023
4026,4026,-0.93549025974899
4027,4027,-0.8212171314655325
4028,4028,-0.7149075635990005
4029,4029,-0.8581631751163812
4030,4030,-0.2865422260113264
4031,4031,-0.5772314764387421
4032,4032,-0.7832217853508272
4033,4033,-0.5714663229000312
4034,4034,-0.8089408038341794
4035,4035,-0.8127030970421636
4036,4036,-0.3066864693269964
4037,4037,-0.7302764892188964
4038,4038,-0.8795552474976933
4039,4039,-0.8465073705548907
4040,4040,-0.6660640107762177
4041,4041,-0.6809132851816742
4042,4042,-0.6499235505967
4043,4043,-0.93549025974899
4044,4044,-0.9021953411993202
4045,4045,-0.3257197432841181
4046,4046,-0.3212755471141069
4047,4047,-0.6242998474091941
4048,4048,-0.93549025974899
4049,4049,-0.12856260243337747
4050,4050,-0.6960519147952358
4051,4051,-0.7038869050398944
4052,4052,-0.93549025974899
4053,4053,-0.93549025974899
4054,4054,-0.451098213100638
4055,4055,-0.8620291707440018
4056,4056,-0.4263096759921101
4057,4057,-0.93549025974899
4058,4058,-0.48226309797184186
4059,4059,-0.6442897119040083
4060,4060,-0.5928597267856084
4061,4061,-0.7570148996529191
4062,4062,-0.5416807538186053
4063,4063,-0.8107873350759363
4064,4064,-0.8410514702388419
4065,4065,-0.8922731077565107
4066,4066,-0.93549025974899
4067,4067,-0.827312777343332
4068,4068,-0.5559862167305916
4069,4069,-0.5668951409959266
4070,4070,-0.5857562370750404
4071,4071,-0.5742279062995004
4072,4072,-0.7528432684483768
4073,4073,-0.9124475130942233
4074,4074,-0.7390753318219812
4075,4075,-0.6322403035984792
4076,4076,-0.8660102714844697
4077,4077,-0.41574987615943115
4078,4078,-0.6320536528257481
4079,4079,-0.484586044653848
4080,4080,-0.5862984277598322
4081,4081,-0.93549025974899
4082,4082,-0.6866466889735712
4083,4083,-0.8381628353667523
4084,4084,-0.8585866764044567
4085,4085,-0.6651855549791961
4086,4086,-0.7067789739926571
4087,4087,-0.93549025974899
4088,4088,-0.9228256124852354
4089,4089,-0.895485680425395
4090,4090,-0.93549025974899
4091,4091,-0.93549025974899
4092,4092,-0.6472261471716116
4093,4093,-0.5523033568087818
4094,4094,-0.6019535286846054
4095,4095,-0.7869058979822263
4096,4096,-0.7372695411053805
4097,4097,-0.93549025974899
4098,4098,-0.580550028350681
4099,4099,-0.8223747625934585
4100,4100,-0.8201178710048573
4101,4101,-0.5521695876240358
4102,4102,-0.6085291112253834
4103,4103,-0.93549025974899
4104,4104,-0.6641909244432505
4105,4105,-0.8709739338061429
4106,4106,-0.33760206370510915
4107,4107,-0.93549025974899
4108,4108,-0.93549025974899
4109,4109,-0.6295361961555557
4110,4110,-0.7143771165640267
4111,4111,-0.590196055745924
4112,4112,-0.93549025974899
4113,4113,-0.7468183663584753
4114,4114,-0.7779624686936817
4115,4115,-0.7348561704358065
4116,4116,-0.6632178635784545
4117,4117,-0.5732286264931492
4118,4118,-0.6632309265388816
4119,4119,-0.6908406094849582
4120,4120,-0.59139212116329
4121,4121,-0.8988781207536825
4122,4122,-0.6187646479866267
4123,4123,-0.5919994273962619
4124,4124,-0.37261485352710366
4125,4125,-0.6820542739011337
4126,4126,-0.6932048616096154
4127,4127,-0.7277461014989264
4128,4128,-0.8194943469427063
4129,4129,-0.93549025974899
4130,4130,-0.5709503115992973
4131,4131,-0.93549025974899
4132,4132,-0.6458194339376622
4133,4133,-0.93549025974899
4134,4134,-0.6190687684995471
4135,4135,-0.919966583146703
4136,4136,-0.93549025974899
4137,4137,-0.5023531215350836
4138,4138,-0.39174787130065347
4139,4139,-0.6299048415886421
4140,4140,-0.4412564461500246
4141,4141,-0.7535631076555092
4142,4142,-0.93549025974899
4143,4143,-0.93549025974899
4144,4144,-0.36571531233767374
4145,4145,-0.93549025974899
4146,4146,-0.7844116372736245
4147,4147,-0.15721980190813634
4148,4148,-0.5834942794783395
4149,4149,-0.2657076560979932
4150,4150,-0.927670196639955
4151,4151,-0.6968172978529541
4152,4152,-0.6729279599054117
4153,4153,-0.93549025974899
4154,4154,-0.93549025974899
4155,4155,-0.7796900530068918
4156,4156,-0.7069611032025094
4157,4157,-0.21138464563660841
4158,4158,-0.6055217097831846
4159,4159,-0.8268994826307097
4160,4160,-0.7395938912761313
4161,4161,-0.7854387139010033
4162,4162,-0.7675821853366518
4163,4163,-0.93549025974899
4164,4164,-0.6053411978566192
4165,4165,-0.8480508846375479
4166,4166,-0.8162132575300873
4167,4167,-0.93549025974899
4168,4168,-0.4419896920925752
4169,4169,-0.8064785368462157
4170,4170,-0.7470306134175875
4171,4171,-0.93549025974899
4172,4172,-0.6874140898897867
4173,4173,-0.7200840070692038
4174,4174,-0.6980139936220997
4175,4175,-0.905949889648662
4176,4176,-0.47334700084039305
4177,4177,-0.7284723844644141
4178,4178,-0.8396970702067712
4179,4179,-0.5291786716231361
4180,4180,-0.7017991141841211
4181,4181,-0.8599821783987593
4182,4182,-0.6776899581120759
4183,4183,-0.423935384875215
4184,4184,-0.8306298010765012
4185,4185,-0.7435389590580854
4186,4186,-0.7087366661584458
4187,4187,-0.5797191569787419
4188,4188,-0.546916950576092
4189,4189,-0.93549025974899
4190,4190,-0.93549025974899
4191,4191,-0.93549025974899
4192,4192,-0.5181529004007999
4193,4193,-0.803232824054465
4194,4194,-0.5293492457359457
4195,4195,-0.6584219106399889
4196,4196,-0.5297887609066727
4197,4197,-0.6146725728564082
4198,4198,-0.6951379345911626
4199,4199,-0.93549025974899
4200,4200,-0.7796471268963945
4201,4201,-0.8872777906863849
4202,4202,-0.697311238827897
4203,4203,-0.9315676223518157
4204,4204,-0.5714572802019782
4205,4205,-0.7853389234547379
4206,4206,-0.680627023660282
4207,4207,-0.93549025974899
4208,4208,-0.30973280707319306
4209,4209,-0.503112951959821
4210,4210,-0.7757717531440225
4211,4211,-0.6271283545816164
4212,4212,-0.6850744788428305
4213,4213,-0.931091660349427
4214,4214,-0.93549025974899
4215,4215,-0.8402989438208142
4216,4216,-0.8383539525426773
4217,4217,-0.5952371870561013
4218,4218,-0.8368541539121601
4219,4219,-0.46158202654029745
4220,4220,-0.6376701073476401
4221,4221,-0.6475058294254552
4222,4222,-0.7657335874174525
4223,4223,-0.4688342532629868
4224,4224,-0.93549025974899
4225,4225,-0.6144171280861954
4226,4226,-0.5446564451461953
4227,4227,-0.591630510413049
4228,4228,-0.5780806574265243
4229,4229,-0.7306583782340006
4230,4230,-0.7461447286000364
4231,4231,-0.7238212828698298
4232,4232,-0.6075434580527332
4233,4233,-0.7598670216050483
4234,4234,-0.9297360498231644
4235,4235,-0.7560781947031394
4236,4236,-0.7990625481133069
4237,4237,-0.6379276959929729
4238,4238,-0.8262240796805163
4239,4239,-0.8453610390427073
4240,4240,-0.93549025974899
4241,4241,-0.4011973321020901
4242,4242,-0.5626470458741886
4243,4243,-0.8652270073163084
4244,4244,-0.8642818904815517
4245,4245,-0.5447285884136921
4246,4246,-0.5471842380959817
4247,4247,-0.93549025974899
4248,4248,-0.7204751522561743
4249,4249,-0.8482851391423782
4250,4250,-0.6341142275361769
4251,4251,-0.9354684790203756
4252,4252,-0.93549025974899
4253,4253,-0.9044296174703348
4254,4254,-0.93549025974899
4255,4255,-0.622992994850593
4256,4256,-0.15878455562786808
4257,4257,-0.6379720462315053
4258,4258,-0.6656615189399862
4259,4259,-0.6695868703719743
4260,4260,-0.6010903494522246
4261,4261,-0.93549025974899
4262,4262,-0.3476849363245216
4263,4263,-0.93549025974899
4264,4264,-0.5299694903680763
4265,4265,-0.6676437308510419
4266,4266,-0.8414339742925794
4267,4267,-0.7505901423847696
4268,4268,-0.22675909948258166
4269,4269,-0.6323438824382777
4270,4270,-0.8815739456389213
4271,4271,-0.93549025974899
4272,4272,-0.8532130028059104
4273,4273,-0.5998952588749251
4274,4274,-0.38380883962010337
4275,4275,-0.7419258507634403
4276,4276,-0.7996114986572174
4277,4277,-0.9229713301020368
4278,4278,-0.6159399746083665
4279,4279,-0.5530487615616213
4280,4280,-0.5340065852790303
4281,4281,-0.37511183505096746
4282,4282,-0.4316157868783286
4283,4283,-0.7017626980280056
4284,4284,-0.4023027848648475
4285,4285,-0.7766895210657943
4286,4286,-0.93549025974899
4287,4287,-0.5365732860626515
4288,4288,-0.5881243372738005
4289,4289,-0.5959550095475663
4290,4290,-0.5642890873840418
4291,4291,-0.93549025974899
4292,4292,-0.6655644820640312
4293,4293,-0.9009176474989324
4294,4294,-0.2422922727494896
4295,4295,-0.40653881569699024
4296,4296,-0.733213262120973
4297,4297,-0.5633613639196344
4298,4298,-0.6975909605337165
4299,4299,-0.93549025974899
4300,4300,-0.7745452538448383
4301,4301,-0.7558247085213345
4302,4302,-0.45234162418140933
4303,4303,-0.3988443737586085
4304,4304,-0.713774306292283
4305,4305,-0.6194842049671596
4306,4306,-0.45862231125139097
4307,4307,-0.93549025974899
4308,4308,-0.5459504901846532
4309,4309,-0.8111092443274135
4310,4310,-0.7122512284869575
4311,4311,-0.9307704444839704
4312,4312,-0.3833901506110724
4313,4313,-0.4675622284493124
4314,4314,-0.3506870357348024
4315,4315,-0.8699147830928418
4316,4316,-0.8622914248895643
4317,4317,-0.31015761739691117
4318,4318,-0.48217867195493547
4319,4319,-0.6581216734845388
4320,4320,-0.6950787518431358
4321,4321,-0.93549025974899
4322,4322,-0.93549025974899
4323,4323,-0.43389599623306374
4324,4324,-0.7561526449370266
4325,4325,-0.7355798028120546
4326,4326,-0.6912305341826244
4327,4327,-0.49999283843160436
4328,4328,-0.93549025974899
4329,4329,-0.6820033873442561
4330,4330,-0.7823415936865263
4331,4331,-0.93549025974899
4332,4332,-0.6586498347335379
4333,4333,-0.93549025974899
4334,4334,-0.31117310901786155
4335,4335,-0.7036621854329344
4336,4336,-0.4953583765770375
4337,4337,-0.9133145042586257
4338,4338,-0.4320586520742222
4339,4339,-0.8459332307408296
4340,4340,-0.8162725600322069
4341,4341,-0.42452497915299325
4342,4342,-0.2861200430010289
4343,4343,-0.5626872801521565
4344,4344,-0.557021604110608
4345,4345,-0.8025290798866411
4346,4346,-0.8455630053023544
4347,4347,-0.93549025974899
4348,4348,-0.784853067624173
4349,4349,-0.7030579642254864
4350,4350,-0.93549025974899
4351,4351,-0.93549025974899
4352,4352,-0.9106752032615653
4353,4353,-0.6896393630569051
4354,4354,-0.8433617765599664
4355,4355,-0.7781946999017482
4356,4356,-0.8036703039233615
4357,4357,-0.6471054561705678
4358,4358,-0.6133367563991854
4359,4359,-0.9274803084760794
4360,4360,-0.3785152394539626
4361,4361,-0.22624904600778928
4362,4362,-0.6270172046892757
4363,4363,-0.38578531979956665
4364,4364,-0.93549025974899
4365,4365,-0.8495241712292927
4366,4366,-0.93549025974899
4367,4367,-0.93549025974899
4368,4368,-0.8902371566668084
4369,4369,-0.5468906301575647
4370,4370,-0.6057955916493718
4371,4371,-0.93549025974899
4372,4372,-0.648826925935369
4373,4373,-0.6971466470352858
4374,4374,-0.5901184328888593
4375,4375,-0.93549025974899
4376,4376,-0.7094277041226356
4377,4377,-0.5339009616815265
4378,4378,-0.7302403158004598
4379,4379,-0.93549025974899
4380,4380,-0.7527350120720602
4381,4381,-0.43400939813454364
4382,4382,-0.6068684966037559
4383,4383,-0.6329492693451364
4384,4384,-0.617068862448793
4385,4385,-0.93549025974899
4386,4386,-0.44539175760675853
4387,4387,-0.5601596175912622
4388,4388,-0.93549025974899
4389,4389,-0.7726439453156217
4390,4390,-0.93549025974899
4391,4391,-0.93549025974899
4392,4392,-0.8512681632333923
4393,4393,-0.7599500079296497
4394,4394,-0.5563407570376544
4395,4395,-0.6391951775386708
4396,4396,-0.48541160640349557
4397,4397,-0.6886753168240478
4398,4398,-0.5679022646958871
4399,4399,-0.8529888762515387
4400,4400,-0.93549025974899
4401,4401,-0.6720453890202585
4402,4402,-0.4616331278052943
4403,4403,-0.93549025974899
4404,4404,-0.6354429474595307
4405,4405,-0.6781950956158234
4406,4406,-0.7533250014394799
4407,4407,-0.39242020124753374
4408,4408,-0.93549025974899
4409,4409,-0.6487362024255976
4410,4410,-0.6504388984769367
4411,4411,-0.6697984582324015
4412,4412,-0.5852035525920543
4413,4413,-0.6252393217853314
4414,4414,-0.6429903602420683
4415,4415,-0.93549025974899
4416,4416,-0.6290364654940763
4417,4417,-0.93549025974899
4418,4418,-0.893705792625008
4419,4419,-0.5760709306904985
4420,4420,-0.9341089642872138
4421,4421,-0.8139103197442843
4422,4422,-0.6689153273192296
4423,4423,-0.4658102382322602
4424,4424,-0.8712796705299883
4425,4425,-0.8138419097364977
4426,4426,-0.7463186908684936
4427,4427,-0.9348954864763872
4428,4428,-0.825249816072942
4429,4429,-0.7907824714004619
4430,4430,-0.9043706021284414
4431,4431,-0.6354014265946724
4432,4432,-0.7622404790913482
4433,4433,-0.7599390310629222
4434,4434,-0.7977436996644816
4435,4435,-0.5524695630600895
4436,4436,-0.6228512787070475
4437,4437,-0.5063830391869324
4438,4438,-0.6012953726980488
4439,4439,-0.93549025974899
4440,4440,-0.7109209690611813
4441,4441,-0.93549025974899
4442,4442,-0.2944105157730825
4443,4443,-0.93549025974899
4444,4444,-0.6608598569250166
4445,4445,-0.7457887917170076
4446,4446,-0.7897594549901132
4447,4447,-0.43317063739679185
4448,4448,-0.5404080339057646
4449,4449,-0.681931083160709
4450,4450,-0.46190748168072737
4451,4451,-0.5851882983173802
4452,4452,-0.39628766467545873
4453,4453,-0.6691761006134218
4454,4454,-0.7741893930975952
4455,4455,-0.535713140403681
4456,4456,-0.93549025974899
4457,4457,-0.5655813025759588
4458,4458,-0.696105230516979
4459,4459,-0.667268927729129
4460,4460,-0.8046881876499175
4461,4461,-0.8253097955030633
4462,4462,-0.93549025974899
4463,4463,-0.2455117306294139
4464,4464,-0.704602940309659
4465,4465,-0.647411249337555
4466,4466,-0.6883481779750031
4467,4467,-0.6386298898330054
4468,4468,-0.679245664490411
4469,4469,-0.6528301071601295
4470,4470,-0.6226551439796371
4471,4471,-0.93549025974899
4472,4472,-0.5844090283632557
4473,4473,-0.6838819232097268
4474,4474,-0.5210042325272557
4475,4475,-0.7874073351878952
4476,4476,-0.48647060451868107
4477,4477,-0.6970072148511761
4478,4478,-0.7462603308924578
4479,4479,-0.93549025974899
4480,4480,-0.93549025974899
4481,4481,-0.5710988314787802
4482,4482,-0.93549025974899
4483,4483,-0.6648201007473702
4484,4484,-0.6532373012890691
4485,4485,-0.5546702015303939
4486,4486,-0.8336940862217492
4487,4487,-0.7961161441526841
4488,4488,-0.8969071105252073
4489,4489,-0.93549025974899
4490,4490,-0.6626313084071853
4491,4491,-0.93549025974899
4492,4492,-0.8284269391516776
4493,4493,-0.561039927758646
4494,4494,-0.93549025974899
4495,4495,-0.6170259579841151
4496,4496,-0.786847974430902
4497,4497,-0.32559113388716776
4498,4498,-0.6700650626655609
4499,4499,-0.7502481414107827
4500,4500,-0.7369117102853853
4501,4501,-0.910690851114083
4502,4502,-0.497759401782254
4503,4503,-0.3573821389554254
4504,4504,-0.8289286177223847
4505,4505,-0.624127005972813
4506,4506,-0.5736377533636858
4507,4507,-0.93549025974899
4508,4508,-0.9062233664185477
4509,4509,-0.572918030904813
4510,4510,-0.9328652902119803
4511,4511,-0.7612940134350925
4512,4512,-0.7680649125402006
4513,4513,-0.93549025974899
4514,4514,-0.43409562457272743
4515,4515,-0.44564732388697514
4516,4516,-0.7811545799246336
4517,4517,-0.7744277254651752
4518,4518,-0.688718193554628
4519,4519,-0.7050027354531387
4520,4520,-0.21713226317892698
4521,4521,-0.48302568739748075
4522,4522,-0.5716499471162835
4523,4523,-0.48919863181844114
4524,4524,-0.40382286526119415
4525,4525,-0.93549025974899
4526,4526,-0.5707524036055123
4527,4527,-0.8306631033006262
4528,4528,-0.6119511881855022
4529,4529,-0.93549025974899
4530,4530,-0.7483532858046704
4531,4531,-0.8749931758895446
4532,4532,-0.9250563092958703
4533,4533,-0.7220811417438586
4534,4534,-0.93549025974899
4535,4535,-0.6701804370933644
4536,4536,-0.93549025974899
4537,4537,-0.8957214398328759
4538,4538,-0.93549025974899
4539,4539,-0.6184996644584206
4540,4540,-0.7698796118410076
4541,4541,-0.3240966124867831
4542,4542,-0.5105667443778206
4543,4543,-0.6356171437421274
4544,4544,-0.6165323526625688
4545,4545,-0.6311146183188221
4546,4546,-0.8710557802025001
4547,4547,-0.872264006833996
4548,4548,-0.9019475025805708
4549,4549,-0.4134875178096742
4550,4550,-0.4933550965278588
4551,4551,-0.7776024784348738
4552,4552,-0.8125878449304924
4553,4553,-0.7440214103244092
4554,4554,-0.6855224370177417
4555,4555,-0.8144869889054807
4556,4556,-0.6034554142482751
4557,4557,-0.6172255872443095
4558,4558,-0.6172259228998715
4559,4559,-0.3298295467006547
4560,4560,-0.93549025974899
4561,4561,-0.93549025974899
4562,4562,-0.9126709378365838
4563,4563,-0.7239135202131664
4564,4564,-0.6147789427971198
4565,4565,-0.7654595922070602
4566,4566,-0.5036440416355461
4567,4567,-0.8382057476139728
4568,4568,-0.93549025974899
4569,4569,-0.4913246597713865
4570,4570,-0.5375455374841298
4571,4571,-0.7870640603854611
4572,4572,-0.3464460851614213
4573,4573,-0.93549025974899
4574,4574,-0.6573103617285057
4575,4575,-0.6295447362888531
4576,4576,-0.7180529525720836
4577,4577,-0.7824971111589196
4578,4578,-0.7589480993364237
4579,4579,-0.93549025974899
4580,4580,-0.9198416946188903
4581,4581,-0.7171301759559459
4582,4582,-0.6460239921664268
4583,4583,-0.6805014108214937
4584,4584,-0.8164624353885621
4585,4585,-0.93549025974899
4586,4586,-0.93549025974899
4587,4587,-0.93549025974899
4588,4588,-0.7155997926795408
4589,4589,-0.6291148038324668
4590,4590,-0.93549025974899
4591,4591,-0.7539434723692242
4592,4592,-0.6418372549441518
4593,4593,-0.7099723477138724
4594,4594,-0.93549025974899
4595,4595,-0.93549025974899
4596,4596,-0.6577781176693183
4597,4597,-0.7772403495806959
4598,4598,-0.9335403545404706
4599,4599,-0.9277306985400209
4600,4600,-0.7809971872284684
4601,4601,-0.651358205906222
4602,4602,-0.4355199371714562
4603,4603,-0.4305414712456912
4604,4604,-0.5875394533921487
4605,4605,-0.8020516536490607
4606,4606,-0.93549025974899
4607,4607,-0.703787284269163
4608,4608,-0.7889737385336151
4609,4609,-0.7483653406243498
4610,4610,-0.8851040616134931
4611,4611,-0.5404542945174389
4612,4612,-0.23093717224280974
4613,4613,-0.6313543035822988
4614,4614,-0.615080874387063
4615,4615,-0.93549025974899
4616,4616,-0.8401963068901797
4617,4617,-0.3151186590135797
4618,4618,-0.6297403231746674
4619,4619,-0.93549025974899
4620,4620,-0.581217144543368
4621,4621,-0.5805332758241537
4622,4622,-0.49095224970790163
4623,4623,-0.749271621113694
4624,4624,-0.8506606425923771
4625,4625,-0.7273402328121428
4626,4626,-0.8021730951946484
4627,4627,-0.7998706262483726
4628,4628,-0.8498529018900811
4629,4629,-0.6528208535314608
4630,4630,-0.5741428449764823
4631,4631,-0.9146483205933187
4632,4632,-0.7004695424541758
4633,4633,-0.8866541049475973
4634,4634,-0.93549025974899
4635,4635,-0.8035470824821687
4636,4636,-0.5224098498168335
4637,4637,-0.7593819898213727
4638,4638,-0.93549025974899
4639,4639,-0.5562624067022548
4640,4640,-0.93549025974899
4641,4641,-0.62876164958681
4642,4642,-0.5347805265949295
4643,4643,-0.6305206597954864
4644,4644,-0.6679505165527111
4645,4645,-0.707917458383811
4646,4646,-0.6891257102897175
4647,4647,-0.5868680691269526
4648,4648,-0.93549025974899
4649,4649,-0.6673216081002131
4650,4650,-0.5579210265227919
4651,4651,-0.5478644375936348
4652,4652,-0.93549025974899
4653,4653,-0.93549025974899
4654,4654,-0.93549025974899
4655,4655,-0.2831461766250527
4656,4656,-0.93549025974899
4657,4657,-0.6682726632141911
4658,4658,-0.8683392994250188
4659,4659,-0.6440568913225437
4660,4660,-0.8736487993958875
4661,4661,-0.577973271835976
4662,4662,-0.8846565651848834
4663,4663,-0.7953493619105689
4664,4664,-0.792823789086988
4665,4665,-0.874627841314366
4666,4666,-0.871673091558705
4667,4667,-0.93549025974899
4668,4668,-0.93549025974899
4669,4669,-0.5928365117050376
4670,4670,-0.5501857144819144
4671,4671,-0.673296554542592
4672,4672,-0.5880489703691474
4673,4673,-0.8418164146844678
4674,4674,-0.5765112580295426
4675,4675,-0.93549025974899
4676,4676,-0.6572984448506425
4677,4677,-0.7671731544960672
4678,4678,-0.93549025974899
4679,4679,-0.7606322259333531
4680,4680,-0.6914026554787576
4681,4681,-0.785608653174652
4682,4682,-0.6174750445240313
4683,4683,-0.93549025974899
4684,4684,-0.6278475641611596
4685,4685,-0.93549025974899
4686,4686,-0.93549025974899
4687,4687,-0.93549025974899
4688,4688,-0.93549025974899
4689,4689,-0.6394654054376936
4690,4690,-0.42576410659110353
4691,4691,-0.7935339799285277
4692,4692,-0.9005786274786818
4693,4693,-0.13118367051980018
4694,4694,-0.93549025974899
4695,4695,-0.9295766112042703
4696,4696,-0.5461602144525934
4697,4697,-0.5611167572689091
4698,4698,-0.8952990945322927
4699,4699,-0.9185050008535178
4700,4700,-0.8023373499263649
4701,4701,-0.93549025974899
4702,4702,-0.8565749874936603
4703,4703,-0.5801612058740506
4704,4704,-0.6826349528966649
4705,4705,-0.93549025974899
4706,4706,-0.47442568941867513
4707,4707,-0.7675890859143131
4708,4708,-0.5350163535114962
4709,4709,-0.8375078046078333
4710,4710,-0.35004674688685
4711,4711,-0.5567006618074957
4712,4712,-0.8610129405701201
4713,4713,-0.8818575650547906
4714,4714,-0.5366516221596562
4715,4715,-0.758926382091504
4716,4716,-0.7345443794630047
4717,4717,-0.4964459504758487
4718,4718,-0.7504708414941952
4719,4719,-0.93549025974899
4720,4720,-0.715069710946473
4721,4721,-0.7249990264747339
4722,4722,-0.7520300917545928
4723,4723,-0.7384650562427897
4724,4724,-0.6426246932200748
4725,4725,-0.81803119954556
4726,4726,-0.8794299409129032
4727,4727,-0.655601667802987
4728,4728,-0.49348964671052375
4729,4729,-0.416653262978528
4730,4730,-0.40591104131355316
4731,4731,-0.6627928933499536
4732,4732,-0.4869649736458954
4733,4733,-0.7686404529579409
4734,4734,-0.314042434026236
4735,4735,-0.5409972060444126
4736,4736,-0.3908477384501001
4737,4737,-0.5688477257734554
4738,4738,-0.6815346347038833
4739,4739,-0.6506482803042744
4740,4740,-0.8402005366930556
4741,4741,-0.93549025974899
4742,4742,-0.8021361898547141
4743,4743,-0.6788810595191883
4744,4744,-0.5830589202704406
4745,4745,-0.5055961613141626
4746,4746,-0.9346795628241082
4747,4747,-0.9352980059349694
4748,4748,-0.4302576360958401
4749,4749,-0.613645569216331
4750,4750,-0.6984735961148889
4751,4751,-0.5428815329749526
4752,4752,-0.6645417406995371
4753,4753,-0.38343831106425696
4754,4754,-0.9162115304330776
4755,4755,-0.8679702890939645
4756,4756,-0.93549025974899
4757,4757,-0.93549025974899
4758,4758,-0.4465951635571628
4759,4759,-0.6359084740012584
4760,4760,-0.5345716136072931
4761,4761,-0.6527825308279667
4762,4762,-0.35557831307460575
4763,4763,-0.7523167371174466
4764,4764,-0.6350331225686308
4765,4765,-0.93549025974899
4766,4766,-0.6095043316018636
4767,4767,-0.7775950422642453
4768,4768,-0.6986653507603933
4769,4769,-0.9243198656475773
4770,4770,-0.8646095837953442
4771,4771,-0.21952229555713565
4772,4772,-0.6167517376347593
4773,4773,-0.14096492847913078
4774,4774,-0.598444831170724
4775,4775,-0.14602423950133714
4776,4776,-0.93549025974899
4777,4777,-0.6156984484209875
4778,4778,-0.8006629678677388
4779,4779,-0.8657211942138208
4780,4780,-0.17626268012432833
4781,4781,-0.746257696740793
4782,4782,-0.93549025974899
4783,4783,-0.36329173616029387
4784,4784,-0.6804996919580493
4785,4785,-0.7636071715243311
4786,4786,-0.9155734032038811
4787,4787,-0.4189411563484615
4788,4788,-0.5075525143288804
4789,4789,-0.5833728724805511
4790,4790,-0.93549025974899
4791,4791,-0.93549025974899
4792,4792,-0.93549025974899
4793,4793,-0.93549025974899
4794,4794,-0.8515859872458194
4795,4795,-0.554277828202121
4796,4796,-0.355495439101178
4797,4797,-0.6973278244332235
4798,4798,-0.9159617795287023
4799,4799,-0.6327738481241685
4800,4800,-0.7423484811454273
4801,4801,-0.7723344145476361
4802,4802,-0.9186594069412486
4803,4803,-0.669341999776039
4804,4804,-0.93549025974899
4805,4805,-0.1935821002692255
4806,4806,-0.5680404573393822
4807,4807,-0.93549025974899
4808,4808,-0.93549025974899
4809,4809,-0.6755098232341687
4810,4810,-0.93549025974899
4811,4811,-0.7930446963909219
4812,4812,-0.6810025180756032
4813,4813,-0.6640302153329447
4814,4814,-0.11570576389562826
4815,4815,-0.93549025974899
4816,4816,-0.5904418204857524
4817,4817,-0.24685853720544948
4818,4818,-0.734552006250059
4819,4819,-0.7170617885557604
4820,4820,-0.7876763169147871
4821,4821,-0.93549025974899
4822,4822,-0.6505355830532
4823,4823,-0.7291532203502449
4824,4824,-0.5199130316260838
4825,4825,-0.5282587404709713
4826,4826,-0.93549025974899
4827,4827,-0.804169363958323
4828,4828,-0.7849546465941604
4829,4829,-0.5548659458510077
4830,4830,-0.6214414106720554
4831,4831,-0.7244149157262711
4832,4832,-0.40694705944885534
4833,4833,-0.4851005710741423
4834,4834,-0.9060137496959602
4835,4835,-0.8495569495842759
4836,4836,-0.7409783610369125
4837,4837,-0.5264362556406788
4838,4838,-0.8125312867040595
4839,4839,-0.93549025974899
4840,4840,-0.8084419282773361
4841,4841,-0.93549025974899
4842,4842,-0.48967233368596297
4843,4843,-0.655732158570661
4844,4844,-0.6578072651201019
4845,4845,-0.93549025974899
4846,4846,-0.7896371030279159
4847,4847,-0.93549025974899
4848,4848,-0.7229898876267953
4849,4849,-0.750157461117924
4850,4850,-0.8406110106247642
4851,4851,-0.6533373106889862
4852,4852,-0.3716386454945724
4853,4853,-0.7425556232699826
4854,4854,-0.5892430641693114
4855,4855,-0.93549025974899
4856,4856,-0.28820904369259326
4857,4857,-0.93549025974899
4858,4858,-0.4417411960744375
4859,4859,-0.4821613080527972
4860,4860,-0.6756606564499386
4861,4861,-0.8517109457083336
4862,4862,-0.8529160163594796
4863,4863,-0.93549025974899
4864,4864,-0.5333727593596009
4865,4865,-0.7930735034864131
4866,4866,-0.8524683681235548
4867,4867,-0.7811962423091803
4868,4868,-0.5477450402997199
4869,4869,-0.7886262302101166
4870,4870,-0.8193052389661108
4871,4871,-0.93549025974899
4872,4872,-0.93549025974899
4873,4873,-0.40540444582495816
4874,4874,-0.5853403599775597
4875,4875,-0.7567968399527025
4876,4876,-0.3491672176991347
4877,4877,-0.4815396679033501
4878,4878,-0.3843061352240653
4879,4879,-0.697275593398361
4880,4880,-0.7775891094122223
4881,4881,-0.4202378444869517
4882,4882,-0.7432421377318725
4883,4883,-0.4901903039493938
4884,4884,-0.49011632388130844
4885,4885,-0.93549025974899
4886,4886,-0.8628451546151794
4887,4887,-0.5716687047828248
4888,4888,-0.622031498209541
4889,4889,-0.5108147104730012
4890,4890,-0.6008244606912374
4891,4891,-0.23387361041737087
4892,4892,-0.8018663391502798
4893,4893,-0.93549025974899
4894,4894,-0.6521230358155083
4895,4895,-0.93549025974899
4896,4896,-0.9057950850663463
4897,4897,-0.41173540930587826
4898,4898,-0.9314063229687708
4899,4899,-0.93549025974899
4900,4900,-0.3978721227662909
4901,4901,-0.7338480498561246
4902,4902,-0.5008226064567385
4903,4903,-0.6539659400197753
4904,4904,-0.93549025974899
4905,4905,-0.2173345777203477
4906,4906,-0.5972587514810019
4907,4907,-0.93549025974899
4908,4908,-0.4202446215626061
4909,4909,-0.93549025974899
4910,4910,-0.6823217815236706
4911,4911,-0.93549025974899
4912,4912,-0.4195615151862242
4913,4913,-0.6401419646291462
4914,4914,-0.6791700184189509
4915,4915,-0.8356007434205939
4916,4916,-0.6413078096120746
4917,4917,-0.7592405935677746
4918,4918,-0.7416709085804918
4919,4919,-0.93549025974899
4920,4920,-0.5925707940185738
4921,4921,-0.93549025974899
4922,4922,-0.7679590922699209
4923,4923,-0.4281987062788368
4924,4924,-0.93549025974899
4925,4925,-0.93549025974899
4926,4926,-0.3334626011830122
4927,4927,-0.8311739276856152
4928,4928,-0.6420978880639314
4929,4929,-0.93549025974899
4930,4930,-0.8296149223864919
4931,4931,-0.6522167051667545
4932,4932,-0.48764534823247985
4933,4933,-0.6920875272918359
4934,4934,-0.4818543714683443
4935,4935,-0.5501658493847756
4936,4936,-0.8360941315329917
4937,4937,-0.6861115479617741
4938,4938,-0.7123814543547056
4939,4939,-0.7181447175946278
4940,4940,-0.6553561227021376
4941,4941,-0.6268147619843845
4942,4942,-0.5928125735114111
4943,4943,-0.5578870773420239
4944,4944,-0.8445980387842713
4945,4945,-0.6774184039123785
4946,4946,-0.6594247758304448
4947,4947,-0.8112744424643736
4948,4948,-0.6792173860850426
4949,4949,-0.93549025974899
4950,4950,-0.6904380168956425
4951,4951,-0.9012943612607263
4952,4952,-0.5560233765807627
4953,4953,-0.93549025974899
4954,4954,-0.6716265246679995
4955,4955,-0.93549025974899
4956,4956,-0.8186348744396135
4957,4957,-0.26957924201483907
4958,4958,-0.9131363266506085
4959,4959,-0.8276550003212879
4960,4960,-0.7876019471684348
4961,4961,-0.37361475683826706
4962,4962,-0.5644247772459643
4963,4963,-0.93549025974899
4964,4964,-0.93549025974899
4965,4965,-0.576384912127827
4966,4966,-0.4665268257427848
4967,4967,-0.93549025974899
4968,4968,-0.20347763771427552
4969,4969,-0.24109621469223663
4970,4970,-0.8013892936844105
4971,4971,-0.43617989775867727
4972,4972,-0.5829589325796878
4973,4973,-0.7786406328581155
4974,4974,-0.9342595135293834
4975,4975,-0.6706851366112137
4976,4976,-0.6763794187939176
4977,4977,-0.550060844317386
4978,4978,-0.7360832257761007
4979,4979,-0.7630672065673139
4980,4980,-0.30692312211171435
4981,4981,-0.5499228801729115
4982,4982,-0.6502245990789266
4983,4983,-0.7609837994479598
4984,4984,-0.93549025974899
4985,4985,-0.7078361213141946
4986,4986,-0.93549025974899
4987,4987,-0.5514101970374075
4988,4988,-0.7112965236922335
4989,4989,-0.921611271175026
4990,4990,-0.7522885815404905
4991,4991,-0.7024728724868545
4992,4992,-0.783350458866936
4993,4993,-0.36409311393553745
4994,4994,-0.8515326392508804
4995,4995,-0.8892824190405761
4996,4996,-0.4671819035950745
4997,4997,-0.8201505186950797
4998,4998,-0.93549025974899
4999,4999,-0.5930687632193017
5000,5000,-0.7984234368651641
5001,5001,-0.92119907481454
5002,5002,-0.1872438573940728
5003,5003,-0.7784267361587673
5004,5004,-0.8183003974426928
5005,5005,-0.7438354628878372
5006,5006,-0.7132974199505231
5007,5007,-0.40562655433652495
5008,5008,-0.8733287813943225
5009,5009,-0.93549025974899
5010,5010,-0.6832800331432498
5011,5011,-0.615210953692463
5012,5012,-0.6507631883182672
5013,5013,-0.6337964617572442
5014,5014,-0.5939062033398912
5015,5015,-0.7790520447943425
5016,5016,-0.5619341090110197
5017,5017,-0.9154004747380391
5018,5018,-0.47102281686768954
5019,5019,-0.93549025974899
5020,5020,-0.7202932797982431
5021,5021,-0.8200378660876755
5022,5022,-0.93549025974899
5023,5023,-0.9145003822727702
5024,5024,-0.6425701698192121
5025,5025,-0.9024456168415345
5026,5026,-0.834696207806477
5027,5027,-0.93549025974899
5028,5028,-0.5348033322433459
5029,5029,-0.93549025974899
5030,5030,-0.7064580416369726
5031,5031,-0.9340896961979173
5032,5032,-0.7308769660228567
5033,5033,-0.93549025974899
5034,5034,-0.621974723350025
5035,5035,-0.7508131562758997
5036,5036,-0.93549025974899
5037,5037,-0.8609627717102573
5038,5038,-0.6464695691451716
5039,5039,-0.5717531231727282
5040,5040,-0.9326188914880493
5041,5041,-0.93549025974899
5042,5042,-0.7843268113682633
5043,5043,-0.5805785224823019
5044,5044,-0.6416708630478958
5045,5045,-0.5455985082989976
5046,5046,-0.93549025974899
5047,5047,-0.7990728656779655
5048,5048,-0.3414622088836623
5049,5049,-0.5599250640602578
5050,5050,-0.8550243559569779
5051,5051,-0.5860679225733207
5052,5052,-0.01288609688746118
5053,5053,-0.702546416338615
5054,5054,-0.312612335372203
5055,5055,-0.5140368443551204
5056,5056,-0.6740120939424674
5057,5057,-0.7610456830358192
5058,5058,-0.6772754705323525
5059,5059,-0.75605475780063
5060,5060,-0.93549025974899
5061,5061,-0.93549025974899
5062,5062,-0.93549025974899
5063,5063,-0.921967000061219
5064,5064,-0.5072939364581206
5065,5065,-0.8285036906442844
5066,5066,-0.29733363221794207
5067,5067,-0.93549025974899
5068,5068,-0.7937836399245146
5069,5069,-0.6518200419653031
5070,5070,-0.8115932448557608
5071,5071,-0.613898324916649
5072,5072,-0.8149443755463892
5073,5073,-0.93549025974899
5074,5074,-0.7656481407826323
5075,5075,-0.7435016711188585
5076,5076,-0.6850023243409371
5077,5077,-0.6525699524424216
5078,5078,-0.7129066227548755
5079,5079,-0.7265585835458399
5080,5080,-0.19993238422009263
5081,5081,-0.9345899631971566
5082,5082,-0.8548725132790942
5083,5083,-0.93549025974899
5084,5084,-0.7137459271410798
5085,5085,-0.5580123478726211
5086,5086,-0.6258013103070983
5087,5087,-0.8831644965575016
5088,5088,-0.4513584402457216
5089,5089,-0.7464075058556752
5090,5090,-0.6559539339796352
5091,5091,-0.5058996679684449
5092,5092,-0.93549025974899
5093,5093,-0.93549025974899
5094,5094,-0.6381941745007182
5095,5095,-0.5742246329985581
5096,5096,-0.93549025974899
5097,5097,-0.504856553446972
5098,5098,-0.6048974100871227
5099,5099,-0.4780487307812411
5100,5100,-0.4490999769062154
5101,5101,-0.3376076124522158
5102,5102,-0.6822676392506608
5103,5103,-0.6358571360426541
5104,5104,-0.6449392749818248
5105,5105,-0.8977494472475378
5106,5106,-0.7563713721300349
5107,5107,-0.7508865293248483
5108,5108,-0.7138031908823912
5109,5109,-0.4702193684145506
5110,5110,-0.5056984892326355
5111,5111,-0.4856967357390154
5112,5112,-0.49309373711086313
5113,5113,-0.93549025974899
5114,5114,-0.8780616336084623
5115,5115,-0.5004508669383121
5116,5116,-0.93549025974899
5117,5117,-0.7797000844058779
5118,5118,-0.6878126252797081
5119,5119,-0.93549025974899
5120,5120,-0.93549025974899
5121,5121,-0.902009302523334
5122,5122,-0.93549025974899
5123,5123,-0.39467753450805
5124,5124,-0.7895048450858511
5125,5125,-0.49825187359569334
5126,5126,-0.93549025974899
5127,5127,-0.8621961470118613
5128,5128,-0.44843092691857045
5129,5129,-0.5188015667618555
5130,5130,-0.5998121012244226
5131,5131,-0.8664755599366902
5132,5132,-0.93549025974899
5133,5133,-0.93549025974899
5134,5134,-0.8387109908100285
5135,5135,-0.93549025974899
5136,5136,-0.603266965889441
5137,5137,-0.93549025974899
5138,5138,-0.93549025974899
5139,5139,-0.5652246325100396
5140,5140,-0.6570654149942392
5141,5141,-0.7498766573826359
5142,5142,-0.93549025974899
5143,5143,-0.621229470966643
5144,5144,-0.5497278457206125
5145,5145,-0.7309338750130525
5146,5146,-0.599012571673585
5147,5147,-0.8094128227572472
5148,5148,-0.7637210942487833
5149,5149,-0.7542111480486273
5150,5150,-0.6707382784555325
5151,5151,-0.5142032642391801
5152,5152,-0.4594183551866444
5153,5153,-0.799111460625614
5154,5154,-0.6162038751319869
5155,5155,-0.93549025974899
5156,5156,-0.3702642070010769
5157,5157,-0.93549025974899
5158,5158,-0.8087535188058954
5159,5159,-0.7711710661115934
5160,5160,-0.7160371538649599
5161,5161,-0.776265297595959
5162,5162,-0.9160969438430087
5163,5163,-0.5005043568604908
5164,5164,-0.93549025974899
5165,5165,-0.8214559001263755
5166,5166,-0.7907221928119164
5167,5167,-0.6531125050697941
5168,5168,-0.93549025974899
5169,5169,-0.7948790714090936
5170,5170,-0.7558394187740625
5171,5171,-0.7930502559867136
5172,5172,-0.8445317852792744
5173,5173,-0.4761651353191816
5174,5174,-0.6185081659974276
5175,5175,-0.8938438084177935
5176,5176,-0.8351171107509039
5177,5177,-0.93549025974899
5178,5178,-0.93549025974899
5179,5179,-0.93549025974899
5180,5180,-0.9030482517992802
5181,5181,-0.35577537521579217
5182,5182,-0.7254717897247964
5183,5183,-0.7868052240333601
5184,5184,-0.6164601857377932
5185,5185,-0.7301277550244301
5186,5186,-0.7595030972074746
5187,5187,-0.5905486374886326
5188,5188,-0.6950329295623945
5189,5189,-0.8272854549794051
5190,5190,-0.93549025974899
5191,5191,-0.9246956906373498
5192,5192,-0.5668541065484423
5193,5193,-0.39140753113943916
5194,5194,-0.765353165874858
5195,5195,-0.690162732179207
5196,5196,-0.624953292208227
5197,5197,-0.5436498363746094
5198,5198,-0.7585669584346455
5199,5199,-0.8930105286296914
5200,5200,-0.93549025974899
5201,5201,-0.3115609184610335
5202,5202,-0.910778117056724
5203,5203,-0.26461940642679593
5204,5204,-0.7996557751862046
5205,5205,-0.3913117693170083
5206,5206,-0.794260389660483
5207,5207,-0.7883410997209275
5208,5208,-0.5796037354753634
5209,5209,-0.3228812164283945
5210,5210,-0.6341636952321785
5211,5211,-0.8139585108125562
5212,5212,-0.6746775888249488
5213,5213,-0.8585969260067703
5214,5214,-0.6020697841698741
5215,5215,-0.4825705256271
5216,5216,-0.4906807993635045
5217,5217,-0.7166113120564468
5218,5218,-0.9058382634910007
5219,5219,-0.56249655339521
5220,5220,-0.5791771542277879
5221,5221,-0.894841882814724
5222,5222,-0.6311285366101096
5223,5223,-0.5943202768122777
5224,5224,-0.93549025974899
5225,5225,-0.5741426561569885
5226,5226,-0.7839757237392408
5227,5227,-0.754076443927362
5228,5228,-0.26575855298745177
5229,5229,-0.6703081793948122
5230,5230,-0.7563397222113011
5231,5231,-0.5947336656670394
5232,5232,-0.5210624109939666
5233,5233,-0.6682999041031668
5234,5234,-0.7954211797040678
5235,5235,-0.93549025974899
5236,5236,-0.7977353496473416
5237,5237,-0.7499021371161536
5238,5238,-0.5535165598263081
5239,5239,-0.665022376300616
5240,5240,-0.6047883180792191
5241,5241,-0.7560078414176363
5242,5242,-0.8383152134103966
5243,5243,-0.5996453688301475
5244,5244,-0.624984978178432
5245,5245,-0.93549025974899
5246,5246,-0.38557978058178266
5247,5247,-0.6773301151145006
5248,5248,-0.5935614146732071
5249,5249,-0.47753446855719694
5250,5250,-0.93549025974899
5251,5251,-0.5150269026268877
5252,5252,-0.37463040918578727
5253,5253,-0.6633548689855164
5254,5254,-0.7053600651011127
5255,5255,-0.26942938462914734
5256,5256,-0.7492341427730231
5257,5257,-0.93549025974899
5258,5258,-0.5540003802734148
5259,5259,-0.6765703896693243
5260,5260,-0.7731637412282453
5261,5261,-0.32149921147025085
5262,5262,-0.899469974917686
5263,5263,-0.5326171007036535
5264,5264,-0.7443544840757035
5265,5265,-0.8722526664891639
5266,5266,-0.93549025974899
5267,5267,-0.9336304945881242
5268,5268,-0.7007889622517105
5269,5269,-0.6904018558111069
5270,5270,-0.93549025974899
5271,5271,-0.6352179373298306
5272,5272,-0.6457113361919724
5273,5273,-0.7284784252539556
5274,5274,-0.504524064744226
5275,5275,-0.93549025974899
5276,5276,-0.7328592326085506
5277,5277,-0.55757811102219
5278,5278,-0.8546608918171845
5279,5279,-0.5607089007510702
5280,5280,-0.7643483349355087
5281,5281,-0.7978389308375036
5282,5282,-0.40629537590471365
5283,5283,-0.8709846756597575
5284,5284,-0.93549025974899
5285,5285,-0.5883296874998738
5286,5286,-0.6142963718860202
5287,5287,-0.5712561216341818
5288,5288,-0.6240152191105199
5289,5289,-0.9118749664145032
5290,5290,-0.6502263131075807
5291,5291,-0.7828613878250579
5292,5292,-0.7694547093787154
5293,5293,-0.8582913707462243
5294,5294,-0.6838933241082046
5295,5295,-0.6305416323299315
5296,5296,-0.93549025974899
5297,5297,-0.93549025974899
5298,5298,-0.6843412569532479
5299,5299,-0.5283926626782027
5300,5300,-0.4992117781235983
5301,5301,-0.93549025974899
5302,5302,-0.93549025974899
5303,5303,-0.47909583048960513
5304,5304,-0.4805846688993035
5305,5305,-0.6971885026563065
5306,5306,-0.6516728910707776
5307,5307,-0.9242937217980742
5308,5308,-0.7402618754306332
5309,5309,-0.93549025974899
5310,5310,-0.5754874941146029
5311,5311,-0.7638202192134038
5312,5312,-0.6583384384984647
5313,5313,-0.8607660396267978
5314,5314,-0.93549025974899
5315,5315,-0.35089714901887925
5316,5316,-0.7623587645501324
5317,5317,-0.6855779535579547
5318,5318,-0.7666061152954686
5319,5319,-0.93549025974899
5320,5320,-0.6168466413433737
5321,5321,-0.4904675494993632
5322,5322,-0.93549025974899
5323,5323,-0.724517608706913
5324,5324,-0.93549025974899
5325,5325,-0.4853297673358625
5326,5326,-0.93549025974899
5327,5327,-0.93549025974899
5328,5328,-0.14647842207491674
5329,5329,-0.3823901030793877
5330,5330,-0.93549025974899
5331,5331,-0.6704047123051744
5332,5332,-0.7313581120482784
5333,5333,-0.9176167983771624
5334,5334,-0.7301063868613529
5335,5335,-0.93549025974899
5336,5336,-0.5612215730861028
5337,5337,-0.93549025974899
5338,5338,-0.38798646292576144
5339,5339,-0.3410540163294602
5340,5340,-0.5764435589641863
5341,5341,-0.8524561016534111
5342,5342,-0.6891374533594963
5343,5343,-0.27335410646674063
5344,5344,-0.570662027810318
5345,5345,-0.8295791690568173
5346,5346,-0.9062234475506603
5347,5347,-0.93549025974899
5348,5348,-0.9127611084552889
5349,5349,-0.93549025974899
5350,5350,-0.421596718082883
5351,5351,-0.6575093192083195
5352,5352,-0.6984168089655043
5353,5353,-0.8349140046004369
5354,5354,-0.93549025974899
5355,5355,-0.6928590417020022
5356,5356,-0.5628841777995923
5357,5357,-0.7971982812597052
5358,5358,-0.93549025974899
5359,5359,-0.709250757270512
5360,5360,-0.4353123129847316
5361,5361,-0.5744943241877607
5362,5362,-0.6334168505590334
5363,5363,-0.5978336278869456
5364,5364,-0.5902792180028342
5365,5365,-0.93549025974899
5366,5366,-0.8337975867339882
5367,5367,-0.7242455101054226
5368,5368,-0.6058042224958093
5369,5369,-0.5160132767827026
5370,5370,-0.23336620875972613
5371,5371,-0.5794749032741642
5372,5372,-0.7499378203421205
5373,5373,-0.5962768688506692
5374,5374,-0.8369851958296479
5375,5375,-0.5750140425713202
5376,5376,-0.6322365362969613
5377,5377,-0.6341596938139649
5378,5378,-0.6279014366915181
5379,5379,-0.7283497058112065
5380,5380,-0.5005931118420937
5381,5381,-0.79839030417528
5382,5382,-0.9143149512953972
5383,5383,-0.79939931407087
5384,5384,-0.6136901671196373
5385,5385,-0.5172597435560058
5386,5386,-0.93549025974899
5387,5387,-0.7656727948067399
5388,5388,-0.7644181089935262
5389,5389,-0.9225061802386154
5390,5390,-0.8478278655269254
5391,5391,-0.93549025974899
5392,5392,-0.46258007927199607
5393,5393,-0.7564962661947039
5394,5394,-0.2728115355899381
5395,5395,-0.643147130486529
5396,5396,-0.6648878677448113
5397,5397,-0.93549025974899
5398,5398,-0.4945469611223974
5399,5399,-0.5864652642419035
5400,5400,-0.5231383408782975
5401,5401,-0.9133578725660119
5402,5402,-0.47879939405703453
5403,5403,-0.5788011273515181
5404,5404,-0.7734878644248955
5405,5405,-0.8388199001400256
5406,5406,-0.6542862407866501
5407,5407,-0.93549025974899
5408,5408,-0.47090958027725316
5409,5409,-0.32415100207011927
5410,5410,-0.93549025974899
5411,5411,-0.7728593933348762
5412,5412,-0.4160576404863736
5413,5413,-0.4902022768823714
5414,5414,-0.5394646131825667
5415,5415,-0.93549025974899
5416,5416,-0.540588452574513
5417,5417,-0.93549025974899
5418,5418,-0.8379094997937173
5419,5419,-0.8748243504145172
5420,5420,-0.5546124802092511
5421,5421,-0.93549025974899
5422,5422,-0.8138986748836334
5423,5423,-0.48391914676848213
5424,5424,-0.5802441858602063
5425,5425,-0.6048121777042628
5426,5426,-0.3877718179338263
5427,5427,-0.93549025974899
5428,5428,-0.5326649949328033
5429,5429,-0.8498324699595123
5430,5430,-0.7349879008753124
5431,5431,-0.7380931965614312
5432,5432,-0.93549025974899
5433,5433,-0.93549025974899
5434,5434,-0.93549025974899
5435,5435,-0.6761376465611537
5436,5436,-0.6922167639723469
5437,5437,-0.6043929365082708
5438,5438,-0.93549025974899
5439,5439,-0.7405399830644299
5440,5440,-0.8806276975009553
5441,5441,-0.625904190036545
5442,5442,-0.9247800670540585
5443,5443,-0.8717347265330666
5444,5444,-0.5895229199218903
5445,5445,-0.7599985678747068
5446,5446,-0.6046893177928503
5447,5447,-0.6652780864775298
5448,5448,-0.31918475526194534
5449,5449,-0.6221956775941724
5450,5450,-0.18300164941654806
5451,5451,-0.613087940303183
5452,5452,-0.93549025974899
5453,5453,-0.7809055625362937
5454,5454,-0.93549025974899
5455,5455,-0.8341313522472156
5456,5456,-0.796898912001966
5457,5457,-0.8564370956318061
5458,5458,-0.8176509711832303
5459,5459,-0.6383577008453702
5460,5460,-0.5039318114208311
5461,5461,-0.8483250729719902
5462,5462,-0.6427445274931713
5463,5463,-0.526742965951204
5464,5464,-0.7023365606636549
5465,5465,-0.93549025974899
5466,5466,-0.7856466037061871
5467,5467,-0.6755147716230727
5468,5468,-0.5042630781963755
5469,5469,-0.8948177567506708
5470,5470,-0.7836055499846637
5471,5471,-0.93549025974899
5472,5472,-0.7686071820768223
5473,5473,-0.8184002563076831
5474,5474,-0.7016271683465654
5475,5475,-0.7318183511035876
5476,5476,-0.7531185344922342
5477,5477,-0.4540239914218809
5478,5478,-0.93549025974899
5479,5479,-0.4755504982058856
5480,5480,-0.6969979314065231
5481,5481,-0.7461605343814668
5482,5482,-0.93549025974899
5483,5483,-0.93549025974899
5484,5484,-0.631464480463622
5485,5485,-0.761041697738964
5486,5486,-0.43780499004080653
5487,5487,-0.7386959313571584
5488,5488,-0.74408670328922
5489,5489,-0.5965935257411434
5490,5490,-0.5434324546310343
5491,5491,-0.93549025974899
5492,5492,-0.84247735237836
5493,5493,-0.93549025974899
5494,5494,-0.5958080394578094
5495,5495,-0.8553548823450186
5496,5496,-0.6915285499436052
5497,5497,-0.8390705733527515
5498,5498,-0.6163079881697602
5499,5499,-0.7622904086634765
5500,5500,-0.6994451342632519
5501,5501,-0.6221018928241353
5502,5502,-0.8789807608480604
5503,5503,-0.5414698208931146
5504,5504,-0.8483123681912055
5505,5505,-0.93549025974899
5506,5506,-0.3569000447664994
5507,5507,-0.18667749777725406
5508,5508,-0.6582778829075782
5509,5509,-0.838729666177878
5510,5510,-0.9020531218915018
5511,5511,-0.93549025974899
5512,5512,-0.6158009700553979
5513,5513,-0.6121338461804271
5514,5514,-0.7874091104888397
5515,5515,-0.878909098572068
5516,5516,-0.1785103137531019
5517,5517,-0.93549025974899
5518,5518,-0.7615774458847557
5519,5519,-0.24613263779224015
5520,5520,-0.7436068480528846
5521,5521,-0.8461942088470398
5522,5522,-0.5570666915741942
5523,5523,-0.36665327178766427
5524,5524,-0.93549025974899
5525,5525,-0.6937724138747292
5526,5526,-0.645837504817381
5527,5527,-0.7805920286103731
5528,5528,-0.5035191017944971
5529,5529,-0.93549025974899
5530,5530,-0.43588241600440725
5531,5531,-0.7410615456129666
5532,5532,-0.706673636954962
5533,5533,-0.4465878879030072
5534,5534,-0.93549025974899
5535,5535,-0.4965716089301133
5536,5536,-0.93549025974899
5537,5537,-0.7770481845742019
5538,5538,-0.93549025974899
5539,5539,-0.7596150530711441
5540,5540,-0.7055659800260088
5541,5541,-0.7109037922895212
5542,5542,-0.3002776166185477
5543,5543,-0.29364205082849715
5544,5544,-0.93549025974899
5545,5545,-0.2975219551908208
5546,5546,-0.7900702858295183
5547,5547,-0.5550904565303938
5548,5548,-0.5694803236384183
5549,5549,-0.31647932082905506
5550,5550,-0.186596704179008
5551,5551,-0.8558818841124438
5552,5552,-0.8825871827277076
5553,5553,-0.825989343946226
5554,5554,-0.9354217417076374
5555,5555,-0.7346796182444226
5556,5556,-0.42740250183259043
5557,5557,-0.7414181274732279
5558,5558,-0.5518507564695576
5559,5559,-0.7019269132286912
5560,5560,-0.8443393308595137
5561,5561,-0.93549025974899
5562,5562,-0.6949786024030402
5563,5563,-0.825842557206915
5564,5564,-0.604402253241334
5565,5565,-0.8894132979904956
5566,5566,-0.622449353645937
5567,5567,-0.5674753046537866
5568,5568,-0.7132998665542587
5569,5569,-0.93549025974899
5570,5570,-0.8087306749895404
5571,5571,-0.93549025974899
5572,5572,-0.6981659559242903
5573,5573,-0.93549025974899
5574,5574,-0.93549025974899
5575,5575,-0.5695043636646813
5576,5576,-0.8902529192245545
5577,5577,-0.780375886492708
5578,5578,-0.8627132797546757
5579,5579,-0.6416232058145344
5580,5580,-0.6104045337599135
5581,5581,-0.8123142063882316
5582,5582,-0.93549025974899
5583,5583,-0.6309730584151296
5584,5584,-0.7926164060658625
5585,5585,-0.8896414715920447
5586,5586,-0.4911842456363651
5587,5587,-0.787894693161002
5588,5588,-0.9233034876771775
5589,5589,-0.8389270027204123
5590,5590,-0.93549025974899
5591,5591,-0.93549025974899
5592,5592,-0.7713599117294514
5593,5593,-0.93549025974899
5594,5594,-0.8154185078826348
5595,5595,-0.9069457379050512
5596,5596,-0.5493829719019097
5597,5597,-0.7199014096433576
5598,5598,-0.7574615766590131
5599,5599,-0.8602943853294462
5600,5600,-0.7589767956798514
5601,5601,-0.7106297936015871
5602,5602,-0.6414382851879914
5603,5603,-0.93549025974899
5604,5604,-0.8522870119396533
5605,5605,-0.7229909480703061
5606,5606,-0.6608605802367897
5607,5607,-0.5350250107852066
5608,5608,-0.9131278584144589
5609,5609,-0.93549025974899
5610,5610,-0.6168686627571436
5611,5611,-0.5045299548147586
5612,5612,-0.6568254887019638
5613,5613,-0.93549025974899
5614,5614,-0.8886939053392116
5615,5615,-0.6428555712940671
5616,5616,-0.6122360058999323
5617,5617,-0.93549025974899
5618,5618,-0.875028280720274
5619,5619,-0.353164142478251
5620,5620,-0.93549025974899
5621,5621,-0.7785111258756672
5622,5622,-0.8631229239499749
5623,5623,-0.8843638990320191
5624,5624,-0.5885146304060989
5625,5625,-0.55301062245724
5626,5626,-0.23002855201518901
5627,5627,-0.6910206170582871
5628,5628,-0.3796020328054266
5629,5629,-0.705059944370376
5630,5630,-0.25090343531643455
5631,5631,-0.29903831160871874
5632,5632,-0.6595038648675544
5633,5633,-0.6268888929603307
5634,5634,-0.7412662046757408
5635,5635,-0.3369080548051273
5636,5636,-0.6220621522171434
5637,5637,-0.7531768280500604
5638,5638,-0.6158654710066891
5639,5639,-0.93549025974899
5640,5640,-0.8327407668295113
5641,5641,-0.93549025974899
5642,5642,-0.9342604327186166
5643,5643,-0.6163671500144119
5644,5644,-0.38770219215025215
5645,5645,-0.27915843656194916
5646,5646,-0.8812808299460535
5647,5647,-0.93549025974899
5648,5648,-0.7574696122938906
5649,5649,-0.5436083742475137
5650,5650,-0.6562804369733488
5651,5651,-0.93549025974899
5652,5652,-0.45750583223579966
5653,5653,-0.7324736417973146
5654,5654,-0.93549025974899
5655,5655,-0.7815643637354874
5656,5656,-0.5513959695329689
5657,5657,-0.4800443811581818
5658,5658,-0.32013718895942844
5659,5659,-0.40258134444131777
5660,5660,-0.7426496801747966
5661,5661,-0.42796598404467723
5662,5662,-0.7266321724332432
5663,5663,-0.45506476023878584
5664,5664,-0.93549025974899
5665,5665,-0.3132719611524326
5666,5666,-0.8552714118275908
5667,5667,-0.93549025974899
5668,5668,-0.93549025974899
5669,5669,-0.46725423189991844
5670,5670,-0.93549025974899
5671,5671,-0.8804779913426461
5672,5672,-0.30896242433039633
5673,5673,-0.9131791116590993
5674,5674,-0.855883621632433
5675,5675,-0.93549025974899
5676,5676,-0.8450535191926623
5677,5677,-0.704140052714779
5678,5678,-0.494071427048846
5679,5679,-0.9059512878616296
5680,5680,-0.93549025974899
5681,5681,-0.93549025974899
5682,5682,-0.5104367683997584
5683,5683,-0.4783119807142988
5684,5684,-0.9088487770511655
5685,5685,-0.6361898260151921
5686,5686,-0.93549025974899
5687,5687,-0.93549025974899
5688,5688,-0.8847124911541258
5689,5689,-0.4162875510772772
5690,5690,-0.63504576929137
5691,5691,-0.49942531263397605
5692,5692,-0.93549025974899
5693,5693,-0.7190916774468423
5694,5694,-0.93549025974899
5695,5695,-0.8148330543375835
5696,5696,-0.7037348047158254
5697,5697,-0.891601122434384
5698,5698,-0.8997379480437306
5699,5699,-0.7836134707907494
5700,5700,-0.7960057099760807
5701,5701,-0.93549025974899
5702,5702,-0.6655406299012956
5703,5703,-0.7627682842756034
5704,5704,-0.8479541020943362
5705,5705,-0.1438052740799486
5706,5706,-0.27009189206768625
5707,5707,-0.5596160080101189
5708,5708,-0.5181458114993465
5709,5709,-0.6360555652291513
5710,5710,-0.93549025974899
5711,5711,-0.756166636650244
5712,5712,-0.5923339632830338
5713,5713,-0.7620611374612185
5714,5714,-0.93549025974899
5715,5715,-0.5334024472049954
5716,5716,-0.774786784554431
5717,5717,-0.6319178363412448
5718,5718,-0.6542850346988871
5719,5719,-0.5317325998483153
5720,5720,-0.4980876652814832
5721,5721,-0.8493489109595078
5722,5722,-0.93549025974899
5723,5723,-0.54537860184384
5724,5724,-0.4053397578263773
5725,5725,-0.8402604786625592
5726,5726,-0.93549025974899
5727,5727,-0.36963884928653457
5728,5728,-0.6890129177776778
5729,5729,-0.5688754183397351
5730,5730,-0.6664335489130657
5731,5731,-0.6460540933023413
5732,5732,-0.23396960771907027
5733,5733,-0.7292721871522492
5734,5734,-0.7528511371790447
5735,5735,-0.7232190685191089
5736,5736,-0.871002232289273
5737,5737,-0.48744677525826674
5738,5738,-0.4059590209749775
5739,5739,-0.7834531815909589
5740,5740,-0.7865350947263199
5741,5741,-0.5842534759985032
5742,5742,-0.4042793989221032
5743,5743,-0.6821266978694105
5744,5744,-0.7971366496288841
5745,5745,-0.8281288532202247
5746,5746,-0.5836917276986586
5747,5747,-0.6586779190666068
5748,5748,-0.93549025974899
5749,5749,-0.7142086341145504
5750,5750,-0.8965147875339028
5751,5751,-0.630104470941081
5752,5752,-0.9240146341391711
5753,5753,-0.9075718159202655
5754,5754,-0.93549025974899
5755,5755,-0.8604774594124951
5756,5756,-0.6160730116987772
5757,5757,-0.5833698169818877
5758,5758,-0.7309610082791469
5759,5759,-0.9060705356324839
5760,5760,-0.7685705109568808
5761,5761,-0.7080474137179227
5762,5762,-0.48176003549185253
5763,5763,-0.41473577569946407
5764,5764,-0.93549025974899
5765,5765,-0.5666059395020953
5766,5766,-0.5334846285264683
5767,5767,-0.4370778899267975
5768,5768,-0.857687828760243
5769,5769,-0.7777512994932412
5770,5770,-0.7289800904796451
5771,5771,-0.3990132635492394
5772,5772,-0.619854356574054
5773,5773,-0.5448451658506159
5774,5774,-0.93549025974899
5775,5775,-0.20114993976873707
5776,5776,-0.4199211453021423
5777,5777,-0.8641998651925071
5778,5778,-0.6049946976265392
5779,5779,-0.6068214763178847
5780,5780,-0.7211805805761617
5781,5781,-0.6299815578206847
5782,5782,-0.6989583940287503
5783,5783,-0.93549025974899
5784,5784,-0.6848352229866244
5785,5785,-0.5564919932574899
5786,5786,-0.93549025974899
5787,5787,-0.8175178179980893
5788,5788,-0.8913057087933396
5789,5789,-0.605263603337443
5790,5790,-0.93549025974899
5791,5791,-0.5560006276419394
5792,5792,-0.569285477010741
5793,5793,-0.4825772271574813
5794,5794,-0.8387762396524625
5795,5795,-0.5762460496005151
5796,5796,-0.93549025974899
5797,5797,-0.7277725858014055
5798,5798,-0.5124060085100002
5799,5799,-0.93549025974899
5800,5800,-0.757272819419132
5801,5801,-0.5807034520719339
5802,5802,-0.5512628477034469
5803,5803,-0.9232268408032951
5804,5804,-0.5385604345081028
5805,5805,-0.26082860004759967
5806,5806,-0.798005563635634
5807,5807,-0.88804027370157
5808,5808,-0.5795060606242544
5809,5809,-0.6695684095494592
5810,5810,-0.5829159318967871
5811,5811,-0.7371303925282451
5812,5812,-0.2990085686809203
5813,5813,-0.8006173415027718
5814,5814,-0.93549025974899
5815,5815,-0.8114162398893416
5816,5816,-0.601470500282959
5817,5817,-0.6557685731983032
5818,5818,-0.7548153152652937
5819,5819,-0.6216677433728339
5820,5820,-0.46794186102552615
5821,5821,-0.67964380928629
5822,5822,-0.93549025974899
5823,5823,-0.93549025974899
5824,5824,-0.6591541604875601
5825,5825,-0.7492972296317824
5826,5826,-0.8002212376944318
5827,5827,-0.93549025974899
5828,5828,-0.7190897607882452
5829,5829,-0.49270235471660095
5830,5830,-0.93549025974899
5831,5831,-0.3568005673294472
5832,5832,-0.93549025974899
5833,5833,-0.3859415808838418
5834,5834,-0.7634392512434616
5835,5835,-0.6557706502512879
5836,5836,-0.5905062747176046
5837,5837,-0.8247102003803164
5838,5838,-0.6087294490348771
5839,5839,-0.7153168869732447
5840,5840,-0.93549025974899
5841,5841,-0.376593183084033
5842,5842,-0.552888828168927
5843,5843,-0.93549025974899
5844,5844,-0.5292068917503503
5845,5845,-0.7662069358357577
5846,5846,-0.4864696027757649
5847,5847,-0.41158281099711935
5848,5848,-0.37012988797630797
5849,5849,-0.6656743032714765
5850,5850,-0.47976560139264635
5851,5851,-0.07698603634453349
5852,5852,-0.93549025974899
5853,5853,-0.93549025974899
5854,5854,-0.6962989672624822
5855,5855,-0.8220085644595247
5856,5856,-0.5538848830954479
5857,5857,-0.93549025974899
5858,5858,-0.4015710920912312
5859,5859,-0.93549025974899
5860,5860,-0.3746586609170528
5861,5861,-0.17994442442988845
5862,5862,-0.7549499616839697
5863,5863,-0.5178266475246236
5864,5864,-0.9065334650063637
5865,5865,-0.93549025974899
5866,5866,-0.7739647266085967
5867,5867,-0.5109329646074259
5868,5868,-0.5107103788090264
5869,5869,-0.47082530087275926
5870,5870,-0.69982274406728
5871,5871,-0.5768856575624444
5872,5872,-0.42176609595374615
5873,5873,-0.7030510835971331
5874,5874,-0.210095960068863
5875,5875,-0.6756569661919816
5876,5876,-0.40195494534261833
5877,5877,-0.7241588561613277
5878,5878,-0.3875441959157939
5879,5879,-0.93549025974899
5880,5880,-0.93549025974899
5881,5881,-0.93549025974899
5882,5882,-0.23255465025437516
5883,5883,-0.2726448533797914
5884,5884,-0.8709949706965308
5885,5885,-0.8897061240833981
5886,5886,-0.6970355938164392
5887,5887,-0.6774899812480228
5888,5888,-0.731200861877717
5889,5889,-0.93549025974899
5890,5890,-0.8460224679460282
5891,5891,-0.2392272264403914
5892,5892,-0.7177719683404451
5893,5893,-0.45307010175351436
5894,5894,-0.7201613172653953
5895,5895,-0.874452798288603
5896,5896,-0.622842585989396
5897,5897,-0.34149068730330967
5898,5898,-0.6887101649146405
5899,5899,-0.5753482190396682
5900,5900,-0.93549025974899
5901,5901,-0.9107103858443697
5902,5902,-0.4735704462723689
5903,5903,-0.6354483741463923
5904,5904,-0.93549025974899
5905,5905,-0.6213224122326508
5906,5906,-0.8300100156487691
5907,5907,-0.569989602760888
5908,5908,-0.6657819759995114
5909,5909,-0.6544198834855166
5910,5910,-0.93549025974899
5911,5911,-0.93549025974899
5912,5912,-0.549656391493162
5913,5913,-0.93549025974899
5914,5914,-0.053836646884552586
5915,5915,-0.546058150645834
5916,5916,-0.41176023624125335
5917,5917,-0.93549025974899
5918,5918,-0.7029512648314427
5919,5919,-0.6958066564640948
5920,5920,-0.5780866275324019
5921,5921,-0.7962188332778659
5922,5922,-0.5179469771730703
5923,5923,-0.93549025974899
5924,5924,-0.7301209435646179
5925,5925,-0.8255415730475324
5926,5926,-0.8445492683642488
5927,5927,-0.4705801295916925
5928,5928,-0.7008616354745101
5929,5929,-0.9024131809503615
5930,5930,-0.8823633803332953
5931,5931,-0.4951501561185805
5932,5932,-0.5888726891789862
5933,5933,-0.93549025974899
5934,5934,-0.13821258471344056
5935,5935,-0.8026154371346923
5936,5936,-0.642483443125073
5937,5937,-0.3799889399688148
5938,5938,-0.5622335713753888
5939,5939,-0.6393863945315506
5940,5940,-0.9165068415100723
5941,5941,-0.27768457543751346
5942,5942,-0.5817892081820677
5943,5943,-0.5460948773359817
5944,5944,-0.6578440627788247
5945,5945,-0.7385871386191258
5946,5946,-0.50325158054271
5947,5947,-0.93549025974899
5948,5948,-0.5429967067182706
5949,5949,-0.7349031278470761
5950,5950,-0.8738871392029388
5951,5951,-0.8274274505010979
5952,5952,-0.7087010177562707
5953,5953,-0.7699863567548739
5954,5954,-0.6856927547299296
5955,5955,-0.634995945372026
5956,5956,-0.6373574501499242
5957,5957,-0.6584545084052298
5958,5958,-0.7257552253543054
5959,5959,-0.6647394361330061
5960,5960,-0.8879474377897356
5961,5961,-0.8963041413612167
5962,5962,-0.93549025974899
5963,5963,-0.5787151634007177
5964,5964,-0.4461310467863644
5965,5965,-0.8913910672343608
5966,5966,-0.6487467145876735
5967,5967,-0.32831281803638035
5968,5968,-0.3657473817386081
5969,5969,-0.7144126037698015
5970,5970,-0.6577094002851016
5971,5971,-0.4204655743636625
5972,5972,-0.5499841452513046
5973,5973,-0.656198358552702
5974,5974,-0.8235715637064125
5975,5975,-0.5590254171364961
5976,5976,-0.7702491054677196
5977,5977,-0.93549025974899
5978,5978,-0.93549025974899
5979,5979,-0.5229654884108221
5980,5980,-0.93549025974899
5981,5981,-0.4318317597385182
5982,5982,-0.6281027998310496
5983,5983,-0.49012093845623106
5984,5984,-0.5491849216836329
5985,5985,-0.6272665689198789
5986,5986,-0.5432171697211885
5987,5987,-0.6559558089998863
5988,5988,-0.5129968127406959
5989,5989,-0.6468582271096768
5990,5990,-0.5160771694282844
5991,5991,-0.9007335492317043
5992,5992,-0.7598704241692218
5993,5993,-0.5579114470288928
5994,5994,-0.9325246739276238
5995,5995,-0.41484141817770004
5996,5996,-0.7667276754127972
5997,5997,-0.5262893999433267
5998,5998,-0.6753845531251006
5999,5999,-0.5607282822856181
6000,6000,-0.7826473830790803
6001,6001,-0.7666180842939401
6002,6002,-0.7425505229324347
6003,6003,-0.93549025974899
6004,6004,-0.93549025974899
6005,6005,-0.7393092705271336
6006,6006,-0.5891127628218786
6007,6007,-0.7453202343304532
6008,6008,-0.6850233961778986
6009,6009,-0.6557765841496579
6010,6010,-0.6706490073099793
6011,6011,-0.4182687419536024
6012,6012,-0.422952968995407
6013,6013,-0.6740496678153338
6014,6014,-0.93549025974899
6015,6015,-0.93549025974899
6016,6016,-0.7208919703953942
6017,6017,-0.93549025974899
6018,6018,-0.12786919594305113
6019,6019,-0.8187387893313716
6020,6020,-0.5663311519962413
6021,6021,-0.5971431690221038
6022,6022,-0.9159590080499136
6023,6023,-0.93549025974899
6024,6024,-0.7069011528265765
6025,6025,-0.6682021880707953
6026,6026,-0.93549025974899
6027,6027,-0.39465726737439866
6028,6028,-0.9308061999196529
6029,6029,-0.544606934237537
6030,6030,-0.7651221675424722
6031,6031,-0.6510387796098378
6032,6032,-0.8250274091889498
6033,6033,-0.93549025974899
6034,6034,-0.7374766453177308
6035,6035,-0.3825949382739058
6036,6036,-0.7273724176991223
6037,6037,-0.93549025974899
6038,6038,-0.6822513687551925
6039,6039,-0.9329988983067281
6040,6040,-0.462260484708088
6041,6041,-0.6734176307349049
6042,6042,-0.6423101826325013
6043,6043,-0.266635125380164
6044,6044,-0.6142805609629978
6045,6045,-0.8979479865734721
6046,6046,-0.6828309580490952
6047,6047,-0.93549025974899
6048,6048,-0.6041834528618395
6049,6049,-0.93549025974899
6050,6050,-0.8591774841148947
6051,6051,-0.93549025974899
6052,6052,-0.834615568115952
6053,6053,-0.93549025974899
6054,6054,-0.4430702282416963
6055,6055,-0.367029383565427
6056,6056,-0.653407227759665
6057,6057,-0.7798280801492048
6058,6058,-0.4663038305334877
6059,6059,-0.708502257990121
6060,6060,-0.4422723578994123
6061,6061,-0.7501541731579398
6062,6062,-0.6252166069397802
6063,6063,-0.89501320305442
6064,6064,-0.9004625603037404
6065,6065,-0.9323969232006224
6066,6066,-0.5226861678416572
6067,6067,-0.93549025974899
6068,6068,-0.6825695994004946
6069,6069,-0.6082617564361161
6070,6070,-0.6325507990391159
6071,6071,-0.5265621987270799
6072,6072,-0.6113867342504467
6073,6073,-0.8990209161411276
6074,6074,-0.7816294824431296
6075,6075,-0.83237358670325
6076,6076,-0.6117847606331939
6077,6077,-0.9019761749826678
6078,6078,-0.6373231586826655
6079,6079,-0.93549025974899
6080,6080,-0.5911938753561419
6081,6081,-0.7870383731718977
6082,6082,-0.7328337177433344
6083,6083,-0.4799248145412651
6084,6084,-0.5788112880436689
6085,6085,-0.5303576520050957
6086,6086,-0.5833650355769624
6087,6087,-0.8002977490566998
6088,6088,-0.4277419028663392
6089,6089,-0.7505441195108578
6090,6090,-0.8717030376100077
6091,6091,-0.93549025974899
6092,6092,-0.7770270722460282
6093,6093,-0.6180887428761412
6094,6094,-0.2952218990411968
6095,6095,-0.75517786187757
6096,6096,-0.6449407952264963
6097,6097,-0.9250536813531998
6098,6098,-0.8946751027229158
6099,6099,-0.5877281986092044
6100,6100,-0.6807171827809047
6101,6101,-0.783309629368496
6102,6102,-0.6588182624671681
6103,6103,-0.5994899116036585
6104,6104,-0.7898935501288413
6105,6105,-0.7132348768002608
6106,6106,-0.6742790607332427
6107,6107,-0.93549025974899
6108,6108,-0.8703291443567203
6109,6109,-0.8093998755795031
6110,6110,-0.93549025974899
6111,6111,-0.24817685662868882
6112,6112,-0.93549025974899
6113,6113,-0.8005393371457394
6114,6114,-0.48472922505421145
6115,6115,-0.93549025974899
6116,6116,-0.475554792545795
6117,6117,-0.8995978285270816
6118,6118,-0.8174851633406277
6119,6119,-0.7573171978567235
6120,6120,-0.6359696765650291
6121,6121,-0.5377344604017531
6122,6122,-0.719019540519712
6123,6123,-0.46179782121397617
6124,6124,-0.7107268281140549
6125,6125,-0.7077181782216329
6126,6126,-0.6339738203848135
6127,6127,-0.93549025974899
6128,6128,-0.5817757975030169
6129,6129,-0.5845309242279235
6130,6130,-0.93549025974899
6131,6131,-0.6359527524896933
6132,6132,-0.9349842915681439
6133,6133,-0.8880503047398136
6134,6134,-0.5185243526553642
6135,6135,-0.5867450201653188
6136,6136,-0.8186823678859145
6137,6137,-0.7855696084320929
6138,6138,-0.8086298587219893
6139,6139,-0.593599883973031
6140,6140,-0.641976098355558
6141,6141,-0.93549025974899
6142,6142,-0.93549025974899
6143,6143,-0.7947239475262453
6144,6144,-0.4449828490279675
6145,6145,-0.8477921998404305
6146,6146,-0.8127194867206597
6147,6147,-0.6697435248851651
6148,6148,-0.93549025974899
6149,6149,-0.93549025974899
6150,6150,-0.93549025974899
6151,6151,-0.710238952689183
6152,6152,-0.545835116616944
6153,6153,-0.48062459209492703
6154,6154,-0.695216442161751
6155,6155,-0.6884370884537141
6156,6156,-0.93549025974899
6157,6157,-0.4475570995223439
6158,6158,-0.93549025974899
6159,6159,-0.6454578388800094
6160,6160,-0.6210773247309422
6161,6161,-0.5159164482613576
6162,6162,-0.9083465872686318
6163,6163,-0.38658867928065277
6164,6164,-0.8413287339697497
6165,6165,-0.93549025974899
6166,6166,-0.93549025974899
6167,6167,-0.5047991351106305
6168,6168,-0.7211199754547852
6169,6169,-0.93549025974899
6170,6170,-0.7199000497241332
6171,6171,-0.6131706930921901
6172,6172,-0.6086380377063509
6173,6173,-0.771097285628608
6174,6174,-0.3338220728298129
6175,6175,-0.7264678841068708
6176,6176,-0.6346135042139043
6177,6177,-0.93549025974899
6178,6178,-0.70879871780072
6179,6179,-0.3858406463522872
6180,6180,-0.33494657973718134
6181,6181,-0.7181483258954291
6182,6182,-0.93549025974899
6183,6183,-0.7546867256880265
6184,6184,-0.7428033740999638
6185,6185,-0.7913534208412223
6186,6186,-0.440743841886027
6187,6187,-0.93549025974899
6188,6188,-0.36294877418245974
6189,6189,-0.934530307609025
6190,6190,-0.7601513495148993
6191,6191,-0.93549025974899
6192,6192,-0.93549025974899
6193,6193,-0.7947918455929557
6194,6194,-0.2982462478925729
6195,6195,-0.6653772074140409
6196,6196,-0.6228752501252846
6197,6197,-0.8097261001649816
6198,6198,-0.6959209734502867
6199,6199,-0.8721443231127814
6200,6200,-0.46642036038075774
6201,6201,-0.902344323230432
6202,6202,-0.7084774283401032
6203,6203,-0.8907618719896284
6204,6204,-0.5478832341581104
6205,6205,-0.7010736388749628
6206,6206,-0.7671423846898051
6207,6207,-0.6401517877385778
6208,6208,-0.8945052240051314
6209,6209,-0.93549025974899
6210,6210,-0.1978885356745761
6211,6211,-0.8437772653657021
6212,6212,-0.6393060319338364
6213,6213,-0.6424077129923411
6214,6214,-0.785654804368054
6215,6215,-0.663211072384188
6216,6216,-0.905375500552795
6217,6217,-0.3101224874235009
6218,6218,-0.9112019327436318
6219,6219,-0.93549025974899
6220,6220,-0.1836941404715775
6221,6221,-0.93549025974899
6222,6222,-0.662849863706402
6223,6223,-0.93549025974899
6224,6224,-0.6465872323865973
6225,6225,-0.6059749041384528
6226,6226,-0.3799016975403635
6227,6227,-0.5805876374955563
6228,6228,-0.6441834960251871
6229,6229,-0.6811467433824738
6230,6230,-0.8008962706173328
6231,6231,-0.6101691258629707
6232,6232,-0.8696007435500235
6233,6233,-0.763465739345337
6234,6234,-0.5998125219909589
6235,6235,-0.8044820875180747
6236,6236,-0.823311052443394
6237,6237,-0.8100772254705735
6238,6238,-0.8624837140448793
6239,6239,-0.5131089978059755
6240,6240,-0.7825644040134705
6241,6241,-0.41150990687233424
6242,6242,-0.93549025974899
6243,6243,-0.49990218285373444
6244,6244,-0.6879918240685345
6245,6245,-0.6778630364707681
6246,6246,-0.916122879319305
6247,6247,-0.6762308916218149
6248,6248,-0.9207738083071675
6249,6249,-0.752540815988727
6250,6250,-0.7562645426436099
6251,6251,-0.5416072223231141
6252,6252,-0.93549025974899
6253,6253,-0.93549025974899
6254,6254,-0.8250496259773321
6255,6255,-0.93549025974899
6256,6256,-0.7246766384805827
6257,6257,-0.93549025974899
6258,6258,-0.7830622547540997
6259,6259,-0.43960860153879766
6260,6260,-0.8742519727946565
6261,6261,-0.5096807143926618
6262,6262,-0.6542816661313555
6263,6263,-0.7025379726748113
6264,6264,-0.93549025974899
6265,6265,-0.7631955857054038
6266,6266,-0.7047238739825037
6267,6267,-0.4603000805756565
6268,6268,-0.16229242321710702
6269,6269,-0.890193100542449
6270,6270,-0.8090920227797262
6271,6271,-0.8302174675974641
6272,6272,-0.6338123697080533
6273,6273,-0.93549025974899
6274,6274,-0.93549025974899
6275,6275,-0.7387420253625354
6276,6276,-0.29562528959871637
6277,6277,-0.8977774401387411
6278,6278,-0.7939946112647966
6279,6279,-0.909225202265775
6280,6280,-0.6030493100639731
6281,6281,-0.5252011403052959
6282,6282,-0.7020617050061464
6283,6283,-0.428860799974903
6284,6284,-0.7321382806623156
6285,6285,-0.906217044560913
6286,6286,-0.5203709322710353
6287,6287,-0.7485606286557189
6288,6288,-0.5423022232727455
6289,6289,-0.36946211772877646
6290,6290,-0.93549025974899
6291,6291,-0.6238815952249244
6292,6292,-0.93549025974899
6293,6293,-0.7399695105124966
6294,6294,-0.780686512615377
6295,6295,-0.8351640287134803
6296,6296,-0.93549025974899
6297,6297,-0.5924872171965152
6298,6298,-0.93549025974899
6299,6299,-0.4967344113350869
6300,6300,-0.5053637209514967
6301,6301,-0.28762004296125276
6302,6302,-0.6211058975462755
6303,6303,-0.93549025974899
6304,6304,-0.783560861440737
6305,6305,-0.8584711186960625
6306,6306,-0.6133465670012939
6307,6307,-0.4481266650576856
6308,6308,-0.8345145633384909
6309,6309,-0.3266330454883253
6310,6310,-0.8770957010467875
6311,6311,-0.7891808507788767
6312,6312,-0.8974422115159246
6313,6313,-0.7565719640217399
6314,6314,-0.93549025974899
6315,6315,-0.9205562865936834
6316,6316,-0.93549025974899
6317,6317,-0.712698776804082
6318,6318,-0.901036322836692
6319,6319,-0.6213816249062667
6320,6320,-0.7323092280776411
6321,6321,-0.93549025974899
6322,6322,-0.8096072574126811
6323,6323,-0.5204499773036435
6324,6324,-0.6623883892868498
6325,6325,-0.49893312355092867
6326,6326,-0.5697934852974615
6327,6327,-0.347904873423035
6328,6328,-0.7233226222195714
6329,6329,-0.6049786758236042
6330,6330,-0.93549025974899
6331,6331,-0.93549025974899
6332,6332,-0.5062647018743167
6333,6333,-0.7381924949300362
6334,6334,-0.93549025974899
6335,6335,-0.3560237132320516
6336,6336,-0.5024990504920148
6337,6337,-0.7959501708095207
6338,6338,-0.3130667203300632
6339,6339,-0.4007440424761928
6340,6340,-0.8862867049097023
6341,6341,-0.8434540071936798
6342,6342,-0.8445186068670303
6343,6343,-0.4942353198044832
6344,6344,-0.9350053681326109
6345,6345,-0.5264542770933596
6346,6346,-0.8254050831466078
6347,6347,-0.1224923225157678
6348,6348,-0.93549025974899
6349,6349,-0.5113695153389983
6350,6350,-0.6995845010704773
6351,6351,-0.5925109777791739
6352,6352,-0.93549025974899
6353,6353,-0.702231521687029
6354,6354,-0.6808772263930383
6355,6355,-0.7682502395158544
6356,6356,-0.93549025974899
6357,6357,-0.580627488124108
6358,6358,-0.4897624233538025
6359,6359,-0.5745703819617383
6360,6360,-0.7269587167327529
6361,6361,-0.31561658263564496
6362,6362,-0.5781209102332276
6363,6363,-0.6742948436664964
6364,6364,-0.8173608596497122
6365,6365,-0.8855787860211173
6366,6366,-0.5647871699765705
6367,6367,-0.93549025974899
6368,6368,-0.6317028653477799
6369,6369,-0.93549025974899
6370,6370,-0.5042124751906187
6371,6371,-0.8035483190887707
6372,6372,-0.7402790866450495
6373,6373,-0.6972553434911255
6374,6374,-0.7659152714155155
6375,6375,-0.6117863834040467
6376,6376,-0.9332576239567292
6377,6377,-0.47273580662359826
6378,6378,-0.21622407340770922
6379,6379,-0.5450337771060298
6380,6380,-0.6704608521646271
6381,6381,-0.8775309348839233
6382,6382,-0.7346199061731387
6383,6383,-0.5135919327705918
6384,6384,-0.680618114292745
6385,6385,-0.6064506840590873
6386,6386,-0.9002143192464462
6387,6387,-0.873402521576395
6388,6388,-0.4953661680547087
6389,6389,-0.5352468447835896
6390,6390,-0.7859513384102179
6391,6391,-0.7339215579175153
6392,6392,-0.906603158889908
6393,6393,-0.4251058086777104
6394,6394,-0.93549025974899
6395,6395,-0.8251921819606469
6396,6396,-0.7794581865911177
6397,6397,-0.93549025974899
6398,6398,-0.93549025974899
6399,6399,-0.93549025974899
6400,6400,-0.7748584347774603
6401,6401,-0.5121626515905753
6402,6402,-0.17108590463125564
6403,6403,-0.93549025974899
6404,6404,-0.6080189955083597
6405,6405,-0.5765077374601248
6406,6406,-0.37723456215948836
6407,6407,-0.5627323606640235
6408,6408,-0.93549025974899
6409,6409,-0.93549025974899
6410,6410,-0.6828936735535223
6411,6411,-0.6764836584319802
6412,6412,-0.7841953151584171
6413,6413,-0.5901849012861504
6414,6414,-0.8745933030873694
6415,6415,-0.7391330276674513
6416,6416,-0.7340626172308227
6417,6417,-0.7358668315027472
6418,6418,-0.8380125860670251
6419,6419,-0.4612392763371673
6420,6420,-0.93549025974899
6421,6421,-0.5248496196756207
6422,6422,-0.3394747218615013
6423,6423,-0.8060713938461195
6424,6424,-0.6699263106509257
6425,6425,-0.7352531651655632
6426,6426,-0.7924603537005215
6427,6427,-0.6618956616467475
6428,6428,-0.6412521217555884
6429,6429,-0.93549025974899
6430,6430,-0.49233197136119466
6431,6431,-0.6862906875470234
6432,6432,-0.08309691563869359
6433,6433,-0.8763087360963073
6434,6434,-0.6322107652538875
6435,6435,-0.5630445188366626
6436,6436,-0.93549025974899
6437,6437,-0.5725583153380018
6438,6438,-0.5051448046901932
6439,6439,-0.6952396083756618
6440,6440,-0.8693432230959175
6441,6441,-0.7678476133510461
6442,6442,-0.93549025974899
6443,6443,-0.37446335873760894
6444,6444,-0.5020387659617449
6445,6445,-0.93549025974899
6446,6446,-0.93549025974899
6447,6447,-0.5546165490437311
6448,6448,-0.5938243892889705
6449,6449,-0.4032684136951321
6450,6450,-0.5840751920422012
6451,6451,-0.871587700693631
6452,6452,-0.8291320623164502
6453,6453,-0.7696480725011554
6454,6454,-0.6606214858076331
6455,6455,-0.7869120814770305
6456,6456,-0.93549025974899
6457,6457,-0.93549025974899
6458,6458,-0.5666466926039626
6459,6459,-0.93549025974899
6460,6460,-0.93549025974899
6461,6461,-0.7805492710239026
6462,6462,-0.25858636073367025
6463,6463,-0.8513172170934968
6464,6464,-0.93549025974899
6465,6465,-0.6747810304114967
6466,6466,-0.8603056056145579
6467,6467,-0.6971078112608797
6468,6468,-0.6308444247753986
6469,6469,-0.6534581094570804
6470,6470,-0.8537820044370736
6471,6471,-0.37301703689110655
6472,6472,-0.93549025974899
6473,6473,-0.8481238574980132
6474,6474,-0.93549025974899
6475,6475,-0.3032521959542649
6476,6476,-0.2894776607199905
6477,6477,-0.6505520563401923
6478,6478,-0.3873533449925226
6479,6479,-0.93549025974899
6480,6480,-0.764121728276125
6481,6481,-0.5967106888521858
6482,6482,-0.5075381937743817
6483,6483,-0.6753239439684311
6484,6484,-0.39879977524368826
6485,6485,-0.8322068087545702
6486,6486,-0.7552617194649045
6487,6487,-0.4915745903528316
6488,6488,-0.93549025974899
6489,6489,-0.7528076283628469
6490,6490,-0.726742767843449
6491,6491,-0.93549025974899
6492,6492,-0.5720554800653339
6493,6493,-0.7073802613013402
6494,6494,-0.9307206812865463
6495,6495,-0.8925132278981494
6496,6496,-0.6464219012647394
6497,6497,-0.44294391882797335
6498,6498,-0.6952950561045554
6499,6499,-0.2492873364157977
6500,6500,-0.8795586887613993
6501,6501,-0.882240913501505
6502,6502,-0.637990060125917
6503,6503,-0.7092860598002702
6504,6504,-0.5851873676351751
6505,6505,-0.9091511617814554
6506,6506,-0.5393782511015459
6507,6507,-0.5526389217726924
6508,6508,-0.6360948962035096
6509,6509,-0.19928271883470972
6510,6510,-0.7051630043570842
6511,6511,-0.9018859296939699
6512,6512,-0.93549025974899
6513,6513,-0.8144981896374226
6514,6514,-0.7831175172480247
6515,6515,-0.8390325755915686
6516,6516,-0.6740443238476121
6517,6517,-0.7919000811178769
6518,6518,-0.5918408987473534
6519,6519,-0.8358200494227574
6520,6520,-0.9005866210631019
6521,6521,-0.35297457737980587
6522,6522,-0.6701940276946807
6523,6523,-0.6598979755231316
6524,6524,-0.7129364626514167
6525,6525,-0.6977141743034352
6526,6526,-0.9002389851186496
6527,6527,-0.3716812889651244
6528,6528,-0.7878647906150071
6529,6529,-0.7506492172695634
6530,6530,-0.5870725753930675
6531,6531,-0.7339037554234995
6532,6532,-0.93549025974899
6533,6533,-0.5160238782669531
6534,6534,-0.7469336479649655
6535,6535,-0.48583597371410214
6536,6536,-0.31353519560537
6537,6537,-0.6736858496102407
6538,6538,-0.8290877649457844
6539,6539,-0.5489220587759043
6540,6540,-0.6371811939502141
6541,6541,-0.93549025974899
6542,6542,-0.93549025974899
6543,6543,-0.8449540681888905
6544,6544,-0.3284090457572475
6545,6545,-0.9193778943281679
6546,6546,-0.8654269347406274
6547,6547,-0.93549025974899
6548,6548,-0.8351026827194108
6549,6549,-0.6503135623946026
6550,6550,-0.93549025974899
6551,6551,-0.6119444752779248
6552,6552,-0.5966950083822216
6553,6553,-0.93549025974899
6554,6554,-0.7721191257018134
6555,6555,-0.5478525775785101
6556,6556,-0.6783657996525463
6557,6557,-0.8922200384724466
6558,6558,-0.7902909610386111
6559,6559,-0.5712239759411837
6560,6560,-0.93549025974899
6561,6561,-0.7905820924095455
6562,6562,-0.93549025974899
6563,6563,-0.5594775252131545
6564,6564,-0.695475337355056
6565,6565,-0.6836420712849076
6566,6566,-0.8235485141120211
6567,6567,-0.7313698458268494
6568,6568,-0.7807520373314123
6569,6569,-0.8568836010077963
6570,6570,-0.7863612659103527
6571,6571,-0.7656127342435362
6572,6572,-0.93549025974899
6573,6573,-0.4524051538012408
6574,6574,-0.4361389783503751
6575,6575,-0.93549025974899
6576,6576,-0.8412206157971571
6577,6577,-0.93549025974899
6578,6578,-0.8979555286034113
6579,6579,-0.8132811513753158
6580,6580,-0.93549025974899
6581,6581,-0.5337272321248978
6582,6582,-0.597810010857831
6583,6583,-0.6721523811135341
6584,6584,-0.832520905416807
6585,6585,-0.7245096756528859
6586,6586,-0.5810719947420062
6587,6587,-0.8356066978544234
6588,6588,-0.8112071241232162
6589,6589,-0.3416651296095736
6590,6590,-0.747877745658343
6591,6591,-0.6525245388867962
6592,6592,-0.93549025974899
6593,6593,-0.7823407453961284
6594,6594,-0.93549025974899
6595,6595,-0.9287018487354661
6596,6596,-0.6671353403232292
6597,6597,-0.7630296309370141
6598,6598,-0.8902384198575142
6599,6599,-0.8383099835609364
6600,6600,-0.93549025974899
6601,6601,-0.327910692780661
6602,6602,-0.5574763588257614
6603,6603,-0.93549025974899
6604,6604,-0.6872755897266565
6605,6605,-0.8285324185727632
6606,6606,-0.6986831917618819
6607,6607,-0.38411540838229463
6608,6608,-0.750617424890736
6609,6609,-0.5803830846560221
6610,6610,-0.670775599024255
6611,6611,-0.5630718658359513
6612,6612,-0.6077007984544824
6613,6613,-0.8932800120828439
6614,6614,-0.598850900425365
6615,6615,-0.93549025974899
6616,6616,-0.47209209339945213
6617,6617,-0.37366415126793173
6618,6618,-0.5194194220455195
6619,6619,-0.8745539571539247
6620,6620,-0.48027324328352183
6621,6621,-0.93549025974899
6622,6622,-0.8953793732883675
6623,6623,-0.93549025974899
6624,6624,-0.5934719733567491
6625,6625,-0.7045299004859817
6626,6626,-0.7466677554436689
6627,6627,-0.5962477709391756
6628,6628,-0.6366901903498281
6629,6629,-0.8201707636293953
6630,6630,-0.7090016741937752
6631,6631,-0.61060701348568
6632,6632,-0.25910162224261946
6633,6633,-0.8580901208943494
6634,6634,-0.6735753827809532
6635,6635,-0.5443119194577495
6636,6636,-0.28762013562422917
6637,6637,-0.24310018792494725
6638,6638,-0.422592468588995
6639,6639,-0.6658082018055769
6640,6640,-0.7338548153196474
6641,6641,-0.93549025974899
6642,6642,-0.6484653566054313
6643,6643,-0.7857896451461119
6644,6644,-0.4458466562718417
6645,6645,-0.93549025974899
6646,6646,-0.2104987484869114
6647,6647,-0.856761713117935
6648,6648,-0.7551199165574065
6649,6649,-0.7110069610686516
6650,6650,-0.5828455458055917
6651,6651,-0.8171644138040115
6652,6652,-0.7658338862346916
6653,6653,-0.8914941055890679
6654,6654,-0.93549025974899
6655,6655,-0.7269561768165307
6656,6656,-0.5931425592917439
6657,6657,-0.93549025974899
6658,6658,-0.93549025974899
6659,6659,-0.93549025974899
6660,6660,-0.7979783432288858
6661,6661,-0.7280866820770004
6662,6662,-0.5511386121870818
6663,6663,-0.662934141576546
6664,6664,-0.4937584130860295
6665,6665,-0.4580878575381906
6666,6666,-0.7614816583454687
6667,6667,-0.8635215925302191
6668,6668,-0.6037258028166583
6669,6669,-0.6734150872340656
6670,6670,-0.17734627045202878
6671,6671,-0.5701232220402024
6672,6672,-0.93549025974899
6673,6673,-0.9016295526354146
6674,6674,-0.93549025974899
6675,6675,-0.6359473231590584
6676,6676,-0.5081321342263223
6677,6677,-0.93549025974899
6678,6678,-0.93549025974899
6679,6679,-0.38521940767533813
6680,6680,-0.93549025974899
6681,6681,-0.8684980077975855
6682,6682,-0.728308971656876
6683,6683,-0.3197958308545119
6684,6684,-0.5774625006548071
6685,6685,-0.8289341137894901
6686,6686,-0.3105568322246519
6687,6687,-0.5230427356542169
6688,6688,-0.9139742615772377
6689,6689,-0.7624787332312355
6690,6690,-0.5962912296976217
6691,6691,-0.5780559502277516
6692,6692,-0.8600064331468094
6693,6693,-0.4489688483444998
6694,6694,-0.6961523919580728
6695,6695,-0.7407910691349304
6696,6696,-0.7027773401716377
6697,6697,-0.93549025974899
6698,6698,-0.5871660144055668
6699,6699,-0.9231724635479921
6700,6700,-0.93549025974899
6701,6701,-0.21295217585804282
6702,6702,-0.9024813534439549
6703,6703,-0.6089490899510199
6704,6704,-0.93549025974899
6705,6705,-0.20240388444877855
6706,6706,-0.8514421703229154
6707,6707,-0.6982249748274274
6708,6708,-0.6195030177762568
6709,6709,-0.4976118736026738
6710,6710,-0.6431249700207395
6711,6711,-0.529269271450918
6712,6712,-0.93549025974899
6713,6713,-0.5118104396834622
6714,6714,-0.9199380786874976
6715,6715,-0.5927734556589304
6716,6716,-0.7229539381047747
6717,6717,-0.7473363650180467
6718,6718,-0.3358037370537912
6719,6719,-0.93549025974899
6720,6720,-0.3341967813961819
6721,6721,-0.9255511884567795
6722,6722,-0.8056785342422508
6723,6723,-0.7871808685442012
6724,6724,-0.9092879085556582
6725,6725,-0.9007944307803104
6726,6726,-0.93549025974899
6727,6727,-0.7573922164740043
6728,6728,-0.7846264312867977
6729,6729,-0.4781757374563149
6730,6730,-0.5354918112299814
6731,6731,-0.622693147029354
6732,6732,-0.6841151279724222
6733,6733,-0.93549025974899
6734,6734,-0.7621359598011459
6735,6735,-0.7991595877583411
6736,6736,-0.5499496949229599
6737,6737,-0.3622674428112749
6738,6738,-0.6471070697174639
6739,6739,-0.93549025974899
6740,6740,-0.862686612263639
6741,6741,-0.7292090114391048
6742,6742,-0.6381092529761219
6743,6743,-0.3880351687326442
6744,6744,-0.9078709427369525
6745,6745,-0.6829724366163834
6746,6746,-0.4197554419136402
6747,6747,-0.7375648164305701
6748,6748,-0.93549025974899
6749,6749,-0.6292449164476341
6750,6750,-0.5099686077351979
6751,6751,-0.93549025974899
6752,6752,-0.7489403222130395
6753,6753,-0.93549025974899
6754,6754,-0.7523917939207738
6755,6755,-0.93549025974899
6756,6756,-0.4679158935801728
6757,6757,-0.6613972251031157
6758,6758,-0.7485782020586047
6759,6759,-0.6626525092947251
6760,6760,-0.93549025974899
6761,6761,-0.93549025974899
6762,6762,-0.93549025974899
6763,6763,-0.93549025974899
6764,6764,-0.2271004286710565
6765,6765,-0.5804611122614691
6766,6766,-0.8025026720173152
6767,6767,-0.93549025974899
6768,6768,-0.7363677979488195
6769,6769,-0.6621388957213696
6770,6770,-0.48168275036590913
6771,6771,-0.711575696247225
6772,6772,-0.5348127415987154
6773,6773,-0.93549025974899
6774,6774,-0.8468538743073175
6775,6775,-0.7809098903553409
6776,6776,-0.1144053853108895
6777,6777,-0.6931509747957509
6778,6778,-0.81963539559138
6779,6779,-0.602619078707054
6780,6780,-0.6759834220971754
6781,6781,-0.41869728291602293
6782,6782,-0.595985074790633
6783,6783,-0.6179563425633461
6784,6784,-0.6493016428451099
6785,6785,-0.557024816190026
6786,6786,-0.93549025974899
6787,6787,-0.6351858728776172
6788,6788,-0.8055376907380243
6789,6789,-0.8494386119293953
6790,6790,-0.93549025974899
6791,6791,-0.5889432966317898
6792,6792,-0.7602603209999916
6793,6793,-0.93549025974899
6794,6794,-0.6350631164427298
6795,6795,-0.8294254758531725
6796,6796,-0.6443399981964877
6797,6797,-0.93549025974899
6798,6798,-0.16134256058997565
6799,6799,-0.5016475493706665
6800,6800,-0.7026299436980299
6801,6801,-0.5912370130483513
6802,6802,-0.6798848978626673
6803,6803,-0.5407514583157713
6804,6804,-0.9005533252418108
6805,6805,-0.8186627502970953
6806,6806,-0.7441521791439563
6807,6807,-0.5780691454341937
6808,6808,-0.6633245541973771
6809,6809,-0.9337532608012147
6810,6810,-0.5950944332646788
6811,6811,-0.9210657325060723
6812,6812,-0.6385786289384487
6813,6813,-0.7531366161458255
6814,6814,-0.36488035266272556
6815,6815,-0.45526651476670743
6816,6816,-0.8236903744086455
6817,6817,-0.4440564367189541
6818,6818,-0.5712968569895427
6819,6819,-0.7623746495844621
6820,6820,-0.93549025974899
6821,6821,-0.8741607635616777
6822,6822,-0.34358483407790175
6823,6823,-0.7203689070333059
6824,6824,-0.8683703875453155
6825,6825,-0.5578477430658304
6826,6826,-0.44868753991136323
6827,6827,-0.9253037123405878
6828,6828,-0.93549025974899
6829,6829,-0.5948839882916168
6830,6830,-0.8557247090625886
6831,6831,-0.5484114533013784
6832,6832,-0.6297339735567267
6833,6833,-0.93549025974899
6834,6834,-0.5982911792135077
6835,6835,-0.93549025974899
6836,6836,-0.654809364508866
6837,6837,-0.7189666025539516
6838,6838,-0.93549025974899
6839,6839,-0.5705010237628394
6840,6840,-0.4068996519097343
6841,6841,-0.06570424685805112
6842,6842,-0.8786358162354482
6843,6843,-0.6834881549373382
6844,6844,-0.93549025974899
6845,6845,-0.46587696934653877
6846,6846,-0.8565412609835779
6847,6847,-0.6478814650636231
6848,6848,-0.93549025974899
6849,6849,-0.843491567985712
6850,6850,-0.9288007855113012
6851,6851,-0.36753943351171126
6852,6852,-0.65163043050498
6853,6853,-0.9100662955699637
6854,6854,-0.5819995153687731
6855,6855,-0.5624899287747898
6856,6856,-0.93549025974899
6857,6857,-0.6386960910844142
6858,6858,-0.8419353209232785
6859,6859,-0.7670728403855396
6860,6860,-0.93549025974899
6861,6861,-0.5747505555970385
6862,6862,-0.8440514190654547
6863,6863,-0.8471031834515266
6864,6864,-0.585793573846006
6865,6865,-0.58905007236446
6866,6866,-0.6084066120434262
6867,6867,-0.676553555991859
6868,6868,-0.93549025974899
6869,6869,-0.5581255852167306
6870,6870,-0.6724984684671682
6871,6871,-0.93549025974899
6872,6872,-0.6538310851620555
6873,6873,-0.5848904154620218
6874,6874,-0.44170349769780337
6875,6875,-0.5101522631866491
6876,6876,-0.6040109843675978
6877,6877,-0.5205429498698018
6878,6878,-0.8511221877832398
6879,6879,-0.5241052617789599
6880,6880,-0.4843637165202441
6881,6881,-0.4997746091904176
6882,6882,-0.8735822680570493
6883,6883,-0.93549025974899
6884,6884,-0.5761171291352163
6885,6885,-0.6170235673755542
6886,6886,-0.6679447566008623
6887,6887,-0.6409844950077161
6888,6888,-0.5928141433804299
6889,6889,-0.8169929496361021
6890,6890,-0.7093226534621682
6891,6891,-0.9324528846353317
6892,6892,-0.843599590132472
6893,6893,-0.5971814477187145
6894,6894,-0.93549025974899
6895,6895,-0.93549025974899
6896,6896,-0.5182250443016478
6897,6897,-0.49060275862767533
6898,6898,-0.5406693942558185
6899,6899,-0.6393144607038383
6900,6900,-0.5795087935415446
6901,6901,-0.44661864209800983
6902,6902,-0.93549025974899
6903,6903,-0.763314956060249
6904,6904,-0.93549025974899
6905,6905,-0.3919639138961273
6906,6906,-0.5979298837900622
6907,6907,-0.9033322013057887
6908,6908,-0.7281328365486051
6909,6909,-0.93549025974899
6910,6910,-0.70193858906784
6911,6911,-0.81846433694027
6912,6912,-0.93549025974899
6913,6913,-0.5543556901766014
6914,6914,-0.4497760638942765
6915,6915,-0.93549025974899
6916,6916,-0.8342108132815884
6917,6917,-0.9150925136915475
6918,6918,-0.7392958121236184
6919,6919,-0.6428618173327454
6920,6920,-0.6899704991062823
6921,6921,-0.6156718465204314
6922,6922,-0.3320327239907819
6923,6923,-0.4943751299352961
6924,6924,-0.8905854840174534
6925,6925,-0.2245187630950145
6926,6926,-0.93549025974899
6927,6927,-0.93549025974899
6928,6928,-0.93549025974899
6929,6929,-0.93549025974899
6930,6930,-0.802197570190275
6931,6931,-0.93549025974899
6932,6932,-0.7192210358276103
6933,6933,-0.2510645797019393
6934,6934,-0.4955768710317443
6935,6935,-0.5432061199881901
6936,6936,-0.5810943261473178
6937,6937,-0.6929615250555177
6938,6938,-0.8638485414432786
6939,6939,-0.40603374059728914
6940,6940,-0.615058560136962
6941,6941,-0.8643468380261741
6942,6942,-0.14314842008253115
6943,6943,-0.93549025974899
6944,6944,-0.7431435138080449
6945,6945,-0.8624656617278337
6946,6946,-0.7546929577779515
6947,6947,-0.3670751407923163
6948,6948,-0.4716132125541552
6949,6949,-0.7920942172605585
6950,6950,-0.93549025974899
6951,6951,-0.9193661987438908
6952,6952,-0.8303940301795709
6953,6953,-0.93549025974899
6954,6954,-0.5944678092388234
6955,6955,-0.614046989312742
6956,6956,-0.22146934572958665
6957,6957,-0.8538880116468892
6958,6958,-0.8725842890646209
6959,6959,-0.5368648494361583
6960,6960,-0.5537839686488315
6961,6961,-0.8474638776653372
6962,6962,-0.32329975430717584
6963,6963,-0.93549025974899
6964,6964,-0.93549025974899
6965,6965,-0.93549025974899
6966,6966,-0.8973492934097074
6967,6967,-0.8279892675077694
6968,6968,-0.7423382575219257
6969,6969,-0.5216467151579867
6970,6970,-0.93549025974899
6971,6971,-0.18175370616112518
6972,6972,-0.9020957061058841
6973,6973,-0.5675936659980327
6974,6974,-0.9252940549448887
6975,6975,-0.649758139716555
6976,6976,-0.5893110737961997
6977,6977,-0.93549025974899
6978,6978,-0.93549025974899
6979,6979,-0.8645056705734113
6980,6980,-0.8575178268787376
6981,6981,-0.93549025974899
6982,6982,-0.5672435164935496
6983,6983,-0.798984976821048
6984,6984,-0.8108813041603486
6985,6985,-0.93549025974899
6986,6986,-0.6559770445323512
6987,6987,-0.9312106999314587
6988,6988,-0.4826330397557417
6989,6989,-0.7750178506348337
6990,6990,-0.6517119319116951
6991,6991,-0.7196581505350608
6992,6992,-0.7948981259281584
6993,6993,-0.8307442265444127
6994,6994,-0.9342955349379753
6995,6995,-0.664954819352781
6996,6996,-0.8935848879104089
6997,6997,-0.8810706195471187
6998,6998,-0.93549025974899
6999,6999,-0.44195904474407044
7000,7000,-0.8999890466692229
7001,7001,-0.9138331465218528
7002,7002,-0.8796872438798804
7003,7003,-0.8563832136323288
7004,7004,-0.7637876359301323
7005,7005,-0.5120132551252006
7006,7006,-0.93549025974899
7007,7007,-0.8557197079053669
7008,7008,-0.93549025974899
7009,7009,-0.6085072576553419
7010,7010,-0.93549025974899
7011,7011,-0.10526558644962991
7012,7012,-0.4715493142459587
7013,7013,-0.93549025974899
7014,7014,-0.6987286965921733
7015,7015,-0.520215215959507
7016,7016,-0.8132284275113655
7017,7017,-0.7127103194743203
7018,7018,-0.8253917586870774
7019,7019,-0.7155342879891187
7020,7020,-0.5475627190100476
7021,7021,-0.802374959580975
7022,7022,-0.7300107824930482
7023,7023,-0.5991469367656919
7024,7024,-0.7279405208699021
7025,7025,-0.57118672861737
7026,7026,-0.8562247342638205
7027,7027,-0.93549025974899
7028,7028,-0.8131046589259885
7029,7029,-0.46500123627695134
7030,7030,-0.8030268350661576
7031,7031,-0.3531721015191387
7032,7032,-0.7392950626099992
7033,7033,-0.93549025974899
7034,7034,-0.93549025974899
7035,7035,-0.8024084627980734
7036,7036,-0.8198106086043708
7037,7037,-0.4615444151131176
7038,7038,-0.93549025974899
7039,7039,-0.8708969573253746
7040,7040,-0.93549025974899
7041,7041,-0.6334922836548049
7042,7042,-0.7452198597556574
7043,7043,-0.7244789737356889
7044,7044,-0.5643788343119227
7045,7045,-0.8613414940645843
7046,7046,-0.9138967960226587
7047,7047,-0.5606316810230574
7048,7048,-0.7182044775764247
7049,7049,-0.850197060134251
7050,7050,-0.6984570753039243
7051,7051,-0.8672551318728896
7052,7052,-0.5320021690439369
7053,7053,-0.7341055468243418
7054,7054,-0.93549025974899
7055,7055,-0.5501197917670475
7056,7056,-0.658017162482242
7057,7057,-0.93549025974899
7058,7058,-0.9146641911406963
7059,7059,-0.6322498481473193
7060,7060,-0.8108098312658729
7061,7061,-0.45949016533477405
7062,7062,-0.6126023135002701
7063,7063,-0.7108245173304386
7064,7064,-0.8475410508801406
7065,7065,-0.5952661397615788
7066,7066,-0.93549025974899
7067,7067,-0.6776350048654027
7068,7068,-0.7340319971941529
7069,7069,-0.5985363162970874
7070,7070,-0.8902107399352879
7071,7071,-0.6351920021921629
7072,7072,-0.6182486127122111
7073,7073,-0.9062381921918234
7074,7074,-0.5806219554447694
7075,7075,-0.8209589996625262
7076,7076,-0.5949296435831162
7077,7077,-0.49674062074283043
7078,7078,-0.93549025974899
7079,7079,-0.8493997123748223
7080,7080,-0.6757133437585772
7081,7081,-0.8051813877760541
7082,7082,-0.40825939032632874
7083,7083,-0.93549025974899
7084,7084,-0.93549025974899
7085,7085,-0.6401466126563538
7086,7086,-0.9047991518271559
7087,7087,-0.5798259250351556
7088,7088,-0.8036090094777428
7089,7089,-0.3970234085004418
7090,7090,-0.572516089953627
7091,7091,-0.9227894812980697
7092,7092,-0.4622718388601612
7093,7093,-0.6632209037398855
7094,7094,-0.93549025974899
7095,7095,-0.6384935132030911
7096,7096,-0.93549025974899
7097,7097,-0.93549025974899
7098,7098,-0.5962633480598942
7099,7099,-0.8894474814284088
7100,7100,-0.5024777032464716
7101,7101,-0.8771392763953276
7102,7102,-0.719087665401732
7103,7103,-0.8528180967441248
7104,7104,-0.4852297438115478
7105,7105,-0.6100720514718905
7106,7106,-0.8403528255062955
7107,7107,-0.6953507960171947
7108,7108,-0.65041795919492
7109,7109,-0.93549025974899
7110,7110,-0.7421297518084948
7111,7111,-0.5747571660467248
7112,7112,-0.7750726961098806
7113,7113,-0.93549025974899
7114,7114,-0.27136448406484215
7115,7115,-0.2932043741026735
7116,7116,-0.3619539769130822
7117,7117,-0.6274915707430626
7118,7118,-0.5335117756087655
7119,7119,-0.7106377995611357
7120,7120,-0.70072556133149
7121,7121,-0.6909296965032699
7122,7122,-0.7039034275179663
7123,7123,-0.28360318998162803
7124,7124,-0.9345436399670639
7125,7125,-0.3016354479898613
7126,7126,-0.6503494619828167
7127,7127,-0.93549025974899
7128,7128,-0.93549025974899
7129,7129,-0.93549025974899
7130,7130,-0.5748323224549634
7131,7131,-0.7512629141477536
7132,7132,-0.8619808983198602
7133,7133,-0.751476101584581
7134,7134,-0.7104503675023928
7135,7135,-0.93549025974899
7136,7136,-0.5657453423039716
7137,7137,-0.501024997294568
7138,7138,-0.6952913422458895
7139,7139,-0.750864467215397
7140,7140,-0.8708651808113999
7141,7141,-0.8957420705107086
7142,7142,-0.8049231076738241
7143,7143,-0.6086011139389758
7144,7144,-0.93549025974899
7145,7145,-0.93549025974899
7146,7146,-0.6851472049222185
7147,7147,-0.804398699782638
7148,7148,-0.5198867135621104
7149,7149,-0.6388653078962534
7150,7150,-0.5770673197479042
7151,7151,-0.3992154554247893
7152,7152,-0.93549025974899
7153,7153,-0.41891824690052104
7154,7154,-0.93549025974899
7155,7155,-0.7978946424288029
7156,7156,-0.879684044047341
7157,7157,-0.8304239019509811
7158,7158,-0.7034081551815916
7159,7159,-0.4782829744241016
7160,7160,-0.4832975801531081
7161,7161,-0.6214334481321533
7162,7162,-0.93549025974899
7163,7163,-0.8068900209778196
7164,7164,-0.24920614366671145
7165,7165,-0.4733502983975857
7166,7166,-0.93549025974899
7167,7167,-0.822227091701837
7168,7168,-0.3450238439938609
7169,7169,-0.7644243447014567
7170,7170,-0.7151310898854071
7171,7171,-0.411814345672207
7172,7172,-0.7971535370963512
7173,7173,-0.5720572872203213
7174,7174,-0.3735840637634755
7175,7175,-0.4928023612043262
7176,7176,-0.4838898325168661
7177,7177,-0.5096124906396207
7178,7178,-0.8455269875124607
7179,7179,-0.5511701528386959
7180,7180,-0.8824133576533786
7181,7181,-0.6827360143873467
7182,7182,-0.93549025974899
7183,7183,-0.6264350308684108
7184,7184,-0.5508414385414717
7185,7185,-0.4791898161703223
7186,7186,-0.5638567290883878
7187,7187,-0.93549025974899
7188,7188,-0.93549025974899
7189,7189,-0.93549025974899
7190,7190,-0.93549025974899
7191,7191,-0.93549025974899
7192,7192,-0.6988421317957094
7193,7193,-0.8079680025536735
7194,7194,-0.4566309886221962
7195,7195,-0.6570063501898638
7196,7196,-0.8342956050441792
7197,7197,-0.21930734157850296
7198,7198,-0.5763100071120455
7199,7199,-0.8386359094783309
7200,7200,-0.21947375791447854
7201,7201,-0.93549025974899
7202,7202,-0.5975391763624494
7203,7203,-0.8016611348549123
7204,7204,-0.637873836992533
7205,7205,-0.6219344509938267
7206,7206,-0.93549025974899
7207,7207,-0.93549025974899
7208,7208,-0.45087327080928574
7209,7209,-0.93549025974899
7210,7210,-0.93549025974899
7211,7211,-0.93549025974899
7212,7212,-0.6411560360419699
7213,7213,-0.93549025974899
7214,7214,-0.7582557894704127
7215,7215,-0.5675197917905295
7216,7216,-0.6227490245415375
7217,7217,-0.6613965896563858
7218,7218,-0.3629408294239056
7219,7219,-0.8870251448010507
7220,7220,-0.93549025974899
7221,7221,-0.93549025974899
7222,7222,-0.6191179459264422
7223,7223,-0.19436262481077415
7224,7224,-0.6601323263396814
7225,7225,-0.5297350166796613
7226,7226,-0.537378796840736
7227,7227,-0.9029476687011471
7228,7228,-0.7481571161430498
7229,7229,-0.4334072543306303
7230,7230,-0.5788350966662339
7231,7231,-0.8450383078768944
7232,7232,-0.6869963576481339
7233,7233,-0.93549025974899
7234,7234,-0.93549025974899
7235,7235,-0.93549025974899
7236,7236,-0.9154566629503371
7237,7237,-0.5975338167924136
7238,7238,-0.7078972260754757
7239,7239,-0.7674234485517406
7240,7240,-0.5076299322968509
7241,7241,-0.6462482291576865
7242,7242,-0.8067134924333352
7243,7243,-0.93549025974899
7244,7244,-0.6558403470522514
7245,7245,-0.5101408013683781
7246,7246,-0.787177172462755
7247,7247,-0.93549025974899
7248,7248,-0.8982385357169509
7249,7249,-0.7381972037011
7250,7250,-0.8792635093251029
7251,7251,-0.8459887640084673
7252,7252,-0.7272279256120218
7253,7253,-0.7846735224116674
7254,7254,-0.93549025974899
7255,7255,-0.93549025974899
7256,7256,-0.5582346442222903
7257,7257,-0.93549025974899
7258,7258,-0.805762098053151
7259,7259,-0.6986557545413863
7260,7260,-0.6036763625316599
7261,7261,-0.7713178444060436
7262,7262,-0.54729172736551
7263,7263,-0.6001737147722288
7264,7264,-0.4038145127353321
7265,7265,-0.43679998687477806
7266,7266,-0.93549025974899
7267,7267,-0.864896559504956
7268,7268,-0.3911706588995316
7269,7269,-0.5195965732779264
7270,7270,-0.618240744834532
7271,7271,-0.5041177472677703
7272,7272,-0.93549025974899
7273,7273,-0.27801684091077306
7274,7274,-0.8723755376085229
7275,7275,-0.93549025974899
7276,7276,-0.6981581591691839
7277,7277,-0.5660604747549218
7278,7278,-0.3948464876366309
7279,7279,-0.7375177067136249
7280,7280,-0.7463454475988058
7281,7281,-0.324479752467397
7282,7282,-0.6077538466417582
7283,7283,-0.5785141669289673
7284,7284,-0.885423513617086
7285,7285,-0.8103067732749025
7286,7286,-0.6786876857794955
7287,7287,-0.7883093092996525
7288,7288,-0.4944911443863057
7289,7289,-0.43710267231973354
7290,7290,-0.3175076842469853
7291,7291,-0.5877054938043358
7292,7292,-0.8445606835079378
7293,7293,-0.7620202757342671
7294,7294,-0.5625153521401196
7295,7295,-0.8135817954697107
7296,7296,-0.8487438826508154
7297,7297,-0.5880251945100796
7298,7298,-0.7611378562534856
7299,7299,-0.93549025974899
7300,7300,-0.7130889172987782
7301,7301,-0.5804059455797788
7302,7302,-0.6675807579248261
7303,7303,-0.7009267731075148
7304,7304,-0.9083939351655097
7305,7305,-0.93549025974899
7306,7306,-0.8719058680877545
7307,7307,-0.6621833193787143
7308,7308,-0.7300671791283868
7309,7309,-0.93549025974899
7310,7310,-0.6784303879613454
7311,7311,-0.8597966439002747
7312,7312,-0.62918247033328
7313,7313,-0.93549025974899
7314,7314,-0.6812414725165628
7315,7315,-0.6279817834802959
7316,7316,-0.8505915069862802
7317,7317,-0.6588254854842592
7318,7318,-0.93549025974899
7319,7319,-0.6036531562341807
7320,7320,-0.7563521798571315
7321,7321,-0.34017885342835896
7322,7322,-0.8125678019425955
7323,7323,-0.7056974415363904
7324,7324,-0.891457757533221
7325,7325,-0.93549025974899
7326,7326,-0.8511869067482678
7327,7327,-0.93549025974899
7328,7328,-0.7505574806073589
7329,7329,-0.7841654420900603
7330,7330,-0.5842951864561883
7331,7331,-0.3800307004902117
7332,7332,-0.6540845995854045
7333,7333,-0.9070558978888279
7334,7334,-0.5879662477886516
7335,7335,-0.6673616528143391
7336,7336,-0.8094588887562857
7337,7337,-0.8212588976293667
7338,7338,-0.6503795389140965
7339,7339,-0.7291737217366645
7340,7340,-0.6702850212912939
7341,7341,-0.93549025974899
7342,7342,-0.8559829299614741
7343,7343,-0.6130218712997149
7344,7344,-0.7215493641127502
7345,7345,-0.9107871855973304
7346,7346,-0.93549025974899
7347,7347,-0.5899292329303485
7348,7348,-0.49151591873154565
7349,7349,-0.4667857075333508
7350,7350,-0.26898081160918297
7351,7351,-0.7920127423818748
7352,7352,-0.8051243711098017
7353,7353,-0.7768702834183898
7354,7354,-0.9282623803040568
7355,7355,-0.36817115986353066
7356,7356,-0.7907713665495386
7357,7357,-0.5241674589267067
7358,7358,-0.93549025974899
7359,7359,-0.6948534646677054
7360,7360,-0.8895640337223689
7361,7361,-0.6597947698391025
7362,7362,-0.891793809967794
7363,7363,-0.41278952832620064
7364,7364,-0.7415925384762723
7365,7365,-0.6252314964062364
7366,7366,-0.5819764067487316
7367,7367,-0.5706220746921429
7368,7368,-0.8905807039183902
7369,7369,-0.5912212250570583
7370,7370,-0.4025833517070403
7371,7371,-0.5395260810056346
7372,7372,-0.5925760977031338
7373,7373,-0.5320539799949717
7374,7374,-0.6314577006851465
7375,7375,-0.6582334248152666
7376,7376,-0.93549025974899
7377,7377,-0.6980765538002363
7378,7378,-0.93549025974899
7379,7379,-0.93549025974899
7380,7380,-0.6270384182528677
7381,7381,-0.5944698356849649
7382,7382,-0.8654242691093259
7383,7383,-0.7538154630459282
7384,7384,-0.5533915017546978
7385,7385,-0.93549025974899
7386,7386,-0.4674801840233461
7387,7387,-0.8327974872391692
7388,7388,-0.7892334073056944
7389,7389,-0.7443817442132161
7390,7390,-0.93549025974899
7391,7391,-0.7444621274618886
7392,7392,-0.7251376189559622
7393,7393,-0.93549025974899
7394,7394,-0.419765802223937
7395,7395,-0.562237464010451
7396,7396,-0.7618775079815254
7397,7397,-0.7601196651134536
7398,7398,-0.8273798402929096
7399,7399,-0.8063622802856347
7400,7400,-0.46989812305776013
7401,7401,-0.46897995751597144
7402,7402,-0.6166687736015053
7403,7403,-0.7817289582713762
7404,7404,-0.93549025974899
7405,7405,-0.4006750077983874
7406,7406,-0.5161781615454277
7407,7407,-0.6396893300583351
7408,7408,-0.7164175826986696
7409,7409,-0.6020697530443844
7410,7410,-0.93549025974899
7411,7411,-0.8096150480028061
7412,7412,-0.5901368770159827
7413,7413,-0.7703812317291359
7414,7414,-0.9167697661850571
7415,7415,-0.37378762436120105
7416,7416,-0.6034758690886974
7417,7417,-0.784343678189801
7418,7418,-0.8190280066907452
7419,7419,-0.7311110062591712
7420,7420,-0.93549025974899
7421,7421,-0.5988012870490422
7422,7422,-0.9244410736802156
7423,7423,-0.5562836082826443
7424,7424,-0.535970883612956
7425,7425,-0.7611792747475921
7426,7426,-0.4140256192258277
7427,7427,-0.362489971403571
7428,7428,-0.5906312584871785
7429,7429,-0.6312817383755487
7430,7430,-0.6955785893766109
7431,7431,-0.6174912006727062
7432,7432,-0.36250848395278057
7433,7433,-0.6873855467813019
7434,7434,-0.7204441800959138
7435,7435,-0.8324542950812841
7436,7436,-0.8418256680173393
7437,7437,-0.93549025974899
7438,7438,-0.39062317904514465
7439,7439,-0.9282615902222222
7440,7440,-0.7162976918175481
7441,7441,-0.48390396883692866
7442,7442,-0.6595575245333851
7443,7443,-0.93549025974899
7444,7444,-0.49681732858899086
7445,7445,-0.5880831568221958
7446,7446,-0.93549025974899
7447,7447,-0.6494636312601649
7448,7448,-0.9263511985770041
7449,7449,-0.8021495776283878
7450,7450,-0.6267245448542855
7451,7451,-0.6292768653899294
7452,7452,-0.5872032769201816
7453,7453,-0.5202047663521072
7454,7454,-0.5320479223910191
7455,7455,-0.6918906803296387
7456,7456,-0.9102352730075047
7457,7457,-0.6263220523097335
7458,7458,-0.3832706984300618
7459,7459,-0.93549025974899
7460,7460,-0.6515674940019274
7461,7461,-0.4089185004950626
7462,7462,-0.93549025974899
7463,7463,-0.5866069601480195
7464,7464,-0.93549025974899
7465,7465,-0.93549025974899
7466,7466,-0.8656208333595039
7467,7467,-0.876277193749333
7468,7468,-0.48647709757757973
7469,7469,-0.627877166101829
7470,7470,-0.7456602720321559
7471,7471,-0.6035754116364167
7472,7472,-0.40448174922244107
7473,7473,-0.5378595057947919
7474,7474,-0.93549025974899
7475,7475,-0.93549025974899
7476,7476,-0.7797712028679662
7477,7477,-0.7323893630246676
7478,7478,-0.29153359772661425
7479,7479,-0.6081230039839092
7480,7480,-0.4806715094824714
7481,7481,-0.567922911861567
7482,7482,-0.6823093849080397
7483,7483,-0.3324632884737788
7484,7484,-0.5885590916862076
7485,7485,-0.5275931829113354
7486,7486,-0.647788027066655
7487,7487,-0.5804918084798807
7488,7488,-0.6335269377351711
7489,7489,-0.93549025974899
7490,7490,-0.8297942728067405
7491,7491,-0.7886483601457179
7492,7492,-0.6212770658414914
7493,7493,-0.18578178147562596
7494,7494,-0.6613871515031509
7495,7495,-0.8695353437547659
7496,7496,-0.7768629025716969
7497,7497,-0.7977311056282197
7498,7498,-0.93549025974899
7499,7499,-0.93549025974899
7500,7500,-0.7283824800650951
7501,7501,-0.7774471041383197
7502,7502,-0.4114196984455649
7503,7503,-0.93549025974899
7504,7504,-0.5091576662206254
7505,7505,-0.8308108429539107
7506,7506,-0.08137363435966494
7507,7507,-0.93549025974899
7508,7508,-0.43062445799879256
7509,7509,-0.7720573704192937
7510,7510,-0.5452952853812882
7511,7511,-0.48440897709032893
7512,7512,-0.5499706025033135
7513,7513,-0.758525194271904
7514,7514,-0.5857438780315878
7515,7515,-0.7765021085566559
7516,7516,-0.6007617937746677
7517,7517,-0.93549025974899
7518,7518,-0.46079607535433276
7519,7519,-0.4980418955495569
7520,7520,-0.93549025974899
7521,7521,-0.93549025974899
7522,7522,-0.6417202611146742
7523,7523,-0.5486439809151609
7524,7524,-0.7737849380384478
7525,7525,-0.8629364451957944
7526,7526,-0.31550088386350694
7527,7527,-0.5958628843247062
7528,7528,-0.751273484091417
7529,7529,-0.7792104210968365
7530,7530,-0.6142381293557975
7531,7531,-0.5934772987576551
7532,7532,-0.6687121791886828
7533,7533,-0.4062997842222007
7534,7534,-0.44350076828532714
7535,7535,-0.8490169884091756
7536,7536,-0.8932995239985111
7537,7537,-0.4932393706317306
7538,7538,-0.6443146434706879
7539,7539,-0.495218292187511
7540,7540,-0.93549025974899
7541,7541,-0.5335172827664842
7542,7542,-0.7483628985869348
7543,7543,-0.93549025974899
7544,7544,-0.93549025974899
7545,7545,-0.6228471431851634
7546,7546,-0.8009604648547697
7547,7547,-0.9174298240840475
7548,7548,-0.5589295049089742
7549,7549,-0.6964117310682383
7550,7550,-0.5915728220507965
7551,7551,-0.5921044360168484
7552,7552,-0.5029635981944272
7553,7553,-0.93549025974899
7554,7554,-0.93549025974899
7555,7555,-0.3986132935041784
7556,7556,-0.4798250835317379
7557,7557,-0.6730510209148424
7558,7558,-0.7949163588142518
7559,7559,-0.93549025974899
7560,7560,-0.7084672731202435
7561,7561,-0.7532016443846317
7562,7562,-0.5328977372286321
7563,7563,-0.5778774414741292
7564,7564,-0.8211767246601642
7565,7565,-0.5664067918572542
7566,7566,-0.7491463407376528
7567,7567,-0.93549025974899
7568,7568,-0.8457659045419224
7569,7569,-0.7785704730932697
7570,7570,-0.7051009630736083
7571,7571,-0.5772331293179835
7572,7572,-0.3334572355320393
7573,7573,-0.7566261341671794
7574,7574,-0.520237326980471
7575,7575,-0.8882730318087741
7576,7576,-0.616649339498256
7577,7577,-0.6096171712020695
7578,7578,-0.7190330530518612
7579,7579,-0.6860631434400819
7580,7580,-0.93549025974899
7581,7581,-0.4727376591698915
7582,7582,-0.6431313325436356
7583,7583,-0.6287089558194623
7584,7584,-0.93549025974899
7585,7585,-0.6853356697014181
7586,7586,-0.9187506334861162
7587,7587,-0.9333811846671836
7588,7588,-0.93549025974899
7589,7589,-0.5922701448393699
7590,7590,-0.4687943145286244
7591,7591,-0.8743835259025605
7592,7592,-0.8453863012295404
7593,7593,-0.7225564131072861
7594,7594,-0.13560829789581863
7595,7595,-0.2512733811816492
7596,7596,-0.6254841302788101
7597,7597,-0.93549025974899
7598,7598,-0.6273404533184124
7599,7599,-0.5065032207915032
7600,7600,-0.6020905261350507
7601,7601,-0.4050839336537777
7602,7602,-0.93549025974899
7603,7603,-0.5673761717917447
7604,7604,-0.5245215180699692
7605,7605,-0.39245189445175654
7606,7606,-0.6920609785625267
7607,7607,-0.407565490990736
7608,7608,-0.6387895637488619
7609,7609,-0.93549025974899
7610,7610,-0.5861303313719066
7611,7611,-0.3170587141572967
7612,7612,-0.7279905939127165
7613,7613,-0.6119717133504601
7614,7614,-0.8614545087360614
7615,7615,-0.1434445116982883
7616,7616,-0.7928193193084372
7617,7617,-0.5701379670488116
7618,7618,-0.6749498373322815
7619,7619,-0.32596749885454557
7620,7620,-0.5793024530038804
7621,7621,-0.7888552260405461
7622,7622,-0.6426306944702578
7623,7623,-0.7963124031687006
7624,7624,-0.93549025974899
7625,7625,-0.8196509420189706
7626,7626,-0.42139323733113976
7627,7627,-0.93549025974899
7628,7628,-0.93549025974899
7629,7629,-0.5140775588135917
7630,7630,-0.6974254030897704
7631,7631,-0.6861723454195676
7632,7632,-0.49596014183116843
7633,7633,-0.93549025974899
7634,7634,-0.7269198588895343
7635,7635,-0.9337550159513341
7636,7636,-0.8813906560062836
7637,7637,-0.93549025974899
7638,7638,-0.7962684313532158
7639,7639,-0.6671406616563793
7640,7640,-0.93549025974899
7641,7641,-0.42588286101039685
7642,7642,-0.6345322642094011
7643,7643,-0.8062067359461356
7644,7644,-0.7222090123362825
7645,7645,-0.5936107787213736
7646,7646,-0.8135414998993031
7647,7647,-0.93549025974899
7648,7648,-0.6197746564223117
7649,7649,-0.5264766601931403
7650,7650,-0.43503064354945487
7651,7651,-0.6983906328964231
7652,7652,-0.4697637251364767
7653,7653,-0.9121176022349466
7654,7654,-0.5578534741402259
7655,7655,-0.93549025974899
7656,7656,-0.29234973613313286
7657,7657,-0.8588776179566029
7658,7658,-0.93549025974899
7659,7659,-0.6059617405573636
7660,7660,-0.43369643224209087
7661,7661,-0.4908524100680669
7662,7662,-0.5508546779415102
7663,7663,-0.6762868844486949
7664,7664,-0.8909661316805071
7665,7665,-0.7819082662486956
7666,7666,-0.93549025974899
7667,7667,-0.5860173540305045
7668,7668,-0.7806086783674449
7669,7669,-0.6968373565885067
7670,7670,-0.8633213148222758
7671,7671,-0.4837187542936353
7672,7672,-0.5721025379670057
7673,7673,-0.93549025974899
7674,7674,-0.7196568526991189
7675,7675,-0.6349926287333734
7676,7676,-0.6306695632691177
7677,7677,-0.6147885930850592
7678,7678,-0.5403608348980118
7679,7679,-0.5020488910773597
7680,7680,-0.93549025974899
7681,7681,-0.8945429751182576
7682,7682,-0.6609376048284918
7683,7683,-0.8252368998973978
7684,7684,-0.93549025974899
7685,7685,-0.6183711046318479
7686,7686,-0.8747396331600203
7687,7687,-0.8071487827698451
7688,7688,-0.93549025974899
7689,7689,-0.4630814523756417
7690,7690,-0.6094323554572227
7691,7691,-0.4000514723482187
7692,7692,-0.6079133650356301
7693,7693,-0.8609850204746046
7694,7694,-0.6981631590471302
7695,7695,-0.7579603128491677
7696,7696,-0.5424601481141611
7697,7697,-0.7000724464227392
7698,7698,-0.8785278711796085
7699,7699,-0.12531532516943011
7700,7700,-0.6668103088840738
7701,7701,-0.6854836497285
7702,7702,-0.40172007342238425
7703,7703,-0.93549025974899
7704,7704,-0.9339741536661741
7705,7705,-0.93549025974899
7706,7706,-0.7776421395284547
7707,7707,-0.6727233436878954
7708,7708,-0.93549025974899
7709,7709,-0.5469610912406271
7710,7710,-0.7696797362888397
7711,7711,-0.93549025974899
7712,7712,-0.93549025974899
7713,7713,-0.42322843070525273
7714,7714,-0.4319231947294817
7715,7715,-0.8591016971927452
7716,7716,-0.6113707046128845
7717,7717,-0.45474108684331505
7718,7718,-0.8287885973260831
7719,7719,-0.93549025974899
7720,7720,-0.93549025974899
7721,7721,-0.93549025974899
7722,7722,-0.8879141519401408
7723,7723,-0.5059276295006132
7724,7724,-0.519126625267154
7725,7725,-0.93549025974899
7726,7726,-0.5537435792335956
7727,7727,-0.867404243455212
7728,7728,-0.8093514987796091
7729,7729,-0.22263156586344346
7730,7730,-0.5375779027283318
7731,7731,-0.5818488907906261
7732,7732,-0.9246094460125551
7733,7733,-0.5979339903874337
7734,7734,-0.6151444058322344
7735,7735,-0.9134837033027345
7736,7736,-0.5408883834242406
7737,7737,-0.35537202992117223
7738,7738,-0.93549025974899
7739,7739,-0.8869268832928903
7740,7740,-0.7768766439169159
7741,7741,-0.93549025974899
7742,7742,-0.8954057845944625
7743,7743,-0.6977059397648055
7744,7744,-0.5562398820271373
7745,7745,-0.93549025974899
7746,7746,-0.4842577442832212
7747,7747,-0.9187522220894131
7748,7748,-0.6729124202573633
7749,7749,-0.93549025974899
7750,7750,-0.7797896732476151
7751,7751,-0.800244685486593
7752,7752,-0.5324287278632167
7753,7753,-0.8244071384511429
7754,7754,-0.6921367406916676
7755,7755,-0.665063659778399
7756,7756,-0.6858700662202057
7757,7757,-0.93549025974899
7758,7758,-0.6111529101208397
7759,7759,-0.5977369248680908
7760,7760,-0.7681173298003277
7761,7761,-0.8693889627528169
7762,7762,-0.93549025974899
7763,7763,-0.26473384506921827
7764,7764,-0.8894098413151177
7765,7765,-0.5765995573320084
7766,7766,-0.7220424202951339
7767,7767,-0.47223058695593956
7768,7768,-0.7807060788045028
7769,7769,-0.7264977912571808
7770,7770,-0.93549025974899
7771,7771,-0.93549025974899
7772,7772,-0.532731010059365
7773,7773,-0.5036755286278449
7774,7774,-0.629628590373688
7775,7775,-0.5852291715928324
7776,7776,-0.8080459711527546
7777,7777,-0.8260357655377906
7778,7778,-0.3538153682530396
7779,7779,-0.6999583720599833
7780,7780,-0.93549025974899
7781,7781,-0.5833784668968782
7782,7782,-0.7327462283619255
7783,7783,-0.8646809255337651
7784,7784,-0.93549025974899
7785,7785,-0.28660925913949997
7786,7786,-0.9215649438436575
7787,7787,-0.8705556049952978
7788,7788,-0.8513501416400437
7789,7789,-0.7104205529397962
7790,7790,-0.93549025974899
7791,7791,-0.4241581189840531
7792,7792,-0.93549025974899
7793,7793,-0.5793478573411037
7794,7794,-0.8172036853262696
7795,7795,-0.7445408786220629
7796,7796,-0.8414646643211725
7797,7797,-0.40327027216675404
7798,7798,-0.93549025974899
7799,7799,-0.8022967103857628
7800,7800,-0.328082394497347
7801,7801,-0.93549025974899
7802,7802,-0.5932446726522791
7803,7803,-0.6655217614722133
7804,7804,-0.9180278811738454
7805,7805,-0.5443479426979079
7806,7806,-0.7855216043043391
7807,7807,-0.887617008139614
7808,7808,-0.7317406972828913
7809,7809,-0.7378825153860635
7810,7810,-0.18289291501164096
7811,7811,-0.4054839972028823
7812,7812,-0.6444906583910104
7813,7813,-0.6070980838463402
7814,7814,-0.93549025974899
7815,7815,-0.8198103093726061
7816,7816,-0.7173979186301569
7817,7817,-0.8387818483920739
7818,7818,-0.2527036238866567
7819,7819,-0.5262641904198411
7820,7820,-0.9198190340974737
7821,7821,-0.6167869798718062
7822,7822,-0.93549025974899
7823,7823,-0.6801128901546605
7824,7824,-0.8679815160891913
7825,7825,-0.7426501564007939
7826,7826,-0.5576073392498166
7827,7827,-0.5404965499208316
7828,7828,-0.6174517232246988
7829,7829,-0.2587964068498483
7830,7830,-0.6502665289028933
7831,7831,-0.20998589072225116
7832,7832,-0.6882915560925884
7833,7833,-0.5431876954895021
7834,7834,-0.7104703578018263
7835,7835,-0.608677781775615
7836,7836,-0.6215815043640376
7837,7837,-0.9304573269993046
7838,7838,-0.23319868589123338
7839,7839,-0.93549025974899
7840,7840,-0.9170594334683528
7841,7841,-0.15607759869264415
7842,7842,-0.9087685493630335
7843,7843,-0.9303651224358322
7844,7844,-0.8382005405721209
7845,7845,-0.93549025974899
7846,7846,-0.9073309502806399
7847,7847,-0.4861119526126939
7848,7848,-0.5603135876951861
7849,7849,-0.5681974949606072
7850,7850,-0.93549025974899
7851,7851,-0.93549025974899
7852,7852,-0.2943304174470871
7853,7853,-0.93549025974899
7854,7854,-0.7305107078462676
7855,7855,-0.6298189785874939
7856,7856,-0.7441913454236673
7857,7857,-0.7941919783999118
7858,7858,-0.8213505806996757
7859,7859,-0.93549025974899
7860,7860,-0.6014463079478283
7861,7861,-0.8096346922484976
7862,7862,-0.8542512721772813
7863,7863,-0.3941717459824634
7864,7864,-0.724701652448859
7865,7865,-0.6184660874086845
7866,7866,-0.7862078744858536
7867,7867,-0.5545036916497659
7868,7868,-0.93549025974899
7869,7869,-0.7792065833403861
7870,7870,-0.475326169520514
7871,7871,-0.93549025974899
7872,7872,-0.7825260029209069
7873,7873,-0.7578562898019303
7874,7874,-0.3495533538071687
7875,7875,-0.6277087816425571
7876,7876,-0.6125712051148504
7877,7877,-0.864434025169249
7878,7878,-0.5757620744029825
7879,7879,-0.4778252900991511
7880,7880,-0.5749456683584686
7881,7881,-0.93549025974899
7882,7882,-0.2891308740879772
7883,7883,-0.855076039617277
7884,7884,-0.5704586317728868
7885,7885,-0.93549025974899
7886,7886,-0.7721613986023002
7887,7887,-0.661358111112941
7888,7888,-0.6455902466609089
7889,7889,-0.93549025974899
7890,7890,-0.6697635549483625
7891,7891,-0.8208867739161363
7892,7892,-0.6875205006832221
7893,7893,-0.7016308940239515
7894,7894,-0.7832082013733999
7895,7895,-0.7401894996758518
7896,7896,-0.8183348340899901
7897,7897,-0.8806221863612294
7898,7898,-0.6995621755728507
7899,7899,-0.9022947032500515
7900,7900,-0.4558191186992002
7901,7901,-0.484955082586064
7902,7902,-0.879843345641449
7903,7903,-0.6001746172428515
7904,7904,-0.49782783367129646
7905,7905,-0.8547616478045938
7906,7906,-0.7113090951057082
7907,7907,-0.8258890459150283
7908,7908,-0.6883365749611361
7909,7909,-0.28287997541449705
7910,7910,-0.7671664437958317
7911,7911,-0.7768526525380715
7912,7912,-0.7895558478379883
7913,7913,-0.8701615526043724
7914,7914,-0.4364359516951244
7915,7915,-0.7251741575070447
7916,7916,-0.5845111671384107
7917,7917,-0.9283561741578072
7918,7918,-0.8625832215389995
7919,7919,-0.6740272102696565
7920,7920,-0.6331453868048644
7921,7921,-0.61556234654973
7922,7922,-0.6599608958428647
7923,7923,-0.9270143835667799
7924,7924,-0.7995725308342188
7925,7925,-0.5511537665511383
7926,7926,-0.47520710701522617
7927,7927,-0.4524574952516289
7928,7928,-0.25355691234979405
7929,7929,-0.6822908767220781
7930,7930,-0.93549025974899
7931,7931,-0.6806329821374977
7932,7932,-0.93549025974899
7933,7933,-0.7512630492769468
7934,7934,-0.4705863432431343
7935,7935,-0.878291069788208
7936,7936,-0.5783729875398524
7937,7937,-0.9028254567191496
7938,7938,-0.5038101133771598
7939,7939,-0.7169311038915716
7940,7940,-0.4806781888293816
7941,7941,-0.5230045046560736
7942,7942,-0.4034280210277785
7943,7943,-0.5795283143002283
7944,7944,-0.637742328995829
7945,7945,-0.4132928257751054
7946,7946,-0.6865388987913832
7947,7947,-0.93549025974899
7948,7948,-0.8272927559750265
7949,7949,-0.8381972077039741
7950,7950,-0.93549025974899
7951,7951,-0.8904086379540388
7952,7952,-0.8906542528262662
7953,7953,-0.6271562262277488
7954,7954,-0.633031913698904
7955,7955,-0.4796405717165908
7956,7956,-0.7974289337540927
7957,7957,-0.5925888997540145
7958,7958,-0.7599229861927643
7959,7959,-0.4836574319707694
7960,7960,-0.6508776643527927
7961,7961,-0.5072872075744872
7962,7962,-0.816007000501191
7963,7963,-0.93549025974899
7964,7964,-0.924711141984762
7965,7965,-0.7995017125403212
7966,7966,-0.6026039216974546
7967,7967,-0.7631918403652449
7968,7968,-0.5390807084902338
7969,7969,-0.7412776649120936
7970,7970,-0.8744849784464641
7971,7971,-0.5883399516368915
7972,7972,-0.5816103281798011
7973,7973,-0.6357493506564271
7974,7974,-0.6195279047839097
7975,7975,-0.93549025974899
7976,7976,-0.2378265686428911
7977,7977,-0.11786219857709712
7978,7978,-0.7765060301082087
7979,7979,-0.6694867661907509
7980,7980,-0.5790977910718187
7981,7981,-0.8332985963172632
7982,7982,-0.3644658270621992
7983,7983,-0.8880881948009733
7984,7984,-0.6782480192119102
7985,7985,-0.8859945950827797
7986,7986,-0.93549025974899
7987,7987,-0.3382956542855098
7988,7988,-0.7552831407370526
7989,7989,-0.7724220828462993
7990,7990,-0.93549025974899
7991,7991,-0.7930607877115747
7992,7992,-0.7876992115564079
7993,7993,-0.7880983544394216
7994,7994,-0.7549210167251665
7995,7995,-0.550535351655681
7996,7996,-0.8385320351809344
7997,7997,-0.7232852013432467
7998,7998,-0.6242063032870693
7999,7999,-0.7101606802648011
8000,8000,-0.93549025974899
8001,8001,-0.93549025974899
8002,8002,-0.8244552486328622
8003,8003,-0.708479524819996
8004,8004,-0.7170563384953841
8005,8005,-0.93549025974899
8006,8006,-0.8200093975750065
8007,8007,-0.5046544168251508
8008,8008,-0.93549025974899
8009,8009,-0.9197971498090283
8010,8010,-0.93549025974899
8011,8011,-0.93549025974899
8012,8012,-0.8803647708827231
8013,8013,-0.346165934596975
8014,8014,-0.6761227603124844
8015,8015,-0.6567706979629584
8016,8016,-0.7203634401031458
8017,8017,-0.2454560130624288
8018,8018,-0.4314222064076887
8019,8019,-0.4764613196597356
8020,8020,-0.8807011288601405
8021,8021,-0.7134750635555243
8022,8022,-0.6884881295116987
8023,8023,-0.5208704983629708
8024,8024,-0.417103685412923
8025,8025,-0.93549025974899
8026,8026,-0.49527547113366843
8027,8027,-0.6150891087068899
8028,8028,-0.43282963952678166
8029,8029,-0.8074854951991828
8030,8030,-0.772147678126494
8031,8031,-0.5745533839187722
8032,8032,-0.6475281792033059
8033,8033,-0.885517971268273
8034,8034,-0.48776960153123383
8035,8035,-0.762965258796303
8036,8036,-0.684597323562075
8037,8037,-0.8138317358339187
8038,8038,-0.9236556157503628
8039,8039,-0.6770157049090422
8040,8040,-0.93549025974899
8041,8041,-0.7144001092423427
8042,8042,-0.6529615423347526
8043,8043,-0.3588751229622802
8044,8044,-0.93549025974899
8045,8045,-0.4820167616494566
8046,8046,-0.5635412203070147
8047,8047,-0.854959754875745
8048,8048,-0.6958061403067859
8049,8049,-0.93549025974899
8050,8050,-0.93549025974899
8051,8051,-0.6886385318852497
8052,8052,-0.93549025974899
8053,8053,-0.8305830921729083
8054,8054,-0.1763402446549116
8055,8055,-0.8362524074121769
8056,8056,-0.8480104919412046
8057,8057,-0.42621622702088446
8058,8058,-0.93549025974899
8059,8059,-0.93549025974899
8060,8060,-0.5249135568736976
8061,8061,-0.8284231824965094
8062,8062,-0.2518120306955246
8063,8063,-0.8630274935432727
8064,8064,-0.6817746678142846
8065,8065,-0.93549025974899
8066,8066,-0.5972308655162468
8067,8067,-0.11545836690876554
8068,8068,-0.7003293161948001
8069,8069,-0.6591822111721175
8070,8070,-0.33017106568226673
8071,8071,-0.93549025974899
8072,8072,-0.93549025974899
8073,8073,-0.8173279570452099
8074,8074,-0.7014915082280062
8075,8075,-0.6561707140634354
8076,8076,-0.6228595709559457
8077,8077,-0.93549025974899
8078,8078,-0.4480291557863034
8079,8079,-0.5259691125900368
8080,8080,-0.9122348095579813
8081,8081,-0.6642093172291439
8082,8082,-0.7886327445712773
8083,8083,-0.93549025974899
8084,8084,-0.7173230691756949
8085,8085,-0.8335777677918834
8086,8086,-0.93549025974899
8087,8087,-0.49797726719610935
8088,8088,-0.5499415357483262
8089,8089,-0.8355680523842466
8090,8090,-0.6068950612882151
8091,8091,-0.93549025974899
8092,8092,-0.524864880909357
8093,8093,-0.6990209885395036
8094,8094,-0.6172281033985048
8095,8095,-0.5602321750998329
8096,8096,-0.7372508291709359
8097,8097,-0.4536153263939884
8098,8098,-0.93549025974899
8099,8099,-0.5480912635271835
8100,8100,-0.7158380813955958
8101,8101,-0.747968090842086
8102,8102,-0.7811432609816524
8103,8103,-0.767010838804163
8104,8104,-0.7231553860912232
8105,8105,-0.93549025974899
8106,8106,-0.8427209587356703
8107,8107,-0.93549025974899
8108,8108,-0.3061996757629708
8109,8109,-0.49747779062939834
8110,8110,-0.93549025974899
8111,8111,-0.8854208423678251
8112,8112,-0.5654229840761289
8113,8113,-0.5161548780788685
8114,8114,-0.555448436112167
8115,8115,-0.812985482319295
8116,8116,-0.690931031073605
8117,8117,-0.8252717345246996
8118,8118,-0.93549025974899
8119,8119,-0.93549025974899
8120,8120,-0.48403376229990336
8121,8121,-0.6842010631087945
8122,8122,-0.8027563284445893
8123,8123,-0.5937235586354248
8124,8124,-0.7661553240701995
8125,8125,-0.4659282572291428
8126,8126,-0.93549025974899
8127,8127,-0.2371294440739753
8128,8128,-0.7223996684117111
8129,8129,-0.8350292022172034
8130,8130,-0.8124810001929816
8131,8131,-0.6075733049325756
8132,8132,-0.93549025974899
8133,8133,-0.7910767741463705
8134,8134,-0.9141015511566799
8135,8135,-0.7201537375887757
8136,8136,-0.6461752027233647
8137,8137,-0.1623029625308039
8138,8138,-0.4688802615799563
8139,8139,-0.93549025974899
8140,8140,-0.7026749767679838
8141,8141,-0.8777729214572094
8142,8142,-0.6943449427829798
8143,8143,-0.8558022782553056
8144,8144,-0.7964410751348225
8145,8145,-0.6343354998386879
8146,8146,-0.45938173455622433
8147,8147,-0.8288883060222094
8148,8148,-0.3340068537146217
8149,8149,-0.8639067300361809
8150,8150,-0.6622531180315594
8151,8151,-0.93549025974899
8152,8152,-0.5740329495224703
8153,8153,-0.8827702175834773
8154,8154,-0.7951414730690036
8155,8155,-0.5934443225495336
8156,8156,-0.6649228122849564
8157,8157,-0.813409573822037
8158,8158,-0.48272035304764316
8159,8159,-0.8049703116148965
8160,8160,-0.3088922822636029
8161,8161,-0.6367865518804194
8162,8162,-0.8879495636877053
8163,8163,-0.852958871719034
8164,8164,-0.5062243734892782
8165,8165,-0.9210591388860951
8166,8166,-0.93549025974899
8167,8167,-0.5777412238354671
8168,8168,-0.93549025974899
8169,8169,-0.5097206560786862
8170,8170,-0.5226636980360446
8171,8171,-0.93549025974899
8172,8172,-0.711380461553972
8173,8173,-0.3689378918247943
8174,8174,-0.5714911236383191
8175,8175,-0.93549025974899
8176,8176,-0.93549025974899
8177,8177,-0.7072570909148812
8178,8178,-0.5365696314176849
8179,8179,-0.513843480659677
8180,8180,-0.93549025974899
8181,8181,-0.7282033271436905
8182,8182,-0.6124594962832361
8183,8183,-0.8029863007835392
8184,8184,-0.93549025974899
8185,8185,-0.6042269556873237
8186,8186,-0.4921363179198651
8187,8187,-0.7608911465110513
8188,8188,-0.7266636803098017
8189,8189,-0.820575467556214
8190,8190,-0.5813360013203983
8191,8191,-0.5805197099066053
8192,8192,-0.93549025974899
8193,8193,-0.4697850608718491
8194,8194,-0.609527929508296
8195,8195,-0.6531670366639322
8196,8196,-0.6973052666457722
8197,8197,-0.6962560066819723
8198,8198,-0.7076792403893837
8199,8199,-0.4533335549526534
8200,8200,-0.8436337978356097
8201,8201,-0.8928587955892233
8202,8202,-0.6106712038030526
8203,8203,-0.5842133627626329
8204,8204,-0.8916994850184246
8205,8205,-0.93549025974899
8206,8206,-0.93549025974899
8207,8207,-0.686627037847547
8208,8208,-0.93549025974899
8209,8209,-0.7304139028402723
8210,8210,-0.93549025974899
8211,8211,-0.5074958421426001
8212,8212,-0.3994557390278022
8213,8213,-0.8783370926377394
8214,8214,-0.6469770073186627
8215,8215,-0.932179569089957
8216,8216,-0.8993525827177997
8217,8217,-0.7198218387901711
8218,8218,-0.93549025974899
8219,8219,-0.7419234511182999
8220,8220,-0.719244525261022
8221,8221,-0.5062548587794868
8222,8222,-0.75694565887156
8223,8223,-0.6136409342634241
8224,8224,-0.922276902899501
8225,8225,-0.93549025974899
8226,8226,-0.9294696411187608
8227,8227,-0.8448500346950016
8228,8228,-0.93549025974899
8229,8229,-0.8490453841808847
8230,8230,-0.93549025974899
8231,8231,-0.37731657647349337
8232,8232,-0.6151965978103426
8233,8233,-0.49279359263870726
8234,8234,-0.93549025974899
8235,8235,-0.93549025974899
8236,8236,-0.8997321726855834
8237,8237,-0.93549025974899
8238,8238,-0.5839226765615777
8239,8239,-0.7581858280207179
8240,8240,-0.2378328542725754
8241,8241,-0.4830660371361333
8242,8242,-0.93549025974899
8243,8243,-0.6765634073283611
8244,8244,-0.26773059855569814
8245,8245,-0.8243227098603256
8246,8246,-0.93549025974899
8247,8247,-0.7175996234583639
8248,8248,-0.8455766520587567
8249,8249,-0.23083852335849997
8250,8250,-0.7905667786267987
8251,8251,-0.8635119658405941
8252,8252,-0.7354789508419532
8253,8253,-0.9148717538871995
8254,8254,-0.9273907780689559
8255,8255,-0.582043195207659
8256,8256,-0.93549025974899
8257,8257,-0.93549025974899
8258,8258,-0.6425443645338227
8259,8259,-0.47178625628269133
8260,8260,-0.6061960789531895
8261,8261,-0.7482179668115396
8262,8262,-0.8131927073519751
8263,8263,-0.93549025974899
8264,8264,-0.6132763843218303
8265,8265,-0.580033321006836
8266,8266,-0.6955347836958072
8267,8267,-0.66039537134845
8268,8268,-0.9056165072263003
8269,8269,-0.8137880452424273
8270,8270,-0.5135345372274891
8271,8271,-0.8232407526212917
8272,8272,-0.5391643739969965
8273,8273,-0.6684876318332478
8274,8274,-0.6377185214431371
8275,8275,-0.6183407131055105
8276,8276,-0.7856342365483346
8277,8277,-0.6252347512805159
8278,8278,-0.93549025974899
8279,8279,-0.6450308392677506
8280,8280,-0.5454471834404195
8281,8281,-0.590989031971461
8282,8282,-0.8778549006827241
8283,8283,-0.8061764379570935
8284,8284,-0.6154218169433339
8285,8285,-0.7540855874144317
8286,8286,-0.5511314693067995
8287,8287,-0.7957927706357442
8288,8288,-0.3928010056702096
8289,8289,-0.7296243375295042
8290,8290,-0.9160474167707324
8291,8291,-0.93549025974899
8292,8292,-0.6958002114295869
8293,8293,-0.5859700462412576
8294,8294,-0.5197036967119169
8295,8295,-0.6076740257423019
8296,8296,-0.8341577758749086
8297,8297,-0.5514626577237363
8298,8298,-0.5479444289814239
8299,8299,-0.5207807251769854
8300,8300,-0.3817370822265165
8301,8301,-0.5602010682101994
8302,8302,-0.4959729936895223
8303,8303,-0.8804446609889283
8304,8304,-0.8408744634301435
8305,8305,-0.6771621801186996
8306,8306,-0.6954041136056333
8307,8307,-0.589157069700109
8308,8308,-0.7334466397438639
8309,8309,-0.5643007848602455
8310,8310,-0.6706137502540805
8311,8311,-0.7377027874721769
8312,8312,-0.6404362183851227
8313,8313,-0.93549025974899
8314,8314,-0.93549025974899
8315,8315,-0.5618469163433493
8316,8316,-0.36018538600584726
8317,8317,-0.4463105304583337
8318,8318,-0.93549025974899
8319,8319,-0.7110169387873047
8320,8320,-0.93549025974899
8321,8321,-0.93549025974899
8322,8322,-0.7769480613211943
8323,8323,-0.7749557855925904
8324,8324,-0.3160191238073935
8325,8325,-0.5214723644339458
8326,8326,-0.7508479932000292
8327,8327,-0.8051303788178377
8328,8328,-0.4613397012058673
8329,8329,-0.7503501714872076
8330,8330,-0.47083110389157135
8331,8331,-0.6556207995550949
8332,8332,-0.6771899277397413
8333,8333,-0.2436199687285101
8334,8334,-0.93549025974899
8335,8335,-0.683915118210388
8336,8336,-0.7868445829546591
8337,8337,-0.6012349747908008
8338,8338,-0.7710472443599663
8339,8339,-0.5388332683496859
8340,8340,-0.7450438839839482
8341,8341,-0.6507163653764838
8342,8342,-0.5353281667677443
8343,8343,-0.5527043293010969
8344,8344,-0.6565230805516098
8345,8345,-0.93549025974899
8346,8346,-0.7398276785512792
8347,8347,-0.6723748248606398
8348,8348,-0.93549025974899
8349,8349,-0.8972820318534946
8350,8350,-0.5246314302214206
8351,8351,-0.5602388284038753
8352,8352,-0.93549025974899
8353,8353,-0.4590638024815519
8354,8354,-0.3385648617330119
8355,8355,-0.20177967815252806
8356,8356,-0.9056356302884581
8357,8357,-0.93549025974899
8358,8358,-0.93549025974899
8359,8359,-0.15448167589555029
8360,8360,-0.5021872507872747
8361,8361,-0.93549025974899
8362,8362,-0.6347082500720838
8363,8363,-0.39619941031929784
8364,8364,-0.6933143292832131
8365,8365,-0.5369720743363615
8366,8366,-0.93549025974899
8367,8367,-0.8843893696206102
8368,8368,-0.9069655898285021
8369,8369,-0.6568466236906634
8370,8370,-0.68610395576016
8371,8371,-0.826665227896374
8372,8372,-0.93549025974899
8373,8373,-0.8019904034093663
8374,8374,-0.93549025974899
8375,8375,-0.8304650750140627
8376,8376,-0.6815518645616478
8377,8377,-0.6993440977659766
8378,8378,-0.7281551347770865
8379,8379,-0.5904167788871875
8380,8380,-0.830900947751747
8381,8381,-0.3634034330361424
8382,8382,-0.5189492808876004
8383,8383,-0.5794320218699522
8384,8384,-0.44497035361249715
8385,8385,-0.6425554732069294
8386,8386,-0.5953708801264614
8387,8387,-0.30394447552158255
8388,8388,-0.840207861530148
8389,8389,-0.6531079565058917
8390,8390,-0.93549025974899
8391,8391,-0.5797997382928219
8392,8392,-0.6078930230497566
8393,8393,-0.5619174981469897
8394,8394,-0.7359149444215394
8395,8395,-0.93549025974899
8396,8396,-0.633658157783417
8397,8397,-0.924386964681192
8398,8398,-0.48349944625646124
8399,8399,-0.93549025974899
8400,8400,-0.8006368329337263
8401,8401,-0.6750463565639055
8402,8402,-0.93549025974899
8403,8403,-0.6456812247137922
8404,8404,-0.6124281425201197
8405,8405,-0.40636510773509293
8406,8406,-0.93549025974899
8407,8407,-0.6241152086310979
8408,8408,-0.3012144965123369
8409,8409,-0.32529120705197734
8410,8410,-0.7858577906013142
8411,8411,-0.7409599639776054
8412,8412,-0.7895320688458476
8413,8413,-0.93549025974899
8414,8414,-0.7966172392902138
8415,8415,-0.93549025974899
8416,8416,-0.6129728607478633
8417,8417,-0.49644418415693536
8418,8418,-0.6076673254148677
8419,8419,-0.7395717850742489
8420,8420,-0.93549025974899
8421,8421,-0.805558149538685
8422,8422,-0.581796761004032
8423,8423,-0.6644264820127876
8424,8424,-0.93549025974899
8425,8425,-0.79809457629508
8426,8426,-0.8839239855737109
8427,8427,-0.6233291940859775
8428,8428,-0.5951913843734591
8429,8429,-0.6473843100889738
8430,8430,-0.6345455062950194
8431,8431,-0.5200992815080241
8432,8432,-0.8800946998330552
8433,8433,-0.5623384534050491
8434,8434,-0.9109756868043917
8435,8435,-0.9181809584910674
8436,8436,-0.6722615717811085
8437,8437,-0.9271568428170056
8438,8438,-0.6338990669102316
8439,8439,-0.4547338732312056
8440,8440,-0.93549025974899
8441,8441,-0.6816867273216829
8442,8442,-0.7850930161960612
8443,8443,-0.6152254794134482
8444,8444,-0.5002182111489284
8445,8445,-0.916972023001053
8446,8446,-0.600095341562886
8447,8447,-0.9186314394487116
8448,8448,-0.7059318547986013
8449,8449,-0.7384186225723575
8450,8450,-0.8997060610393035
8451,8451,-0.5391127134462881
8452,8452,-0.7817793306817524
8453,8453,-0.7481543064025722
8454,8454,-0.93549025974899
8455,8455,-0.93549025974899
8456,8456,-0.663500105933986
8457,8457,-0.7187478517077839
8458,8458,-0.5963024174348863
8459,8459,-0.8179760292842904
8460,8460,-0.7562009359443245
8461,8461,-0.6099621617897899
8462,8462,-0.4712116376472313
8463,8463,-0.6221129621257155
8464,8464,-0.8419637393380484
8465,8465,-0.6416257044204503
8466,8466,-0.93549025974899
8467,8467,-0.6180133225579176
8468,8468,-0.433807336065684
8469,8469,-0.4898170507294495
8470,8470,-0.93549025974899
8471,8471,-0.8436388761175184
8472,8472,-0.4138581858084116
8473,8473,-0.27723800302971036
8474,8474,-0.93549025974899
8475,8475,-0.7390099836554231
8476,8476,-0.5512449879800627
8477,8477,-0.5790379578611216
8478,8478,-0.5093264232802608
8479,8479,-0.93549025974899
8480,8480,-0.5395147021809277
8481,8481,-0.6134519073311839
8482,8482,-0.6238926317156075
8483,8483,-0.9057760251921287
8484,8484,-0.7329642417794151
8485,8485,-0.885421333847626
8486,8486,-0.6977129687650194
8487,8487,-0.93549025974899
8488,8488,-0.7420256056596575
8489,8489,-0.40151122582899923
8490,8490,-0.93549025974899
8491,8491,-0.9354031129077001
8492,8492,-0.9311274856367735
8493,8493,-0.4953173349810839
8494,8494,-0.9340126292580706
8495,8495,-0.9034257190822395
8496,8496,-0.5448307860468606
8497,8497,-0.5444153267786778
8498,8498,-0.7098046114865788
8499,8499,-0.7127779299413266
8500,8500,-0.5379376960853688
8501,8501,-0.17059381590024636
8502,8502,-0.39941285958705386
8503,8503,-0.93549025974899
8504,8504,-0.7430121108692909
8505,8505,-0.886176320416526
8506,8506,-0.93549025974899
8507,8507,-0.6561907007554204
8508,8508,-0.80853756013828
8509,8509,-0.6098533306038441
8510,8510,-0.93549025974899
8511,8511,-0.93549025974899
8512,8512,-0.1855059881244121
8513,8513,-0.93549025974899
8514,8514,-0.8288428805232151
8515,8515,-0.6661384872190013
8516,8516,-0.7384790114184661
8517,8517,-0.7043250531155767
8518,8518,-0.61108920463953
8519,8519,-0.93549025974899
8520,8520,-0.6405949112772991
8521,8521,-0.4935453517242454
8522,8522,-0.7219150478398042
8523,8523,-0.5241632906402067
8524,8524,-0.7748204735196431
8525,8525,-0.8800789642231202
8526,8526,-0.93549025974899
8527,8527,-0.9294226291982444
8528,8528,-0.4366070037337355
8529,8529,-0.5087728496690862
8530,8530,-0.4998768077434992
8531,8531,-0.93549025974899
8532,8532,-0.6889384828617384
8533,8533,-0.7361449755780303
8534,8534,-0.8653544605991659
8535,8535,-0.93549025974899
8536,8536,-0.93549025974899
8537,8537,-0.816651050071842
8538,8538,-0.93549025974899
8539,8539,-0.7093923005308387
8540,8540,-0.5613342372333907
8541,8541,-0.93549025974899
8542,8542,-0.356323186649945
8543,8543,-0.93549025974899
8544,8544,-0.7334283652905018
8545,8545,-0.93549025974899
8546,8546,-0.737446106323846
8547,8547,-0.8027331266568183
8548,8548,-0.8353598356354954
8549,8549,-0.42680962026061486
8550,8550,-0.5867256019495315
8551,8551,-0.6832764872046404
8552,8552,-0.7291562795462099
8553,8553,-0.6832363736032683
8554,8554,-0.817898293927124
8555,8555,-0.7232423380918025
8556,8556,-0.9101146314017754
8557,8557,-0.46616760043653693
8558,8558,-0.93549025974899
8559,8559,-0.93549025974899
8560,8560,-0.6159946978386177
8561,8561,-0.7782281345123199
8562,8562,-0.93549025974899
8563,8563,-0.6795457705281596
8564,8564,-0.39704775602036335
8565,8565,-0.6801438401326187
8566,8566,-0.93549025974899
8567,8567,-0.8424825316866649
8568,8568,-0.93549025974899
8569,8569,-0.7519260623032142
8570,8570,-0.5231685776786392
8571,8571,-0.8613316325601819
8572,8572,-0.9202781682507624
8573,8573,-0.93549025974899
8574,8574,-0.6604441302840804
8575,8575,-0.7017416027597143
8576,8576,-0.601290777543598
8577,8577,-0.29272927026688933
8578,8578,-0.6720970995464075
8579,8579,-0.8626903229720995
8580,8580,-0.7493907225115368
8581,8581,-0.6440917066973828
8582,8582,-0.7833647144161393
8583,8583,-0.8229554352269464
8584,8584,-0.8365560894455104
8585,8585,-0.7254603585849342
8586,8586,-0.6130135894101887
8587,8587,-0.5726105108157022
8588,8588,-0.7546601494408325
8589,8589,-0.8552211700817782
8590,8590,-0.8516070234440196
8591,8591,-0.6242365397660343
8592,8592,-0.49443475535762194
8593,8593,-0.7237145866355839
8594,8594,-0.7979997709572935
8595,8595,-0.8792045886430788
8596,8596,-0.93549025974899
8597,8597,-0.93549025974899
8598,8598,-0.6045778825235733
8599,8599,-0.8743849199929787
8600,8600,-0.93549025974899
8601,8601,-0.9293944720380996
8602,8602,-0.6472367534266557
8603,8603,-0.8818310297268717
8604,8604,-0.5976282026787842
8605,8605,-0.6538492921337937
8606,8606,-0.30802575131193777
8607,8607,-0.9333605693605751
8608,8608,-0.5247983286313502
8609,8609,-0.9077101475959797
8610,8610,-0.93549025974899
8611,8611,-0.5706607419247636
8612,8612,-0.7156190203478321
8613,8613,-0.5002268400744825
8614,8614,-0.9243931637316383
8615,8615,-0.5811695510056336
8616,8616,-0.46597037374099387
8617,8617,-0.4426237859727835
8618,8618,-0.5169005159424422
8619,8619,-0.7306982962160937
8620,8620,-0.93549025974899
8621,8621,-0.93549025974899
8622,8622,-0.8639046024076187
8623,8623,-0.21656897846919243
8624,8624,-0.8479953256862593
8625,8625,-0.7190398660046871
8626,8626,-0.6460814332851204
8627,8627,-0.47055459357979723
8628,8628,-0.93549025974899
8629,8629,-0.8476164310891807
8630,8630,-0.93549025974899
8631,8631,-0.93549025974899
8632,8632,-0.4856894486198109
8633,8633,-0.908189010765442
8634,8634,-0.93549025974899
8635,8635,-0.6043377416581723
8636,8636,-0.46641593023169614
8637,8637,-0.6197964212863418
8638,8638,-0.6989421717010558
8639,8639,-0.8941427795004131
8640,8640,-0.8251537796196828
8641,8641,-0.7889138382237224
8642,8642,-0.5437236504833027
8643,8643,-0.6188106860246059
8644,8644,-0.6150542929301128
8645,8645,-0.9067228380956749
8646,8646,-0.437441981465172
8647,8647,-0.7308011422598817
8648,8648,-0.8948240398960827
8649,8649,-0.751306427400424
8650,8650,-0.8902671630914938
8651,8651,-0.93549025974899
8652,8652,-0.8956320820820114
8653,8653,-0.6411863809290868
8654,8654,-0.6116070055877714
8655,8655,-0.6058700004027333
8656,8656,-0.6915487949947874
8657,8657,-0.5562824482268329
8658,8658,-0.7219819090979218
8659,8659,-0.8915251027605997
8660,8660,-0.5148914317803879
8661,8661,-0.7307716316489667
8662,8662,-0.5800364702159744
8663,8663,-0.544965213018461
8664,8664,-0.93549025974899
8665,8665,-0.8926078299061899
8666,8666,-0.734742834585278
8667,8667,-0.6999818979446193
8668,8668,-0.6636530070648305
8669,8669,-0.5295458717656221
8670,8670,-0.5477076877118137
8671,8671,-0.93549025974899
8672,8672,-0.45013843557610267
8673,8673,-0.5897814081222053
8674,8674,-0.7143513929261509
8675,8675,-0.7291053499876288
8676,8676,-0.6858741169868381
8677,8677,-0.93549025974899
8678,8678,-0.6074962008376819
8679,8679,-0.8436162313888964
8680,8680,-0.6403512805162439
8681,8681,-0.6610701345473444
8682,8682,-0.6404179678601629
8683,8683,-0.53962659997514
8684,8684,-0.33690491847181114
8685,8685,-0.7784416315978611
8686,8686,-0.93549025974899
8687,8687,-0.5914683045115545
8688,8688,-0.93549025974899
8689,8689,-0.802206900485567
8690,8690,-0.6373290650345531
8691,8691,-0.93549025974899
8692,8692,-0.19663546081372596
8693,8693,-0.9062438297949047
8694,8694,-0.6704571129703414
8695,8695,-0.93549025974899
8696,8696,-0.3809245098209093
8697,8697,-0.6841074465163377
8698,8698,-0.7594256605231298
8699,8699,-0.6551804873655431
8700,8700,-0.6542679296464033
8701,8701,-0.7438522749668444
8702,8702,-0.6078708375811477
8703,8703,-0.12120718178760329
8704,8704,-0.6343485199492367
8705,8705,-0.7930022998376991
8706,8706,-0.5883614314473711
8707,8707,-0.5041358972208627
8708,8708,-0.5909621009177393
8709,8709,-0.41744144134740857
8710,8710,-0.93549025974899
8711,8711,-0.8343960978361409
8712,8712,-0.6131330967663828
8713,8713,-0.93549025974899
8714,8714,-0.93549025974899
8715,8715,-0.6236657726763983
8716,8716,-0.7337067366567318
8717,8717,-0.8075227014185238
8718,8718,-0.8234098192107986
8719,8719,-0.5407814503739594
8720,8720,-0.6576841584419544
8721,8721,-0.7204363227712083
8722,8722,-0.7448491157984467
8723,8723,-0.93549025974899
8724,8724,-0.7718727781296142
8725,8725,-0.6714052827813806
8726,8726,-0.40261640448599145
8727,8727,-0.7968360099467766
8728,8728,-0.5609956868185919
8729,8729,-0.6019033447405153
8730,8730,-0.16100981354551724
8731,8731,-0.5250968970876002
8732,8732,-0.9035820504688719
8733,8733,-0.7104020228903298
8734,8734,-0.7494191347821246
8735,8735,-0.93549025974899
8736,8736,-0.49229782868372673
8737,8737,-0.5184290405865668
8738,8738,-0.93549025974899
8739,8739,-0.8760334790689974
8740,8740,-0.7099102076972841
8741,8741,-0.6330231263248152
8742,8742,-0.93549025974899
8743,8743,-0.5659480364860663
8744,8744,-0.5913974819656307
8745,8745,-0.5685447728648008
8746,8746,-0.6641349959248863
8747,8747,-0.6407229259645
8748,8748,-0.40422832068476255
8749,8749,-0.24157803463404015
8750,8750,-0.6070565314467036
8751,8751,-0.19085208608028426
8752,8752,-0.7287311531504805
8753,8753,-0.47346024115883134
8754,8754,-0.8240719021234373
8755,8755,-0.44790187612679944
8756,8756,-0.9345101986337188
8757,8757,-0.8717937657068617
8758,8758,-0.6652027454249811
8759,8759,-0.7588274353258431
8760,8760,-0.4904942744792309
8761,8761,-0.8671658286926576
8762,8762,-0.9296686501835509
8763,8763,-0.5275617181674797
8764,8764,-0.8068828396479155
8765,8765,-0.6270576621384638
8766,8766,-0.7580271046924612
8767,8767,-0.6236859272036401
8768,8768,-0.6711167934749831
8769,8769,-0.5243406671301489
8770,8770,-0.93549025974899
8771,8771,-0.9101218685746666
8772,8772,-0.624021255821491
8773,8773,-0.93549025974899
8774,8774,-0.6499939227202507
8775,8775,-0.6894890050988955
8776,8776,-0.6394178000053774
8777,8777,-0.6376264783902617
8778,8778,-0.3659615226962849
8779,8779,-0.49505856627673417
8780,8780,-0.8456036737876005
8781,8781,-0.43764109951395547
8782,8782,-0.5427968684837361
8783,8783,-0.93549025974899
8784,8784,-0.7380053515163816
8785,8785,-0.93549025974899
8786,8786,-0.7213364703304226
8787,8787,-0.24315957665705357
8788,8788,-0.7215005458317165
8789,8789,-0.6966363924275427
8790,8790,-0.6169354351370249
8791,8791,-0.580795179108391
8792,8792,-0.5556511486127569
8793,8793,-0.5395509603696169
8794,8794,-0.6329565857565402
8795,8795,-0.7200133604685224
8796,8796,-0.6887302861898839
8797,8797,-0.6771660493967335
8798,8798,-0.93549025974899
8799,8799,-0.93549025974899
8800,8800,-0.93549025974899
8801,8801,-0.6934546792292231
8802,8802,-0.6326880034349109
8803,8803,-0.661780874042126
8804,8804,-0.6752392292328313
8805,8805,-0.41700444461742237
8806,8806,-0.7845636683680368
8807,8807,-0.6336256958925368
8808,8808,-0.500291862368627
8809,8809,-0.42687683378748176
8810,8810,-0.5310542626316739
8811,8811,-0.7081042756956624
8812,8812,-0.3995613809164671
8813,8813,-0.3127616679695393
8814,8814,-0.4634225434208208
8815,8815,-0.5529988207667889
8816,8816,-0.3579174433508041
8817,8817,-0.7453980176584185
8818,8818,-0.5202485394021861
8819,8819,-0.44524990337557036
8820,8820,-0.93549025974899
8821,8821,-0.93549025974899
8822,8822,-0.8978044074889979
8823,8823,-0.6451905530415747
8824,8824,-0.677093263194628
8825,8825,-0.7115025852648706
8826,8826,-0.6254713739172804
8827,8827,-0.93549025974899
8828,8828,-0.7344761524481829
8829,8829,-0.93549025974899
8830,8830,-0.8036043212631405
8831,8831,-0.2496020084634445
8832,8832,-0.5644915716257604
8833,8833,-0.93549025974899
8834,8834,-0.412678444577141
8835,8835,-0.879355498236805
8836,8836,-0.6683481643542155
8837,8837,-0.6824917511472961
8838,8838,-0.8841667786841914
8839,8839,-0.9061295617186875
8840,8840,-0.8586079504136848
8841,8841,-0.49407283585787987
8842,8842,-0.6407747656656717
8843,8843,-0.7781201386500136
8844,8844,-0.706684738724892
8845,8845,-0.93549025974899
8846,8846,-0.5583890265857807
8847,8847,-0.8714234102551774
8848,8848,-0.5685603853335497
8849,8849,-0.93549025974899
8850,8850,-0.6236054633120602
8851,8851,-0.6379088576615004
8852,8852,-0.93549025974899
8853,8853,-0.7260376319707298
8854,8854,-0.7261947869129148
8855,8855,-0.8870766560823995
8856,8856,-0.5426915152183831
8857,8857,-0.6716721310679308
8858,8858,-0.93549025974899
8859,8859,-0.525049748908609
8860,8860,-0.7043343175340091
8861,8861,-0.7841100284046778
8862,8862,-0.93549025974899
8863,8863,-0.4900868627753887
8864,8864,-0.47568998075432667
8865,8865,-0.6250570431154419
8866,8866,-0.8155188609047404
8867,8867,-0.5222900165572231
8868,8868,-0.6343722312227307
8869,8869,-0.9231532222731307
8870,8870,-0.7774286171453202
8871,8871,-0.276824834053798
8872,8872,-0.4219269112582431
8873,8873,-0.6229165911938868
8874,8874,-0.93549025974899
8875,8875,-0.93549025974899
8876,8876,-0.6825592687101381
8877,8877,-0.47736456880069733
8878,8878,-0.6754613379150278
8879,8879,-0.93549025974899
8880,8880,-0.8246527512662354
8881,8881,-0.9039577391338529
8882,8882,-0.6955965498556527
8883,8883,-0.93549025974899
8884,8884,-0.7946951146933827
8885,8885,-0.554700767599531
8886,8886,-0.7625232824878925
8887,8887,-0.93549025974899
8888,8888,-0.6977783294689743
8889,8889,-0.8111068308122515
8890,8890,-0.5651049233818473
8891,8891,-0.32872267435801206
8892,8892,-0.39682976660484215
8893,8893,-0.5632278379322231
8894,8894,-0.5999221465996545
8895,8895,-0.27810464095258647
8896,8896,-0.475281508117246
8897,8897,-0.6334006617482419
8898,8898,-0.93549025974899
8899,8899,-0.93549025974899
8900,8900,-0.5329039979010766
8901,8901,-0.7593610235565684
8902,8902,-0.93549025974899
8903,8903,-0.8945609308119362
8904,8904,-0.7444632053758387
8905,8905,-0.669786882272172
8906,8906,-0.6052415080577944
8907,8907,-0.7645460726029576
8908,8908,-0.7439818563970579
8909,8909,-0.5685353000450886
8910,8910,-0.8004807169627473
8911,8911,-0.42861776350702385
8912,8912,-0.93549025974899
8913,8913,-0.2896706918507519
8914,8914,-0.9258732208465581
8915,8915,-0.8220216219672238
8916,8916,-0.93549025974899
8917,8917,-0.93549025974899
8918,8918,-0.93549025974899
8919,8919,-0.48252105298418
8920,8920,-0.29511965778908156
8921,8921,-0.8823546630392674
8922,8922,-0.6180837313756058
8923,8923,-0.7941795144035275
8924,8924,-0.4732354908060916
8925,8925,-0.36560649306376725
8926,8926,-0.9170447195584064
8927,8927,-0.9315600855899397
8928,8928,-0.8139580162794307
8929,8929,-0.8227211005913411
8930,8930,-0.93549025974899
8931,8931,-0.8186373015081063
8932,8932,-0.6232253945027324
8933,8933,-0.7326414655165401
8934,8934,-0.5459801656688548
8935,8935,-0.9070984184880775
8936,8936,-0.5575515678105778
8937,8937,-0.93549025974899
8938,8938,-0.7743052278570861
8939,8939,-0.93549025974899
8940,8940,-0.8287443541328674
8941,8941,-0.6125946606181802
8942,8942,-0.813215706800964
8943,8943,-0.5746845372721854
8944,8944,-0.6038879248463846
8945,8945,-0.24557208485384985
8946,8946,-0.8596934640934322
8947,8947,-0.8103381388954407
8948,8948,-0.93549025974899
8949,8949,-0.7043425115473045
8950,8950,-0.6125063500445584
8951,8951,-0.6643451135525869
8952,8952,-0.93549025974899
8953,8953,-0.6896646681975547
8954,8954,-0.93549025974899
8955,8955,-0.93549025974899
8956,8956,-0.7945870839702742
8957,8957,-0.8395722785855924
8958,8958,-0.7466674893045155
8959,8959,-0.19728991525100215
8960,8960,-0.7977455054141558
8961,8961,-0.9216027909346742
8962,8962,-0.93549025974899
8963,8963,-0.7544078224672024
8964,8964,-0.4353453417987385
8965,8965,-0.9072070632956173
8966,8966,-0.7367764610446557
8967,8967,-0.93549025974899
8968,8968,-0.17272095994987424
8969,8969,-0.6215924086803923
8970,8970,-0.6087498507700051
8971,8971,-0.7430977241466099
8972,8972,-0.6352309166609196
8973,8973,-0.6244056621511653
8974,8974,-0.93549025974899
8975,8975,-0.8886684636588917
8976,8976,-0.5589909149900496
8977,8977,-0.3510266983880861
8978,8978,-0.5108125582217884
8979,8979,-0.8068160803190985
8980,8980,-0.93549025974899
8981,8981,-0.93549025974899
8982,8982,-0.93549025974899
8983,8983,-0.793265199760441
8984,8984,-0.8616614947279686
8985,8985,-0.7106326411706565
8986,8986,-0.9337325007048527
8987,8987,-0.5830169102679186
8988,8988,-0.93549025974899
8989,8989,-0.8091434037258445
8990,8990,-0.7540167884961537
8991,8991,-0.7084753224888267
8992,8992,-0.9348589029551206
8993,8993,-0.5609574357319169
8994,8994,-0.5928138241103653
8995,8995,-0.93549025974899
8996,8996,-0.3237161140962179
8997,8997,-0.6816001634643118
8998,8998,-0.93549025974899
8999,8999,-0.8097552292844501
9000,9000,-0.6650050663606812
9001,9001,-0.7326314389611959
9002,9002,-0.6449549518198872
9003,9003,-0.6955994340194724
9004,9004,-0.93549025974899
9005,9005,-0.93549025974899
9006,9006,-0.8394146681192929
9007,9007,-0.7483605455537603
9008,9008,-0.8861223128719082
9009,9009,-0.93549025974899
9010,9010,-0.93549025974899
9011,9011,-0.5353413480692937
9012,9012,-0.8358423963517261
9013,9013,-0.93549025974899
9014,9014,-0.871701265215238
9015,9015,-0.734038650345429
9016,9016,-0.6994921213929519
9017,9017,-0.6091478796918643
9018,9018,-0.5134255889362809
9019,9019,-0.6548793825245358
9020,9020,-0.7160704378616902
9021,9021,-0.93549025974899
9022,9022,-0.27524794568650757
9023,9023,-0.5917798982074665
9024,9024,-0.6132742557861892
9025,9025,-0.4446275336454395
9026,9026,-0.7063377450077191
9027,9027,-0.93549025974899
9028,9028,-0.3364496088490938
9029,9029,-0.93549025974899
9030,9030,-0.3699670476940984
9031,9031,-0.6717813983139767
9032,9032,-0.93549025974899
9033,9033,-0.7471264087756282
9034,9034,-0.8156081518298155
9035,9035,-0.6919737236185348
9036,9036,-0.32067404483357764
9037,9037,-0.6680450309136905
9038,9038,-0.8918056382646
9039,9039,-0.93549025974899
9040,9040,-0.6928725401257569
9041,9041,-0.5997563194956346
9042,9042,-0.93549025974899
9043,9043,-0.773699968695496
9044,9044,-0.8194715114894979
9045,9045,-0.4678308172822019
9046,9046,-0.93549025974899
9047,9047,-0.6784244010448681
9048,9048,-0.6846137264547458
9049,9049,-0.93549025974899
9050,9050,-0.2733897098723763
9051,9051,-0.6754400676092249
9052,9052,-0.614546117666487
9053,9053,-0.8973749898562922
9054,9054,-0.7119625390750173
9055,9055,-0.7537888149814354
9056,9056,-0.6382375217600611
9057,9057,-0.774500916612169
9058,9058,-0.5540293053992151
9059,9059,-0.7777975182778167
9060,9060,-0.6175499869032421
9061,9061,-0.7003778298706482
9062,9062,-0.6957257143536726
9063,9063,-0.7614235379453138
9064,9064,-0.8120564015358145
9065,9065,-0.754779823755289
9066,9066,-0.93549025974899
9067,9067,-0.7364318702304491
9068,9068,-0.32867282984830837
9069,9069,-0.8499087176107878
9070,9070,-0.5126617926391188
9071,9071,-0.8700257231883519
9072,9072,-0.9039048406385408
9073,9073,-0.40022304473698256
9074,9074,-0.682112975354757
9075,9075,-0.8699900813530466
9076,9076,-0.8107400137661394
9077,9077,-0.7086708991084425
9078,9078,-0.4469494700647836
9079,9079,-0.7267249066525938
9080,9080,-0.93549025974899
9081,9081,-0.6884792177910288
9082,9082,-0.6884361735075917
9083,9083,-0.6122399745243747
9084,9084,-0.93549025974899
9085,9085,-0.7300222466481774
9086,9086,-0.6185858574196246
9087,9087,-0.5935168735701559
9088,9088,-0.8181072230187514
9089,9089,-0.7867466826130851
9090,9090,-0.35109198342435377
9091,9091,-0.7917074602514322
9092,9092,-0.4292345302775473
9093,9093,-0.93549025974899
9094,9094,-0.7997665334761326
9095,9095,-0.8739837763325671
9096,9096,-0.6765275055959865
9097,9097,-0.7049098047891711
9098,9098,-0.7818028313837431
9099,9099,-0.9020908740137408
9100,9100,-0.4791463563309173
9101,9101,-0.93549025974899
9102,9102,-0.8026435212751384
9103,9103,-0.7953038507181862
9104,9104,-0.5588807308598192
9105,9105,-0.5861149794637743
9106,9106,-0.8026260999061954
9107,9107,-0.93549025974899
9108,9108,-0.4874033063796066
9109,9109,-0.7144273067076092
9110,9110,-0.8229293392393835
9111,9111,-0.5117880597306201
9112,9112,-0.2622116391458533
9113,9113,-0.6437520503214333
9114,9114,-0.7736471796398519
9115,9115,-0.8444910200297517
9116,9116,-0.5669937570633294
9117,9117,-0.7145091182482055
9118,9118,-0.6396270314832808
9119,9119,-0.6447301802236769
9120,9120,-0.93549025974899
9121,9121,-0.7863508128661785
9122,9122,-0.93549025974899
9123,9123,-0.7289258898044171
9124,9124,-0.633477263467487
9125,9125,-0.93549025974899
9126,9126,-0.7173883559519147
9127,9127,-0.6054435580283144
9128,9128,-0.5907917534526774
9129,9129,-0.580387374674729
9130,9130,-0.93549025974899
9131,9131,-0.93549025974899
9132,9132,-0.9235557226080449
9133,9133,-0.636386813743858
9134,9134,-0.792907596806959
9135,9135,-0.8046524063196969
9136,9136,-0.93549025974899
9137,9137,-0.5799084848387839
9138,9138,-0.9263575488799383
9139,9139,-0.6339853415174233
9140,9140,-0.6388843281931891
9141,9141,-0.4724992843823306
9142,9142,-0.7904109156568282
9143,9143,-0.645378870216792
9144,9144,-0.93549025974899
9145,9145,-0.8557625835968441
9146,9146,-0.93549025974899
9147,9147,-0.7622179053660041
9148,9148,-0.20001728555210185
9149,9149,-0.93549025974899
9150,9150,-0.5788851867881388
9151,9151,-0.6203826005100908
9152,9152,-0.6820139654958997
9153,9153,-0.93549025974899
9154,9154,-0.633861128981545
9155,9155,-0.93549025974899
9156,9156,-0.7759534235050172
9157,9157,-0.6681203000078035
9158,9158,-0.6810853233933081
9159,9159,-0.5050786272873218
9160,9160,-0.49944409215393826
9161,9161,-0.5277182858017824
9162,9162,-0.3188610748538885
9163,9163,-0.8583913547573907
9164,9164,-0.5786819739864093
9165,9165,-0.8626777492823567
9166,9166,-0.8334595220494023
9167,9167,-0.566328705130902
9168,9168,-0.7363227194648694
9169,9169,-0.827668660489401
9170,9170,-0.48231648810409666
9171,9171,-0.93549025974899
9172,9172,-0.3082571029803578
9173,9173,-0.6785518939166426
9174,9174,-0.93549025974899
9175,9175,-0.9035982261978237
9176,9176,-0.5212614914530764
9177,9177,-0.6257672636250522
9178,9178,-0.7547544387266569
9179,9179,-0.32297446465788804
9180,9180,-0.4116120650223607
9181,9181,-0.7815316299807709
9182,9182,-0.616440418138513
9183,9183,-0.777100299194661
9184,9184,-0.6241522472485919
9185,9185,-0.31438899069853443
9186,9186,-0.4098539214257997
9187,9187,-0.8324091632762283
9188,9188,-0.5897655695963611
9189,9189,-0.8683500088407303
9190,9190,-0.8978153270258247
9191,9191,-0.7843891076015854
9192,9192,-0.93549025974899
9193,9193,-0.31500660011298587
9194,9194,-0.7956855980421302
9195,9195,-0.7444842461019796
9196,9196,-0.7479937312685028
9197,9197,-0.4515582057246448
9198,9198,-0.9007589025213196
9199,9199,-0.8434897752134649
9200,9200,-0.7860770621812794
9201,9201,-0.93549025974899
9202,9202,-0.7677915195822109
9203,9203,-0.9113575713190318
9204,9204,-0.93549025974899
9205,9205,-0.5173729522245001
9206,9206,-0.07618216068610295
9207,9207,-0.9031850021530818
9208,9208,-0.93549025974899
9209,9209,-0.93549025974899
9210,9210,-0.8643337004851777
9211,9211,-0.8316362272684117
9212,9212,-0.8142042128349942
9213,9213,-0.93549025974899
9214,9214,-0.7592733968757166
9215,9215,-0.6118788811612479
9216,9216,-0.8326974635097262
9217,9217,-0.93549025974899
9218,9218,-0.6071847602485025
9219,9219,-0.7181148448690919
9220,9220,-0.6615882184076884
9221,9221,-0.5839712042921583
9222,9222,-0.93549025974899
9223,9223,-0.4800312154039723
9224,9224,-0.7732598049087791
9225,9225,-0.49906142483391713
9226,9226,-0.8437599205649793
9227,9227,-0.9181869120210298
9228,9228,-0.5554143515745871
9229,9229,-0.7933498138579615
9230,9230,-0.8146721457187098
9231,9231,-0.93549025974899
9232,9232,-0.44536502215862583
9233,9233,-0.93549025974899
9234,9234,-0.47703924702460654
9235,9235,-0.9212036310161853
9236,9236,-0.7854622419109845
9237,9237,-0.7843302846823565
9238,9238,-0.6612559974794294
9239,9239,-0.7020198363166674
9240,9240,-0.93549025974899
9241,9241,-0.93549025974899
9242,9242,-0.5039555821517201
9243,9243,-0.93549025974899
9244,9244,-0.6120558062766879
9245,9245,-0.8650490223530944
9246,9246,-0.8901387983269196
9247,9247,-0.46374827590852874
9248,9248,-0.5968021257798473
9249,9249,-0.8162755046044925
9250,9250,-0.39167776486796413
9251,9251,-0.9218612175626824
9252,9252,-0.6825992625929889
9253,9253,-0.7496269705321765
9254,9254,-0.7785188172394744
9255,9255,-0.876155516116345
9256,9256,-0.7319250103577417
9257,9257,-0.6614387768887653
9258,9258,-0.93549025974899
9259,9259,-0.5619076482316849
9260,9260,-0.5974097258831002
9261,9261,-0.7104542252114925
9262,9262,-0.5172247516204411
9263,9263,-0.7143790921271833
9264,9264,-0.07580954593892741
9265,9265,-0.854671744988794
9266,9266,-0.5486765486636731
9267,9267,-0.9078178085812318
9268,9268,-0.5228063424261902
9269,9269,-0.6656642771605625
9270,9270,-0.8994483389848487
9271,9271,-0.24039092949470886
9272,9272,-0.93549025974899
9273,9273,-0.6103085188060255
9274,9274,-0.8482730565419168
9275,9275,-0.830884070114779
9276,9276,-0.672966907509549
9277,9277,-0.6448720556557035
9278,9278,-0.6169292626951552
9279,9279,-0.8986753189781389
9280,9280,-0.93549025974899
9281,9281,-0.7974689458985953
9282,9282,-0.5020273777113093
9283,9283,-0.93549025974899
9284,9284,-0.7381891956778066
9285,9285,-0.6482865309510544
9286,9286,-0.6682609788678864
9287,9287,-0.5731820241321604
9288,9288,-0.7467926830892715
9289,9289,-0.93549025974899
9290,9290,-0.5471500297337464
9291,9291,-0.7051324592279773
9292,9292,-0.4670634597356571
9293,9293,-0.6123929548432514
9294,9294,-0.6343989911341943
9295,9295,-0.5583433192746363
9296,9296,-0.7756867842189479
9297,9297,-0.807670524111801
9298,9298,-0.2913893353971777
9299,9299,-0.6843221380825142
9300,9300,-0.6464302910925728
9301,9301,-0.9039276624880621
9302,9302,-0.8355409192061849
9303,9303,-0.8567584213875534
9304,9304,-0.8604120746497301
9305,9305,-0.5888740174186502
9306,9306,-0.918341263867001
9307,9307,-0.93549025974899
9308,9308,-0.8884385809749951
9309,9309,-0.7089779505988378
9310,9310,-0.4945852180113608
9311,9311,-0.8987849630199207
9312,9312,-0.6628178662411646
9313,9313,-0.8382055932773813
9314,9314,-0.93549025974899
9315,9315,-0.5737547738101867
9316,9316,-0.8935525577921091
9317,9317,-0.6593100859428436
9318,9318,-0.93549025974899
9319,9319,-0.93549025974899
9320,9320,-0.8330734909612705
9321,9321,-0.9014413532922507
9322,9322,-0.42616202259280245
9323,9323,-0.7080229177302684
9324,9324,-0.6288097221892102
9325,9325,-0.93549025974899
9326,9326,-0.6958075874623493
9327,9327,-0.93549025974899
9328,9328,-0.5518999538481797
9329,9329,-0.8399760290853244
9330,9330,-0.29990417175075734
9331,9331,-0.93549025974899
9332,9332,-0.7757600191622362
9333,9333,-0.7363079426077892
9334,9334,-0.3892380797163355
9335,9335,-0.7058383953681986
9336,9336,-0.8490090509458277
9337,9337,-0.6064107460580601
9338,9338,-0.47185818151947956
9339,9339,-0.6430051514630382
9340,9340,-0.4370621802231831
9341,9341,-0.9036226019123497
9342,9342,-0.6337194521499345
9343,9343,-0.93549025974899
9344,9344,-0.7289439279508887
9345,9345,-0.7339082868759341
9346,9346,-0.6569727973684412
9347,9347,-0.4469277817828754
9348,9348,-0.8344556971920447
9349,9349,-0.6426486961064359
9350,9350,-0.6400931413020494
9351,9351,-0.5429360858486891
9352,9352,-0.5199760475528472
9353,9353,-0.710451123638494
9354,9354,-0.5209114629243832
9355,9355,-0.7187113874643991
9356,9356,-0.42438821601384824
9357,9357,-0.7025905992185422
9358,9358,-0.93549025974899
9359,9359,-0.26642871848396876
9360,9360,-0.7117299727612227
9361,9361,-0.23665365443953945
9362,9362,-0.31454264318001757
9363,9363,-0.537874668750252
9364,9364,-0.93549025974899
9365,9365,-0.93549025974899
9366,9366,-0.6894016892489852
9367,9367,-0.7065552851148205
9368,9368,-0.7639076003014509
9369,9369,-0.6474575194937149
9370,9370,-0.7267821063645421
9371,9371,-0.7411812116744478
9372,9372,-0.6391648453516048
9373,9373,-0.3268834254400953
9374,9374,-0.482499154329604
9375,9375,-0.3230051584404916
9376,9376,-0.5135268435965266
9377,9377,-0.7264166654795225
9378,9378,-0.93549025974899
9379,9379,-0.93549025974899
9380,9380,-0.6636576572249488
9381,9381,-0.783463115609857
9382,9382,-0.6003383980229575
9383,9383,-0.7749768966224639
9384,9384,-0.2674782133018966
9385,9385,-0.93549025974899
9386,9386,-0.925610801845469
9387,9387,-0.93549025974899
9388,9388,-0.4674675662932336
9389,9389,-0.6986567476425449
9390,9390,-0.5876832350325181
9391,9391,-0.8913731387639974
9392,9392,-0.7122991107648549
9393,9393,-0.6766378983457901
9394,9394,-0.6540170977851307
9395,9395,-0.6732019754441456
9396,9396,-0.6166657117505636
9397,9397,-0.7001238822983602
9398,9398,-0.7063993759221603
9399,9399,-0.9029440625628524
9400,9400,-0.93549025974899
9401,9401,-0.5128769639656583
9402,9402,-0.93549025974899
9403,9403,-0.430474119180575
9404,9404,-0.7785295030517894
9405,9405,-0.8973373315316913
9406,9406,-0.869569465642785
9407,9407,-0.6882495240330151
9408,9408,-0.6700673535592649
9409,9409,-0.93549025974899
9410,9410,-0.93549025974899
9411,9411,-0.4967834439515322
9412,9412,-0.7472585507030978
9413,9413,-0.7645551648722648
9414,9414,-0.36030521489516687
9415,9415,-0.6029972772669829
9416,9416,-0.6597672484475101
9417,9417,-0.93549025974899
9418,9418,-0.93549025974899
9419,9419,-0.7788377528016799
9420,9420,-0.8873420455979844
9421,9421,-0.93549025974899
9422,9422,-0.6487887127108127
9423,9423,-0.5124529715277077
9424,9424,-0.30954898335672354
9425,9425,-0.93549025974899
9426,9426,-0.8483375205302544
9427,9427,-0.8055453369695886
9428,9428,-0.7921888979397824
9429,9429,-0.8642726251147224
9430,9430,-0.5435599417396944
9431,9431,-0.3996700454515367
9432,9432,-0.8141141085709069
9433,9433,-0.6130991442532441
9434,9434,-0.8534866278519146
9435,9435,-0.36714569691604915
9436,9436,-0.2449974763617857
9437,9437,-0.31218808997457614
9438,9438,-0.9196034896287575
9439,9439,-0.8855216671827879
9440,9440,-0.620315794112912
9441,9441,-0.5904638216739677
9442,9442,-0.93549025974899
9443,9443,-0.7444908183266534
9444,9444,-0.6556596336749188
9445,9445,-0.93549025974899
9446,9446,-0.722858652819145
9447,9447,-0.5572467103452254
9448,9448,-0.8154692332689777
9449,9449,-0.93549025974899
9450,9450,-0.5215982940703907
9451,9451,-0.6244244844568421
9452,9452,-0.5986033077261546
9453,9453,-0.623529875872979
9454,9454,-0.6334068206565622
9455,9455,-0.6981045172862697
9456,9456,-0.6944426433143533
9457,9457,-0.3327523070241032
9458,9458,-0.93549025974899
9459,9459,-0.6158129657115357
9460,9460,-0.26084629166555295
9461,9461,-0.5968558234823025
9462,9462,-0.5577915416045909
9463,9463,-0.5269065376286481
9464,9464,-0.93549025974899
9465,9465,-0.7085749584567687
9466,9466,-0.2174876748688015
9467,9467,-0.93549025974899
9468,9468,-0.5771313313879602
9469,9469,-0.5997341287706952
9470,9470,-0.7027666645629314
9471,9471,-0.18001842132048473
9472,9472,-0.7993053938920305
9473,9473,-0.5254536682383311
9474,9474,-0.621267827521681
9475,9475,-0.7891578007729425
9476,9476,-0.7263174028087782
9477,9477,-0.7207570088181559
9478,9478,-0.8457463667768526
9479,9479,-0.5732721244965777
9480,9480,-0.5094862303459937
9481,9481,-0.5353635241139316
9482,9482,-0.49601526441736266
9483,9483,-0.93549025974899
9484,9484,-0.6968286441014815
9485,9485,-0.93549025974899
9486,9486,-0.7523364264638577
9487,9487,-0.7197689196063042
9488,9488,-0.93549025974899
9489,9489,-0.93549025974899
9490,9490,-0.4496063659927576
9491,9491,-0.7868832748889929
9492,9492,-0.93549025974899
9493,9493,-0.40922858231422987
9494,9494,-0.93549025974899
9495,9495,-0.7322711348305564
9496,9496,-0.6586441304785424
9497,9497,-0.5067119881677655
9498,9498,-0.93549025974899
9499,9499,-0.9130495011578166
9500,9500,-0.6817088099434887
9501,9501,-0.93549025974899
9502,9502,-0.7135911717953949
9503,9503,-0.6355855792702148
9504,9504,-0.5937493442123785
9505,9505,-0.93549025974899
9506,9506,-0.7275514436891672
9507,9507,-0.8126560429614074
9508,9508,-0.614143993863097
9509,9509,-0.6639267182773683
9510,9510,-0.9191771032102114
9511,9511,-0.93549025974899
9512,9512,-0.8279405303366687
9513,9513,-0.6686506421701868
9514,9514,-0.93549025974899
9515,9515,-0.6370078925633482
9516,9516,-0.841034480318017
9517,9517,-0.2729017897527375
9518,9518,-0.8943557049424591
9519,9519,-0.5285566046512238
9520,9520,-0.9204139484933371
9521,9521,-0.6676025994024446
9522,9522,-0.8497247016926668
9523,9523,-0.49313873888968596
9524,9524,-0.5592302533310232
9525,9525,-0.93549025974899
9526,9526,-0.7550959820263845
9527,9527,-0.6411539313356815
9528,9528,-0.7577518753036774
9529,9529,-0.5807089690508249
9530,9530,-0.6166092360733231
9531,9531,-0.6972027341452964
9532,9532,-0.7626221161896058
9533,9533,-0.7182855502602497
9534,9534,-0.6703559492288562
9535,9535,-0.5982017602419667
9536,9536,-0.6703499147185088
9537,9537,-0.7221657264946408
9538,9538,-0.6183695840299563
9539,9539,-0.784890973309917
9540,9540,-0.7829064365638239
9541,9541,-0.6747458790226748
9542,9542,-0.7674831313750481
9543,9543,-0.6423736695923665
9544,9544,-0.7622602332842252
9545,9545,-0.8325941688552554
9546,9546,-0.707489078780684
9547,9547,-0.93549025974899
9548,9548,-0.7305180383367773
9549,9549,-0.7086239235338798
9550,9550,-0.8674006981127071
9551,9551,-0.6296893684973259
9552,9552,-0.929910429157518
9553,9553,-0.93549025974899
9554,9554,-0.7037709977145941
9555,9555,-0.5257489447586323
9556,9556,-0.7611783125593696
9557,9557,-0.5365701107284946
9558,9558,-0.93549025974899
9559,9559,-0.7172322145672982
9560,9560,-0.93549025974899
9561,9561,-0.632379141795882
9562,9562,-0.4531725808414002
9563,9563,-0.93549025974899
9564,9564,-0.3954156793930341
9565,9565,-0.3339506004225403
9566,9566,-0.8265393962809942
9567,9567,-0.3177738688181564
9568,9568,-0.8179527716194492
9569,9569,-0.5292707041342499
9570,9570,-0.47248364009203536
9571,9571,-0.6644243052475804
9572,9572,-0.18386516378665485
9573,9573,-0.5765999043085035
9574,9574,-0.5599953700303821
9575,9575,-0.42446713342102704
9576,9576,-0.5692896545415529
9577,9577,-0.93549025974899
9578,9578,-0.46901987339158246
9579,9579,-0.6928165156232513
9580,9580,-0.6336391732689908
9581,9581,-0.6455622002747852
9582,9582,-0.8557608464100532
9583,9583,-0.93549025974899
9584,9584,-0.8501871298111894
9585,9585,-0.7251366795760035
9586,9586,-0.8099161231336218
9587,9587,-0.785303930785135
9588,9588,-0.26149766678781994
9589,9589,-0.4957742334549953
9590,9590,-0.7237346673177516
9591,9591,-0.7940349135168976
9592,9592,-0.6615149176461177
9593,9593,-0.7983191308166173
9594,9594,-0.7742845782738108
9595,9595,-0.8670627578252255
9596,9596,-0.6386691190861686
9597,9597,-0.5691213992979218
9598,9598,-0.93549025974899
9599,9599,-0.6450919359899121
9600,9600,-0.5951281535867459
9601,9601,-0.93549025974899
9602,9602,-0.8735566048270762
9603,9603,-0.6335942136291539
9604,9604,-0.6021808133903122
9605,9605,-0.5840926975789262
9606,9606,-0.93549025974899
9607,9607,-0.49422615331034436
9608,9608,-0.93549025974899
9609,9609,-0.3936856538337459
9610,9610,-0.6378266398297683
9611,9611,-0.4790380677897539
9612,9612,-0.93549025974899
9613,9613,-0.8385901084022862
9614,9614,-0.7556847527688095
9615,9615,-0.8373503609161492
9616,9616,-0.93549025974899
9617,9617,-0.8812338127434263
9618,9618,-0.6356798838636522
9619,9619,-0.549844353800554
9620,9620,-0.8181695735367658
9621,9621,-0.5804919940974096
9622,9622,-0.7023311335202607
9623,9623,-0.7338243932289323
9624,9624,-0.8348912642869539
9625,9625,-0.8246245808036168
9626,9626,-0.4948623107895057
9627,9627,-0.7707750666949416
9628,9628,-0.8653593630544538
9629,9629,-0.6325673525889961
9630,9630,-0.9224227223214605
9631,9631,-0.7332141708913174
9632,9632,-0.4857576866112425
9633,9633,-0.6898384518874145
9634,9634,-0.6153512534798029
9635,9635,-0.6528092184956371
9636,9636,-0.5971783609307852
9637,9637,-0.4845118797717465
9638,9638,-0.8226089595892194
9639,9639,-0.7591617215554471
9640,9640,-0.7845513786592395
9641,9641,-0.7073507621874064
9642,9642,-0.6417939345199173
9643,9643,-0.8542016913652972
9644,9644,-0.5165369814195202
9645,9645,-0.6210728698691685
9646,9646,-0.9107503268218871
9647,9647,-0.45158756797877153
9648,9648,-0.93549025974899
9649,9649,-0.29116052194036435
9650,9650,-0.6777749717723971
9651,9651,-0.8239331504332998
9652,9652,-0.8072777196929799
9653,9653,-0.6641509029562531
9654,9654,-0.763160892741201
9655,9655,-0.93549025974899
9656,9656,-0.5419702284131134
9657,9657,-0.7827882838417768
9658,9658,-0.649149369536719
9659,9659,-0.6497354676832856
9660,9660,-0.93549025974899
9661,9661,-0.6907890532932939
9662,9662,-0.785022279624501
9663,9663,-0.6068597597382599
9664,9664,-0.93549025974899
9665,9665,-0.9273019976450314
9666,9666,-0.7279633252835271
9667,9667,-0.8006817817801153
9668,9668,-0.5703663050802477
9669,9669,-0.6670243494262653
9670,9670,-0.93549025974899
9671,9671,-0.5347406667054493
9672,9672,-0.6783899584738897
9673,9673,-0.6350799333343566
9674,9674,-0.7498198956960955
9675,9675,-0.7734601107195704
9676,9676,-0.93549025974899
9677,9677,-0.5926048417197229
9678,9678,-0.7227678297605156
9679,9679,-0.8590892202374825
9680,9680,-0.4365485824724846
9681,9681,-0.8301218505773935
9682,9682,-0.4989027141829183
9683,9683,-0.20201503416364552
9684,9684,-0.6964431799720288
9685,9685,-0.7630269916127919
9686,9686,-0.4773481933623547
9687,9687,-0.6244970754432622
9688,9688,-0.93549025974899
9689,9689,-0.8488868404791283
9690,9690,-0.9031530769188567
9691,9691,-0.44526495056928406
9692,9692,-0.93549025974899
9693,9693,-0.8677160663375396
9694,9694,-0.5904704995465413
9695,9695,-0.8367233818083708
9696,9696,-0.7174271144101585
9697,9697,-0.93549025974899
9698,9698,-0.33327760627875946
9699,9699,-0.93549025974899
9700,9700,-0.8460880323302185
9701,9701,-0.6306962805300476
9702,9702,-0.5484947560393927
9703,9703,-0.8308238964166215
9704,9704,-0.5021334820273324
9705,9705,-0.499030895945376
9706,9706,-0.4831103882949641
9707,9707,-0.6797152953396495
9708,9708,-0.6122425774483151
9709,9709,-0.8346803863722929
9710,9710,-0.6628429949530474
9711,9711,-0.4365159696076404
9712,9712,-0.45485577471465577
9713,9713,-0.7573636541905575
9714,9714,-0.7869606676059906
9715,9715,-0.8932615634008982
9716,9716,-0.6704790840192949
9717,9717,-0.811829553373915
9718,9718,-0.741239922253806
9719,9719,-0.619926282144025
9720,9720,-0.7583850814532003
9721,9721,-0.6864238029903493
9722,9722,-0.5135960214125816
9723,9723,-0.8542184684495044
9724,9724,-0.30177096269592774
9725,9725,-0.8026930383250832
9726,9726,-0.6100184648734093
9727,9727,-0.7143014625562003
9728,9728,-0.93549025974899
9729,9729,-0.3729100771639793
9730,9730,-0.5535250419821964
9731,9731,-0.5938432298099432
9732,9732,-0.4560006416625737
9733,9733,-0.543155136982989
9734,9734,-0.7790551387920619
9735,9735,-0.8065370517736259
9736,9736,-0.5133542785077876
9737,9737,-0.3888929463661217
9738,9738,-0.93549025974899
9739,9739,-0.6558907034135366
9740,9740,-0.8932944530623566
9741,9741,-0.5421049905436934
9742,9742,-0.46034631427142614
9743,9743,-0.8449737402577018
9744,9744,-0.2569151851910729
9745,9745,-0.7520671829940007
9746,9746,-0.93549025974899
9747,9747,-0.93549025974899
9748,9748,-0.782921763785005
9749,9749,-0.8222698117127614
9750,9750,-0.7357044666072454
9751,9751,-0.8012542731313523
9752,9752,-0.5663264745418761
9753,9753,-0.3363771756039089
9754,9754,-0.5400564397084602
9755,9755,-0.43297426069550404
9756,9756,-0.11709166498741874
9757,9757,-0.4807128696029008
9758,9758,-0.45821155129390334
9759,9759,-0.93549025974899
9760,9760,-0.8737491288443273
9761,9761,-0.3444323123920726
9762,9762,-0.8626183075882086
9763,9763,-0.6484453123904252
9764,9764,-0.7583454720526408
9765,9765,-0.13771327569603642
9766,9766,-0.7706738609872623
9767,9767,-0.93549025974899
9768,9768,-0.93549025974899
9769,9769,-0.7306937788023493
9770,9770,-0.9241765272092906
9771,9771,-0.7484690495790609
9772,9772,-0.8251791569083355
9773,9773,-0.48560947358375905
9774,9774,-0.8538957436738759
9775,9775,-0.7162535110856272
9776,9776,-0.5875420276789658
9777,9777,-0.924290810629504
9778,9778,-0.7590648797973518
9779,9779,-0.521359039456998
9780,9780,-0.9346740877559547
9781,9781,-0.6561909420822083
9782,9782,-0.5114336572115019
9783,9783,-0.5631488230828356
9784,9784,-0.7145073103452706
9785,9785,-0.648672238161021
9786,9786,-0.93549025974899
9787,9787,-0.7118616196353074
9788,9788,-0.93549025974899
9789,9789,-0.8708245120527671
9790,9790,-0.8913207592854366
9791,9791,-0.93549025974899
9792,9792,-0.8252592373578693
9793,9793,-0.7957385038512399
9794,9794,-0.5726187554925275
9795,9795,-0.8271896166971704
9796,9796,-0.93549025974899
9797,9797,-0.93549025974899
9798,9798,-0.6239214971746811
9799,9799,-0.93549025974899
9800,9800,-0.7832749366427016
9801,9801,-0.638869510417793
9802,9802,-0.7099232722426496
9803,9803,-0.859366456176831
9804,9804,-0.93549025974899
9805,9805,-0.5875725065398929
9806,9806,-0.5054437864353241
9807,9807,-0.7655229116464746
9808,9808,-0.31765600641339803
9809,9809,-0.4866227606023461
9810,9810,-0.522291561306576
9811,9811,-0.5251035199817764
9812,9812,-0.4516955908735074
9813,9813,-0.7134435549533737
9814,9814,-0.6591477066555189
9815,9815,-0.9108924322706446
9816,9816,-0.7962460579726844
9817,9817,-0.7196213114818484
9818,9818,-0.5910438490830963
9819,9819,-0.8230133772492998
9820,9820,-0.8235611258477551
9821,9821,-0.5484415972889978
9822,9822,-0.7133132268359148
9823,9823,-0.9270640214392962
9824,9824,-0.7126105845550974
9825,9825,-0.2793037282976858
9826,9826,-0.93549025974899
9827,9827,-0.9261023698247346
9828,9828,-0.5724236332434494
9829,9829,-0.93549025974899
9830,9830,-0.93549025974899
9831,9831,-0.5977257092098682
9832,9832,-0.6037188344735132
9833,9833,-0.9210483480290765
9834,9834,-0.631757881666914
9835,9835,-0.6973576835461479
9836,9836,-0.93549025974899
9837,9837,-0.93549025974899
9838,9838,-0.7778688371383513
9839,9839,-0.603576006277672
9840,9840,-0.8549392451221696
9841,9841,-0.735461554575398
9842,9842,-0.5243669200112642
9843,9843,-0.7815458066788388
9844,9844,-0.7665094349018649
9845,9845,-0.8953331830809255
9846,9846,-0.48801314865210976
9847,9847,-0.31409463990401676
9848,9848,-0.6325282116893085
9849,9849,-0.8816509054948032
9850,9850,-0.3688883749217542
9851,9851,-0.93549025974899
9852,9852,-0.9263353223427249
9853,9853,-0.4436525809846419
9854,9854,-0.3929080339475437
9855,9855,-0.7857241327674593
9856,9856,-0.8200478398809139
9857,9857,-0.8417803258303014
9858,9858,-0.5771148833440591
9859,9859,-0.711613981451551
9860,9860,-0.7023087729742361
9861,9861,-0.49301176850169703
9862,9862,-0.7698590446998175
9863,9863,-0.7629961062395569
9864,9864,-0.8760354228797418
9865,9865,-0.8093750635677655
9866,9866,-0.7680380854551192
9867,9867,-0.7589044279774448
9868,9868,-0.5586460959973198
9869,9869,-0.8474907385514161
9870,9870,-0.93549025974899
9871,9871,-0.11990105613181756
9872,9872,-0.93549025974899
9873,9873,-0.7883721256181708
9874,9874,-0.8244320274164139
9875,9875,-0.93549025974899
9876,9876,-0.8548063655308091
9877,9877,-0.34300652374807505
9878,9878,-0.37635504544742915
9879,9879,-0.6734394816643192
9880,9880,-0.8975581482699511
9881,9881,-0.798588744971557
9882,9882,-0.7322644929885804
9883,9883,-0.6687917422881231
9884,9884,-0.5562079210793236
9885,9885,-0.7968768406933187
9886,9886,-0.7651153875839611
9887,9887,-0.644644886698309
9888,9888,-0.3028081206985527
9889,9889,-0.4708903376869422
9890,9890,-0.5567590504793323
9891,9891,-0.7972585110894705
9892,9892,-0.93549025974899
9893,9893,-0.93549025974899
9894,9894,-0.5784562391321391
9895,9895,-0.25074710384474486
9896,9896,-0.4772701287780823
9897,9897,-0.6421536955412144
9898,9898,-0.6607820571233436
9899,9899,-0.7305423630517005
9900,9900,-0.5763641747217894
9901,9901,-0.6095555405982669
9902,9902,-0.5497846742219625
9903,9903,-0.93549025974899
9904,9904,-0.6806147537898006
9905,9905,-0.5850069454174491
9906,9906,-0.8762491935337451
9907,9907,-0.7535914958597179
9908,9908,-0.3161184813087061
9909,9909,-0.8951242531431127
9910,9910,-0.4756365340489399
9911,9911,-0.813385437092343
9912,9912,-0.9043294578101726
9913,9913,-0.7354313739798499
9914,9914,-0.766263310676198
9915,9915,-0.7015315335430916
9916,9916,-0.5740868363597063
9917,9917,-0.8349046318188194
9918,9918,-0.5641530884296717
9919,9919,-0.3947718975860415
9920,9920,-0.5997863281976539
9921,9921,-0.6875462201186355
9922,9922,-0.7640397184358836
9923,9923,-0.8463384105185288
9924,9924,-0.93549025974899
9925,9925,-0.93549025974899
9926,9926,-0.5971123856859641
9927,9927,-0.93549025974899
9928,9928,-0.93549025974899
9929,9929,-0.7950105402638616
9930,9930,-0.6890802321090082
9931,9931,-0.6989753178009668
9932,9932,-0.7853256583509349
9933,9933,-0.8211591353504222
9934,9934,-0.93549025974899
9935,9935,-0.4928573275430339
9936,9936,-0.7857171953457964
9937,9937,-0.6645797040864245
9938,9938,-0.93549025974899
9939,9939,-0.5238510705515229
9940,9940,-0.6078768132380024
9941,9941,-0.5033375483697378
9942,9942,-0.7342367877000289
9943,9943,-0.93549025974899
9944,9944,-0.7343587904763353
9945,9945,-0.93549025974899
9946,9946,-0.5203452613341017
9947,9947,-0.8433819736021135
9948,9948,-0.630659375174563
9949,9949,-0.6817571632265516
9950,9950,-0.22179614947578585
9951,9951,-0.43418716635435084
9952,9952,-0.45982516548311203
9953,9953,-0.784704752316502
9954,9954,-0.8167127360798876
9955,9955,-0.93549025974899
9956,9956,-0.93549025974899
9957,9957,-0.8893043127527012
9958,9958,-0.30425843918060913
9959,9959,-0.93549025974899
9960,9960,-0.6127617402126191
9961,9961,-0.8420672807564564
9962,9962,-0.8117998559056616
9963,9963,-0.93549025974899
9964,9964,-0.7443351291611524
9965,9965,-0.93549025974899
9966,9966,-0.93549025974899
9967,9967,-0.8286152537249087
9968,9968,-0.38569225855000333
9969,9969,-0.93549025974899
9970,9970,-0.3185633010570488
9971,9971,-0.23082106901736177
9972,9972,-0.93549025974899
9973,9973,-0.5138127499922391
9974,9974,-0.7518457169061499
9975,9975,-0.93549025974899
9976,9976,-0.93549025974899
9977,9977,-0.5996750893958609
9978,9978,-0.93549025974899
9979,9979,-0.31768189854326545
9980,9980,-0.6504531726470422
9981,9981,-0.5321214246873627
9982,9982,-0.93549025974899
9983,9983,-0.7060295523910476
9984,9984,-0.93549025974899
9985,9985,-0.5579376768814481
9986,9986,-0.7451498174625648
9987,9987,-0.5590176510409641
9988,9988,-0.7911926823890685
9989,9989,-0.8937562519835929
9990,9990,-0.6824413721566192
9991,9991,-0.9233054040989828
9992,9992,-0.8348164925184438
9993,9993,-0.5938509341555775
9994,9994,-0.5550991854026575
9995,9995,-0.6913148440118277
9996,9996,-0.6440790610357414
9997,9997,-0.8595139708950263
9998,9998,-0.5654292567556993
9999,9999,-0.5260189215188849
10000,10000,-0.8046622012153826
10001,10001,-0.5049673277254403
10002,10002,-0.5041983804570265
10003,10003,-0.93549025974899
10004,10004,-0.9146643474370109
10005,10005,-0.7627661173093703
10006,10006,-0.3207453015709807
10007,10007,-0.93549025974899
10008,10008,-0.93549025974899
10009,10009,-0.93549025974899
10010,10010,-0.6794271855274179
10011,10011,-0.4623437375713828
10012,10012,-0.93549025974899
10013,10013,-0.836008876662266
10014,10014,-0.3444740570124143
10015,10015,-0.6681096016101851
10016,10016,-0.4722118702502939
10017,10017,-0.5605779209467721
10018,10018,-0.8341878431857097
10019,10019,-0.7643993952676613
10020,10020,-0.43447160816923613
10021,10021,-0.8898194731734499
10022,10022,-0.7570115330713101
10023,10023,-0.7674192117047269
10024,10024,-0.49090004893967043
10025,10025,-0.93549025974899
10026,10026,-0.5706881266144319
10027,10027,-0.6752716322351393
10028,10028,-0.5752461940316849
10029,10029,-0.6651736682403584
10030,10030,-0.6154392639118829
10031,10031,-0.3515291047665876
10032,10032,-0.6924528706855462
10033,10033,-0.49520275538211145
10034,10034,-0.5961215785638263
10035,10035,-0.9234001989828506
10036,10036,-0.6780334940312116
10037,10037,-0.8320985219927479
10038,10038,-0.7590014016196651
10039,10039,-0.8694521073947961
10040,10040,-0.73831561368333
10041,10041,-0.93549025974899
10042,10042,-0.43176743089006386
10043,10043,-0.8599752278435133
10044,10044,-0.8184676002653521
10045,10045,-0.8224728954020168
10046,10046,-0.47087449899462286
10047,10047,-0.93549025974899
10048,10048,-0.7698654241383895
10049,10049,-0.44107162898095353
10050,10050,-0.519629829937911
10051,10051,-0.741722281841577
10052,10052,-0.5437542592536517
10053,10053,-0.6842515569566903
10054,10054,-0.6872919367214259
10055,10055,-0.8676830338007733
10056,10056,-0.93549025974899
10057,10057,-0.6321058882678745
10058,10058,-0.3130247515907634
10059,10059,-0.8891578712071126
10060,10060,-0.7711560405203688
10061,10061,-0.8009058356931753
10062,10062,-0.5322811174680755
10063,10063,-0.7751867328198205
10064,10064,-0.8822015677271384
10065,10065,-0.93549025974899
10066,10066,-0.23403730186010208
10067,10067,-0.2906843723914747
10068,10068,-0.6873628685087727
10069,10069,-0.8754199434135899
10070,10070,-0.8101791659577557
10071,10071,-0.915753263816903
10072,10072,-0.93549025974899
10073,10073,-0.4652765161573158
10074,10074,-0.8316359534949704
10075,10075,-0.28291735239132665
10076,10076,-0.4371842669387611
10077,10077,-0.6997901584118882
10078,10078,-0.6688325667126964
10079,10079,-0.93549025974899
10080,10080,-0.7427142894021745
10081,10081,-0.4774096127103906
10082,10082,-0.6736446820543325
10083,10083,-0.30539726258176936
10084,10084,-0.6348473839612812
10085,10085,-0.5891517097382053
10086,10086,-0.7249663076678292
10087,10087,-0.5402695862073021
10088,10088,-0.5235389067845553
10089,10089,-0.5218967021114072
10090,10090,-0.739275182865045
10091,10091,-0.5737121093781892
10092,10092,-0.5782659928415868
10093,10093,-0.93549025974899
10094,10094,-0.5717262564114631
10095,10095,-0.93549025974899
10096,10096,-0.8856573947150608
10097,10097,-0.6800441848174135
10098,10098,-0.7400313601908071
10099,10099,-0.7741837326406973
10100,10100,-0.5309314550512774
10101,10101,-0.8705225211319956
10102,10102,-0.5989416001401668
10103,10103,-0.5584029262148036
10104,10104,-0.9179736922338311
10105,10105,-0.7729617788617933
10106,10106,-0.6486896889524818
10107,10107,-0.7451838049967012
10108,10108,-0.6315465292873004
10109,10109,-0.44823781871908475
10110,10110,-0.93549025974899
10111,10111,-0.8666697238581111
10112,10112,-0.8580440084734846
10113,10113,-0.93549025974899
10114,10114,-0.9007099767910223
10115,10115,-0.4934881697262785
10116,10116,-0.8259781248602582
10117,10117,-0.6974538471069582
10118,10118,-0.5208054119425132
10119,10119,-0.9085672866088021
10120,10120,-0.7203776048347255
10121,10121,-0.367954268219743
10122,10122,-0.93549025974899
10123,10123,-0.8347363971122963
10124,10124,-0.7007455602129724
10125,10125,-0.4109484356981603
10126,10126,-0.7798149468977478
10127,10127,-0.5014073707131974
10128,10128,-0.8020584487120921
10129,10129,-0.7263175136304234
10130,10130,-0.701421241379224
10131,10131,-0.7985063656024582
10132,10132,-0.9187091038452913
10133,10133,-0.7387218093481529
10134,10134,-0.6733843472413881
10135,10135,-0.6980034268818844
10136,10136,-0.6654282874250228
10137,10137,-0.7938687639383382
10138,10138,-0.23397775689202582
10139,10139,-0.6702516895317387
10140,10140,-0.93549025974899
10141,10141,-0.31385465315038097
10142,10142,-0.6199572171602838
10143,10143,-0.42704071219490203
10144,10144,-0.93549025974899
10145,10145,-0.7277821767639825
10146,10146,-0.6640032393949813
10147,10147,-0.7852863551474094
10148,10148,-0.93549025974899
10149,10149,-0.5610674370286137
10150,10150,-0.5439809649308587
10151,10151,-0.93549025974899
10152,10152,-0.5541274249205999
10153,10153,-0.63658848140898
10154,10154,-0.8924360632990158
10155,10155,-0.9167826254225364
10156,10156,-0.47032448588321296
10157,10157,-0.539813570999387
10158,10158,-0.7782806288266677
10159,10159,-0.93549025974899
10160,10160,-0.8456519343239624
10161,10161,-0.93549025974899
10162,10162,-0.4873229652607912
10163,10163,-0.93549025974899
10164,10164,-0.5608863165056395
10165,10165,-0.6783186719907697
10166,10166,-0.93549025974899
10167,10167,-0.93549025974899
10168,10168,-0.4727256526140169
10169,10169,-0.7805586793884931
10170,10170,-0.7847940819849573
10171,10171,-0.611735422968751
10172,10172,-0.7004577972330779
10173,10173,-0.8909540171709018
10174,10174,-0.6488826814442348
10175,10175,-0.5375318935612885
10176,10176,-0.8813783738954601
10177,10177,-0.7008014767807484
10178,10178,-0.93549025974899
10179,10179,-0.6865400369607109
10180,10180,-0.2919623171841832
10181,10181,-0.9214667194765571
10182,10182,-0.5757461615112369
10183,10183,-0.6637681537056928
10184,10184,-0.7086748046433744
10185,10185,-0.5770912533519397
10186,10186,-0.784760598625045
10187,10187,-0.7328561835322489
10188,10188,-0.8188343481952973
10189,10189,-0.6501022987444447
10190,10190,-0.5364245625049371
10191,10191,-0.7590324215352418
10192,10192,-0.4275821054239177
10193,10193,-0.909951845234648
10194,10194,-0.5486750443973154
10195,10195,-0.7363063202474684
10196,10196,-0.8184086683252936
10197,10197,-0.5916475628262692
10198,10198,-0.9156083999647713
10199,10199,-0.93549025974899
10200,10200,-0.93549025974899
10201,10201,-0.4741573486764459
10202,10202,-0.93549025974899
10203,10203,-0.4140424233285587
10204,10204,-0.4855315133346725
10205,10205,-0.5481657170185628
10206,10206,-0.8538163896097615
10207,10207,-0.8028794938456532
10208,10208,-0.8251935293984207
10209,10209,-0.6490650621944827
10210,10210,-0.6816738674286729
10211,10211,-0.8313443498318698
10212,10212,-0.8026930872567739
10213,10213,-0.4069459733214047
10214,10214,-0.93549025974899
10215,10215,-0.93549025974899
10216,10216,-0.488912958096146
10217,10217,-0.8184200820358036
10218,10218,-0.93549025974899
10219,10219,-0.576492141978612
10220,10220,-0.7181530167359274
10221,10221,-0.6478570382320346
10222,10222,-0.7282202321867164
10223,10223,-0.8498320110262796
10224,10224,-0.93549025974899
10225,10225,-0.8330870987267147
10226,10226,-0.7003522624126113
10227,10227,-0.24548675418576105
10228,10228,-0.5944122445547784
10229,10229,-0.560160903726743
10230,10230,-0.6733435641086238
10231,10231,-0.7521026555304857
10232,10232,-0.7227606718743278
10233,10233,-0.5947011770657191
10234,10234,-0.9048833306698043
10235,10235,-0.7477374879607801
10236,10236,-0.8124738366490369
10237,10237,-0.727200947050834
10238,10238,-0.6315137500389802
10239,10239,-0.93549025974899
10240,10240,-0.5434988413880149
10241,10241,-0.5508934318934764
10242,10242,-0.6041624814384239
10243,10243,-0.7182808858584622
10244,10244,-0.5494371991521363
10245,10245,-0.7888892039365647
10246,10246,-0.9274322346911106
10247,10247,-0.5349804010758863
10248,10248,-0.93549025974899
10249,10249,-0.4522537516000469
10250,10250,-0.5288770176191329
10251,10251,-0.7442249301962569
10252,10252,-0.5577744701089262
10253,10253,-0.93549025974899
10254,10254,-0.5261145598139194
10255,10255,-0.5952577857370933
10256,10256,-0.8068960899244519
10257,10257,-0.8955603456845029
10258,10258,-0.38939102584454943
10259,10259,-0.6748996244089245
10260,10260,-0.8195315806791825
10261,10261,-0.5630813371445851
10262,10262,-0.5112299556073268
10263,10263,-0.20703606631459204
10264,10264,-0.5207717795702038
10265,10265,-0.7189489988451943
10266,10266,-0.7561631386903436
10267,10267,-0.7629509092545028
10268,10268,-0.8323231817747843
10269,10269,-0.3225785508193244
10270,10270,-0.93549025974899
10271,10271,-0.93549025974899
10272,10272,-0.8388420917679902
10273,10273,-0.8694609448251303
10274,10274,-0.730611970203876
10275,10275,-0.5727537861863201
10276,10276,-0.6726068215080421
10277,10277,-0.7566350991528683
10278,10278,-0.321242602371564
10279,10279,-0.93549025974899
10280,10280,-0.27434212872723407
10281,10281,-0.7489321174154728
10282,10282,-0.6655041349173416
10283,10283,-0.4256797962513321
10284,10284,-0.7651085911136057
10285,10285,-0.93549025974899
10286,10286,-0.7559365430417575
10287,10287,-0.878141830325383
10288,10288,-0.2572542554479256
10289,10289,-0.6727700152631488
10290,10290,-0.2163691771129992
10291,10291,-0.93549025974899
10292,10292,-0.8541546028360827
10293,10293,-0.7669798668878229
10294,10294,-0.8588276040627552
10295,10295,-0.8243418422556523
10296,10296,-0.6357208154379101
10297,10297,-0.93549025974899
10298,10298,-0.6258299511047944
10299,10299,-0.6039861756836107
10300,10300,-0.93549025974899
10301,10301,-0.7696355631492668
10302,10302,-0.5024843419148497
10303,10303,-0.93549025974899
10304,10304,-0.744214157109301
10305,10305,-0.7325661151209335
10306,10306,-0.93549025974899
10307,10307,-0.8186322705038585
10308,10308,-0.8435009973329421
10309,10309,-0.5449979684956237
10310,10310,-0.6155879378649889
10311,10311,-0.93549025974899
10312,10312,-0.93549025974899
10313,10313,-0.5569425258970728
10314,10314,-0.5208262379000601
10315,10315,-0.8500683800724236
10316,10316,-0.93549025974899
10317,10317,-0.6408058601845372
10318,10318,-0.93549025974899
10319,10319,-0.6066400516812109
10320,10320,-0.7223816603390976
10321,10321,-0.8057801768494599
10322,10322,-0.93549025974899
10323,10323,-0.4022181295111853
10324,10324,-0.6770802021028732
10325,10325,-0.38330784706752974
10326,10326,-0.7718658375052634
10327,10327,-0.9312584570016345
10328,10328,-0.7916871370803342
10329,10329,-0.93549025974899
10330,10330,-0.5388684774107699
10331,10331,-0.8495476612293107
10332,10332,-0.44539922696199286
10333,10333,-0.7186442335966525
10334,10334,-0.6846337610974764
10335,10335,-0.6569645548661374
10336,10336,-0.6353732432566392
10337,10337,-0.93549025974899
10338,10338,-0.8858840008717337
10339,10339,-0.46884317560391686
10340,10340,-0.7144063304787895
10341,10341,-0.853109565370163
10342,10342,-0.5878461317841701
10343,10343,-0.284200881552755
10344,10344,-0.7617945974519547
10345,10345,-0.7052197309507253
10346,10346,-0.697128001958891
10347,10347,-0.6476990908935001
10348,10348,-0.7635649320435736
10349,10349,-0.7767199345540394
10350,10350,-0.5408267551953845
10351,10351,-0.883444821625865
10352,10352,-0.622350409754846
10353,10353,-0.8361036220022289
10354,10354,-0.93549025974899
10355,10355,-0.5651974865943465
10356,10356,-0.6547523714573522
10357,10357,-0.5153250611911986
10358,10358,-0.7854358144994933
10359,10359,-0.90503721897392
10360,10360,-0.93549025974899
10361,10361,-0.2829207670647964
10362,10362,-0.6128537532585661
10363,10363,-0.5919753637001364
10364,10364,-0.5935791887988273
10365,10365,-0.93549025974899
10366,10366,-0.4827919775666718
10367,10367,-0.93549025974899
10368,10368,-0.6222433834605319
10369,10369,-0.6669048746454553
10370,10370,-0.5968906237900047
10371,10371,-0.5846878449407455
10372,10372,-0.7628363735819779
10373,10373,-0.667250548731305
10374,10374,-0.7262566719645669
10375,10375,-0.8072610688539505
10376,10376,-0.93549025974899
10377,10377,-0.9003295148069448
10378,10378,-0.6176956501052491
10379,10379,-0.2905455514370381
10380,10380,-0.6183249333758756
10381,10381,-0.8441189795735955
10382,10382,-0.6230172310491344
10383,10383,-0.6056127197090735
10384,10384,-0.683396571817827
10385,10385,-0.6852507873475595
10386,10386,-0.9260655946340002
10387,10387,-0.93549025974899
10388,10388,-0.9207399000406458
10389,10389,-0.6219405567994958
10390,10390,-0.8289390415248139
10391,10391,-0.48907761257898175
10392,10392,-0.5418122365537137
10393,10393,-0.271305622606528
10394,10394,-0.3019057152089779
10395,10395,-0.6676098824550003
10396,10396,-0.6829920169076331
10397,10397,-0.6687239559570628
10398,10398,-0.93549025974899
10399,10399,-0.6332657623796969
10400,10400,-0.5000018222305269
10401,10401,-0.7327037784486414
10402,10402,-0.6305767451824114
10403,10403,-0.93549025974899
10404,10404,-0.8695424144200565
10405,10405,-0.8442489510991766
10406,10406,-0.6035483344392976
10407,10407,-0.22807499839346024
10408,10408,-0.7218755837380844
10409,10409,-0.7756862662223742
10410,10410,-0.7972918558218911
10411,10411,-0.93549025974899
10412,10412,-0.5648396926916388
10413,10413,-0.8086984374295874
10414,10414,-0.7413841900369693
10415,10415,-0.7940921281408055
10416,10416,-0.5513955601147433
10417,10417,-0.9095690306797497
10418,10418,-0.93549025974899
10419,10419,-0.9268410441043446
10420,10420,-0.7738295908488784
10421,10421,-0.5188227857069396
10422,10422,-0.5181095631785149
10423,10423,-0.8444327819188207
10424,10424,-0.742597853963165
10425,10425,-0.5528464513843958
10426,10426,-0.93549025974899
10427,10427,-0.564751927308528
10428,10428,-0.5684255104100249
10429,10429,-0.93549025974899
10430,10430,-0.807248427139605
10431,10431,-0.5754500186445828
10432,10432,-0.7189096790357219
10433,10433,-0.5877772998324851
10434,10434,-0.233010106249516
10435,10435,-0.761378435604593
10436,10436,-0.7052754079478252
10437,10437,-0.93549025974899
10438,10438,-0.4885937047604063
10439,10439,-0.6229490693445872
10440,10440,-0.3548433096008101
10441,10441,-0.7418751915017783
10442,10442,-0.4839516853971687
10443,10443,-0.5558932042905713
10444,10444,-0.9000975912360971
10445,10445,-0.6353010275206863
10446,10446,-0.3290073610858659
10447,10447,-0.6478892464501005
10448,10448,-0.93549025974899
10449,10449,-0.6180243425866028
10450,10450,-0.684099883368491
10451,10451,-0.93549025974899
10452,10452,-0.8528656133041341
10453,10453,-0.8537812167847569
10454,10454,-0.7071008115729072
10455,10455,-0.769266639128265
10456,10456,-0.93549025974899
10457,10457,-0.4102937850963273
10458,10458,-0.618748646429923
10459,10459,-0.49931182655062756
10460,10460,-0.825337160958739
10461,10461,-0.6780688749709274
10462,10462,-0.5698675759819061
10463,10463,-0.93549025974899
10464,10464,-0.755825661952338
10465,10465,-0.5017712196614657
10466,10466,-0.5852828851309884
10467,10467,-0.22161091065236072
10468,10468,-0.5066792069188182
10469,10469,-0.4947554217584784
10470,10470,-0.93549025974899
10471,10471,-0.8074162644465321
10472,10472,-0.8003251513144285
10473,10473,-0.8757773871549137
10474,10474,-0.8734401707591832
10475,10475,-0.6869669165686378
10476,10476,-0.6174492030417245
10477,10477,-0.7075968246345656
10478,10478,-0.44385503810237026
10479,10479,-0.673144140140538
10480,10480,-0.8422382498494745
10481,10481,-0.93549025974899
10482,10482,-0.6515621522564974
10483,10483,-0.7279258056192237
10484,10484,-0.411331113215363
10485,10485,-0.93549025974899
10486,10486,-0.49094806329642937
10487,10487,-0.1531629669963568
10488,10488,-0.6750000799315092
10489,10489,-0.8680121505445744
10490,10490,-0.6277214500625838
10491,10491,-0.7986442681743444
10492,10492,-0.7441538930063007
10493,10493,-0.6765435402581375
10494,10494,-0.6662014334395128
10495,10495,-0.7485266041545238
10496,10496,-0.6526978866429296
10497,10497,-0.7914876430725304
10498,10498,-0.6637414567741473
10499,10499,-0.6581196488641083
10500,10500,-0.6255005601504493
10501,10501,-0.2688131407169081
10502,10502,-0.8300434930948999
10503,10503,-0.93549025974899
10504,10504,-0.5087039655340106
10505,10505,-0.5838583963852475
10506,10506,-0.7858765579555769
10507,10507,-0.48365539677741254
10508,10508,-0.93549025974899
10509,10509,-0.6457738411159433
10510,10510,-0.7676982906169094
10511,10511,-0.8333444705722037
10512,10512,-0.93549025974899
10513,10513,-0.49359579941998
10514,10514,-0.34035452635753716
10515,10515,-0.8837407928848542
10516,10516,-0.581377936699214
10517,10517,-0.50635627495206
10518,10518,-0.5172262400752317
10519,10519,-0.9329430777250725
10520,10520,-0.93549025974899
10521,10521,-0.5051887112657951
10522,10522,-0.93549025974899
10523,10523,-0.6830434748892351
10524,10524,-0.5664234949822635
10525,10525,-0.6498334626293456
10526,10526,-0.5753802569924069
10527,10527,-0.43474932902465824
10528,10528,-0.7921291664043792
10529,10529,-0.6527602196488864
10530,10530,-0.17088066557519754
10531,10531,-0.93549025974899
10532,10532,-0.8356833320462318
10533,10533,-0.6414186299538205
10534,10534,-0.14708414214652255
10535,10535,-0.6008449964335298
10536,10536,-0.6470197208311124
10537,10537,-0.636302370888453
10538,10538,-0.7495954490145813
10539,10539,-0.47754103312420604
10540,10540,-0.6666519604042982
10541,10541,-0.93549025974899
10542,10542,-0.8415782993658372
10543,10543,-0.93549025974899
10544,10544,-0.5048012134264201
10545,10545,-0.8866760355322079
10546,10546,-0.8466815944214776
10547,10547,-0.6417544264624997
10548,10548,-0.8185557097187388
10549,10549,-0.329940145092964
10550,10550,-0.93549025974899
10551,10551,-0.8804471998823846
10552,10552,-0.8849012555488756
10553,10553,-0.44149518619663164
10554,10554,-0.439021292639874
10555,10555,-0.6152513049270301
10556,10556,-0.8209625999463697
10557,10557,-0.34419875808904443
10558,10558,-0.7567646428114934
10559,10559,-0.525299133952219
10560,10560,-0.8218815091144656
10561,10561,-0.723450386712722
10562,10562,-0.48982599559250417
10563,10563,-0.53046236990212
10564,10564,-0.7260571672276548
10565,10565,-0.8569461721835125
10566,10566,-0.93549025974899
10567,10567,-0.7181984631405136
10568,10568,-0.9298663237030826
10569,10569,-0.6401849257228207
10570,10570,-0.22135676037337662
10571,10571,-0.37240678051689
10572,10572,-0.7540112215742489
10573,10573,-0.7738171742588413
10574,10574,-0.5879386746125626
10575,10575,-0.7975414806579995
10576,10576,-0.8631938752514987
10577,10577,-0.8652069214250027
10578,10578,-0.8974703059855873
10579,10579,-0.679669070399715
10580,10580,-0.6011936087661045
10581,10581,-0.7333287713241692
10582,10582,-0.5542339169827781
10583,10583,-0.4678251412189116
10584,10584,-0.6250097238377936
10585,10585,-0.42654988067357813
10586,10586,-0.5989663531204386
10587,10587,-0.6552901100332065
10588,10588,-0.93549025974899
10589,10589,-0.8262139640710942
10590,10590,-0.93549025974899
10591,10591,-0.93549025974899
10592,10592,-0.7087884036443626
10593,10593,-0.7733599894228522
10594,10594,-0.7617164354454662
10595,10595,-0.3480483505657084
10596,10596,-0.93549025974899
10597,10597,-0.6288920396843949
10598,10598,-0.7944055847089846
10599,10599,-0.93549025974899
10600,10600,-0.5195600299805236
10601,10601,-0.93549025974899
10602,10602,-0.5037909270510554
10603,10603,-0.7993868123646184
10604,10604,-0.7277538325592889
10605,10605,-0.8869183490843291
10606,10606,-0.5655329905119975
10607,10607,-0.7880661452592825
10608,10608,-0.7481186489564102
10609,10609,-0.873114983481944
10610,10610,-0.93549025974899
10611,10611,-0.7957930997222213
10612,10612,-0.470974846843599
10613,10613,-0.5269499956106949
10614,10614,-0.44402841270845705
10615,10615,-0.8404594770569851
10616,10616,-0.93549025974899
10617,10617,-0.7834463361371053
10618,10618,-0.93549025974899
10619,10619,-0.93549025974899
10620,10620,-0.8611193749228381
10621,10621,-0.6614419335711208
10622,10622,-0.7600642334672969
10623,10623,-0.7664518989837532
10624,10624,-0.83245261984891
10625,10625,-0.739224889780532
10626,10626,-0.8419904377538945
10627,10627,-0.821938046923508
10628,10628,-0.4949437991699899
10629,10629,-0.7225450927210666
10630,10630,-0.4031035369090188
10631,10631,-0.75869349452927
10632,10632,-0.5847947537841414
10633,10633,-0.3168698502380529
10634,10634,-0.5226795290313024
10635,10635,-0.7848662105466993
10636,10636,-0.8929766924201843
10637,10637,-0.93549025974899
10638,10638,-0.9062337724068961
10639,10639,-0.7891750337383918
10640,10640,-0.5363750152417541
10641,10641,-0.8091334748395287
10642,10642,-0.93549025974899
10643,10643,-0.7150023189105958
10644,10644,-0.6842409261082185
10645,10645,-0.93549025974899
10646,10646,-0.46662884275784283
10647,10647,-0.5682102049684534
10648,10648,-0.5399461712893938
10649,10649,-0.93549025974899
10650,10650,-0.93549025974899
10651,10651,-0.28046675910471386
10652,10652,-0.7878463234958168
10653,10653,-0.47638825193006307
10654,10654,-0.6202781474544175
10655,10655,-0.7367764610446557
10656,10656,-0.6296054852529398
10657,10657,-0.8040720200885012
10658,10658,-0.2166894142677851
10659,10659,-0.6134595709216217
10660,10660,-0.6325050933519449
10661,10661,-0.539472473635394
10662,10662,-0.5007579301434739
10663,10663,-0.24462061907425614
10664,10664,-0.7763597219373715
10665,10665,-0.6274867705793472
10666,10666,-0.5462634079740987
10667,10667,-0.6547394097469681
10668,10668,-0.8077524562766758
10669,10669,-0.676705334944609
10670,10670,-0.4324783252595257
10671,10671,-0.6911123023439263
10672,10672,-0.5621480131020551
10673,10673,-0.6102067713528516
10674,10674,-0.7481441823259622
10675,10675,-0.8298378982725882
10676,10676,-0.8119587489785207
10677,10677,-0.93549025974899
10678,10678,-0.7657067273514784
10679,10679,-0.732252002870446
10680,10680,-0.9104730309315734
10681,10681,-0.9148386726959679
10682,10682,-0.7336915077790085
10683,10683,-0.662924309963353
10684,10684,-0.5802045241630212
10685,10685,-0.36453895262138225
10686,10686,-0.93549025974899
10687,10687,-0.30136837099246216
10688,10688,-0.7508423732831009
10689,10689,-0.5430596936864962
10690,10690,-0.5529575326453977
10691,10691,-0.93549025974899
10692,10692,-0.6979701725228598
10693,10693,-0.6898919550424356
10694,10694,-0.7358931276277421
10695,10695,-0.32029748703807037
10696,10696,-0.7456732211914687
10697,10697,-0.93549025974899
10698,10698,-0.47953950987803495
10699,10699,-0.46277595803267424
10700,10700,-0.9077629402673555
10701,10701,-0.93549025974899
10702,10702,-0.8162056866357865
10703,10703,-0.664024447114091
10704,10704,-0.33349573528531273
10705,10705,-0.42314523262935666
10706,10706,-0.3898709270955667
10707,10707,-0.5991553114939059
10708,10708,-0.7747697820100132
10709,10709,-0.93549025974899
10710,10710,-0.6073181595212773
10711,10711,-0.8620101123824373
10712,10712,-0.93549025974899
10713,10713,-0.5465606741545148
10714,10714,-0.93549025974899
10715,10715,-0.7692916715455613
10716,10716,-0.93549025974899
10717,10717,-0.321606641614256
10718,10718,-0.8324434654226742
10719,10719,-0.93549025974899
10720,10720,-0.6811452085411318
10721,10721,-0.9044167731522297
10722,10722,-0.4276906260896851
10723,10723,-0.93549025974899
10724,10724,-0.5372743785329792
10725,10725,-0.8738352218714116
10726,10726,-0.5543362591063965
10727,10727,-0.93549025974899
10728,10728,-0.8867566950862216
10729,10729,-0.8886569153133639
10730,10730,-0.3369330701402653
10731,10731,-0.6333614528568479
10732,10732,-0.6507367414486342
10733,10733,-0.93549025974899
10734,10734,-0.5537750925826459
10735,10735,-0.93549025974899
10736,10736,-0.8513843804915453
10737,10737,-0.33992540257763615
10738,10738,-0.3975097593503065
10739,10739,-0.6603989045041274
10740,10740,-0.9081621723570255
10741,10741,-0.4075699185651249
10742,10742,-0.466968121667984
10743,10743,-0.6616657469016562
10744,10744,-0.5735875217097153
10745,10745,-0.5363287218441095
10746,10746,-0.7046816885939577
10747,10747,-0.7673483996303538
10748,10748,-0.5809603773086724
10749,10749,-0.5026974687937713
10750,10750,-0.7325367289923186
10751,10751,-0.6698519441625184
10752,10752,-0.7143924664106454
10753,10753,-0.9079450268021976
10754,10754,-0.93549025974899
10755,10755,-0.46577222602601004
10756,10756,-0.7702711002529625
10757,10757,-0.7027112905997512
10758,10758,-0.6358180734786352
10759,10759,-0.8700769624654257
10760,10760,-0.8581820879707625
10761,10761,-0.7502968444605234
10762,10762,-0.5167812617660577
10763,10763,-0.6848717907667083
10764,10764,-0.6244712516818343
10765,10765,-0.93549025974899
10766,10766,-0.8839861853732636
10767,10767,-0.93549025974899
10768,10768,-0.6269905986206314
10769,10769,-0.6783401266435654
10770,10770,-0.3418541857972692
10771,10771,-0.6218752300510779
10772,10772,-0.6812345852687987
10773,10773,-0.7552237234417909
10774,10774,-0.7520340307127871
10775,10775,-0.9186675761080956
10776,10776,-0.5601054142083055
10777,10777,-0.93549025974899
10778,10778,-0.7419513610102975
10779,10779,-0.787762701820629
10780,10780,-0.93549025974899
10781,10781,-0.697848307265847
10782,10782,-0.2843780846685693
10783,10783,-0.8664653745491684
10784,10784,-0.6233547499367553
10785,10785,-0.6650314318452164
10786,10786,-0.6676538553891831
10787,10787,-0.572308383926984
10788,10788,-0.9166965046449338
10789,10789,-0.6654295276427007
10790,10790,-0.3351079127915888
10791,10791,-0.8494844092462301
10792,10792,-0.8711540466585177
10793,10793,-0.38117244416070273
10794,10794,-0.8044137592806244
10795,10795,-0.6070997070074018
10796,10796,-0.4719234392231346
10797,10797,-0.7861699401420914
10798,10798,-0.5909762410743902
10799,10799,-0.561526510995153
10800,10800,-0.8580995819376156
10801,10801,-0.8282027476683584
10802,10802,-0.901474287454592
10803,10803,-0.7249483629694176
10804,10804,-0.93549025974899
10805,10805,-0.93549025974899
10806,10806,-0.8963595661285417
10807,10807,-0.7681133897766337
10808,10808,-0.48793598201894106
10809,10809,-0.93549025974899
10810,10810,-0.4556875405257177
10811,10811,-0.6795490447053343
10812,10812,-0.93549025974899
10813,10813,-0.8552735982300153
10814,10814,-0.7654312566188004
10815,10815,-0.5980959743418328
10816,10816,-0.5700615240630942
10817,10817,-0.93549025974899
10818,10818,-0.5941807294048864
10819,10819,-0.6830617350569828
10820,10820,-0.65710077712688
10821,10821,-0.09327495557826596
10822,10822,-0.7072108148911163
10823,10823,-0.5908594046701663
10824,10824,-0.6686136694356222
10825,10825,-0.93549025974899
10826,10826,-0.4309931470503958
10827,10827,-0.6220413008571946
10828,10828,-0.9000743734121421
10829,10829,-0.8413902127802722
10830,10830,-0.43741328337053353
10831,10831,-0.42969211460631485
10832,10832,-0.6920725282715559
10833,10833,-0.655970424058987
10834,10834,-0.22732812850243977
10835,10835,-0.6897755925073401
10836,10836,-0.93549025974899
10837,10837,-0.8375324747631794
10838,10838,-0.41757088940704
10839,10839,-0.5829394078678569
10840,10840,-0.5024224526848742
10841,10841,-0.726325807422235
10842,10842,-0.7156599312748035
10843,10843,-0.5470204441739122
10844,10844,-0.6292988295125088
10845,10845,-0.6872132227528205
10846,10846,-0.867138804687885
10847,10847,-0.3836813364922773
10848,10848,-0.6873420924296916
10849,10849,-0.9270057261084208
10850,10850,-0.5607388016568695
10851,10851,-0.8023807684744533
10852,10852,-0.810375054688949
10853,10853,-0.22406206477435697
10854,10854,-0.9080261054297409
10855,10855,-0.6395039512927543
10856,10856,-0.9114203104832956
10857,10857,-0.4682638376316621
10858,10858,-0.7130167291746492
10859,10859,-0.21847966377593941
10860,10860,-0.93549025974899
10861,10861,-0.5920165216301432
10862,10862,-0.48881674350318294
10863,10863,-0.5559352599197371
10864,10864,-0.9027652303321112
10865,10865,-0.8587045812720806
10866,10866,-0.93549025974899
10867,10867,-0.8835119265658911
10868,10868,-0.8563878259522699
10869,10869,-0.7155697111473458
10870,10870,-0.8683471223368997
10871,10871,-0.7008681949620144
10872,10872,-0.8265797993870141
10873,10873,-0.7362360372526613
10874,10874,-0.8285143630265157
10875,10875,-0.801316286432229
10876,10876,-0.38787921402226033
10877,10877,-0.3116245926005061
10878,10878,-0.93549025974899
10879,10879,-0.6903418867700228
10880,10880,-0.6639352240849306
10881,10881,-0.7485720225646606
10882,10882,-0.6603115789104539
10883,10883,-0.5802033833351445
10884,10884,-0.6097846224325298
10885,10885,-0.93549025974899
10886,10886,-0.7286919120954938
10887,10887,-0.6788201086496901
10888,10888,-0.7676556411714959
10889,10889,-0.6810718132711884
10890,10890,-0.7011306078145072
10891,10891,-0.630454810482961
10892,10892,-0.6359793400175935
10893,10893,-0.3617647139842952
10894,10894,-0.5877839661797513
10895,10895,-0.31797636335666946
10896,10896,-0.8927201492745827
10897,10897,-0.93549025974899
10898,10898,-0.4834530675299772
10899,10899,-0.7055705648043489
10900,10900,-0.8814455926064468
10901,10901,-0.6554642485750097
10902,10902,-0.93549025974899
10903,10903,-0.7642268337880029
10904,10904,-0.93549025974899
10905,10905,-0.93549025974899
10906,10906,-0.9125416273960685
10907,10907,-0.7528869019452777
10908,10908,-0.9307053179379245
10909,10909,-0.5146936444155195
10910,10910,-0.8032323622779813
10911,10911,-0.6817718076268466
10912,10912,-0.7464440376587795
10913,10913,-0.93549025974899
10914,10914,-0.7991513634647749
10915,10915,-0.5169294330606662
10916,10916,-0.7655458045149324
10917,10917,-0.6290820646254147
10918,10918,-0.42110346882936156
10919,10919,-0.7469095513283168
10920,10920,-0.6675479493438274
10921,10921,-0.8814070143206187
10922,10922,-0.4109546936690922
10923,10923,-0.14474584152423953
10924,10924,-0.49520801275070214
10925,10925,-0.3883247689563962
10926,10926,-0.8261944081174768
10927,10927,-0.93549025974899
10928,10928,-0.523991819067831
10929,10929,-0.6902229172436325
10930,10930,-0.8488003865183149
10931,10931,-0.93549025974899
10932,10932,-0.8925505522235131
10933,10933,-0.6786497848991679
10934,10934,-0.8142447486513511
10935,10935,-0.93549025974899
10936,10936,-0.93549025974899
10937,10937,-0.607776243721549
10938,10938,-0.3017848796856981
10939,10939,-0.5780882863974193
10940,10940,-0.44868517279391446
10941,10941,-0.6363970550951468
10942,10942,-0.7599708854125016
10943,10943,-0.8708333644909363
10944,10944,-0.6134153006363086
10945,10945,-0.4936246536066875
10946,10946,-0.93549025974899
10947,10947,-0.93549025974899
10948,10948,-0.8210176828713323
10949,10949,-0.2491166721216982
10950,10950,-0.495755204864505
10951,10951,-0.5964069630976638
10952,10952,-0.47677860521658033
10953,10953,-0.7645008421833452
10954,10954,-0.9097042289951709
10955,10955,-0.3506622754580051
10956,10956,-0.7434764539287144
10957,10957,-0.93549025974899
10958,10958,-0.22380756093619425
10959,10959,-0.93549025974899
10960,10960,-0.6465719483927135
10961,10961,-0.8993484196416492
10962,10962,-0.526326373820476
10963,10963,-0.3922782212507241
10964,10964,-0.49676292170104297
10965,10965,-0.93549025974899
10966,10966,-0.9347427244303663
10967,10967,-0.8656394390819351
10968,10968,-0.670311290146147
10969,10969,-0.49353468697864855
10970,10970,-0.93549025974899
10971,10971,-0.6636346476937689
10972,10972,-0.7059042816234502
10973,10973,-0.7503269361490741
10974,10974,-0.6889007303007251
10975,10975,-0.93549025974899
10976,10976,-0.7995000653380124
10977,10977,-0.675538117327692
10978,10978,-0.9232661402326361
10979,10979,-0.4906902920104361
10980,10980,-0.4568818307354072
10981,10981,-0.93549025974899
10982,10982,-0.4473408060076345
10983,10983,-0.6938544185949116
10984,10984,-0.93549025974899
10985,10985,-0.7470919218870975
10986,10986,-0.7039893715519838
10987,10987,-0.5794032454898019
10988,10988,-0.6272345386990654
10989,10989,-0.93549025974899
10990,10990,-0.9246282065073661
10991,10991,-0.7863844159526003
10992,10992,-0.3685781702698989
10993,10993,-0.5765136955857191
10994,10994,-0.3610667682378767
10995,10995,-0.93549025974899
10996,10996,-0.8009474648831318
10997,10997,-0.93549025974899
10998,10998,-0.612767731222009
10999,10999,-0.6626652692416606
11000,11000,-0.6121531678172971
11001,11001,-0.6914572157096988
11002,11002,-0.552497120718245
11003,11003,-0.5638799545277653
11004,11004,-0.5690874306885068
11005,11005,-0.6801648818262596
11006,11006,-0.93549025974899
11007,11007,-0.93549025974899
11008,11008,-0.43957409345638077
11009,11009,-0.6140771888543828
11010,11010,-0.5270788618017832
11011,11011,-0.9033108447416573
11012,11012,-0.7810032928593547
11013,11013,-0.6212005438057577
11014,11014,-0.34801173867335145
11015,11015,-0.93549025974899
11016,11016,-0.7414632127888048
11017,11017,-0.5467984920154496
11018,11018,-0.8549851689882093
11019,11019,-0.9248466687997965
11020,11020,-0.93549025974899
11021,11021,-0.93549025974899
11022,11022,-0.5156934491391372
11023,11023,-0.8173960871366894
11024,11024,-0.7734172438599902
11025,11025,-0.752356388326465
11026,11026,-0.5981604984983679
11027,11027,-0.2741129051492024
11028,11028,-0.7849896053083629
11029,11029,-0.93549025974899
11030,11030,-0.5645503285347537
11031,11031,-0.6158512950734139
11032,11032,-0.7489527831565432
11033,11033,-0.9132413637718972
11034,11034,-0.93549025974899
11035,11035,-0.8484583707726081
11036,11036,-0.93549025974899
11037,11037,-0.8341130871421232
11038,11038,-0.9235911996104509
11039,11039,-0.8546612072349138
11040,11040,-0.8154253649765657
11041,11041,-0.383297086999293
11042,11042,-0.6654324434515164
11043,11043,-0.5170104377523632
11044,11044,-0.8595328266870954
11045,11045,-0.9212516031156213
11046,11046,-0.7153250683078483
11047,11047,-0.6162112688100141
11048,11048,-0.8857115940747082
11049,11049,-0.93549025974899
11050,11050,-0.7272642267300444
11051,11051,-0.93549025974899
11052,11052,-0.4215111773856428
11053,11053,-0.1864463750450267
11054,11054,-0.6234913029234725
11055,11055,-0.6764876600628469
11056,11056,-0.8804723355345381
11057,11057,-0.93549025974899
11058,11058,-0.5477545763053104
11059,11059,-0.4285564341715009
11060,11060,-0.7289484190880557
11061,11061,-0.5823653699142515
11062,11062,-0.7716420918914721
11063,11063,-0.333993329480029
11064,11064,-0.6412903383562707
11065,11065,-0.93549025974899
11066,11066,-0.5120787121017578
11067,11067,-0.769963662173355
11068,11068,-0.6873143363300915
11069,11069,-0.7036516269592497
11070,11070,-0.8004671888438999
11071,11071,-0.5764400615026979
11072,11072,-0.4830030293345874
11073,11073,-0.93549025974899
11074,11074,-0.93549025974899
11075,11075,-0.5403701686147091
11076,11076,-0.93549025974899
11077,11077,-0.93549025974899
11078,11078,-0.5344986895043409
11079,11079,-0.93549025974899
11080,11080,-0.33874060893982305
11081,11081,-0.93549025974899
11082,11082,-0.93549025974899
11083,11083,-0.7497610775139396
11084,11084,-0.37600131141412163
11085,11085,-0.93549025974899
11086,11086,-0.5655439349059268
11087,11087,-0.7611391989566716
11088,11088,-0.8125602596147576
11089,11089,-0.93549025974899
11090,11090,-0.93549025974899
11091,11091,-0.5865374657266003
11092,11092,-0.8268335144278822
11093,11093,-0.30256787219145487
11094,11094,-0.5793081240374711
11095,11095,-0.6796951365968091
11096,11096,-0.8498085744470263
11097,11097,-0.47757058070999747
11098,11098,-0.876166154718776
11099,11099,-0.6988120155401933
11100,11100,-0.523983285903757
11101,11101,-0.7924515362689313
11102,11102,-0.36523833297384733
11103,11103,-0.5992887870228447
11104,11104,-0.8223420819987552
11105,11105,-0.626066677823248
11106,11106,-0.6472256515874051
11107,11107,-0.93549025974899
11108,11108,-0.6629855376283196
11109,11109,-0.8505262898966137
11110,11110,-0.5024284780024146
11111,11111,-0.7189516241568619
11112,11112,-0.5899656508672297
11113,11113,-0.7351172196824827
11114,11114,-0.9217973163671616
11115,11115,-0.93549025974899
11116,11116,-0.6366780338349347
11117,11117,-0.5694909876578524
11118,11118,-0.5952747755724808
11119,11119,-0.93549025974899
11120,11120,-0.6853402604554208
11121,11121,-0.09585217149484082
11122,11122,-0.7956579506661345
11123,11123,-0.639835766203035
11124,11124,-0.5524335136446474
11125,11125,-0.9134223440272269
11126,11126,-0.5982919950544385
11127,11127,-0.8565211037705822
11128,11128,-0.5001687234052898
11129,11129,-0.43870022113745577
11130,11130,-0.5324147820943517
11131,11131,-0.5980017479705069
11132,11132,-0.93549025974899
11133,11133,-0.20541965068571955
11134,11134,-0.6158828703574546
11135,11135,-0.8460956224728768
11136,11136,-0.93549025974899
11137,11137,-0.6742950746459986
11138,11138,-0.8062092261250342
11139,11139,-0.93549025974899
11140,11140,-0.7610093582785318
11141,11141,-0.93549025974899
11142,11142,-0.8613783962682877
11143,11143,-0.6186813985572321
11144,11144,-0.6856054745869233
11145,11145,-0.4855744917476912
11146,11146,-0.878476043069373
11147,11147,-0.46613634419389116
11148,11148,-0.6210756957589787
11149,11149,-0.8948557903793475
11150,11150,-0.6703955866114644
11151,11151,-0.41665614047533417
11152,11152,-0.8030270308898597
11153,11153,-0.643999323362161
11154,11154,-0.7046299617102001
11155,11155,-0.8450837274659495
11156,11156,-0.7042631878003434
11157,11157,-0.7777795113809027
11158,11158,-0.93549025974899
11159,11159,-0.7459811796383242
11160,11160,-0.6170481197312387
11161,11161,-0.9021239731048656
11162,11162,-0.4149121895374108
11163,11163,-0.6686501577170123
11164,11164,-0.4671331447294058
11165,11165,-0.8557539500903477
11166,11166,-0.25223232852488353
11167,11167,-0.8800726089091047
11168,11168,-0.8336809962846932
11169,11169,-0.8249877813430864
11170,11170,-0.9334816859353658
11171,11171,-0.6970217534720327
11172,11172,-0.819930012284722
11173,11173,-0.35862414480754445
11174,11174,-0.47796347201683176
11175,11175,-0.5713591769187212
11176,11176,-0.6185671192288744
11177,11177,-0.7473350230510825
11178,11178,-0.43970542251137523
11179,11179,-0.93549025974899
11180,11180,-0.34878233573900497
11181,11181,-0.6066227441849481
11182,11182,-0.5705751027536401
11183,11183,-0.16305892409177514
11184,11184,-0.7953426298332307
11185,11185,-0.748313630067452
11186,11186,-0.6887542064440471
11187,11187,-0.6210918763208273
11188,11188,-0.6844811060163991
11189,11189,-0.3306203562731316
11190,11190,-0.4363461065891361
11191,11191,-0.93549025974899
11192,11192,-0.8851398790912999
11193,11193,-0.93549025974899
11194,11194,-0.5845324664143914
11195,11195,-0.7141011192991478
11196,11196,-0.8044672622725173
11197,11197,-0.5405952637354421
11198,11198,-0.7905226162632619
11199,11199,-0.5282688052220426
11200,11200,-0.8516981599212716
11201,11201,-0.93549025974899
11202,11202,-0.4978136113638403
11203,11203,-0.6455236355256151
11204,11204,-0.3688499484726724
11205,11205,-0.9056847167677109
11206,11206,-0.7578911228076777
11207,11207,-0.6823090334713768
11208,11208,-0.797922712103162
11209,11209,-0.93549025974899
11210,11210,-0.93549025974899
11211,11211,-0.93549025974899
11212,11212,-0.93549025974899
11213,11213,-0.93549025974899
11214,11214,-0.5810837582334418
11215,11215,-0.5720203729990789
11216,11216,-0.5484446421274924
11217,11217,-0.7250979625020353
11218,11218,-0.6618357753315038
11219,11219,-0.8571328452033189
11220,11220,-0.4793400676952224
11221,11221,-0.6866009697590449
11222,11222,-0.7751750568048017
11223,11223,-0.8048999501265435
11224,11224,-0.881717871867183
11225,11225,-0.32157927007983256
11226,11226,-0.7667243181206302
11227,11227,-0.6415153228200872
11228,11228,-0.93549025974899
11229,11229,-0.629567391225283
11230,11230,-0.6577727357722445
11231,11231,-0.9033239485769275
11232,11232,-0.45721334565133986
11233,11233,-0.7317954181771444
11234,11234,-0.7453710931504975
11235,11235,-0.7091037932300015
11236,11236,-0.8902896630475201
11237,11237,-0.37161921552351274
11238,11238,-0.9167604336290882
11239,11239,-0.6901840318795056
11240,11240,-0.7805335214499856
11241,11241,-0.7251878861258731
11242,11242,-0.5805402419988628
11243,11243,-0.7945412596554782
11244,11244,-0.5044997253827503
11245,11245,-0.93549025974899
11246,11246,-0.8815940437037728
11247,11247,-0.5960746389809124
11248,11248,-0.56545739610943
11249,11249,-0.699754495243825
11250,11250,-0.5230262892684614
11251,11251,-0.7619496649458348
11252,11252,-0.8417136534780756
11253,11253,-0.6043421617518803
11254,11254,-0.6837288380244289
11255,11255,-0.5096358170062789
11256,11256,-0.7601575359789372
11257,11257,-0.5337156529907823
11258,11258,-0.6482635071823388
11259,11259,-0.6245094822818817
11260,11260,-0.6859170974654081
11261,11261,-0.6642412825285966
11262,11262,-0.7078068795596568
11263,11263,-0.7621380874454147
11264,11264,-0.601645041495722
11265,11265,-0.7366539925427844
11266,11266,-0.93549025974899
11267,11267,-0.7483425756043438
11268,11268,-0.8328422408913028
11269,11269,-0.5163293613615281
11270,11270,-0.5382371895358351
11271,11271,-0.93549025974899
11272,11272,-0.4494239303344649
11273,11273,-0.818922155307753
11274,11274,-0.9131146649850059
11275,11275,-0.9279371567165118
11276,11276,-0.93549025974899
11277,11277,-0.5004855061930158
11278,11278,-0.93549025974899
11279,11279,-0.6567699970009659
11280,11280,-0.9324222669348501
11281,11281,-0.8470321818994115
11282,11282,-0.7720562973696179
11283,11283,-0.717592547707909
11284,11284,-0.93549025974899
11285,11285,-0.524348834316557
11286,11286,-0.4210559087817334
11287,11287,-0.47892899020126833
11288,11288,-0.6545721738846044
11289,11289,-0.5525935326282192
11290,11290,-0.6570800904357732
11291,11291,-0.93549025974899
11292,11292,-0.7576324046491756
11293,11293,-0.769919823983038
11294,11294,-0.8078992925825066
11295,11295,-0.8927118264593936
11296,11296,-0.40659401723037414
11297,11297,-0.32668615815889446
11298,11298,-0.8134391007754402
11299,11299,-0.4898487554718489
11300,11300,-0.40351033888525656
11301,11301,-0.6048686127608285
11302,11302,-0.93549025974899
11303,11303,-0.8527004717146305
11304,11304,-0.6092318818620814
11305,11305,-0.4000105030202157
11306,11306,-0.4472249607249328
11307,11307,-0.7903562174499257
11308,11308,-0.772403041218702
11309,11309,-0.93549025974899
11310,11310,-0.41551926258337346
11311,11311,-0.5504406030003182
11312,11312,-0.6087328459787376
11313,11313,-0.6756962137036915
11314,11314,-0.8136271111391924
11315,11315,-0.674472773355733
11316,11316,-0.7157396760371206
11317,11317,-0.5833382571762034
11318,11318,-0.93549025974899
11319,11319,-0.9124147605228803
11320,11320,-0.8120110788175516
11321,11321,-0.44437989855274296
11322,11322,-0.6234095060014955
11323,11323,-0.6056310579989557
11324,11324,-0.47151358176281954
11325,11325,-0.93549025974899
11326,11326,-0.9059047565267555
11327,11327,-0.9227457154635079
11328,11328,-0.8188568952802644
11329,11329,-0.5464697402709717
11330,11330,-0.9132343312468549
11331,11331,-0.93549025974899
11332,11332,-0.93549025974899
11333,11333,-0.6799897280010558
11334,11334,-0.5878957988496527
11335,11335,-0.8644845909827996
11336,11336,-0.6849471780082901
11337,11337,-0.7620475312716781
11338,11338,-0.7171529151626377
11339,11339,-0.90080304717244
11340,11340,-0.7078851874925238
11341,11341,-0.7073536212136435
11342,11342,-0.5458396530039278
11343,11343,-0.93549025974899
11344,11344,-0.6990282445590541
11345,11345,-0.93549025974899
11346,11346,-0.8972244217859728
11347,11347,-0.5917575056477529
11348,11348,-0.93549025974899
11349,11349,-0.93549025974899
11350,11350,-0.4304117896524673
11351,11351,-0.5565469589574334
11352,11352,-0.470084362701515
11353,11353,-0.6126688053928593
11354,11354,-0.5609980692971295
11355,11355,-0.93549025974899
11356,11356,-0.93549025974899
11357,11357,-0.8974989375223075
11358,11358,-0.7065495834133788
11359,11359,-0.7424037370924061
11360,11360,-0.3848611767694923
11361,11361,-0.611209703660835
11362,11362,-0.2972964292941427
11363,11363,-0.5574479770853
11364,11364,-0.7141137224113017
11365,11365,-0.93549025974899
11366,11366,-0.5117307699867872
11367,11367,-0.93549025974899
11368,11368,-0.8211350135761908
11369,11369,-0.7089115790576148
11370,11370,-0.9188787726189407
11371,11371,-0.28478634887890486
11372,11372,-0.3833869094480691
11373,11373,-0.6629980342770523
11374,11374,-0.866720494100564
11375,11375,-0.3813580952891745
11376,11376,-0.5052845526563932
11377,11377,-0.40809355552013615
11378,11378,-0.5863688666004965
11379,11379,-0.93549025974899
11380,11380,-0.4623577263029639
11381,11381,-0.5967361334794763
11382,11382,-0.7480569704734652
11383,11383,-0.6501907583931175
11384,11384,-0.93549025974899
11385,11385,-0.42529742102023427
11386,11386,-0.8914313801739162
11387,11387,-0.5742333491343405
11388,11388,-0.43605200118915555
11389,11389,-0.7782033000234723
11390,11390,-0.48552569662418854
11391,11391,-0.93549025974899
11392,11392,-0.5861402865496785
11393,11393,-0.43662260457617563
11394,11394,-0.5276312991199639
11395,11395,-0.7500308367728028
11396,11396,-0.93549025974899
11397,11397,-0.92535491537617
11398,11398,-0.35172535458589893
11399,11399,-0.5025683019676084
11400,11400,-0.93549025974899
11401,11401,-0.636263435265791
11402,11402,-0.784300119819159
11403,11403,-0.93549025974899
11404,11404,-0.7595293229173627
11405,11405,-0.590857342008734
11406,11406,-0.5819496484634534
11407,11407,-0.6489389451587773
11408,11408,-0.5292659664056547
11409,11409,-0.4563792166677296
11410,11410,-0.8196747705350447
11411,11411,-0.7044369461080535
11412,11412,-0.791668993843837
11413,11413,-0.6917221030137615
11414,11414,-0.8769097932358125
11415,11415,-0.8408337945892175
11416,11416,-0.93549025974899
11417,11417,-0.7935299684348713
11418,11418,-0.93549025974899
11419,11419,-0.6223028691936623
11420,11420,-0.6607767706915642
11421,11421,-0.5316481770566117
11422,11422,-0.6609306107262558
11423,11423,-0.93549025974899
11424,11424,-0.4265634711423605
11425,11425,-0.5966515744686696
11426,11426,-0.6029966268634013
11427,11427,-0.93549025974899
11428,11428,-0.7659890389713997
11429,11429,-0.6942879233463533
11430,11430,-0.8806207666238386
11431,11431,-0.83426270038367
11432,11432,-0.7390329721819402
11433,11433,-0.6044822541270385
11434,11434,-0.6194557320104153
11435,11435,-0.3435751496136419
11436,11436,-0.7805535897656188
11437,11437,-0.6392349223344276
11438,11438,-0.5854558940255346
11439,11439,-0.40031646392072107
11440,11440,-0.6431405363392493
11441,11441,-0.6682635964356543
11442,11442,-0.40345012926268176
11443,11443,-0.7910192024431986
11444,11444,-0.8678969432474055
11445,11445,-0.93549025974899
11446,11446,-0.49198347391156005
11447,11447,-0.8564576954815948
11448,11448,-0.8927163275572614
11449,11449,-0.7417667258488407
11450,11450,-0.7449403436668014
11451,11451,-0.684738076770488
11452,11452,-0.93549025974899
11453,11453,-0.38545233787058386
11454,11454,-0.93549025974899
11455,11455,-0.8501934444094594
11456,11456,-0.93549025974899
11457,11457,-0.4819314104312653
11458,11458,-0.8766140190822149
11459,11459,-0.7142346865354288
11460,11460,-0.35854292557698564
11461,11461,-0.7589780984609185
11462,11462,-0.93549025974899
11463,11463,-0.7554005033526199
11464,11464,-0.8922193495636765
11465,11465,-0.4226609391832614
11466,11466,-0.7744495601052339
11467,11467,-0.5056995851488577
11468,11468,-0.47239497107978323
11469,11469,-0.5796392217948672
11470,11470,-0.6519865898187689
11471,11471,-0.801831853283776
11472,11472,-0.44806558047906897
11473,11473,-0.8165115577568987
11474,11474,-0.33604328060563127
11475,11475,-0.42135931481763755
11476,11476,-0.21988207993574438
11477,11477,-0.2516672242709146
11478,11478,-0.8052311891955117
11479,11479,-0.4025165265194889
11480,11480,-0.43346695314010664
11481,11481,-0.93549025974899
11482,11482,-0.932182807255062
11483,11483,-0.08310836200956517
11484,11484,-0.7785741143608504
11485,11485,-0.93549025974899
11486,11486,-0.3065250087343845
11487,11487,-0.6811512215802313
11488,11488,-0.722810399878302
11489,11489,-0.6301281767061155
11490,11490,-0.7929434352169018
11491,11491,-0.25845174958851935
11492,11492,-0.49213005307507274
11493,11493,-0.7967683866650113
11494,11494,-0.2831604608643943
11495,11495,-0.6011487687068282
11496,11496,-0.6748022872672994
11497,11497,-0.93549025974899
11498,11498,-0.6434003196267657
11499,11499,-0.93549025974899
11500,11500,-0.40961779263325937
11501,11501,-0.8319983686057029
11502,11502,-0.6494424864769854
11503,11503,-0.9256232940235396
11504,11504,-0.5204203962777072
11505,11505,-0.8651243987520392
11506,11506,-0.654315880955993
11507,11507,-0.8200795630175506
11508,11508,-0.6507233627267119
11509,11509,-0.8155060946629114
11510,11510,-0.93549025974899
11511,11511,-0.93549025974899
11512,11512,-0.7832860994542035
11513,11513,-0.5279776655321555
11514,11514,-0.285815065041064
11515,11515,-0.5193044678296292
11516,11516,-0.5199355365690579
11517,11517,-0.93549025974899
11518,11518,-0.7822612939655631
11519,11519,-0.9010130005161798
11520,11520,-0.5774911398566278
11521,11521,-0.6389190559293958
11522,11522,-0.6158172654431162
11523,11523,-0.93549025974899
11524,11524,-0.76648987142325
11525,11525,-0.7403576070051034
11526,11526,-0.93549025974899
11527,11527,-0.6179595439603691
11528,11528,-0.8068428620380281
11529,11529,-0.93549025974899
11530,11530,-0.93549025974899
11531,11531,-0.42337565940608
11532,11532,-0.6605592642264391
11533,11533,-0.7725578043679509
11534,11534,-0.9016949684337039
11535,11535,-0.2503321159616849
11536,11536,-0.6622675052690319
11537,11537,-0.4299244992447804
11538,11538,-0.6381319439248845
11539,11539,-0.7130853963454413
11540,11540,-0.93549025974899
11541,11541,-0.6217598339822974
11542,11542,-0.6709408338440017
11543,11543,-0.93549025974899
11544,11544,-0.7511155657534463
11545,11545,-0.8301887645958459
11546,11546,-0.7738561500546215
11547,11547,-0.8939288127230771
11548,11548,-0.6364727776754968
11549,11549,-0.7398168841528108
11550,11550,-0.93549025974899
11551,11551,-0.8304167842727885
11552,11552,-0.5522948650055923
11553,11553,-0.9310408287607892
11554,11554,-0.93549025974899
11555,11555,-0.7115761056334158
11556,11556,-0.7690357765237543
11557,11557,-0.93549025974899
11558,11558,-0.614192982539139
11559,11559,-0.5792696637913153
11560,11560,-0.8495104638077695
11561,11561,-0.8421547781173562
11562,11562,-0.5002214726204901
11563,11563,-0.6948538907561286
11564,11564,-0.8336466874374118
11565,11565,-0.93549025974899
11566,11566,-0.5412888326227723
11567,11567,-0.5890675961109726
11568,11568,-0.33710067618242734
11569,11569,-0.8709693286297355
11570,11570,-0.93549025974899
11571,11571,-0.93549025974899
11572,11572,-0.6287811284175948
11573,11573,-0.5212435098609838
11574,11574,-0.9293388861497256
11575,11575,-0.93549025974899
11576,11576,-0.567648108717766
11577,11577,-0.5862346166976895
11578,11578,-0.93549025974899
11579,11579,-0.7051292969512364
11580,11580,-0.93549025974899
11581,11581,-0.3674660377666439
11582,11582,-0.8646820463154246
11583,11583,-0.764016262728342
11584,11584,-0.854078008242789
11585,11585,-0.603799494356382
11586,11586,-0.6052895145794199
11587,11587,-0.7947216750977226
11588,11588,-0.8502774940551241
11589,11589,-0.6525790088650929
11590,11590,-0.5097600558182513
11591,11591,-0.5818625886290931
11592,11592,-0.6788420932015473
11593,11593,-0.93549025974899
11594,11594,-0.3725619403162015
11595,11595,-0.93549025974899
11596,11596,-0.5803412975126641
11597,11597,-0.9062924483808459
11598,11598,-0.7389497036204222
11599,11599,-0.680577289734579
11600,11600,-0.93549025974899
11601,11601,-0.6861242903530869
11602,11602,-0.7888109569895398
11603,11603,-0.4390427027507968
11604,11604,-0.24585443106045668
11605,11605,-0.5505393525061568
11606,11606,-0.43676983929860747
11607,11607,-0.9349991227382493
11608,11608,-0.8986788687102667
11609,11609,-0.6632565631008465
11610,11610,-0.7627614849623345
11611,11611,-0.3839498521213418
11612,11612,-0.38502301126550975
11613,11613,-0.5564819202790439
11614,11614,-0.93549025974899
11615,11615,-0.6246855934670794
11616,11616,-0.6966803138894484
11617,11617,-0.93549025974899
11618,11618,-0.93549025974899
11619,11619,-0.93549025974899
11620,11620,-0.5821659543614786
11621,11621,-0.7038306640457268
11622,11622,-0.6131790102873413
11623,11623,-0.7409641973288306
11624,11624,-0.9106199923719558
11625,11625,-0.93549025974899
11626,11626,-0.5274322999471117
11627,11627,-0.6778862730301274
11628,11628,-0.49853995785444205
11629,11629,-0.8892611627550231
11630,11630,-0.3657412856947815
11631,11631,-0.2845821166035485
11632,11632,-0.9325297788358036
11633,11633,-0.573750560439203
11634,11634,-0.603451920621696
11635,11635,-0.4815116476877841
11636,11636,-0.545422667044106
11637,11637,-0.93549025974899
11638,11638,-0.5778842541322877
11639,11639,-0.7567218070032489
11640,11640,-0.9141576581609634
11641,11641,-0.5633086268445169
11642,11642,-0.7921606108167811
11643,11643,-0.93549025974899
11644,11644,-0.610216401738322
11645,11645,-0.5456624465895068
11646,11646,-0.7507858373347975
11647,11647,-0.6394562000409856
11648,11648,-0.5640664511671645
11649,11649,-0.8130083476269636
11650,11650,-0.93549025974899
11651,11651,-0.6186468086502348
11652,11652,-0.4583453829485684
11653,11653,-0.93549025974899
11654,11654,-0.93549025974899
11655,11655,-0.878695238075311
11656,11656,-0.7417869344767958
11657,11657,-0.5942520991278322
11658,11658,-0.6159456674575825
11659,11659,-0.93549025974899
11660,11660,-0.5637056597249774
11661,11661,-0.6167915620651776
11662,11662,-0.5896771975559649
11663,11663,-0.3697974457993016
11664,11664,-0.6958676336405123
11665,11665,-0.8728726753661604
11666,11666,-0.43668231352984677
11667,11667,-0.5088302294116609
11668,11668,-0.93549025974899
11669,11669,-0.5715753384933593
11670,11670,-0.8084603674148827
11671,11671,-0.7070207619722897
11672,11672,-0.93549025974899
11673,11673,-0.7089788263208341
11674,11674,-0.7617795270633909
11675,11675,-0.8407545178855163
11676,11676,-0.8553240377544036
11677,11677,-0.93549025974899
11678,11678,-0.7712281842400106
11679,11679,-0.4599275515007051
11680,11680,-0.7056016512485463
11681,11681,-0.3159136290290854
11682,11682,-0.2068923240373568
11683,11683,-0.5561385729609349
11684,11684,-0.4294427602448767
11685,11685,-0.8989612176821993
11686,11686,-0.13904336366803907
11687,11687,-0.7368469667618207
11688,11688,-0.6296658287411461
11689,11689,-0.6060242987478279
11690,11690,-0.7864262790786416
11691,11691,-0.8974608902110095
11692,11692,-0.93549025974899
11693,11693,-0.6879572428496576
11694,11694,-0.48876867623948794
11695,11695,-0.2643547475230741
11696,11696,-0.93549025974899
11697,11697,-0.586604599823886
11698,11698,-0.7878828255530568
11699,11699,-0.93549025974899
11700,11700,-0.6336761505361554
11701,11701,-0.54537755960758
11702,11702,-0.2713907769665589
11703,11703,-0.93549025974899
11704,11704,-0.25559956229544767
11705,11705,-0.8867882678142998
11706,11706,-0.897099678954735
11707,11707,-0.8912380824250068
11708,11708,-0.6834343743706217
11709,11709,-0.93549025974899
11710,11710,-0.6431946651703839
11711,11711,-0.39043916384960653
11712,11712,-0.3301896001060687
11713,11713,-0.93549025974899
11714,11714,-0.5835145680894769
11715,11715,-0.5329137025365824
11716,11716,-0.884929997787788
11717,11717,-0.82381163469109
11718,11718,-0.8105479566309342
11719,11719,-0.7281502552319399
11720,11720,-0.6067317026802499
11721,11721,-0.5697008746897048
11722,11722,-0.93549025974899
11723,11723,-0.6447007769447399
11724,11724,-0.76915998600942
11725,11725,-0.7825964165050898
11726,11726,-0.93549025974899
11727,11727,-0.93549025974899
11728,11728,-0.7815122332205693
11729,11729,-0.5087938096033788
11730,11730,-0.93549025974899
11731,11731,-0.6778352360479989
11732,11732,-0.7463848644766475
11733,11733,-0.93549025974899
11734,11734,-0.4119930763826094
11735,11735,-0.7131531073407906
11736,11736,-0.5594442016222279
11737,11737,-0.8563250770041897
11738,11738,-0.93549025974899
11739,11739,-0.6814566761596215
11740,11740,-0.6124028828658101
11741,11741,-0.4948296766535325
11742,11742,-0.4153489652980995
11743,11743,-0.8915755434220092
11744,11744,-0.9186810213555976
11745,11745,-0.5649707861750137
11746,11746,-0.6390431061965955
11747,11747,-0.5383296834009244
11748,11748,-0.7055281699398286
11749,11749,-0.6327551415091541
11750,11750,-0.7342587451671694
11751,11751,-0.9162932306952634
11752,11752,-0.4769108447280832
11753,11753,-0.9260203568730621
11754,11754,-0.5512830738171264
11755,11755,-0.8464984245232365
11756,11756,-0.6553110168668077
11757,11757,-0.7525714309870768
11758,11758,-0.44170996906361104
11759,11759,-0.5916038935573855
11760,11760,-0.93549025974899
11761,11761,-0.8956582855569266
11762,11762,-0.93549025974899
11763,11763,-0.6308570828164939
11764,11764,-0.4253537578493116
11765,11765,-0.93549025974899
11766,11766,-0.8525045920404501
11767,11767,-0.9062238373705398
11768,11768,-0.5661542214673805
11769,11769,-0.93549025974899
11770,11770,-0.5190913537785016
11771,11771,-0.7834419717953445
11772,11772,-0.8919025708299344
11773,11773,-0.37704036979057065
11774,11774,-0.5493572348122289
11775,11775,-0.6788862239165656
11776,11776,-0.71002987917411
11777,11777,-0.6928336205124612
11778,11778,-0.5635576689777029
11779,11779,-0.6399317030495588
11780,11780,-0.7882401717997887
11781,11781,-0.93549025974899
11782,11782,-0.5910163091862888
11783,11783,-0.7763638281018252
11784,11784,-0.8772924087101774
11785,11785,-0.6575494479208377
11786,11786,-0.7025222157044144
11787,11787,-0.8972954662639587
11788,11788,-0.8076837217378898
11789,11789,-0.93549025974899
11790,11790,-0.5709480861049787
11791,11791,-0.813067299156808
11792,11792,-0.8053977607131948
11793,11793,-0.93549025974899
11794,11794,-0.93549025974899
11795,11795,-0.5688727381507364
11796,11796,-0.8539071851268503
11797,11797,-0.8376635551259426
11798,11798,-0.8641906710649039
11799,11799,-0.7364390190797998
11800,11800,-0.6681607653005006
11801,11801,-0.6864715563189101
11802,11802,-0.2621727780398909
11803,11803,-0.5974789853202154
11804,11804,-0.6536111356302516
11805,11805,-0.403349658605217
11806,11806,-0.93549025974899
11807,11807,-0.6777488858608525
11808,11808,-0.5648045390622247
11809,11809,-0.6043911187866957
11810,11810,-0.43286914553735667
11811,11811,-0.8498419367133625
11812,11812,-0.6191378344209149
11813,11813,-0.52996649195808
11814,11814,-0.7800015491362231
11815,11815,-0.7932221477625561
11816,11816,-0.93549025974899
11817,11817,-0.8944635472578888
11818,11818,-0.8418011484701537
11819,11819,-0.7386583914154876
11820,11820,-0.510626981037213
11821,11821,-0.8018059608513983
11822,11822,-0.676243876093686
11823,11823,-0.5496181026639597
11824,11824,-0.677144630496521
11825,11825,-0.7629637186044125
11826,11826,-0.4428191457298585
11827,11827,-0.6095037882344378
11828,11828,-0.863296348258773
11829,11829,-0.8669532395058646
11830,11830,-0.46669750858711856
11831,11831,-0.5766124788161346
11832,11832,-0.5594300505810392
11833,11833,-0.8125227984375147
11834,11834,-0.7308253378907992
11835,11835,-0.8272040603783815
11836,11836,-0.6476746399516777
11837,11837,-0.8538562048695759
11838,11838,-0.748573629334901
11839,11839,-0.6894785606196496
11840,11840,-0.31551762294363117
11841,11841,-0.93549025974899
11842,11842,-0.890699206138784
11843,11843,-0.6542791665437342
11844,11844,-0.7962617596338397
11845,11845,-0.6110643305061849
11846,11846,-0.6574429828917037
11847,11847,-0.4723406453072876
11848,11848,-0.7564261349654835
11849,11849,-0.3429018443763301
11850,11850,-0.6601429459176575
11851,11851,-0.48648683411401983
11852,11852,-0.641313894441403
11853,11853,-0.93549025974899
11854,11854,-0.44428812504516557
11855,11855,-0.93549025974899
11856,11856,-0.93549025974899
11857,11857,-0.6646969624121812
11858,11858,-0.8620018050233149
11859,11859,-0.5721921436761637
11860,11860,-0.5512817311338356
11861,11861,-0.7348426351475901
11862,11862,-0.6091970722060669
11863,11863,-0.93549025974899
11864,11864,-0.93549025974899
11865,11865,-0.6470029187035653
11866,11866,-0.8134532032951434
11867,11867,-0.6435439355738666
11868,11868,-0.5153775623030388
11869,11869,-0.93549025974899
11870,11870,-0.5816655549171834
11871,11871,-0.5028809621570591
11872,11872,-0.45736660865029144
11873,11873,-0.7508991722312022
11874,11874,-0.93549025974899
11875,11875,-0.45407727138145226
11876,11876,-0.7290402042718416
11877,11877,-0.7593323388992452
11878,11878,-0.5138905962850409
11879,11879,-0.93549025974899
11880,11880,-0.7238305858326957
11881,11881,-0.713587479557221
11882,11882,-0.8207685432866185
11883,11883,-0.5660780283552658
11884,11884,-0.93549025974899
11885,11885,-0.8516902522422676
11886,11886,-0.93549025974899
11887,11887,-0.7163748298923114
11888,11888,-0.7016295867921105
11889,11889,-0.798467319992108
11890,11890,-0.7930503518422327
11891,11891,-0.887607929067844
11892,11892,-0.8606724343709846
11893,11893,-0.682502708566533
11894,11894,-0.6610828315179607
11895,11895,-0.8072294764385806
11896,11896,-0.93549025974899
11897,11897,-0.6312177166995188
11898,11898,-0.93549025974899
11899,11899,-0.8187387392482215
11900,11900,-0.35602889634623347
11901,11901,-0.5516224390445235
11902,11902,-0.8062029486237812
11903,11903,-0.93549025974899
11904,11904,-0.6531373186855607
11905,11905,-0.7463157208623272
11906,11906,-0.93549025974899
11907,11907,-0.6118989288999757
11908,11908,-0.5877112117389647
11909,11909,-0.6229950662484303
11910,11910,-0.7002324375345452
11911,11911,-0.5757159437004322
11912,11912,-0.5865733382021308
11913,11913,-0.8738694848247679
11914,11914,-0.8245073026468166
11915,11915,-0.5793715533798309
11916,11916,-0.3709447227573097
11917,11917,-0.25403486846089507
11918,11918,-0.4664880977392419
11919,11919,-0.903669849222263
11920,11920,-0.8709624601230193
11921,11921,-0.7745970865724452
11922,11922,-0.8075803134541051
11923,11923,-0.6092017072147407
11924,11924,-0.6643252683358813
11925,11925,-0.5496475391777147
11926,11926,-0.8430675762799957
11927,11927,-0.8535578183519466
11928,11928,-0.6827317353664757
11929,11929,-0.7296456700837428
11930,11930,-0.9180147857616294
11931,11931,-0.8801573305765942
11932,11932,-0.39527880519021963
11933,11933,-0.8255309226154601
11934,11934,-0.93549025974899
11935,11935,-0.7967729456448502
11936,11936,-0.5887151957780645
11937,11937,-0.3679352184449147
11938,11938,-0.6085396870283155
11939,11939,-0.5846307471650807
11940,11940,-0.41398123327788605
11941,11941,-0.31754706232241725
11942,11942,-0.5299594518357971
11943,11943,-0.6679870299741708
11944,11944,-0.8768980108341342
11945,11945,-0.93549025974899
11946,11946,-0.8189999210751076
11947,11947,-0.93549025974899
11948,11948,-0.811982319578215
11949,11949,-0.4399295611206444
11950,11950,-0.7458758373033589
11951,11951,-0.397159449339064
11952,11952,-0.8033803070777044
11953,11953,-0.05480553905083685
11954,11954,-0.5863948683150575
11955,11955,-0.5077188417090017
11956,11956,-0.93549025974899
11957,11957,-0.6701600799018141
11958,11958,-0.5682813022374553
11959,11959,-0.7288133386230928
11960,11960,-0.8574403588132373
11961,11961,-0.343014807353081
11962,11962,-0.9293241357587068
11963,11963,-0.93549025974899
11964,11964,-0.93549025974899
11965,11965,-0.6233610870923236
11966,11966,-0.93549025974899
11967,11967,-0.769986581738431
11968,11968,-0.93549025974899
11969,11969,-0.833825100682235
11970,11970,-0.5765376708030843
11971,11971,-0.93549025974899
11972,11972,-0.93549025974899
11973,11973,-0.8828766650960933
11974,11974,-0.8369023339638382
11975,11975,-0.93549025974899
11976,11976,-0.93549025974899
11977,11977,-0.4689368386128252
11978,11978,-0.8229322435975508
11979,11979,-0.5137317157596968
11980,11980,-0.6575508877594594
11981,11981,-0.24599409695715524
11982,11982,-0.8492810417584042
11983,11983,-0.7825178914009374
11984,11984,-0.8678530565476752
11985,11985,-0.8447500460719723
11986,11986,-0.93549025974899
11987,11987,-0.7721552334997899
11988,11988,-0.6828883240292374
11989,11989,-0.711536394140035
11990,11990,-0.08470750986393094
11991,11991,-0.49188281948176504
11992,11992,-0.93549025974899
11993,11993,-0.93549025974899
11994,11994,-0.5846756794265406
11995,11995,-0.5206892685227906
11996,11996,-0.48425957346669435
11997,11997,-0.34909027976587836
11998,11998,-0.9162808393894739
11999,11999,-0.93549025974899
12000,12000,-0.5808592391386314
12001,12001,-0.7735864964788064
12002,12002,-0.606506969337703
12003,12003,-0.7430769035782454
12004,12004,-0.38393119498165973
12005,12005,-0.4869926618175211
12006,12006,-0.93549025974899
12007,12007,-0.3745178125464754
12008,12008,-0.8997192156840583
12009,12009,-0.7326980292672438
12010,12010,-0.5686514077916698
12011,12011,-0.93549025974899
12012,12012,-0.7075925546717379
12013,12013,-0.6336820779532459
12014,12014,-0.93549025974899
12015,12015,-0.605658844386312
12016,12016,-0.8899082255194344
12017,12017,-0.6464267705848474
12018,12018,-0.7212769550275713
12019,12019,-0.917964956900267
12020,12020,-0.93549025974899
12021,12021,-0.4548141203346976
12022,12022,-0.93549025974899
12023,12023,-0.93549025974899
12024,12024,-0.5094230311041521
12025,12025,-0.6292754877642484
12026,12026,-0.8314382926551733
12027,12027,-0.93549025974899
12028,12028,-0.8280837424286904
12029,12029,-0.7259950772004036
12030,12030,-0.1563312351394175
12031,12031,-0.9067561878203936
12032,12032,-0.551018273112378
12033,12033,-0.7073854445605878
12034,12034,-0.93549025974899
12035,12035,-0.93549025974899
12036,12036,-0.5551945672524159
12037,12037,-0.6682771018366687
12038,12038,-0.6370331960038431
12039,12039,-0.6670925984446416
12040,12040,-0.9241455595632164
12041,12041,-0.6225759801726305
12042,12042,-0.93549025974899
12043,12043,-0.3229600965471846
12044,12044,-0.894986946125389
12045,12045,-0.8911327671885267
12046,12046,-0.93549025974899
12047,12047,-0.4836529014664066
12048,12048,-0.672173981551655
12049,12049,-0.6491750401204772
12050,12050,-0.7283513041404213
12051,12051,-0.804072755564528
12052,12052,-0.6295345082506998
12053,12053,-0.7994365157643291
12054,12054,-0.8853335690505038
12055,12055,-0.7565332625166725
12056,12056,-0.704415794453439
12057,12057,-0.30086918527274875
12058,12058,-0.6319862556807312
12059,12059,-0.93549025974899
12060,12060,-0.2237845526101201
12061,12061,-0.5365866444647622
12062,12062,-0.501762668130969
12063,12063,-0.93549025974899
12064,12064,-0.267243106360731
12065,12065,-0.23572212222107425
12066,12066,-0.4492931286423474
12067,12067,-0.8497207586594602
12068,12068,-0.6112015447187762
12069,12069,-0.5762432168861
12070,12070,-0.6336904180194161
12071,12071,-0.5457963609249994
12072,12072,-0.26785655717202594
12073,12073,-0.6851908155817643
12074,12074,-0.5280296262816795
12075,12075,-0.8760802937909151
12076,12076,-0.5161177314653576
12077,12077,-0.5802598040830653
12078,12078,-0.93549025974899
12079,12079,-0.5334120958205522
12080,12080,-0.7801202984118039
12081,12081,-0.4478268852497056
12082,12082,-0.7699217691844797
12083,12083,-0.8307475368493762
12084,12084,-0.39109270477390545
12085,12085,-0.8090019974423317
12086,12086,-0.6733521677426246
12087,12087,-0.641168158131693
12088,12088,-0.5459381065196518
12089,12089,-0.6584579757124018
12090,12090,-0.5358946314994917
12091,12091,-0.93549025974899
12092,12092,-0.93549025974899
12093,12093,-0.7480095209761259
12094,12094,-0.3379029771047404
12095,12095,-0.5386308700307811
12096,12096,-0.93549025974899
12097,12097,-0.784711132020476
12098,12098,-0.818369000568282
12099,12099,-0.7826360860575257
12100,12100,-0.838040985786721
12101,12101,-0.5977703971907307
12102,12102,-0.5803213179603142
12103,12103,-0.4284783052272054
12104,12104,-0.4664599829332339
12105,12105,-0.7453302521975367
12106,12106,-0.93549025974899
12107,12107,-0.5028602147971619
12108,12108,-0.93549025974899
12109,12109,-0.2528747589579834
12110,12110,-0.8000386271141355
12111,12111,-0.23975331217390528
12112,12112,-0.93549025974899
12113,12113,-0.8235533101595429
12114,12114,-0.5267020511059322
12115,12115,-0.6562745362788576
12116,12116,-0.8752097181623419
12117,12117,-0.9031883473133906
12118,12118,-0.6403474708205934
12119,12119,-0.48576351046773825
12120,12120,-0.7172616157623057
12121,12121,-0.9176749949373608
12122,12122,-0.7333342032289512
12123,12123,-0.7566774284295441
12124,12124,-0.7176209851681339
12125,12125,-0.9279901109565447
12126,12126,-0.533945871746278
12127,12127,-0.48665189249459573
12128,12128,-0.8195198655360247
12129,12129,-0.7636772433844374
12130,12130,-0.93549025974899
12131,12131,-0.8831823842712154
12132,12132,-0.93549025974899
12133,12133,-0.6407471665583273
12134,12134,-0.8767426814007013
12135,12135,-0.6599937568273209
12136,12136,-0.49419751451909655
12137,12137,-0.7756650759498065
12138,12138,-0.7290340848143337
12139,12139,-0.7611943486061694
12140,12140,-0.3820508379095262
12141,12141,-0.8579253520343944
12142,12142,-0.6618379305636086
12143,12143,-0.93549025974899
12144,12144,-0.7367128954369608
12145,12145,-0.7200854409740103
12146,12146,-0.6075850834839915
12147,12147,-0.25225417072219125
12148,12148,-0.23458156384532636
12149,12149,-0.9180175068706422
12150,12150,-0.5795160301023774
12151,12151,-0.6832634658056946
12152,12152,-0.4386355215755344
12153,12153,-0.686726055134125
12154,12154,-0.93549025974899
12155,12155,-0.9018813091191937
12156,12156,-0.6805439680009773
12157,12157,-0.6387337833728726
12158,12158,-0.6414619920133369
12159,12159,-0.7929646414450602
12160,12160,-0.5987483842579753
12161,12161,-0.93549025974899
12162,12162,-0.93549025974899
12163,12163,-0.6303206539188473
12164,12164,-0.7508794369948664
12165,12165,-0.7295288102068174
12166,12166,-0.7816559526812856
12167,12167,-0.8829816766222098
12168,12168,-0.93549025974899
12169,12169,-0.93549025974899
12170,12170,-0.6746154122224315
12171,12171,-0.47007994565037237
12172,12172,-0.93549025974899
12173,12173,-0.84941746494707
12174,12174,-0.93549025974899
12175,12175,-0.8467296145187255
12176,12176,-0.5743579887610952
12177,12177,-0.587634933900631
12178,12178,-0.5583229387065902
12179,12179,-0.8198007486149894
12180,12180,-0.6550733671398223
12181,12181,-0.65011419347063
12182,12182,-0.93549025974899
12183,12183,-0.30185339505170106
12184,12184,-0.7794527900830932
12185,12185,-0.7251021587270774
12186,12186,-0.7702876421495617
12187,12187,-0.42189253291233086
12188,12188,-0.7405627484345576
12189,12189,-0.93549025974899
12190,12190,-0.7284412071886255
12191,12191,-0.8266015226906553
12192,12192,-0.40022851494758704
12193,12193,-0.93549025974899
12194,12194,-0.9231656803209365
12195,12195,-0.8567260678196096
12196,12196,-0.5662270786248969
12197,12197,-0.777783460038652
12198,12198,-0.7420131775258145
12199,12199,-0.93549025974899
12200,12200,-0.6570091889955059
12201,12201,-0.5015165242108979
12202,12202,-0.888562777830888
12203,12203,-0.8413440257080147
12204,12204,-0.93549025974899
12205,12205,-0.6933451572095795
12206,12206,-0.9069701601815794
12207,12207,-0.6470069810166343
12208,12208,-0.93549025974899
12209,12209,-0.93549025974899
12210,12210,-0.8249145750900428
12211,12211,-0.6356004279551204
12212,12212,-0.9244797817778547
12213,12213,-0.6046441036780426
12214,12214,-0.742582208626871
12215,12215,-0.93549025974899
12216,12216,-0.7680222201629139
12217,12217,-0.6637684770994738
12218,12218,-0.727694326036076
12219,12219,-0.93549025974899
12220,12220,-0.93549025974899
12221,12221,-0.8206664615307808
12222,12222,-0.6821730063333611
12223,12223,-0.7696705347112278
12224,12224,-0.6890228004760708
12225,12225,-0.9267871254589455
12226,12226,-0.7885979222421202
12227,12227,-0.906717767554726
12228,12228,-0.93549025974899
12229,12229,-0.9232402369533759
12230,12230,-0.4876905639825947
12231,12231,-0.93549025974899
12232,12232,-0.9294054444520743
12233,12233,-0.5753362565485762
12234,12234,-0.5999098229388711
12235,12235,-0.8494686364237971
12236,12236,-0.7177962092983581
12237,12237,-0.4777561702923272
12238,12238,-0.8438586172864646
12239,12239,-0.532928824717974
12240,12240,-0.7862527821059508
12241,12241,-0.3381992283947338
12242,12242,-0.7836136608956625
12243,12243,-0.47344958446593755
12244,12244,-0.93549025974899
12245,12245,-0.93549025974899
12246,12246,-0.5485269930993901
12247,12247,-0.93549025974899
12248,12248,-0.6600057203875398
12249,12249,-0.899828248543928
12250,12250,-0.93549025974899
12251,12251,-0.273683640993605
12252,12252,-0.7017243321684763
12253,12253,-0.93549025974899
12254,12254,-0.38400832098720805
12255,12255,-0.93549025974899
12256,12256,-0.849802084607326
12257,12257,-0.7278728003688606
12258,12258,-0.8443391245006087
12259,12259,-0.5939863916809749
12260,12260,-0.93549025974899
12261,12261,-0.93549025974899
12262,12262,-0.7536296761463408
12263,12263,-0.8280920837059114
12264,12264,-0.7970420780581158
12265,12265,-0.3684265565986937
12266,12266,-0.46066776486051175
12267,12267,-0.9287314557047797
12268,12268,-0.93549025974899
12269,12269,-0.21824192571881618
12270,12270,-0.7093134073304785
12271,12271,-0.4572970354936263
12272,12272,-0.8888939124063633
12273,12273,-0.5776971148184931
12274,12274,-0.823220793908721
12275,12275,-0.8310178102134849
12276,12276,-0.6016833552541989
12277,12277,-0.5499987657898822
12278,12278,-0.7772374171018601
12279,12279,-0.2897640684065217
12280,12280,-0.540902646522472
12281,12281,-0.580921671916359
12282,12282,-0.4966711426404036
12283,12283,-0.6972674717898872
12284,12284,-0.93549025974899
12285,12285,-0.5133861717361246
12286,12286,-0.5730825366143009
12287,12287,-0.7618882084874379
12288,12288,-0.3011538107857832
12289,12289,-0.8137236725755077
12290,12290,-0.5916340447528512
12291,12291,-0.893792319839708
12292,12292,-0.5412303769451854
12293,12293,-0.93549025974899
12294,12294,-0.6080482298478707
12295,12295,-0.6024242835154681
12296,12296,-0.7907874861525688
12297,12297,-0.716340701548221
12298,12298,-0.9087522130156334
12299,12299,-0.5697564262753176
12300,12300,-0.8375811521933691
12301,12301,-0.781258913012616
12302,12302,-0.7899776879795173
12303,12303,-0.5399340428985888
12304,12304,-0.93549025974899
12305,12305,-0.93549025974899
12306,12306,-0.9198633697906633
12307,12307,-0.6542440708290744
12308,12308,-0.29157494508196535
12309,12309,-0.93549025974899
12310,12310,-0.7092575377314354
12311,12311,-0.8433302455346237
12312,12312,-0.93549025974899
12313,12313,-0.54083570635337
12314,12314,-0.8074633858916247
12315,12315,-0.41434307283835814
12316,12316,-0.6341850280916859
12317,12317,-0.898326517862504
12318,12318,-0.8429712712639805
12319,12319,-0.8713905114516685
12320,12320,-0.4513859534620992
12321,12321,-0.5663831703453361
12322,12322,-0.7588758929210915
12323,12323,-0.93549025974899
12324,12324,-0.7722370058610881
12325,12325,-0.9351122595855532
12326,12326,-0.5611413505045935
12327,12327,-0.5587050137894156
12328,12328,-0.8944688022988032
12329,12329,-0.6820915035670598
12330,12330,-0.8018560928053411
12331,12331,-0.746590669149457
12332,12332,-0.7284653513340942
12333,12333,-0.6874744588983788
12334,12334,-0.93549025974899
12335,12335,-0.8347027353232495
12336,12336,-0.93549025974899
12337,12337,-0.9353395382074048
12338,12338,-0.826011581401076
12339,12339,-0.43148764395188666
12340,12340,-0.5985177460432514
12341,12341,-0.93549025974899
12342,12342,-0.8227246328929017
12343,12343,-0.93549025974899
12344,12344,-0.8269422437811276
12345,12345,-0.93549025974899
12346,12346,-0.793582952615175
12347,12347,-0.5939325878904675
12348,12348,-0.8003210164338146
12349,12349,-0.7604422225464091
12350,12350,-0.824023425753154
12351,12351,-0.6013627927060554
12352,12352,-0.8212452963641752
12353,12353,-0.8011957343661607
12354,12354,-0.7094414886822324
12355,12355,-0.4689710799519631
12356,12356,-0.6163938288570296
12357,12357,-0.34533288156430686
12358,12358,-0.7879189989727937
12359,12359,-0.93549025974899
12360,12360,-0.6151414961202466
12361,12361,-0.5263172944563466
12362,12362,-0.6104347995179982
12363,12363,-0.5237341005218354
12364,12364,-0.5495291462094856
12365,12365,-0.3988517152744464
12366,12366,-0.93549025974899
12367,12367,-0.93549025974899
12368,12368,-0.8523977599521437
12369,12369,-0.5337855565661531
12370,12370,-0.6426901465781079
12371,12371,-0.93549025974899
12372,12372,-0.93549025974899
12373,12373,-0.7652935696686747
12374,12374,-0.7166096437819736
12375,12375,-0.5330633656667807
12376,12376,-0.7274447138524227
12377,12377,-0.7226480316172754
12378,12378,-0.93549025974899
12379,12379,-0.880138869658655
12380,12380,-0.822042555511894
12381,12381,-0.1212996001985861
12382,12382,-0.93549025974899
12383,12383,-0.6727314006191776
12384,12384,-0.47886159343057955
12385,12385,-0.4769505715848883
12386,12386,-0.8829680394674373
12387,12387,-0.8351295089499224
12388,12388,-0.9128207387723144
12389,12389,-0.46497085467371235
12390,12390,-0.93549025974899
12391,12391,-0.93549025974899
12392,12392,-0.93549025974899
12393,12393,-0.6920191935353905
12394,12394,-0.93549025974899
12395,12395,-0.7215207567766004
12396,12396,-0.93549025974899
12397,12397,-0.3087243136534017
12398,12398,-0.93549025974899
12399,12399,-0.8914234054300554
12400,12400,-0.7711199624924383
12401,12401,-0.93549025974899
12402,12402,-0.93549025974899
12403,12403,-0.6802477966081373
12404,12404,-0.5018363285258332
12405,12405,-0.28301017340611345
12406,12406,-0.5951181574767421
12407,12407,-0.7913495382673901
12408,12408,-0.6516867567189255
12409,12409,-0.7869805904143057
12410,12410,-0.6143254679085874
12411,12411,-0.6351818183300839
12412,12412,-0.3317629033213976
12413,12413,-0.5054297063109292
12414,12414,-0.19978551824092694
12415,12415,-0.800059897062404
12416,12416,-0.44635302685478173
12417,12417,-0.93549025974899
12418,12418,-0.7624356798325671
12419,12419,-0.6826844609524336
12420,12420,-0.8204645551108687
12421,12421,-0.6716932693894115
12422,12422,-0.49068851428184423
12423,12423,-0.6897722808471691
12424,12424,-0.93549025974899
12425,12425,-0.9280793491515062
12426,12426,-0.572919541562289
12427,12427,-0.5009922103379019
12428,12428,-0.7691684235657821
12429,12429,-0.7051698077549737
12430,12430,-0.28702844897751767
12431,12431,-0.6181999602195027
12432,12432,-0.7257010785026274
12433,12433,-0.7347646516302753
12434,12434,-0.93549025974899
12435,12435,-0.8658073917578122
12436,12436,-0.6548365982832323
12437,12437,-0.7238703522465517
12438,12438,-0.7815224402012166
12439,12439,-0.9343313279282555
12440,12440,-0.6878346026564035
12441,12441,-0.6002540049638458
12442,12442,-0.93549025974899
12443,12443,-0.93549025974899
12444,12444,-0.8399963235868384
12445,12445,-0.25977043462951344
12446,12446,-0.5554629539970737
12447,12447,-0.93549025974899
12448,12448,-0.4519496606770943
12449,12449,-0.5643825144226895
12450,12450,-0.621829861770161
12451,12451,-0.93549025974899
12452,12452,-0.5424858460977267
12453,12453,-0.93549025974899
12454,12454,-0.46990618544647944
12455,12455,-0.684329750088148
12456,12456,-0.9225554610190052
12457,12457,-0.93549025974899
12458,12458,-0.93549025974899
12459,12459,-0.7105158472705924
12460,12460,-0.4161125885812744
12461,12461,-0.93549025974899
12462,12462,-0.5621831584475658
12463,12463,-0.4278071772187282
12464,12464,-0.3410020714762414
12465,12465,-0.8605079671487204
12466,12466,-0.8373128287649525
12467,12467,-0.5923863441669894
12468,12468,-0.8474093882643547
12469,12469,-0.4753692984940554
12470,12470,-0.9229787584626514
12471,12471,-0.47841362928843445
12472,12472,-0.622886188341143
12473,12473,-0.8553870064487104
12474,12474,-0.5953627764725589
12475,12475,-0.8288572048099532
12476,12476,-0.8450843061677666
12477,12477,-0.6273845543499377
12478,12478,-0.47865793126043255
12479,12479,-0.593081748036699
12480,12480,-0.7061970580243955
12481,12481,-0.875246336798746
12482,12482,-0.7395305485571146
12483,12483,-0.93549025974899
12484,12484,-0.8386201022380568
12485,12485,-0.6731319478095532
12486,12486,-0.8236230997131777
12487,12487,-0.93549025974899
12488,12488,-0.5553693587330302
12489,12489,-0.93549025974899
12490,12490,-0.7637298553228966
12491,12491,-0.616136003262783
12492,12492,-0.93549025974899
12493,12493,-0.6923655190964428
12494,12494,-0.93549025974899
12495,12495,-0.46495695104882273
12496,12496,-0.93549025974899
12497,12497,-0.33402348630564127
12498,12498,-0.7597065330443229
12499,12499,-0.6450929898210607
12500,12500,-0.93549025974899
12501,12501,-0.8011307030830768
12502,12502,-0.5019573980887597
12503,12503,-0.6615122368730031
12504,12504,-0.2773984264856555
12505,12505,-0.5237513240377485
12506,12506,-0.8222798394832189
12507,12507,-0.6317419027338236
12508,12508,-0.7723925148659294
12509,12509,-0.93549025974899
12510,12510,-0.5645094324138036
12511,12511,-0.93549025974899
12512,12512,-0.3153017599764767
12513,12513,-0.7061468045056731
12514,12514,-0.5652112717899826
12515,12515,-0.9104977660306943
12516,12516,-0.8440909159041485
12517,12517,-0.6771029821849481
12518,12518,-0.7433127383808245
12519,12519,-0.6387545684890519
12520,12520,-0.93549025974899
12521,12521,-0.802199694014762
12522,12522,-0.5899643545140609
12523,12523,-0.7548712004654252
12524,12524,-0.43532498002601017
12525,12525,-0.93549025974899
12526,12526,-0.7954457677850293
12527,12527,-0.93549025974899
12528,12528,-0.4962706079975092
12529,12529,-0.93549025974899
12530,12530,-0.6700248423394815
12531,12531,-0.859890088565523
12532,12532,-0.93549025974899
12533,12533,-0.3794636571316605
12534,12534,-0.8301577248337857
12535,12535,-0.8024753528199682
12536,12536,-0.7245755022416791
12537,12537,-0.8194535869637356
12538,12538,-0.93549025974899
12539,12539,-0.5522773943817634
12540,12540,-0.93549025974899
12541,12541,-0.5073609727843711
12542,12542,-0.93549025974899
12543,12543,-0.7812464775469614
12544,12544,-0.7969098751671257
12545,12545,-0.7005737628590119
12546,12546,-0.4065280578231416
12547,12547,-0.8146753054543368
12548,12548,-0.93549025974899
12549,12549,-0.6783094219490984
12550,12550,-0.7650747094670862
12551,12551,-0.5376817409941541
12552,12552,-0.8190843510742027
12553,12553,-0.7000286860970313
12554,12554,-0.93549025974899
12555,12555,-0.3816200576812201
12556,12556,-0.93549025974899
12557,12557,-0.3569264952639699
12558,12558,-0.39184063811867986
12559,12559,-0.398888450198998
12560,12560,-0.93549025974899
12561,12561,-0.8616995949718742
12562,12562,-0.5958581455835805
12563,12563,-0.47168914587039446
12564,12564,-0.7015963453913585
12565,12565,-0.8751987276248219
12566,12566,-0.5588419326463634
12567,12567,-0.37137868743601565
12568,12568,-0.8448196724297397
12569,12569,-0.7004643686765792
12570,12570,-0.5662614684231659
12571,12571,-0.9218865518665371
12572,12572,-0.5408948122370933
12573,12573,-0.7198799284071811
12574,12574,-0.24556459172949419
12575,12575,-0.6741787761348874
12576,12576,-0.8218276338642685
12577,12577,-0.4396116536483987
12578,12578,-0.7865302081828816
12579,12579,-0.37929118189810573
12580,12580,-0.6981259333946532
12581,12581,-0.93549025974899
12582,12582,-0.6807564256851268
12583,12583,-0.93549025974899
12584,12584,-0.8432055255514985
12585,12585,-0.5490450712267432
12586,12586,-0.8693782516834521
12587,12587,-0.93549025974899
12588,12588,-0.7336657538495572
12589,12589,-0.4631439589446984
12590,12590,-0.4486348333850021
12591,12591,-0.93549025974899
12592,12592,-0.6543334890358246
12593,12593,-0.93549025974899
12594,12594,-0.4769115155194835
12595,12595,-0.8133959173460159
12596,12596,-0.93549025974899
12597,12597,-0.8635309194734919
12598,12598,-0.6729193266956646
12599,12599,-0.6667659351417292
12600,12600,-0.9047462378992694
12601,12601,-0.93549025974899
12602,12602,-0.6939716206075364
12603,12603,-0.6595114588005035
12604,12604,-0.4453360727808935
12605,12605,-0.8626924074011288
12606,12606,-0.5380068461101022
12607,12607,-0.48686926380190876
12608,12608,-0.47690422803152765
12609,12609,-0.6770718551610475
12610,12610,-0.5962061517669444
12611,12611,-0.8523830048748824
12612,12612,-0.9211237570333299
12613,12613,-0.78170343939445
12614,12614,-0.93549025974899
12615,12615,-0.5984543123810315
12616,12616,-0.93549025974899
12617,12617,-0.6605436542747185
12618,12618,-0.7732097421411357
12619,12619,-0.8049567175352355
12620,12620,-0.6375732996013586
12621,12621,-0.93549025974899
12622,12622,-0.83715062769949
12623,12623,-0.26035383488292396
12624,12624,-0.4841301197069914
12625,12625,-0.7748289189945599
12626,12626,-0.93549025974899
12627,12627,-0.93549025974899
12628,12628,-0.8849305435570489
12629,12629,-0.8483911018374393
12630,12630,-0.6195300110032953
12631,12631,-0.8019262750581113
12632,12632,-0.7261889971847086
12633,12633,-0.4248131660731431
12634,12634,-0.9260005326423837
12635,12635,-0.28934977915040827
12636,12636,-0.5282378165688546
12637,12637,-0.6743170182819203
12638,12638,-0.538437683001499
12639,12639,-0.7436504607930932
12640,12640,-0.5648971415799409
12641,12641,-0.9155979403701853
12642,12642,-0.894833371655368
12643,12643,-0.84176735841341
12644,12644,-0.4545234646930574
12645,12645,-0.6544596249842929
12646,12646,-0.6361844750873633
12647,12647,-0.8559251653078821
12648,12648,-0.5187312612860229
12649,12649,-0.6061699047752018
12650,12650,-0.6025279881033629
12651,12651,-0.93549025974899
12652,12652,-0.7104955814277218
12653,12653,-0.5418941522150362
12654,12654,-0.8456054859994584
12655,12655,-0.5214840125281666
12656,12656,-0.788910796072658
12657,12657,-0.5212694225987371
12658,12658,-0.2537674507253187
12659,12659,-0.6209662687201245
12660,12660,-0.4607623067643676
12661,12661,-0.7605878248004139
12662,12662,-0.9122182705399826
12663,12663,-0.11727445116991309
12664,12664,-0.6242064039586843
12665,12665,-0.7985641858699868
12666,12666,-0.6361040994452374
12667,12667,-0.48358974760785856
12668,12668,-0.7479708608226776
12669,12669,-0.5942763061000722
12670,12670,-0.7183163506693848
12671,12671,-0.8755576000411232
12672,12672,-0.7494015801711562
12673,12673,-0.6306631061552004
12674,12674,-0.6224617604107188
12675,12675,-0.7779891760416469
12676,12676,-0.7194283349492032
12677,12677,-0.8592513403120847
12678,12678,-0.7187233888893818
12679,12679,-0.7020871637071231
12680,12680,-0.6450559479556048
12681,12681,-0.7134892871361789
12682,12682,-0.47439339607963094
12683,12683,-0.7829260091887136
12684,12684,-0.7530992899194988
12685,12685,-0.3709052549572829
12686,12686,-0.7967484536218539
12687,12687,-0.67435285412488
12688,12688,-0.8668359951127265
12689,12689,-0.93549025974899
12690,12690,-0.6729278204021814
12691,12691,-0.7438363013414193
12692,12692,-0.93549025974899
12693,12693,-0.5418933684227927
12694,12694,-0.3649196961797898
12695,12695,-0.695670255357145
12696,12696,-0.3798123041297323
12697,12697,-0.93549025974899
12698,12698,-0.7983011442196233
12699,12699,-0.6588883129094132
12700,12700,-0.46806521984021465
12701,12701,-0.7972280800242562
12702,12702,-0.5084885088692079
12703,12703,-0.639461962169154
12704,12704,-0.427873575107629
12705,12705,-0.93549025974899
12706,12706,-0.521986946302679
12707,12707,-0.93549025974899
12708,12708,-0.8008947577862049
12709,12709,-0.6307603791720897
12710,12710,-0.7828076522379082
12711,12711,-0.93549025974899
12712,12712,-0.6011337367234049
12713,12713,-0.6269882790480796
12714,12714,-0.93549025974899
12715,12715,-0.8743444315285309
12716,12716,-0.4923724632811367
12717,12717,-0.5362810317115194
12718,12718,-0.9354430326268357
12719,12719,-0.902452492297714
12720,12720,-0.47769113789935114
12721,12721,-0.7511585826542078
12722,12722,-0.9027043241441834
12723,12723,-0.93549025974899
12724,12724,-0.5376936144016242
12725,12725,-0.93549025974899
12726,12726,-0.93549025974899
12727,12727,-0.93549025974899
12728,12728,-0.28830490411036225
12729,12729,-0.5658855361870128
12730,12730,-0.7912611690368756
12731,12731,-0.7020218967823215
12732,12732,-0.6026003852395156
12733,12733,-0.5976457335967247
12734,12734,-0.93549025974899
12735,12735,-0.93549025974899
12736,12736,-0.93549025974899
12737,12737,-0.4057015583589294
12738,12738,-0.4700137837917371
12739,12739,-0.46406998015918965
12740,12740,-0.8545908722471385
12741,12741,-0.8599313295704327
12742,12742,-0.37904430086848073
12743,12743,-0.93549025974899
12744,12744,-0.9262977313962626
12745,12745,-0.5478094011572012
12746,12746,-0.5602349415573133
12747,12747,-0.7937489271751055
12748,12748,-0.6355549708983634
12749,12749,-0.29505024759085474
12750,12750,-0.2818226949677456
12751,12751,-0.5844983156306225
12752,12752,-0.8003306717939882
12753,12753,-0.5410736451454046
12754,12754,-0.5705030565263094
12755,12755,-0.8617094796251514
12756,12756,-0.93549025974899
12757,12757,-0.93549025974899
12758,12758,-0.93549025974899
12759,12759,-0.6174452629836313
12760,12760,-0.8807517924232346
12761,12761,-0.6192680780975515
12762,12762,-0.6102920136002741
12763,12763,-0.6025966368949902
12764,12764,-0.5579242573660239
12765,12765,-0.7944803105308669
12766,12766,-0.93549025974899
12767,12767,-0.48947904394498565
12768,12768,-0.3770294428701906
12769,12769,-0.6723167133021697
12770,12770,-0.8033476215212154
12771,12771,-0.42379235076558786
12772,12772,-0.522601954055768
12773,12773,-0.33863717232120827
12774,12774,-0.903590305631143
12775,12775,-0.8476411990261301
12776,12776,-0.7831327821744054
12777,12777,-0.6617728868217121
12778,12778,-0.6134861621928298
12779,12779,-0.5759092796846588
12780,12780,-0.4620910583249245
12781,12781,-0.93549025974899
12782,12782,-0.7762031544818004
12783,12783,-0.6933980036140817
12784,12784,-0.5644462011050266
12785,12785,-0.38889511093386675
12786,12786,-0.9236289817442742
12787,12787,-0.863686337927593
12788,12788,-0.6441070589066218
12789,12789,-0.4555804010147373
12790,12790,-0.93549025974899
12791,12791,-0.5324178841419105
12792,12792,-0.574688759976818
12793,12793,-0.6821701827270523
12794,12794,-0.93549025974899
12795,12795,-0.5053433546773634
12796,12796,-0.3921878624961739
12797,12797,-0.745032908746456
12798,12798,-0.8850672699480846
12799,12799,-0.22529099163387523
12800,12800,-0.7206558323441961
12801,12801,-0.6960478870188247
12802,12802,-0.7237144581902388
12803,12803,-0.3097645694144333
12804,12804,-0.8760611172769543
12805,12805,-0.7275674076074665
12806,12806,-0.93549025974899
12807,12807,-0.6533298259502818
12808,12808,-0.8063132322684119
12809,12809,-0.4974159170867054
12810,12810,-0.93549025974899
12811,12811,-0.8716335477273844
12812,12812,-0.9096927149469938
12813,12813,-0.6690939898765809
12814,12814,-0.6896683151455854
12815,12815,-0.7992514529756569
12816,12816,-0.6913130815492199
12817,12817,-0.7889502660682286
12818,12818,-0.93549025974899
12819,12819,-0.5435761506928785
12820,12820,-0.3734025736967741
12821,12821,-0.3631770368962197
12822,12822,-0.93549025974899
12823,12823,-0.80938173941815
12824,12824,-0.6735717670869068
12825,12825,-0.93549025974899
12826,12826,-0.6034026757386304
12827,12827,-0.8655054913408211
12828,12828,-0.858053463035418
12829,12829,-0.6669994270462531
12830,12830,-0.39075033111887914
12831,12831,-0.93549025974899
12832,12832,-0.7799203951540026
12833,12833,-0.7109697543061522
12834,12834,-0.49728969345746066
12835,12835,-0.5621902140469537
12836,12836,-0.37218500902165275
12837,12837,-0.4927632976641054
12838,12838,-0.8517358474785013
12839,12839,-0.726714621752409
12840,12840,-0.8032919938619631
12841,12841,-0.7361612234486348
12842,12842,-0.6396165086124945
12843,12843,-0.93549025974899
12844,12844,-0.6103111150363123
12845,12845,-0.44059306024030676
12846,12846,-0.93549025974899
12847,12847,-0.93549025974899
12848,12848,-0.638769963574477
12849,12849,-0.3752336309815725
12850,12850,-0.5868527932056882
12851,12851,-0.7372583948619695
12852,12852,-0.7500226968977248
12853,12853,-0.93549025974899
12854,12854,-0.18941076949463564
12855,12855,-0.6855234249975286
12856,12856,-0.8458573163756302
12857,12857,-0.9095956658792037
12858,12858,-0.6179809226936417
12859,12859,-0.7444135497371906
12860,12860,-0.7341086222546256
12861,12861,-0.5266576539778445
12862,12862,-0.7009741233448779
12863,12863,-0.7584933852250177
12864,12864,-0.93549025974899
12865,12865,-0.4987835939734553
12866,12866,-0.8897792915205862
12867,12867,-0.8065693744489408
12868,12868,-0.6220753176169982
12869,12869,-0.723433581930168
12870,12870,-0.7200545285834767
12871,12871,-0.6102729752319309
12872,12872,-0.5342035408288308
12873,12873,-0.41350575802295175
12874,12874,-0.93549025974899
12875,12875,-0.45760762499354435
12876,12876,-0.6831709400171224
12877,12877,-0.93549025974899
12878,12878,-0.5908595366066187
12879,12879,-0.4888744999684107
12880,12880,-0.6369965140612113
12881,12881,-0.8360330876374356
12882,12882,-0.93549025974899
12883,12883,-0.93549025974899
12884,12884,-0.7713397337285688
12885,12885,-0.8230666559860556
12886,12886,-0.93549025974899
12887,12887,-0.6018215346498454
12888,12888,-0.6815203027447332
12889,12889,-0.8487866948961642
12890,12890,-0.7036571307833874
12891,12891,-0.8232442303327492
12892,12892,-0.8346877594256288
12893,12893,-0.8905859235681426
12894,12894,-0.658945511836567
12895,12895,-0.93549025974899
12896,12896,-0.4653488519705804
12897,12897,-0.7445189167220736
12898,12898,-0.5885997048606271
12899,12899,-0.6745608058988939
12900,12900,-0.6172404504599971
12901,12901,-0.8749718213983773
12902,12902,-0.667155794171709
12903,12903,-0.810488189660612
12904,12904,-0.899910115785838
12905,12905,-0.8111844008822189
12906,12906,-0.6292920557546839
12907,12907,-0.7702679118833675
12908,12908,-0.15848540419739843
12909,12909,-0.6518416248933026
12910,12910,-0.9220317478788331
12911,12911,-0.93549025974899
12912,12912,-0.7931921811431142
12913,12913,-0.8153373615657191
12914,12914,-0.6104175410944102
12915,12915,-0.93549025974899
12916,12916,-0.93549025974899
12917,12917,-0.7376144216765059
12918,12918,-0.4910756420427581
12919,12919,-0.23412289296261202
12920,12920,-0.8583442925513385
12921,12921,-0.8306764959078468
12922,12922,-0.7262460481575506
12923,12923,-0.3080534868866587
12924,12924,-0.881178609549103
12925,12925,-0.7910112698472052
12926,12926,-0.7985121041202099
12927,12927,-0.306664578943165
12928,12928,-0.8832788292513669
12929,12929,-0.93549025974899
12930,12930,-0.6683073768152248
12931,12931,-0.32760202899553725
12932,12932,-0.7086486713956965
12933,12933,-0.3021086229303145
12934,12934,-0.93549025974899
12935,12935,-0.6409929876940073
12936,12936,-0.7316161099387166
12937,12937,-0.7950644802324707
12938,12938,-0.93549025974899
12939,12939,-0.6837942763941136
12940,12940,-0.93549025974899
12941,12941,-0.7389342657418183
12942,12942,-0.3505650214484164
12943,12943,-0.679891841934948
12944,12944,-0.7305496169943471
12945,12945,-0.7198391593507552
12946,12946,-0.6673165365581504
12947,12947,-0.6608740814189336
12948,12948,-0.8605041733757446
12949,12949,-0.93549025974899
12950,12950,-0.5792970732489611
12951,12951,-0.93549025974899
12952,12952,-0.7512026026728229
12953,12953,-0.442733911687359
12954,12954,-0.5024436835840196
12955,12955,-0.5051863797181415
12956,12956,-0.3591285154617001
12957,12957,-0.8888538323385617
12958,12958,-0.5152476420236689
12959,12959,-0.7118596752280837
12960,12960,-0.7949940034152991
12961,12961,-0.93549025974899
12962,12962,-0.7671796192856917
12963,12963,-0.7660702681669012
12964,12964,-0.93549025974899
12965,12965,-0.6186762555465819
12966,12966,-0.7777319003755796
12967,12967,-0.7976133034519997
12968,12968,-0.45103284616001993
12969,12969,-0.6958334239644604
12970,12970,-0.6750391758493226
12971,12971,-0.7487545042503374
12972,12972,-0.6495058280464594
12973,12973,-0.7286438802713864
12974,12974,-0.93549025974899
12975,12975,-0.93549025974899
12976,12976,-0.8193165343467719
12977,12977,-0.792367215281347
12978,12978,-0.7070243540660215
12979,12979,-0.93549025974899
12980,12980,-0.93549025974899
12981,12981,-0.93549025974899
12982,12982,-0.766343141911495
12983,12983,-0.7522296794745422
12984,12984,-0.783487063611199
12985,12985,-0.5670608311325296
12986,12986,-0.93549025974899
12987,12987,-0.49374877125469574
12988,12988,-0.5775988049206138
12989,12989,-0.5863458547441613
12990,12990,-0.749180779686144
12991,12991,-0.93549025974899
12992,12992,-0.9158492304147448
12993,12993,-0.40783792510928585
12994,12994,-0.93549025974899
12995,12995,-0.27338260587749375
12996,12996,-0.93549025974899
12997,12997,-0.5023528553446313
12998,12998,-0.6472007962986073
12999,12999,-0.35685482158491055
13000,13000,-0.8577040359178412
13001,13001,-0.6786444752563785
13002,13002,-0.5774957516585446
13003,13003,-0.9325566747571248
13004,13004,-0.407405935854245
13005,13005,-0.7835903259423311
13006,13006,-0.8208112580150786
13007,13007,-0.9189704545660682
13008,13008,-0.8817406775879011
13009,13009,-0.6068010794111345
13010,13010,-0.6983359083933216
13011,13011,-0.686483325946913
13012,13012,-0.6675509159823196
13013,13013,-0.4699029856698367
13014,13014,-0.6565506786228994
13015,13015,-0.3383012185769605
13016,13016,-0.895776731174168
13017,13017,-0.93549025974899
13018,13018,-0.3575963867028271
13019,13019,-0.45433973049166276
13020,13020,-0.44392474790306835
13021,13021,-0.93549025974899
13022,13022,-0.8229536729701525
13023,13023,-0.7513922924654484
13024,13024,-0.5897462986652156
13025,13025,-0.48982059030648273
13026,13026,-0.93549025974899
13027,13027,-0.8754148793860512
13028,13028,-0.48873532854812496
13029,13029,-0.93549025974899
13030,13030,-0.93549025974899
13031,13031,-0.49348365644763803
13032,13032,-0.4091586559420879
13033,13033,-0.5030588778712008
13034,13034,-0.93549025974899
13035,13035,-0.8444317134268093
13036,13036,-0.6838540356151555
13037,13037,-0.8876065463948635
13038,13038,-0.830337682494477
13039,13039,-0.8519315514714538
13040,13040,-0.6540335318851067
13041,13041,-0.7645503118714636
13042,13042,-0.8653105453836094
13043,13043,-0.8002898549996189
13044,13044,-0.8008804272536896
13045,13045,-0.628668228112133
13046,13046,-0.7562811493180153
13047,13047,-0.93549025974899
13048,13048,-0.48227034635890575
13049,13049,-0.44281898291309574
13050,13050,-0.36113953638463414
13051,13051,-0.9018118921045062
13052,13052,-0.7362679130068006
13053,13053,-0.6080041263072644
13054,13054,-0.48176831177348767
13055,13055,-0.6643331571168165
13056,13056,-0.47505304145262883
13057,13057,-0.7163710324289276
13058,13058,-0.7611324042564611
13059,13059,-0.7170210207520462
13060,13060,-0.7865710570499704
13061,13061,-0.6025208933473962
13062,13062,-0.5961000951686515
13063,13063,-0.659219399844222
13064,13064,-0.2627877482221863
13065,13065,-0.8672587494979247
13066,13066,-0.93549025974899
13067,13067,-0.8875240000326929
13068,13068,-0.6627614746926902
13069,13069,-0.7118105298418431
13070,13070,-0.4042403119804039
13071,13071,-0.6545791679951662
13072,13072,-0.45527267195319965
13073,13073,-0.8088630296562815
13074,13074,-0.6047869987997334
13075,13075,-0.7185443880807316
13076,13076,-0.5758807647636566
13077,13077,-0.44894383931034554
13078,13078,-0.93549025974899
13079,13079,-0.93549025974899
13080,13080,-0.93549025974899
13081,13081,-0.5636115526686272
13082,13082,-0.6852696715334794
13083,13083,-0.3614930228332369
13084,13084,-0.7623062918674695
13085,13085,-0.8057723641992656
13086,13086,-0.6333351229602968
13087,13087,-0.695912401205991
13088,13088,-0.8506418153371023
13089,13089,-0.8732149004909946
13090,13090,-0.93549025974899
13091,13091,-0.6690651123174138
13092,13092,-0.8082202860137961
13093,13093,-0.6613723881899638
13094,13094,-0.5319393369219654
13095,13095,-0.4110025861015121
13096,13096,-0.7231280681613459
13097,13097,-0.680825243222154
13098,13098,-0.9085999523703379
13099,13099,-0.7490536530593097
13100,13100,-0.8524655761076065
13101,13101,-0.8329825565953843
13102,13102,-0.6588324564149346
13103,13103,-0.9192892160389654
13104,13104,-0.9035695913020323
13105,13105,-0.4561512817390625
13106,13106,-0.93549025974899
13107,13107,-0.93549025974899
13108,13108,-0.8015979634070902
13109,13109,-0.7811842167475564
13110,13110,-0.8636564314446549
13111,13111,-0.93549025974899
13112,13112,-0.93549025974899
13113,13113,-0.9339832235008387
13114,13114,-0.932787942534862
13115,13115,-0.93549025974899
13116,13116,-0.5706322595999769
13117,13117,-0.6065661828128004
13118,13118,-0.6087352187530151
13119,13119,-0.5983866152160591
13120,13120,-0.3807087413913237
13121,13121,-0.6674722958679968
13122,13122,-0.7513438622611126
13123,13123,-0.8880319174121816
13124,13124,-0.93549025974899
13125,13125,-0.6882854717360978
13126,13126,-0.722500449027061
13127,13127,-0.5346891640486184
13128,13128,-0.8773767223620599
13129,13129,-0.6804555507761396
13130,13130,-0.93549025974899
13131,13131,-0.66451930265921
13132,13132,-0.19931920872670805
13133,13133,-0.93549025974899
13134,13134,-0.5020447223115969
13135,13135,-0.671894330590252
13136,13136,-0.5661635661376074
13137,13137,-0.6310437748522393
13138,13138,-0.7448019022528474
13139,13139,-0.40082186050469915
13140,13140,-0.7835218943587314
13141,13141,-0.93549025974899
13142,13142,-0.18617051912749538
13143,13143,-0.8438572745173634
13144,13144,-0.9274886574299774
13145,13145,-0.7599418692725557
13146,13146,-0.6579277383675759
13147,13147,-0.93549025974899
13148,13148,-0.9064755302788416
13149,13149,-0.5573519652926273
13150,13150,-0.514952675875799
13151,13151,-0.5021225127740667
13152,13152,-0.7314922741115488
13153,13153,-0.7220362617336793
13154,13154,-0.93549025974899
13155,13155,-0.7162312057083753
13156,13156,-0.9304195860229658
13157,13157,-0.473841672162012
13158,13158,-0.93549025974899
13159,13159,-0.34173597677839673
13160,13160,-0.45457394174502497
13161,13161,-0.6867817139053507
13162,13162,-0.7044087688123035
13163,13163,-0.8307705566159207
13164,13164,-0.5956383820243083
13165,13165,-0.4870238376952223
13166,13166,-0.6230827734220288
13167,13167,-0.6100368788207664
13168,13168,-0.6743034255709635
13169,13169,-0.6627893513907157
13170,13170,-0.6618853200532477
13171,13171,-0.7181227382041762
13172,13172,-0.7407656171732881
13173,13173,-0.6969563063233313
13174,13174,-0.93549025974899
13175,13175,-0.6015264707885084
13176,13176,-0.5214208880605882
13177,13177,-0.7445194953258074
13178,13178,-0.9323163168694464
13179,13179,-0.6983854285062598
13180,13180,-0.6103272044071932
13181,13181,-0.697171715899433
13182,13182,-0.93549025974899
13183,13183,-0.6959878827096944
13184,13184,-0.93549025974899
13185,13185,-0.93549025974899
13186,13186,-0.8765556360666427
13187,13187,-0.5987581260786659
13188,13188,-0.93549025974899
13189,13189,-0.4371584915470521
13190,13190,-0.594375710769194
13191,13191,-0.21254079469055398
13192,13192,-0.43057512495539685
13193,13193,-0.28940408111980176
13194,13194,-0.5820933166176179
13195,13195,-0.49037968531903076
13196,13196,-0.93549025974899
13197,13197,-0.22542812965803494
13198,13198,-0.84589198184986
13199,13199,-0.6801478441640132
13200,13200,-0.8210306905049141
13201,13201,-0.9344762875271773
13202,13202,-0.6608678530994894
13203,13203,-0.4579976685124483
13204,13204,-0.6070280165640867
13205,13205,-0.7804255552504049
13206,13206,-0.567281920102392
13207,13207,-0.6745811638826815
13208,13208,-0.9212652958934644
13209,13209,-0.7365484883393822
13210,13210,-0.6866887675091711
13211,13211,-0.93549025974899
13212,13212,-0.5605618257465417
13213,13213,-0.5397584834310383
13214,13214,-0.5807317684029911
13215,13215,-0.5689617280347719
13216,13216,-0.20334054806933466
13217,13217,-0.93549025974899
13218,13218,-0.93549025974899
13219,13219,-0.47918269665622404
13220,13220,-0.5403844413318417
13221,13221,-0.93549025974899
13222,13222,-0.7841954892436753
13223,13223,-0.6111178614968438
13224,13224,-0.5709501384003435
13225,13225,-0.8063813047840416
13226,13226,-0.4421434932768662
13227,13227,-0.5540864644764145
13228,13228,-0.8919870810113384
13229,13229,-0.6575037450826233
13230,13230,-0.6481423689290047
13231,13231,-0.8625600799930027
13232,13232,-0.316851787810549
13233,13233,-0.93549025974899
13234,13234,-0.9200728597574717
13235,13235,-0.93549025974899
13236,13236,-0.4037589739169789
13237,13237,-0.8212059583038585
13238,13238,-0.7482455656709863
13239,13239,-0.8445935766792108
13240,13240,-0.9141056151275997
13241,13241,-0.93549025974899
13242,13242,-0.7120975928051809
13243,13243,-0.5507748793373697
13244,13244,-0.547694824842484
13245,13245,-0.7184521527262167
13246,13246,-0.85584334375468
13247,13247,-0.93549025974899
13248,13248,-0.8013650694671259
13249,13249,-0.5855350078544692
13250,13250,-0.5799998366244581
13251,13251,-0.6913341778848565
13252,13252,-0.9068159518304828
13253,13253,-0.9322357158017169
13254,13254,-0.5452440284580242
13255,13255,-0.8796010696577419
13256,13256,-0.5551897310759575
13257,13257,-0.6427949449804657
13258,13258,-0.5274725704374377
13259,13259,-0.4576230613485919
13260,13260,-0.4634092687570277
13261,13261,-0.93549025974899
13262,13262,-0.79011027644267
13263,13263,-0.7588249748348304
13264,13264,-0.8121041910653961
13265,13265,-0.6741366464995124
13266,13266,-0.93549025974899
13267,13267,-0.7732437712912645
13268,13268,-0.7642498421142818
13269,13269,-0.3802956073534478
13270,13270,-0.5730548991852675
13271,13271,-0.7516903975268043
13272,13272,-0.93549025974899
13273,13273,-0.8841195952809588
13274,13274,-0.6590504114630296
13275,13275,-0.7042813274884896
13276,13276,-0.5937050831784578
13277,13277,-0.712973681226007
13278,13278,-0.6954298690859915
13279,13279,-0.5501006917365636
13280,13280,-0.4493956555864571
13281,13281,-0.93549025974899
13282,13282,-0.6976426930887705
13283,13283,-0.93549025974899
13284,13284,-0.93549025974899
13285,13285,-0.5588658653722991
13286,13286,-0.634752087010817
13287,13287,-0.6887158407489018
13288,13288,-0.89884583348557
13289,13289,-0.8515579284697541
13290,13290,-0.5804946677202238
13291,13291,-0.5638431194472915
13292,13292,-0.621784480768298
13293,13293,-0.7248410582006457
13294,13294,-0.93549025974899
13295,13295,-0.23623106713132813
13296,13296,-0.8462689686691967
13297,13297,-0.3406192375310102
13298,13298,-0.605986392836181
13299,13299,-0.5000442518243133
13300,13300,-0.830056009374049
13301,13301,-0.4236513080182114
13302,13302,-0.7879565511567055
13303,13303,-0.7227430431949688
13304,13304,-0.93549025974899
13305,13305,-0.6631802473955677
13306,13306,-0.8615226186612972
13307,13307,-0.93549025974899
13308,13308,-0.49207613484066226
13309,13309,-0.6787208545494767
13310,13310,-0.61407316996352
13311,13311,-0.7264904821595
13312,13312,-0.606828663174813
13313,13313,-0.93549025974899
13314,13314,-0.5545799361291373
13315,13315,-0.6767979262175352
13316,13316,-0.93549025974899
13317,13317,-0.7339626335052856
13318,13318,-0.33870637063301423
13319,13319,-0.49585904219985544
13320,13320,-0.7532590957264009
13321,13321,-0.7846560990743345
13322,13322,-0.7755266060177863
13323,13323,-0.93549025974899
13324,13324,-0.5840759872054448
13325,13325,-0.451465605552416
13326,13326,-0.8154338798520158
13327,13327,-0.7280867396623307
13328,13328,-0.8670777636931781
13329,13329,-0.8781323918599018
13330,13330,-0.4508412585923125
13331,13331,-0.21795996866346812
13332,13332,-0.3435399729674362
13333,13333,-0.93549025974899
13334,13334,-0.6457875421885308
13335,13335,-0.2626279245780734
13336,13336,-0.6099565055826659
13337,13337,-0.6285092654875655
13338,13338,-0.6713242521662046
13339,13339,-0.5172589064205972
13340,13340,-0.6323031233874339
13341,13341,-0.6074085137831027
13342,13342,-0.44867636545832923
13343,13343,-0.93549025974899
13344,13344,-0.734079672630914
13345,13345,-0.6370517157758346
13346,13346,-0.6698941798244178
13347,13347,-0.6080579621859261
13348,13348,-0.873902491433558
13349,13349,-0.9236604428926842
13350,13350,-0.93549025974899
13351,13351,-0.6086004366468707
13352,13352,-0.5113817066780832
13353,13353,-0.93549025974899
13354,13354,-0.7377802830316149
13355,13355,-0.8741360056948864
13356,13356,-0.7554315291660831
13357,13357,-0.38973797334130866
13358,13358,-0.5989852299976537
13359,13359,-0.93549025974899
13360,13360,-0.674231213684994
13361,13361,-0.93549025974899
13362,13362,-0.6263538799492494
13363,13363,-0.9283984303636323
13364,13364,-0.9322372565566219
13365,13365,-0.3583814856828713
13366,13366,-0.31940890618797724
13367,13367,-0.93549025974899
13368,13368,-0.582920467399731
13369,13369,-0.5652222235433269
13370,13370,-0.8146762546103492
13371,13371,-0.5740687985915063
13372,13372,-0.6404103839202335
13373,13373,-0.8209731902674378
13374,13374,-0.5786112608308138
13375,13375,-0.7662346605063171
13376,13376,-0.4999264941484576
13377,13377,-0.5509794098174332
13378,13378,-0.8801251952104572
13379,13379,-0.46153303162700254
13380,13380,-0.6508637531460444
13381,13381,-0.93549025974899
13382,13382,-0.6441240411327627
13383,13383,-0.6909161359282656
13384,13384,-0.6406439116418472
13385,13385,-0.93549025974899
13386,13386,-0.7670859613247334
13387,13387,-0.6548266479417695
13388,13388,-0.93549025974899
13389,13389,-0.9275506843820001
13390,13390,-0.7062469945061256
13391,13391,-0.8166477681557218
13392,13392,-0.34437988500173056
13393,13393,-0.93549025974899
13394,13394,-0.7345449039174685
13395,13395,-0.5038327706510035
13396,13396,-0.6383064304194708
13397,13397,-0.6717788153552604
13398,13398,-0.855840619562942
13399,13399,-0.6590109595469702
13400,13400,-0.564054417859257
13401,13401,-0.725584062176786
13402,13402,-0.6755270863372118
13403,13403,-0.5476623052402836
13404,13404,-0.7509302780023042
13405,13405,-0.93549025974899
13406,13406,-0.7780985661477189
13407,13407,-0.28176778379216394
13408,13408,-0.93549025974899
13409,13409,-0.6653624039484107
13410,13410,-0.93549025974899
13411,13411,-0.6871265900783676
13412,13412,-0.5863565197636582
13413,13413,-0.18465363546813807
13414,13414,-0.7713625680055092
13415,13415,-0.423818414747148
13416,13416,-0.70393977153417
13417,13417,-0.592832421548124
13418,13418,-0.8361088155432288
13419,13419,-0.7847272711690501
13420,13420,-0.1668988130036908
13421,13421,-0.93549025974899
13422,13422,-0.4254701642514864
13423,13423,-0.8779461477543808
13424,13424,-0.7140567301695828
13425,13425,-0.9062140794574738
13426,13426,-0.7170809816376096
13427,13427,-0.7480709897549112
13428,13428,-0.93549025974899
13429,13429,-0.5866355265524437
13430,13430,-0.5247947638098029
13431,13431,-0.6600842357468686
13432,13432,-0.46881647965344975
13433,13433,-0.7485503628132797
13434,13434,-0.6830800999873965
13435,13435,-0.2511367228436434
13436,13436,-0.4041171627262674
13437,13437,-0.6364134635340299
13438,13438,-0.4392572433296369
13439,13439,-0.8795909289138084
13440,13440,-0.8542690411490828
13441,13441,-0.7247249337511974
13442,13442,-0.5457804784553062
13443,13443,-0.4721752189271222
13444,13444,-0.8303484223226523
13445,13445,-0.5186510300330416
13446,13446,-0.93549025974899
13447,13447,-0.93549025974899
13448,13448,-0.8606561472135699
13449,13449,-0.7494188424210524
13450,13450,-0.8233966716681103
13451,13451,-0.8036225486937134
13452,13452,-0.93549025974899
13453,13453,-0.6200715550825819
13454,13454,-0.08530132411303593
13455,13455,-0.8819879702096678
13456,13456,-0.7646829424329873
13457,13457,-0.6966231809659362
13458,13458,-0.7916573477883606
13459,13459,-0.5346870942940307
13460,13460,-0.2969731212766966
13461,13461,-0.9274346867922265
13462,13462,-0.1815653152132353
13463,13463,-0.43745414374839164
13464,13464,-0.736144415617547
13465,13465,-0.7258885464933886
13466,13466,-0.8261212293956053
13467,13467,-0.6345408901944314
13468,13468,-0.6333664572576261
13469,13469,-0.8977248865782315
13470,13470,-0.93549025974899
13471,13471,-0.7769888789273001
13472,13472,-0.6140235186141183
13473,13473,-0.7343134817915757
13474,13474,-0.5484067159750659
13475,13475,-0.6570386835382127
13476,13476,-0.8141561755341549
13477,13477,-0.4660682844605084
13478,13478,-0.7439370574942643
13479,13479,-0.7517662618506691
13480,13480,-0.9155195820861639
13481,13481,-0.7687697753802514
13482,13482,-0.4588007190763115
13483,13483,-0.7177290923816262
13484,13484,-0.7151690205929118
13485,13485,-0.43358591178066774
13486,13486,-0.93549025974899
13487,13487,-0.5745441030111227
13488,13488,-0.8834792494269283
13489,13489,-0.5467395112785618
13490,13490,-0.5268276667796172
13491,13491,-0.6202773195458526
13492,13492,-0.6103269172862902
13493,13493,-0.8235425700304635
13494,13494,-0.8449037555273442
13495,13495,-0.4285063287122317
13496,13496,-0.6306394579088703
13497,13497,-0.8749372024222115
13498,13498,-0.93549025974899
13499,13499,-0.7890229984736994
13500,13500,-0.5543552407385466
13501,13501,-0.27032873456684925
13502,13502,-0.7836756327758856
13503,13503,-0.820523699563056
13504,13504,-0.9072401527951293
13505,13505,-0.7351880073427655
13506,13506,-0.6485755527843242
13507,13507,-0.93549025974899
13508,13508,-0.5888070498791453
13509,13509,-0.7675692180215368
13510,13510,-0.8112427689350898
13511,13511,-0.7663589751669271
13512,13512,-0.6733435641086238
13513,13513,-0.48670864776469536
13514,13514,-0.44758259535372424
13515,13515,-0.6054259957926575
13516,13516,-0.5543739138629764
13517,13517,-0.93549025974899
13518,13518,-0.6061153888515491
13519,13519,-0.6917422810702778
13520,13520,-0.4334020128300953
13521,13521,-0.8711193345449786
13522,13522,-0.5666531999386017
13523,13523,-0.93549025974899
13524,13524,-0.7046161484735336
13525,13525,-0.5700642025904088
13526,13526,-0.7750275655529624
13527,13527,-0.6987799509693904
13528,13528,-0.8839198427189334
13529,13529,-0.93549025974899
13530,13530,-0.7413246015788122
13531,13531,-0.6052154389960407
13532,13532,-0.93549025974899
13533,13533,-0.5773679168478356
13534,13534,-0.8614453654382039
13535,13535,-0.4982824513787598
13536,13536,-0.93549025974899
13537,13537,-0.93549025974899
13538,13538,-0.37527688038006524
13539,13539,-0.59262602972907
13540,13540,-0.8026188805882288
13541,13541,-0.5014378319574604
13542,13542,-0.7467836559666985
13543,13543,-0.7997170560171174
13544,13544,-0.48174131413692933
13545,13545,-0.92546321690563
13546,13546,-0.93549025974899
13547,13547,-0.41755898091980725
13548,13548,-0.7922268042113547
13549,13549,-0.7792658952065779
13550,13550,-0.93549025974899
13551,13551,-0.7215401976535407
13552,13552,-0.5471891376444162
13553,13553,-0.9348779311327338
13554,13554,-0.93549025974899
13555,13555,-0.93549025974899
13556,13556,-0.34465452076982395
13557,13557,-0.5781982571046691
13558,13558,-0.26997091632054904
13559,13559,-0.21156246118748712
13560,13560,-0.4706645130377325
13561,13561,-0.93549025974899
13562,13562,-0.5243082599572801
13563,13563,-0.93549025974899
13564,13564,-0.8039177408334428
13565,13565,-0.5017081851147296
13566,13566,-0.93549025974899
13567,13567,-0.6408576108504356
13568,13568,-0.5205158848599822
13569,13569,-0.8211238072803901
13570,13570,-0.7492160193463224
13571,13571,-0.46289329950404934
13572,13572,-0.9033439360099536
13573,13573,-0.8782575992725743
13574,13574,-0.8553446495788144
13575,13575,-0.5920644639328021
13576,13576,-0.7202839278226794
13577,13577,-0.93549025974899
13578,13578,-0.93549025974899
13579,13579,-0.3527665992106601
13580,13580,-0.5751034031390501
13581,13581,-0.8520163147836346
13582,13582,-0.5435328145775049
13583,13583,-0.7643420674090748
13584,13584,-0.3180323630813593
13585,13585,-0.93549025974899
13586,13586,-0.619961703821561
13587,13587,-0.614248678692892
13588,13588,-0.40459749969869396
13589,13589,-0.6241416787098277
13590,13590,-0.5850666233770632
13591,13591,-0.93549025974899
13592,13592,-0.6807260892763978
13593,13593,-0.6467036559531625
13594,13594,-0.4772308540592718
13595,13595,-0.8311377442836161
13596,13596,-0.611416807903689
13597,13597,-0.7094373492301322
13598,13598,-0.848890907411759
13599,13599,-0.6119863254089442
13600,13600,-0.93549025974899
13601,13601,-0.3179833139837531
13602,13602,-0.3111098239481649
13603,13603,-0.6190447757604947
13604,13604,-0.6324558595803218
13605,13605,-0.93549025974899
13606,13606,-0.93549025974899
13607,13607,-0.714580447327565
13608,13608,-0.46157853285522243
13609,13609,-0.7426082260137612
13610,13610,-0.2114474250169629
13611,13611,-0.4850342962791476
13612,13612,-0.93549025974899
13613,13613,-0.9133486798884611
13614,13614,-0.93549025974899
13615,13615,-0.93549025974899
13616,13616,-0.8017100466452849
13617,13617,-0.49173340144137434
13618,13618,-0.5554089364299597
13619,13619,-0.21707209367904312
13620,13620,-0.8180877706359713
13621,13621,-0.5535246049311713
13622,13622,-0.8658157427417112
13623,13623,-0.9137113828604733
13624,13624,-0.509296834210204
13625,13625,-0.6426096966744854
13626,13626,-0.6057458765789825
13627,13627,-0.6750662955909981
13628,13628,-0.3128950708628624
13629,13629,-0.5717327163410144
13630,13630,-0.93549025974899
13631,13631,-0.9021395978242825
13632,13632,-0.5373640827279478
13633,13633,-0.724839543793113
13634,13634,-0.7265700781460289
13635,13635,-0.693330277440305
13636,13636,-0.93549025974899
13637,13637,-0.5121600625043201
13638,13638,-0.8635332056009339
13639,13639,-0.93549025974899
13640,13640,-0.93549025974899
13641,13641,-0.93549025974899
13642,13642,-0.2520318410315796
13643,13643,-0.8952272754369108
13644,13644,-0.7127378235602269
13645,13645,-0.40563162301703537
13646,13646,-0.41205638573065073
13647,13647,-0.8473633715139162
13648,13648,-0.8225512401619017
13649,13649,-0.7410564906212986
13650,13650,-0.37565958323901505
13651,13651,-0.4985150199992905
13652,13652,-0.8782469444076586
13653,13653,-0.7803908000332207
13654,13654,-0.6349364359785614
13655,13655,-0.6408781429570087
13656,13656,-0.9210538408080993
13657,13657,-0.6295955789432277
13658,13658,-0.8591687993998409
13659,13659,-0.93549025974899
13660,13660,-0.625408396584378
13661,13661,-0.9274105303625948
13662,13662,-0.8010488888988778
13663,13663,-0.93549025974899
13664,13664,-0.93549025974899
13665,13665,-0.5129440909741967
13666,13666,-0.7094682366165053
13667,13667,-0.7266146813147181
13668,13668,-0.6446512091295507
13669,13669,-0.8780047496519661
13670,13670,-0.37156124950789016
13671,13671,-0.9158686160913607
13672,13672,-0.2739076670444516
13673,13673,-0.8892149186193823
13674,13674,-0.93549025974899
13675,13675,-0.7051770187853812
13676,13676,-0.6267955253298574
13677,13677,-0.5905700622694074
13678,13678,-0.41733593432818816
13679,13679,-0.7097411904147624
13680,13680,-0.48682747918548586
13681,13681,-0.5395295154580886
13682,13682,-0.43927070933737333
13683,13683,-0.7757907626657392
13684,13684,-0.8932209829812212
13685,13685,-0.6119272309520056
13686,13686,-0.8550963425785376
13687,13687,-0.6080025592779137
13688,13688,-0.93549025974899
13689,13689,-0.93549025974899
13690,13690,-0.6262892803646185
13691,13691,-0.7100568781865952
13692,13692,-0.6534718058457702
13693,13693,-0.2996387531332716
13694,13694,-0.9299477021972713
13695,13695,-0.8770460982211592
13696,13696,-0.8597354270662727
13697,13697,-0.39971722142462973
13698,13698,-0.93549025974899
13699,13699,-0.6945567112039388
13700,13700,-0.93549025974899
13701,13701,-0.5970850574282327
13702,13702,-0.93549025974899
13703,13703,-0.36403187041272034
13704,13704,-0.5015699650973975
13705,13705,-0.48902963568794355
13706,13706,-0.7531108658609629
13707,13707,-0.93549025974899
13708,13708,-0.7873781361859375
13709,13709,-0.8441660629106185
13710,13710,-0.8736850440121344
13711,13711,-0.6974931278778786
13712,13712,-0.754969250567985
13713,13713,-0.8514989488726386
13714,13714,-0.7515303523382162
13715,13715,-0.6949191220785043
13716,13716,-0.6713200027785184
13717,13717,-0.7338874232256387
13718,13718,-0.9225727241638015
13719,13719,-0.22696072596212646
13720,13720,-0.5501602720966279
13721,13721,-0.8411400925944612
13722,13722,-0.5404348103590473
13723,13723,-0.8594961047648724
13724,13724,-0.5348755800929794
13725,13725,-0.93549025974899
13726,13726,-0.5127860965529241
13727,13727,-0.8512309604004304
13728,13728,-0.6842244556416066
13729,13729,-0.6443223125703135
13730,13730,-0.93549025974899
13731,13731,-0.8117539318182754
13732,13732,-0.6044396188871293
13733,13733,-0.6583735110862428
13734,13734,-0.7827133027020139
13735,13735,-0.8651724515894887
13736,13736,-0.8416439326246952
13737,13737,-0.6167294104356422
13738,13738,-0.5308691256326661
13739,13739,-0.93549025974899
13740,13740,-0.4893740295217448
13741,13741,-0.7328831203468855
13742,13742,-0.45378596205404176
13743,13743,-0.7895178229187696
13744,13744,-0.8394800156203246
13745,13745,-0.7023287688748105
13746,13746,-0.625947396201683
13747,13747,-0.6409921084924868
13748,13748,-0.93549025974899
13749,13749,-0.7714520436462866
13750,13750,-0.50955105725604
13751,13751,-0.93549025974899
13752,13752,-0.5439817147625448
13753,13753,-0.38515769664167365
13754,13754,-0.3996260009904091
13755,13755,-0.3236122597456035
13756,13756,-0.9354814584106919
13757,13757,-0.7423872903058921
13758,13758,-0.48386569784930267
13759,13759,-0.93549025974899
13760,13760,-0.4658430234780122
13761,13761,-0.93549025974899
13762,13762,-0.7389735719051149
13763,13763,-0.8561482313830613
13764,13764,-0.93549025974899
13765,13765,-0.8975710513996447
13766,13766,-0.8998824495065794
13767,13767,-0.6749364916849903
13768,13768,-0.5658124857489959
13769,13769,-0.6942268569879673
13770,13770,-0.6679202429002675
13771,13771,-0.93549025974899
13772,13772,-0.6339258075648662
13773,13773,-0.7527378610706847
13774,13774,-0.8054610354618195
13775,13775,-0.6481788867699567
13776,13776,-0.8205929922038013
13777,13777,-0.4735238518537077
13778,13778,-0.7302414152196697
13779,13779,-0.8190521679608764
13780,13780,-0.610796014422224
13781,13781,-0.6653797686154395
13782,13782,-0.93549025974899
13783,13783,-0.9021399319398018
13784,13784,-0.5639573919744016
13785,13785,-0.8221739955386287
13786,13786,-0.4273682139386814
13787,13787,-0.23684654252629445
13788,13788,-0.93549025974899
13789,13789,-0.8752534650359056
13790,13790,-0.678993386749994
13791,13791,-0.93549025974899
13792,13792,-0.7765634173244624
13793,13793,-0.5895469253601551
13794,13794,-0.7414929315295815
13795,13795,-0.2640573870079721
13796,13796,-0.80828103966161
13797,13797,-0.7846656965660532
13798,13798,-0.6365806232736766
13799,13799,-0.93549025974899
13800,13800,-0.6404696126292357
13801,13801,-0.611650433534269
13802,13802,-0.5319958975868411
13803,13803,-0.8623389797142256
13804,13804,-0.5393268871359016
13805,13805,-0.402910863732453
13806,13806,-0.7394930662866148
13807,13807,-0.3963050056619455
13808,13808,-0.7101399264202701
13809,13809,-0.93549025974899
13810,13810,-0.93549025974899
13811,13811,-0.93549025974899
13812,13812,-0.7318503115945081
13813,13813,-0.7421319297024116
13814,13814,-0.7483319918788158
13815,13815,-0.6401177814607628
13816,13816,-0.7293606465459224
13817,13817,-0.93549025974899
13818,13818,-0.503328505088176
13819,13819,-0.5743813554748307
13820,13820,-0.93549025974899
13821,13821,-0.93549025974899
13822,13822,-0.3955257372532106
13823,13823,-0.93549025974899
13824,13824,-0.93549025974899
13825,13825,-0.93549025974899
13826,13826,-0.5987036928802301
13827,13827,-0.37354725182925996
13828,13828,-0.9085532827582146
13829,13829,-0.5638548674751522
13830,13830,-0.7478072586624904
13831,13831,-0.93549025974899
13832,13832,-0.93549025974899
13833,13833,-0.3832629981439237
13834,13834,-0.2786182726050819
13835,13835,-0.8029223222773432
13836,13836,-0.8383149575444282
13837,13837,-0.93549025974899
13838,13838,-0.8200944376333794
13839,13839,-0.8631270691998001
13840,13840,-0.6841154431119669
13841,13841,-0.7230653190062277
13842,13842,-0.8911724316694976
13843,13843,-0.6872301784298216
13844,13844,-0.36708843733092245
13845,13845,-0.913257491384103
13846,13846,-0.6428333787993967
13847,13847,-0.93549025974899
13848,13848,-0.7815048441044112
13849,13849,-0.5834642978705524
13850,13850,-0.8610727596514511
13851,13851,-0.8504579600188045
13852,13852,-0.9309016886149841
13853,13853,-0.666035777663474
13854,13854,-0.5413092898463057
13855,13855,-0.7413100114979105
13856,13856,-0.93549025974899
13857,13857,-0.93549025974899
13858,13858,-0.8714170876024685
13859,13859,-0.8267859692420849
13860,13860,-0.720345490234493
13861,13861,-0.8431293007956278
13862,13862,-0.6621380764472384
13863,13863,-0.8050573555532896
13864,13864,-0.4337762062347541
13865,13865,-0.8801598701433822
13866,13866,-0.23330699038010616
13867,13867,-0.8582029644304203
13868,13868,-0.4290168905898657
13869,13869,-0.6807218304953722
13870,13870,-0.2517914356875739
13871,13871,-0.3146577427848052
13872,13872,-0.519916681448267
13873,13873,-0.794397571831178
13874,13874,-0.8210311900931959
13875,13875,-0.6654575897967323
13876,13876,-0.9139760031849153
13877,13877,-0.5546063457180197
13878,13878,-0.504341258779208
13879,13879,-0.34582185010062894
13880,13880,-0.901793300193356
13881,13881,-0.7959219311001426
13882,13882,-0.93549025974899
13883,13883,-0.8208754547924446
13884,13884,-0.6211763556651206
13885,13885,-0.41444498641501426
13886,13886,-0.5330576566484186
13887,13887,-0.4473037292527877
13888,13888,-0.7783895933813092
13889,13889,-0.7614814203363949
13890,13890,-0.6442660126315936
13891,13891,-0.6486904513049936
13892,13892,-0.625304041532404
13893,13893,-0.9354333536041004
13894,13894,-0.42146309657978875
13895,13895,-0.6965476228256797
13896,13896,-0.8190609475470474
13897,13897,-0.93549025974899
13898,13898,-0.662684141212468
13899,13899,-0.3381802039647064
13900,13900,-0.5734442102474699
13901,13901,-0.7881842442941167
13902,13902,-0.3620619608454163
13903,13903,-0.93549025974899
13904,13904,-0.6468029609814643
13905,13905,-0.93549025974899
13906,13906,-0.6322404395070862
13907,13907,-0.4859848844052763
13908,13908,-0.7071954766225463
13909,13909,-0.8612327572653005
13910,13910,-0.93549025974899
13911,13911,-0.32308257151102326
13912,13912,-0.93549025974899
13913,13913,-0.93549025974899
13914,13914,-0.5956486515236783
13915,13915,-0.8626971341710465
13916,13916,-0.7058835758859416
13917,13917,-0.6378532428603467
13918,13918,-0.42908395363161356
13919,13919,-0.5056515158840651
13920,13920,-0.9189611390096406
13921,13921,-0.802435119833115
13922,13922,-0.6257087805234836
13923,13923,-0.8576816014791451
13924,13924,-0.8883655292989037
13925,13925,-0.5440367852563188
13926,13926,-0.6574771286849046
13927,13927,-0.8082124524854635
13928,13928,-0.5941079157922378
13929,13929,-0.22525956842928752
13930,13930,-0.3793209160996014
13931,13931,-0.8778897166003379
13932,13932,-0.6442803656700633
13933,13933,-0.8456346804642934
13934,13934,-0.7089895768724563
13935,13935,-0.93549025974899
13936,13936,-0.688746607146701
13937,13937,-0.5216309877540795
13938,13938,-0.4778387626808702
13939,13939,-0.93549025974899
13940,13940,-0.93549025974899
13941,13941,-0.93549025974899
13942,13942,-0.8648066995216652
13943,13943,-0.9242010826715763
13944,13944,-0.846782578302939
13945,13945,-0.6707788816928772
13946,13946,-0.6900422547451246
13947,13947,-0.4996431209802723
13948,13948,-0.17821266175269068
13949,13949,-0.93549025974899
13950,13950,-0.7478115774646543
13951,13951,-0.46021214598074245
13952,13952,-0.3026427568629586
13953,13953,-0.5488054027731906
13954,13954,-0.7017196229674205
13955,13955,-0.6658948137840515
13956,13956,-0.5173157610785055
13957,13957,-0.6207444288425314
13958,13958,-0.5991665848870298
13959,13959,-0.7028685421188587
13960,13960,-0.7220914498574373
13961,13961,-0.3272483918916613
13962,13962,-0.5948858633793552
13963,13963,-0.93549025974899
13964,13964,-0.7166593269747921
13965,13965,-0.93549025974899
13966,13966,-0.5566573715172414
13967,13967,-0.6248788277755484
13968,13968,-0.8764401597225238
13969,13969,-0.93549025974899
13970,13970,-0.5620085240224615
13971,13971,-0.5935512514101848
13972,13972,-0.738248392682495
13973,13973,-0.6250188222485011
13974,13974,-0.830936299985229
13975,13975,-0.9133615400736588
13976,13976,-0.41080823846054004
13977,13977,-0.6595042359324044
13978,13978,-0.93549025974899
13979,13979,-0.3646508519374536
13980,13980,-0.5513102797596758
13981,13981,-0.9343824057066019
13982,13982,-0.8092524588402128
13983,13983,-0.8112061332038696
13984,13984,-0.7792894368639125
13985,13985,-0.9332511368172689
13986,13986,-0.93549025974899
13987,13987,-0.6553545248971275
13988,13988,-0.7533767639638889
13989,13989,-0.7510676408407679
13990,13990,-0.6984835491870047
13991,13991,-0.2896821307737838
13992,13992,-0.5564080907112334
13993,13993,-0.6303425241124163
13994,13994,-0.93549025974899
13995,13995,-0.8151376262385615
13996,13996,-0.21547196027956517
13997,13997,-0.5776473910687958
13998,13998,-0.7065411378843613
13999,13999,-0.93549025974899
14000,14000,-0.900540207371785
14001,14001,-0.93549025974899
14002,14002,-0.5703183572325408
14003,14003,-0.6963676624687309
14004,14004,-0.7954525925921008
14005,14005,-0.8873626257190725
14006,14006,-0.9086497690130049
14007,14007,-0.93549025974899
14008,14008,-0.6292786817064737
14009,14009,-0.93549025974899
14010,14010,-0.830370716878507
14011,14011,-0.4270211999386664
14012,14012,-0.5261550904510592
14013,14013,-0.93549025974899
14014,14014,-0.40468740271934855
14015,14015,-0.93549025974899
14016,14016,-0.3173298470579877
14017,14017,-0.8157261817784622
14018,14018,-0.8468779809438871
14019,14019,-0.7611915272928247
14020,14020,-0.7021960224250314
14021,14021,-0.7566575592019138
14022,14022,-0.8424526513401318
14023,14023,-0.5210345026237864
14024,14024,-0.93549025974899
14025,14025,-0.8753371893652346
14026,14026,-0.7405014836475949
14027,14027,-0.5327346561821038
14028,14028,-0.93549025974899
14029,14029,-0.8138919992967502
14030,14030,-0.7248677479870942
14031,14031,-0.7215555764370905
14032,14032,-0.8806865212876449
14033,14033,-0.8010341127670699
14034,14034,-0.93549025974899
14035,14035,-0.7179149503091686
14036,14036,-0.93549025974899
14037,14037,-0.93549025974899
14038,14038,-0.5434482341800564
14039,14039,-0.93549025974899
14040,14040,-0.9202269595839727
14041,14041,-0.6596747778186263
14042,14042,-0.5302548574697319
14043,14043,-0.8851559599926038
14044,14044,-0.93549025974899
14045,14045,-0.93549025974899
14046,14046,-0.9026339353636548
14047,14047,-0.6760375811270496
14048,14048,-0.5580814856195713
14049,14049,-0.5869682999603629
14050,14050,-0.7833481397603581
14051,14051,-0.32577841528202534
14052,14052,-0.3343631691093609
14053,14053,-0.7521746729203631
14054,14054,-0.887063661250739
14055,14055,-0.8215182947876265
14056,14056,-0.500225162834683
14057,14057,-0.7274989197725326
14058,14058,-0.5749181473843823
14059,14059,-0.5589827675276684
14060,14060,-0.7015312108380733
14061,14061,-0.2391141469484066
14062,14062,-0.8811611686671235
14063,14063,-0.5646454038079174
14064,14064,-0.8365232735320323
14065,14065,-0.5404335319486098
14066,14066,-0.6696880049684957
14067,14067,-0.93549025974899
14068,14068,-0.6751993785719677
14069,14069,-0.49493306226281153
14070,14070,-0.8666233112265491
14071,14071,-0.5019542574023341
14072,14072,-0.93549025974899
14073,14073,-0.7485160154685708
14074,14074,-0.3302321632988684
14075,14075,-0.7565897270429378
14076,14076,-0.8042947526386488
14077,14077,-0.7752360136934442
14078,14078,-0.93549025974899
14079,14079,-0.8050074995598067
14080,14080,-0.6756069468280295
14081,14081,-0.6280857421259345
14082,14082,-0.6732684819237011
14083,14083,-0.896522099631671
14084,14084,-0.9117701259503637
14085,14085,-0.7592132760115522
14086,14086,-0.24921936074645545
14087,14087,-0.39832023424616025
14088,14088,-0.93549025974899
14089,14089,-0.8200622080222786
14090,14090,-0.49982323072502943
14091,14091,-0.4240322088969073
14092,14092,-0.6399200756665131
14093,14093,-0.93549025974899
14094,14094,-0.6085161685714482
14095,14095,-0.6198088249160438
14096,14096,-0.8543781565280781
14097,14097,-0.3885846459350706
14098,14098,-0.3831879473500721
14099,14099,-0.916896253693313
14100,14100,-0.7608186098228433
14101,14101,-0.39454772743773425
14102,14102,-0.6042930385151983
14103,14103,-0.8619401477521826
14104,14104,-0.5741999332560721
14105,14105,-0.93549025974899
14106,14106,-0.93549025974899
14107,14107,-0.7007268095939967
14108,14108,-0.93549025974899
14109,14109,-0.93549025974899
14110,14110,-0.93549025974899
14111,14111,-0.6486751850795329
14112,14112,-0.93549025974899
14113,14113,-0.4989281600521487
14114,14114,-0.8619592747520599
14115,14115,-0.6458935142993205
14116,14116,-0.7111650420061757
14117,14117,-0.6258989894892881
14118,14118,-0.6786923259208653
14119,14119,-0.5052971292733321
14120,14120,-0.6050245811844448
14121,14121,-0.93549025974899
14122,14122,-0.6380230755047798
14123,14123,-0.93549025974899
14124,14124,-0.9319632440794159
14125,14125,-0.93549025974899
14126,14126,-0.756082646004689
14127,14127,-0.6289069137945038
14128,14128,-0.93549025974899
14129,14129,-0.7369034139038355
14130,14130,-0.7965112916230233
14131,14131,-0.5937561868839882
14132,14132,-0.600361399816709
14133,14133,-0.93549025974899
14134,14134,-0.93549025974899
14135,14135,-0.8559118963650736
14136,14136,-0.4551681700293142
14137,14137,-0.8043010371842474
14138,14138,-0.637653277347292
14139,14139,-0.40002807784158456
14140,14140,-0.4700296498503499
14141,14141,-0.6787686979939611
14142,14142,-0.7892900266027372
14143,14143,-0.6003785575061649
14144,14144,-0.93549025974899
14145,14145,-0.7369234429014071
14146,14146,-0.534768974571314
14147,14147,-0.7454019851209672
14148,14148,-0.6046046192787244
14149,14149,-0.25343171777440787
14150,14150,-0.93549025974899
14151,14151,-0.5556593494170574
14152,14152,-0.46030190594668285
14153,14153,-0.93549025974899
14154,14154,-0.5216009238664014
14155,14155,-0.5174226974105096
14156,14156,-0.93549025974899
14157,14157,-0.93549025974899
14158,14158,-0.5003700449462429
14159,14159,-0.93549025974899
14160,14160,-0.923162530685504
14161,14161,-0.408696719541187
14162,14162,-0.4707604048272902
14163,14163,-0.93549025974899
14164,14164,-0.7272331894184436
14165,14165,-0.5658246021880746
14166,14166,-0.7077665343445894
14167,14167,-0.8312834438153107
14168,14168,-0.93549025974899
14169,14169,-0.2835115434789839
14170,14170,-0.7140773843060746
14171,14171,-0.6100818038678568
14172,14172,-0.7618954127341979
14173,14173,-0.7540633236942273
14174,14174,-0.5960358460452859
14175,14175,-0.31240116711655475
14176,14176,-0.706410688568031
14177,14177,-0.7239182555282788
14178,14178,-0.8262196119707745
14179,14179,-0.10083427365913977
14180,14180,-0.93549025974899
14181,14181,-0.93549025974899
14182,14182,-0.8071303393892215
14183,14183,-0.93549025974899
14184,14184,-0.7379784827890177
14185,14185,-0.5774364213728269
14186,14186,-0.7209533294032955
14187,14187,-0.6282993256495164
14188,14188,-0.9159644378939227
14189,14189,-0.93549025974899
14190,14190,-0.929883385822059
14191,14191,-0.93549025974899
14192,14192,-0.9013285755865788
14193,14193,-0.6708172068844878
14194,14194,-0.7972473480165867
14195,14195,-0.9209062269172552
14196,14196,-0.6986046325046438
14197,14197,-0.6948391740207924
14198,14198,-0.93549025974899
14199,14199,-0.521341600912637
14200,14200,-0.7643458014432216
14201,14201,-0.4807054987786792
14202,14202,-0.649820628157034
14203,14203,-0.7322536616522246
14204,14204,-0.8181025694693496
14205,14205,-0.6913999955908299
14206,14206,-0.93549025974899
14207,14207,-0.5478846572023031
14208,14208,-0.8601050870769598
14209,14209,-0.7696658592766212
14210,14210,-0.6110914543431001
14211,14211,-0.8243900223580347
14212,14212,-0.7374986168783018
14213,14213,-0.5522864734541688
14214,14214,-0.7996743424277373
14215,14215,-0.8370104812521237
14216,14216,-0.7061946400987757
14217,14217,-0.4177570323017399
14218,14218,-0.8309422601124528
14219,14219,-0.7102754674345864
14220,14220,-0.6587603124367725
14221,14221,-0.93549025974899
14222,14222,-0.31892475395424214
14223,14223,-0.6869789093439955
14224,14224,-0.574931152151196
14225,14225,-0.5391646117687916
14226,14226,-0.93549025974899
14227,14227,-0.10333039320454251
14228,14228,-0.5119492331539348
14229,14229,-0.93549025974899
14230,14230,-0.8185451061276083
14231,14231,-0.8465783078152711
14232,14232,-0.9135218963367109
14233,14233,-0.7171954799730464
14234,14234,-0.8765474285172221
14235,14235,-0.5845558180586097
14236,14236,-0.93549025974899
14237,14237,-0.5578667151388235
14238,14238,-0.8057335150027445
14239,14239,-0.4542734953746379
14240,14240,-0.572992648366244
14241,14241,-0.35362364087825426
14242,14242,-0.4506808229290802
14243,14243,-0.924239999976125
14244,14244,-0.93549025974899
14245,14245,-0.93549025974899
14246,14246,-0.6593998507485299
14247,14247,-0.6932878123369424
14248,14248,-0.3413759883893541
14249,14249,-0.35667563648085876
14250,14250,-0.6945271956195942
14251,14251,-0.6768539299367049
14252,14252,-0.93549025974899
14253,14253,-0.93549025974899
14254,14254,-0.870262070975615
14255,14255,-0.93549025974899
14256,14256,-0.6914773323456291
14257,14257,-0.6165941840030484
14258,14258,-0.7391846307960925
14259,14259,-0.40205814889692704
14260,14260,-0.7106758532962729
14261,14261,-0.46993769927794915
14262,14262,-0.9169839616301037
14263,14263,-0.8909700158527745
14264,14264,-0.6241226140573009
14265,14265,-0.6708940207369896
14266,14266,-0.5685303556252279
14267,14267,-0.4696340475064429
14268,14268,-0.7626393316179474
14269,14269,-0.5760628582593377
14270,14270,-0.93549025974899
14271,14271,-0.49827626723802787
14272,14272,-0.6146449249401531
14273,14273,-0.6590738832134395
14274,14274,-0.5567569122996066
14275,14275,-0.5505110327222269
14276,14276,-0.8403455354361586
14277,14277,-0.6677569218866442
14278,14278,-0.5758112130398576
14279,14279,-0.8690062373552454
14280,14280,-0.7591363341340873
14281,14281,-0.38280762181076433
14282,14282,-0.8941721032465537
14283,14283,-0.7883699242641171
14284,14284,-0.6396274670528772
14285,14285,-0.9198677112518556
14286,14286,-0.44570704607583744
14287,14287,-0.93549025974899
14288,14288,-0.7687959871577039
14289,14289,-0.5360354816430917
14290,14290,-0.93549025974899
14291,14291,-0.673343249239112
14292,14292,-0.93549025974899
14293,14293,-0.8402779669396416
14294,14294,-0.8467519796462923
14295,14295,-0.93549025974899
14296,14296,-0.926220598001013
14297,14297,-0.6736860901686725
14298,14298,-0.6107104102815732
14299,14299,-0.8931782156085877
14300,14300,-0.830169838246384
14301,14301,-0.93549025974899
14302,14302,-0.7456931699090319
14303,14303,-0.6737212953600036
14304,14304,-0.4248412465242044
14305,14305,-0.93549025974899
14306,14306,-0.3664072982974198
14307,14307,-0.5400284734417604
14308,14308,-0.8072690986457705
14309,14309,-0.93549025974899
14310,14310,-0.93549025974899
14311,14311,-0.6544629208282107
14312,14312,-0.6513283172322595
14313,14313,-0.2357218680580737
14314,14314,-0.625270044096375
14315,14315,-0.41616967103478153
14316,14316,-0.6738306189047751
14317,14317,-0.6755357396916768
14318,14318,-0.93549025974899
14319,14319,-0.8906503701101958
14320,14320,-0.7493141294869794
14321,14321,-0.93549025974899
14322,14322,-0.8471037928352487
14323,14323,-0.7354144526114954
14324,14324,-0.5022090179159111
14325,14325,-0.7586497132038588
14326,14326,-0.93549025974899
14327,14327,-0.5455431179446291
14328,14328,-0.6838247841590945
14329,14329,-0.748727229957753
14330,14330,-0.643926698298845
14331,14331,-0.7609292501603822
14332,14332,-0.93549025974899
14333,14333,-0.6787574248354762
14334,14334,-0.9053121446812931
14335,14335,-0.7473506795312836
14336,14336,-0.6041199665508064
14337,14337,-0.781919001244237
14338,14338,-0.5254060183024656
14339,14339,-0.8547559121157295
14340,14340,-0.93549025974899
14341,14341,-0.3894212068565963
14342,14342,-0.5694318610853171
14343,14343,-0.8427322840177158
14344,14344,-0.6882219358886434
14345,14345,-0.4455373128832463
14346,14346,-0.8538342030738608
14347,14347,-0.7949797667603082
14348,14348,-0.93549025974899
14349,14349,-0.8775299659993028
14350,14350,-0.28158655672726607
14351,14351,-0.93549025974899
14352,14352,-0.5469219946418438
14353,14353,-0.5293138595466651
14354,14354,-0.7186184796684447
14355,14355,-0.5579608846969717
14356,14356,-0.93549025974899
14357,14357,-0.6599811620486129
14358,14358,-0.8362630287545905
14359,14359,-0.93549025974899
14360,14360,-0.8428962032986256
14361,14361,-0.7450497505353884
14362,14362,-0.5598904231909274
14363,14363,-0.5502028031968269
14364,14364,-0.47983769197885273
14365,14365,-0.4201177697125562
14366,14366,-0.779877308664485
14367,14367,-0.7723296851582973
14368,14368,-0.6085240960897309
14369,14369,-0.5710183485169331
14370,14370,-0.8455789210421347
14371,14371,-0.92445179499774
14372,14372,-0.681306241507702
14373,14373,-0.8364399577762072
14374,14374,-0.93549025974899
14375,14375,-0.9267539394057867
14376,14376,-0.8625350710822275
14377,14377,-0.8616126275262026
14378,14378,-0.7167906050612949
14379,14379,-0.5812159360468243
14380,14380,-0.6755667410687494
14381,14381,-0.33520427238315875
14382,14382,-0.93549025974899
14383,14383,-0.5474023161927182
14384,14384,-0.93549025974899
14385,14385,-0.9283961309963118
14386,14386,-0.9287330506685638
14387,14387,-0.6932064155680866
14388,14388,-0.9158409170432442
14389,14389,-0.7212377127809422
14390,14390,-0.662033077636659
14391,14391,-0.5176526676881128
14392,14392,-0.8519708410963407
14393,14393,-0.7805916502119192
14394,14394,-0.6830074815550837
14395,14395,-0.7125651010618164
14396,14396,-0.48777418810325246
14397,14397,-0.8603054893450413
14398,14398,-0.5292713150773967
14399,14399,-0.7002158508061616
14400,14400,-0.5860902385320799
14401,14401,-0.5100532880736197
14402,14402,-0.5167415023458979
14403,14403,-0.6099789870180405
14404,14404,-0.5642262980939172
14405,14405,-0.93549025974899
14406,14406,-0.5554525758781867
14407,14407,-0.93549025974899
14408,14408,-0.93549025974899
14409,14409,-0.8479560303291045
14410,14410,-0.7986296950328331
14411,14411,-0.7903177978518716
14412,14412,-0.93549025974899
14413,14413,-0.7686038185223971
14414,14414,-0.7209744976131152
14415,14415,-0.7820124963303954
14416,14416,-0.8539267885085202
14417,14417,-0.23010254335592073
14418,14418,-0.868171205196866
14419,14419,-0.6639967388758876
14420,14420,-0.7980969575360781
14421,14421,-0.93549025974899
14422,14422,-0.93549025974899
14423,14423,-0.4037126830315749
14424,14424,-0.8130390953994038
14425,14425,-0.93549025974899
14426,14426,-0.7210209197130215
14427,14427,-0.543184044155538
14428,14428,-0.93549025974899
14429,14429,-0.83373698141739
14430,14430,-0.6014097595618342
14431,14431,-0.9257328545320664
14432,14432,-0.5607290747282101
14433,14433,-0.37420680846657106
14434,14434,-0.8391155869824161
14435,14435,-0.5856268270286802
14436,14436,-0.5673677945080904
14437,14437,-0.8250165808782164
14438,14438,-0.6041642952565418
14439,14439,-0.836703717675082
14440,14440,-0.93549025974899
14441,14441,-0.8413166718548908
14442,14442,-0.7176719904194488
14443,14443,-0.8610810909546718
14444,14444,-0.8123295080022537
14445,14445,-0.93549025974899
14446,14446,-0.5450078845646988
14447,14447,-0.9252248561017158
14448,14448,-0.7789903701903746
14449,14449,-0.6687403227479649
14450,14450,-0.6206388789142085
14451,14451,-0.93549025974899
14452,14452,-0.6541064042368863
14453,14453,-0.93549025974899
14454,14454,-0.8245467874532597
14455,14455,-0.7301316139025005
14456,14456,-0.93549025974899
14457,14457,-0.93549025974899
14458,14458,-0.7106018034734465
14459,14459,-0.93549025974899
14460,14460,-0.93549025974899
14461,14461,-0.8499717101055069
14462,14462,-0.6843333006444041
14463,14463,-0.6707770113319533
14464,14464,-0.93549025974899
14465,14465,-0.6805485650532042
14466,14466,-0.8813940254666353
14467,14467,-0.3982285778788719
14468,14468,-0.9050510749595198
14469,14469,-0.6839318135933485
14470,14470,-0.5899730107105818
14471,14471,-0.6739357038007086
14472,14472,-0.93549025974899
14473,14473,-0.93549025974899
14474,14474,-0.93549025974899
14475,14475,-0.6969683599187864
14476,14476,-0.9197142544617307
14477,14477,-0.93549025974899
14478,14478,-0.8765532343589602
14479,14479,-0.6917768202601771
14480,14480,-0.921118850669842
14481,14481,-0.5654419464705875
14482,14482,-0.4928283755598706
14483,14483,-0.5653558541266719
14484,14484,-0.93549025974899
14485,14485,-0.8574659464323453
14486,14486,-0.8110446818789576
14487,14487,-0.7508322744208726
14488,14488,-0.6007887571602897
14489,14489,-0.7945932231241617
14490,14490,-0.93549025974899
14491,14491,-0.5350285477351946
14492,14492,-0.6465275854762389
14493,14493,-0.3287259974505816
14494,14494,-0.8540948180900276
14495,14495,-0.8505197361542969
14496,14496,-0.93549025974899
14497,14497,-0.580253881227053
14498,14498,-0.5532356067693662
14499,14499,-0.8963952456352775
14500,14500,-0.2723636465300707
14501,14501,-0.38024930001146373
14502,14502,-0.5147522697222269
14503,14503,-0.5666377219310292
14504,14504,-0.93549025974899
14505,14505,-0.6356199717569417
14506,14506,-0.8509813519017602
14507,14507,-0.93549025974899
14508,14508,-0.8715565497143007
14509,14509,-0.36300847289980176
14510,14510,-0.6565835632592609
14511,14511,-0.4142526095149006
14512,14512,-0.8163187471474203
14513,14513,-0.7486397526917088
14514,14514,-0.4214107724380085
14515,14515,-0.730849327851617
14516,14516,-0.93549025974899
14517,14517,-0.5188157093600694
14518,14518,-0.64059797029004
14519,14519,-0.4710820290869857
14520,14520,-0.8925563465535209
14521,14521,-0.9028117626217682
14522,14522,-0.9174456896624932
14523,14523,-0.6840456058692101
14524,14524,-0.4632213374030769
14525,14525,-0.6281507495086434
14526,14526,-0.2992186610141876
14527,14527,-0.7480966325230884
14528,14528,-0.7653875108213306
14529,14529,-0.38842213892546884
14530,14530,-0.6262434548162794
14531,14531,-0.8586743542902298
14532,14532,-0.6807301356575568
14533,14533,-0.3632834430686618
14534,14534,-0.7282882570632871
14535,14535,-0.7331607748984972
14536,14536,-0.6340384117124547
14537,14537,-0.6571157120640869
14538,14538,-0.9132416457206638
14539,14539,-0.5357010147134691
14540,14540,-0.7425117514538684
14541,14541,-0.4781710409849982
14542,14542,-0.9044844987713851
14543,14543,-0.5681154855762589
14544,14544,-0.7735571792972582
14545,14545,-0.93549025974899
14546,14546,-0.6206278451920753
14547,14547,-0.6977248628647637
14548,14548,-0.93549025974899
14549,14549,-0.7436611905589761
14550,14550,-0.7646070380202321
14551,14551,-0.6026703255930261
14552,14552,-0.9323207427392113
14553,14553,-0.6849988438763379
14554,14554,-0.93549025974899
14555,14555,-0.3373753514325153
14556,14556,-0.93549025974899
14557,14557,-0.49964813115102125
14558,14558,-0.8219851964825811
14559,14559,-0.5215840047072664
14560,14560,-0.5602542135894168
14561,14561,-0.6741764835009612
14562,14562,-0.93549025974899
14563,14563,-0.908120121735374
14564,14564,-0.9199496855599598
14565,14565,-0.4643567580812835
14566,14566,-0.6218642381115593
14567,14567,-0.564424232873197
14568,14568,-0.41205574464786743
14569,14569,-0.3284950827921913
14570,14570,-0.8075721402362479
14571,14571,-0.6652382115547262
14572,14572,-0.7008539671975598
14573,14573,-0.4821345331016733
14574,14574,-0.7082626531591476
14575,14575,-0.6770438473589468
14576,14576,-0.49226119181137307
14577,14577,-0.7592306749500501
14578,14578,-0.23310181019887333
14579,14579,-0.5300360474866128
14580,14580,-0.7331147709592827
14581,14581,-0.6034220057636777
14582,14582,-0.7281557825077289
14583,14583,-0.5058396437589341
14584,14584,-0.6543867594825219
14585,14585,-0.6947716751605597
14586,14586,-0.9340938497644959
14587,14587,-0.93549025974899
14588,14588,-0.4375195921843429
14589,14589,-0.8357187200701208
14590,14590,-0.9015747358000148
14591,14591,-0.6394649181985006
14592,14592,-0.93549025974899
14593,14593,-0.6897323034591984
14594,14594,-0.6290635188532736
14595,14595,-0.8506602921482234
14596,14596,-0.93549025974899
14597,14597,-0.62549221075726
14598,14598,-0.93549025974899
14599,14599,-0.4314530613260019
14600,14600,-0.93549025974899
14601,14601,-0.6609041400365587
14602,14602,-0.847713996715429
14603,14603,-0.5522712200739197
14604,14604,-0.8690660864591155
14605,14605,-0.93549025974899
14606,14606,-0.3186400476312361
14607,14607,-0.8530693588622018
14608,14608,-0.8079756118446273
14609,14609,-0.6411867595753211
14610,14610,-0.6666880469537162
14611,14611,-0.7760332912454064
14612,14612,-0.93549025974899
14613,14613,-0.48708635546857915
14614,14614,-0.93549025974899
14615,14615,-0.7946703783208253
14616,14616,-0.5092838301035876
14617,14617,-0.5032192450436903
14618,14618,-0.7460475848639199
14619,14619,-0.8127976953957301
14620,14620,-0.93549025974899
14621,14621,-0.9029556661645533
14622,14622,-0.6045691819609722
14623,14623,-0.7973300415238658
14624,14624,-0.2950109354591195
14625,14625,-0.7176889365327277
14626,14626,-0.5501228178606574
14627,14627,-0.93549025974899
14628,14628,-0.8476584541564947
14629,14629,-0.6948229616317043
14630,14630,-0.8103499145263147
14631,14631,-0.6392677944055851
14632,14632,-0.6580029371368887
14633,14633,-0.5745407490198406
14634,14634,-0.8174409326524259
14635,14635,-0.9306770158033544
14636,14636,-0.5956911428625418
14637,14637,-0.5602403222320707
14638,14638,-0.4914882915749459
14639,14639,-0.93549025974899
14640,14640,-0.5088430595257578
14641,14641,-0.7009471350552321
14642,14642,-0.39910023283753704
14643,14643,-0.738107318193375
14644,14644,-0.809804565429193
14645,14645,-0.6820202835264002
14646,14646,-0.93549025974899
14647,14647,-0.4370503571474913
14648,14648,-0.93549025974899
14649,14649,-0.5816356865321684
14650,14650,-0.2791412137059428
14651,14651,-0.93549025974899
14652,14652,-0.6006287158942332
14653,14653,-0.6905516335732678
14654,14654,-0.8449795940206162
14655,14655,-0.829759339845042
14656,14656,-0.9057284966609735
14657,14657,-0.93549025974899
14658,14658,-0.501411017470391
14659,14659,-0.49164389133543773
14660,14660,-0.93549025974899
14661,14661,-0.9201030877117411
14662,14662,-0.49349696459041503
14663,14663,-0.6633733063101435
14664,14664,-0.2144001550839758
14665,14665,-0.5986512773308323
14666,14666,-0.27261116419652653
14667,14667,-0.31810271298792436
14668,14668,-0.8017596774656344
14669,14669,-0.5379902487728039
14670,14670,-0.5887724213474996
14671,14671,-0.5404375201457725
14672,14672,-0.8236658958288956
14673,14673,-0.93549025974899
14674,14674,-0.93549025974899
14675,14675,-0.5527291011000219
14676,14676,-0.93549025974899
14677,14677,-0.7240777524630904
14678,14678,-0.93549025974899
14679,14679,-0.4966679725227312
14680,14680,-0.93549025974899
14681,14681,-0.7520062023204339
14682,14682,-0.93549025974899
14683,14683,-0.6972656458980175
14684,14684,-0.93549025974899
14685,14685,-0.8678961948548682
14686,14686,-0.4632311134516982
14687,14687,-0.5597127333074536
14688,14688,-0.93549025974899
14689,14689,-0.8370958665052122
14690,14690,-0.6224675338187016
14691,14691,-0.7208946529588935
14692,14692,-0.7677025630996503
14693,14693,-0.48506429511087745
14694,14694,-0.8772600195447584
14695,14695,-0.6839601068918633
14696,14696,-0.7688560041362553
14697,14697,-0.3924403036422266
14698,14698,-0.7597563888997527
14699,14699,-0.93549025974899
14700,14700,-0.554296278546142
14701,14701,-0.93549025974899
14702,14702,-0.93549025974899
14703,14703,-0.2097636215819656
14704,14704,-0.6909593391817204
14705,14705,-0.93549025974899
14706,14706,-0.93549025974899
14707,14707,-0.6276094315327772
14708,14708,-0.8521078989495781
14709,14709,-0.8001293328350272
14710,14710,-0.678994936143642
14711,14711,-0.6310347194622512
14712,14712,-0.93549025974899
14713,14713,-0.93549025974899
14714,14714,-0.783844775443514
14715,14715,-0.6622743814334378
14716,14716,-0.93549025974899
14717,14717,-0.6029595213696783
14718,14718,-0.6386452573983981
14719,14719,-0.93549025974899
14720,14720,-0.8486887232864024
14721,14721,-0.7484989019221224
14722,14722,-0.6973092344721312
14723,14723,-0.5335457735010198
14724,14724,-0.7545183033642733
14725,14725,-0.8218200383351082
14726,14726,-0.93549025974899
14727,14727,-0.93549025974899
14728,14728,-0.9033255098980408
14729,14729,-0.5455746309769474
14730,14730,-0.93549025974899
14731,14731,-0.7733661644165313
14732,14732,-0.739644800135375
14733,14733,-0.744401392687644
14734,14734,-0.7817250020150812
14735,14735,-0.8567322028331148
14736,14736,-0.93549025974899
14737,14737,-0.100119208361241
14738,14738,-0.9116210077260725
14739,14739,-0.9069033908127722
14740,14740,-0.7675843963018654
14741,14741,-0.30052831789129364
14742,14742,-0.6644562799632787
14743,14743,-0.6029777396227018
14744,14744,-0.48530248896749484
14745,14745,-0.7905447404926793
14746,14746,-0.6627545525967893
14747,14747,-0.535132143523871
14748,14748,-0.5570995327873285
14749,14749,-0.7064423808938116
14750,14750,-0.6734166622642537
14751,14751,-0.93549025974899
14752,14752,-0.8691982198800918
14753,14753,-0.5269171149895104
14754,14754,-0.8195675503398991
14755,14755,-0.93549025974899
14756,14756,-0.7747763322960637
14757,14757,-0.6252411664414712
14758,14758,-0.5532555569701256
14759,14759,-0.93549025974899
14760,14760,-0.8624234527658281
14761,14761,-0.93549025974899
14762,14762,-0.8627048882590493
14763,14763,-0.5056188668103268
14764,14764,-0.697020234206498
14765,14765,-0.93549025974899
14766,14766,-0.6092558961234662
14767,14767,-0.5463617965869472
14768,14768,-0.791547888741464
14769,14769,-0.5841413415806223
14770,14770,-0.8695885895290623
14771,14771,-0.7939562618813714
14772,14772,-0.6754722244053291
14773,14773,-0.93549025974899
14774,14774,-0.894234982484237
14775,14775,-0.7019054153920852
14776,14776,-0.93549025974899
14777,14777,-0.761597104030999
14778,14778,-0.44237195914848826
14779,14779,-0.8399294694215715
14780,14780,-0.782623036588598
14781,14781,-0.5579975258888248
14782,14782,-0.93549025974899
14783,14783,-0.8758694854816316
14784,14784,-0.8155793186590632
14785,14785,-0.4864133435111899
14786,14786,-0.743187331281776
14787,14787,-0.7958499041839104
14788,14788,-0.8517616357320339
14789,14789,-0.6948683280210464
14790,14790,-0.6757755062801483
14791,14791,-0.5768332993071432
14792,14792,-0.794472964150339
14793,14793,-0.5229678954993986
14794,14794,-0.8220500527788239
14795,14795,-0.6111831604477551
14796,14796,-0.6804800817756362
14797,14797,-0.4221274552601706
14798,14798,-0.5820268702800391
14799,14799,-0.5293719015890179
14800,14800,-0.581431344176524
14801,14801,-0.93549025974899
14802,14802,-0.93549025974899
14803,14803,-0.657765779617522
14804,14804,-0.814644363229835
14805,14805,-0.20106294715996142
14806,14806,-0.7520682366185909
14807,14807,-0.41367510745385694
14808,14808,-0.4948239904846794
14809,14809,-0.3145027109916061
14810,14810,-0.93549025974899
14811,14811,-0.7471766254213961
14812,14812,-0.7889267735037766
14813,14813,-0.9292169872385365
14814,14814,-0.8918093036462729
14815,14815,-0.5364924240328595
14816,14816,-0.42055816883126695
14817,14817,-0.4715256780115755
14818,14818,-0.9140202186911282
14819,14819,-0.6297273298160793
14820,14820,-0.93549025974899
14821,14821,-0.93549025974899
14822,14822,-0.7081588813768693
14823,14823,-0.6781693332844796
14824,14824,-0.6950744412151639
14825,14825,-0.5649463389496194
14826,14826,-0.7385842370115405
14827,14827,-0.93549025974899
14828,14828,-0.5854698657015391
14829,14829,-0.5203394272700437
14830,14830,-0.5218559597627976
14831,14831,-0.4090367468010374
14832,14832,-0.9117218244526715
14833,14833,-0.93549025974899
14834,14834,-0.920221565984507
14835,14835,-0.8026742745947857
14836,14836,-0.7839899898869707
14837,14837,-0.6990804850848242
14838,14838,-0.79856963256284
14839,14839,-0.5489730968105011
14840,14840,-0.93549025974899
14841,14841,-0.6981702291705183
14842,14842,-0.6171516101195724
14843,14843,-0.5792657967994632
14844,14844,-0.5190101816975403
14845,14845,-0.46830828096438815
14846,14846,-0.7415947181938183
14847,14847,-0.606423718791337
14848,14848,-0.7861082232401806
14849,14849,-0.93549025974899
14850,14850,-0.93549025974899
14851,14851,-0.6294866048847787
14852,14852,-0.7887897797145094
14853,14853,-0.5520988389992354
14854,14854,-0.8029203095728867
14855,14855,-0.7818350151104205
14856,14856,-0.6317442427569535
14857,14857,-0.8118245546541534
14858,14858,-0.370005831724443
14859,14859,-0.93549025974899
14860,14860,-0.93549025974899
14861,14861,-0.24386586891297668
14862,14862,-0.93549025974899
14863,14863,-0.7987410658336813
14864,14864,-0.7712572578339749
14865,14865,-0.776477843669511
14866,14866,-0.5889370505553746
14867,14867,-0.46307983316741463
14868,14868,-0.4492878765279986
14869,14869,-0.8170998761376485
14870,14870,-0.6151893880247332
14871,14871,-0.5882564514813016
14872,14872,-0.6595802366355272
14873,14873,-0.8807418728564063
14874,14874,-0.8603594469390021
14875,14875,-0.898752057325197
14876,14876,-0.8927576551986967
14877,14877,-0.5249958523416076
14878,14878,-0.7843628300793899
14879,14879,-0.710538570861809
14880,14880,-0.5693308583141334
14881,14881,-0.46910420118649654
14882,14882,-0.5300485382538529
14883,14883,-0.8530413345203787
14884,14884,-0.3698657310161835
14885,14885,-0.7298793655473226
14886,14886,-0.7962869606103631
14887,14887,-0.4396948499341491
14888,14888,-0.93549025974899
14889,14889,-0.8719331595284565
14890,14890,-0.6350644788120565
14891,14891,-0.8419948012168064
14892,14892,-0.610795798578474
14893,14893,-0.4999672370838937
14894,14894,-0.93549025974899
14895,14895,-0.5405575646901184
14896,14896,-0.93549025974899
14897,14897,-0.6419579445101711
14898,14898,-0.9261313105876869
14899,14899,-0.25179471654818864
14900,14900,-0.9167847200842978
14901,14901,-0.93549025974899
14902,14902,-0.7044335198455531
14903,14903,-0.4535543919564944
14904,14904,-0.9053645132486157
14905,14905,-0.5316193323298606
14906,14906,-0.7564688381126832
14907,14907,-0.5389090956451845
14908,14908,-0.93549025974899
14909,14909,-0.93549025974899
14910,14910,-0.6265791906161446
14911,14911,-0.5343174397308648
14912,14912,-0.8459948253156302
14913,14913,-0.6196326178741209
14914,14914,-0.42379292864556284
14915,14915,-0.5508231378786963
14916,14916,-0.93549025974899
14917,14917,-0.5857661691365057
14918,14918,-0.93549025974899
14919,14919,-0.93549025974899
14920,14920,-0.9319566473159728
14921,14921,-0.7934378979627361
14922,14922,-0.6470114977202517
14923,14923,-0.829794433332518
14924,14924,-0.526355862562145
14925,14925,-0.5591318276086543
14926,14926,-0.6347675582128502
14927,14927,-0.8635134997557845
14928,14928,-0.8331860812880976
14929,14929,-0.7392662120522857
14930,14930,-0.93549025974899
14931,14931,-0.4946366428518698
14932,14932,-0.7132380703170558
14933,14933,-0.6683684498337072
14934,14934,-0.93549025974899
14935,14935,-0.93549025974899
14936,14936,-0.8173943875530405
14937,14937,-0.5342511920990725
14938,14938,-0.7243308925862415
14939,14939,-0.634147781754141
14940,14940,-0.6586357687070468
14941,14941,-0.5604991516569147
14942,14942,-0.9103437760161981
14943,14943,-0.6902518084192089
14944,14944,-0.5819355319402497
14945,14945,-0.6055086213897543
14946,14946,-0.6913064152575448
14947,14947,-0.770239078700401
14948,14948,-0.684646733576546
14949,14949,-0.6622966176797309
14950,14950,-0.93549025974899
14951,14951,-0.93549025974899
14952,14952,-0.2086894554736407
14953,14953,-0.5711778195676978
14954,14954,-0.6499649762607991
14955,14955,-0.8459449775068073
14956,14956,-0.795029000498376
14957,14957,-0.592356787580302
14958,14958,-0.5588046416067449
14959,14959,-0.6795314268093424
14960,14960,-0.6462910463998686
14961,14961,-0.93549025974899
14962,14962,-0.9108264277026095
14963,14963,-0.6637540867587521
14964,14964,-0.6628737013194552
14965,14965,-0.93549025974899
14966,14966,-0.4635242512707354
14967,14967,-0.5788325831762862
14968,14968,-0.8730935704452953
14969,14969,-0.5928759274111872
14970,14970,-0.8527818581492319
14971,14971,-0.8510037135682893
14972,14972,-0.4722107333320916
14973,14973,-0.5904826144108828
14974,14974,-0.831686843106727
14975,14975,-0.93549025974899
14976,14976,-0.9068799115645678
14977,14977,-0.5715612563222852
14978,14978,-0.7859740443282739
14979,14979,-0.5998590731177025
14980,14980,-0.5838746955926291
14981,14981,-0.2200632024896767
14982,14982,-0.689610351696162
14983,14983,-0.3848056085503959
14984,14984,-0.93549025974899
14985,14985,-0.6438760676391269
14986,14986,-0.93549025974899
14987,14987,-0.44418216148441836
14988,14988,-0.1582978432698674
14989,14989,-0.93549025974899
14990,14990,-0.9310472937063441
14991,14991,-0.6121386486013947
14992,14992,-0.531579652261295
14993,14993,-0.44490103995511454
14994,14994,-0.93549025974899
14995,14995,-0.93549025974899
14996,14996,-0.93549025974899
14997,14997,-0.7575833476040827
14998,14998,-0.93549025974899
14999,14999,-0.3743232038476396
15000,15000,-0.5911205819350247
15001,15001,-0.38631658490781584
15002,15002,-0.93549025974899
15003,15003,-0.7319392964342075
15004,15004,-0.45761037904801505
15005,15005,-0.34560090865594933
15006,15006,-0.93549025974899
15007,15007,-0.6385414123164086
15008,15008,-0.8249921769869619
15009,15009,-0.93549025974899
15010,15010,-0.93549025974899
15011,15011,-0.93549025974899
15012,15012,-0.4535107294690821
15013,15013,-0.6340665819540448
15014,15014,-0.7066874701050541
15015,15015,-0.0727031848644959
15016,15016,-0.3826707227540993
15017,15017,-0.8986981706333985
15018,15018,-0.433640523714077
15019,15019,-0.9174411776791729
15020,15020,-0.5526890849604413
15021,15021,-0.5591524607801439
15022,15022,-0.7245220348589854
15023,15023,-0.19247865805435582
15024,15024,-0.93549025974899
15025,15025,-0.6270431651784367
15026,15026,-0.7625063251056474
15027,15027,-0.45301819857172376
15028,15028,-0.6830206798763925
15029,15029,-0.8630057628414711
15030,15030,-0.9058179064599035
15031,15031,-0.93549025974899
15032,15032,-0.7742354602935464
15033,15033,-0.8197924055714498
15034,15034,-0.6019818787892248
15035,15035,-0.8584750050834664
15036,15036,-0.8665999466266943
15037,15037,-0.6281816812896626
15038,15038,-0.5591112213465976
15039,15039,-0.93549025974899
15040,15040,-0.6583009256083869
15041,15041,-0.93549025974899
15042,15042,-0.7030604671648408
15043,15043,-0.6398753628355838
15044,15044,-0.22882304597953096
15045,15045,-0.6659840080393025
15046,15046,-0.7716825239516201
15047,15047,-0.9223821069947125
15048,15048,-0.6932268167547893
15049,15049,-0.7230376902106972
15050,15050,-0.7536868082558588
15051,15051,-0.93549025974899
15052,15052,-0.8390192412728741
15053,15053,-0.5421803216111187
15054,15054,-0.9283614807216498
15055,15055,-0.5934435694285458
15056,15056,-0.5610092866678813
15057,15057,-0.93549025974899
15058,15058,-0.93549025974899
15059,15059,-0.7237291867981757
15060,15060,-0.93549025974899
15061,15061,-0.7538391408521719
15062,15062,-0.867438416090895
15063,15063,-0.6172485291991734
15064,15064,-0.396891825537697
15065,15065,-0.8824162538790805
15066,15066,-0.8400625416551311
15067,15067,-0.9229086836516629
15068,15068,-0.45098541203701714
15069,15069,-0.5919837049166876
15070,15070,-0.93549025974899
15071,15071,-0.5606420996458787
15072,15072,-0.44644661331257085
15073,15073,-0.93549025974899
15074,15074,-0.8874481809144648
15075,15075,-0.7203782003575956
15076,15076,-0.7844130788685835
15077,15077,-0.7220240686092172
15078,15078,-0.8441924177070792
15079,15079,-0.6643191828119246
15080,15080,-0.5715108143336085
15081,15081,-0.93549025974899
15082,15082,-0.48868026002748266
15083,15083,-0.5505725219468496
15084,15084,-0.43950480198852837
15085,15085,-0.93549025974899
15086,15086,-0.5576236124909872
15087,15087,-0.898989050674686
15088,15088,-0.860400167941016
15089,15089,-0.5328952916762959
15090,15090,-0.5499227522780359
15091,15091,-0.5786507051645984
15092,15092,-0.8757861127441693
15093,15093,-0.5610291678496715
15094,15094,-0.93549025974899
15095,15095,-0.7688971894619971
15096,15096,-0.6960319644768056
15097,15097,-0.8702399288659315
15098,15098,-0.4635429108096023
15099,15099,-0.7900150807506101
15100,15100,-0.5642270963807623
15101,15101,-0.663721483966647
15102,15102,-0.7739429069535664
15103,15103,-0.93549025974899
15104,15104,-0.93549025974899
15105,15105,-0.93549025974899
15106,15106,-0.93549025974899
15107,15107,-0.6387144537505396
15108,15108,-0.7596856048954415
15109,15109,-0.8995123489233983
15110,15110,-0.5037253527306498
15111,15111,-0.93549025974899
15112,15112,-0.6516517365729335
15113,15113,-0.5920471765846358
15114,15114,-0.7309256256768215
15115,15115,-0.4173044727432118
15116,15116,-0.6321551632732572
15117,15117,-0.93549025974899
15118,15118,-0.93549025974899
15119,15119,-0.49184457322017616
15120,15120,-0.6715997613007065
15121,15121,-0.6290309665499354
15122,15122,-0.7602707972051554
15123,15123,-0.7170321106102495
15124,15124,-0.93549025974899
15125,15125,-0.4755580679491409
15126,15126,-0.4826715824121397
15127,15127,-0.7706717197415465
15128,15128,-0.47919035882166705
15129,15129,-0.7649198559246333
15130,15130,-0.8095494748249799
15131,15131,-0.7431793301866243
15132,15132,-0.6742142395635895
15133,15133,-0.6479573643216732
15134,15134,-0.31957592818745617
15135,15135,-0.6865667032594605
15136,15136,-0.8562155639985178
15137,15137,-0.93549025974899
15138,15138,-0.93549025974899
15139,15139,-0.7205919955097109
15140,15140,-0.45431644611177546
15141,15141,-0.6984884215036402
15142,15142,-0.7567756557297844
15143,15143,-0.93549025974899
15144,15144,-0.503539205069206
15145,15145,-0.93549025974899
15146,15146,-0.42687930524523887
15147,15147,-0.5910400232788948
15148,15148,-0.9321830365380084
15149,15149,-0.797423319310683
15150,15150,-0.4973247921768209
15151,15151,-0.3091914340806774
15152,15152,-0.6077133775322299
15153,15153,-0.5625807156078957
15154,15154,-0.8734568612306806
15155,15155,-0.28324513627433134
15156,15156,-0.6698824699374928
15157,15157,-0.9065427072031529
15158,15158,-0.7961490344932702
15159,15159,-0.629078031953691
15160,15160,-0.6294633074586375
15161,15161,-0.93549025974899
15162,15162,-0.5976289587364949
15163,15163,-0.93549025974899
15164,15164,-0.8504517904370807
15165,15165,-0.93549025974899
15166,15166,-0.6901828637144902
15167,15167,-0.5745410025822886
15168,15168,-0.7485607183145522
15169,15169,-0.6929207520562048
15170,15170,-0.5261565813140638
15171,15171,-0.8454362905603041
15172,15172,-0.7305022289186702
15173,15173,-0.5286886662406918
15174,15174,-0.6611444447826091
15175,15175,-0.6521318549749822
15176,15176,-0.46547246427515354
15177,15177,-0.6944794182785508
15178,15178,-0.8837097085968981
15179,15179,-0.6183726820557247
15180,15180,-0.6817432100535399
15181,15181,-0.2742694576487801
15182,15182,-0.48354851915071073
15183,15183,-0.93549025974899
15184,15184,-0.771576654228328
15185,15185,-0.93549025974899
15186,15186,-0.6677290828505704
15187,15187,-0.5299460791369359
15188,15188,-0.6438515924711687
15189,15189,-0.6783681890546678
15190,15190,-0.6585540928018521
15191,15191,-0.8356744088233157
15192,15192,-0.5746008083284018
15193,15193,-0.5553859227025626
15194,15194,-0.5498167273096044
15195,15195,-0.7396841040027269
15196,15196,-0.564871585043635
15197,15197,-0.93549025974899
15198,15198,-0.5991803509364928
15199,15199,-0.7697943220075789
15200,15200,-0.8061975901783924
15201,15201,-0.753724475761091
15202,15202,-0.7995706343670808
15203,15203,-0.4298417203345761
15204,15204,-0.5647646468544565
15205,15205,-0.93549025974899
15206,15206,-0.790779296219819
15207,15207,-0.6592010960679193
15208,15208,-0.5861662340044593
15209,15209,-0.8421929797663257
15210,15210,-0.9140509223963011
15211,15211,-0.7750400943645275
15212,15212,-0.5263863996614084
15213,15213,-0.9024322542160235
15214,15214,-0.5497842501789183
15215,15215,-0.5610871806384155
15216,15216,-0.49188360541491116
15217,15217,-0.5615848166092139
15218,15218,-0.3857054501200019
15219,15219,-0.93549025974899
15220,15220,-0.6475859715199661
15221,15221,-0.7162370644339333
15222,15222,-0.7420401061146098
15223,15223,-0.93549025974899
15224,15224,-0.7791820892792547
15225,15225,-0.18781677655206908
15226,15226,-0.30451370014790946
15227,15227,-0.93549025974899
15228,15228,-0.7789825384645361
15229,15229,-0.8105477499355018
15230,15230,-0.7985720512205194
15231,15231,-0.408480924969993
15232,15232,-0.5669501719220378
15233,15233,-0.6290235259930572
15234,15234,-0.7516701882152574
15235,15235,-0.93549025974899
15236,15236,-0.7092355676120476
15237,15237,-0.2988107722972857
15238,15238,-0.93549025974899
15239,15239,-0.641884346932061
15240,15240,-0.9305278362397349
15241,15241,-0.5902395188406704
15242,15242,-0.25096160674493473
15243,15243,-0.8159727774882874
15244,15244,-0.9219691636633378
15245,15245,-0.8304422371197298
15246,15246,-0.3548321929386812
15247,15247,-0.9328274048983634
15248,15248,-0.8067088655123378
15249,15249,-0.6798122301707554
15250,15250,-0.93549025974899
15251,15251,-0.6344759589301141
15252,15252,-0.6051304386612291
15253,15253,-0.801453758324584
15254,15254,-0.568766235603706
15255,15255,-0.22559260373830492
15256,15256,-0.5754109529874984
15257,15257,-0.7130315739906656
15258,15258,-0.7317708704896297
15259,15259,-0.8958638842147923
15260,15260,-0.757054353562312
15261,15261,-0.4989609837863398
15262,15262,-0.6128030627577576
15263,15263,-0.93549025974899
15264,15264,-0.93549025974899
15265,15265,-0.691643365744941
15266,15266,-0.5651685102232484
15267,15267,-0.7473262556122684
15268,15268,-0.93549025974899
15269,15269,-0.5355732785991112
15270,15270,-0.6754160149598665
15271,15271,-0.8789478150452741
15272,15272,-0.93549025974899
15273,15273,-0.93549025974899
15274,15274,-0.3277162753052978
15275,15275,-0.93549025974899
15276,15276,-0.710093712691279
15277,15277,-0.45260688606411614
15278,15278,-0.6161519771402357
15279,15279,-0.5349242331178239
15280,15280,-0.8421205936074507
15281,15281,-0.4574024792965048
15282,15282,-0.7969526281990316
15283,15283,-0.5980399683839668
15284,15284,-0.21865351191055682
15285,15285,-0.5154623621140821
15286,15286,-0.600135993539741
15287,15287,-0.696511360444795
15288,15288,-0.7296194443444666
15289,15289,-0.93549025974899
15290,15290,-0.5419962309754354
15291,15291,-0.7235671524307499
15292,15292,-0.7960224951593666
15293,15293,-0.8264866852215853
15294,15294,-0.5789881024669032
15295,15295,-0.6253945342920026
15296,15296,-0.7342997228513504
15297,15297,-0.93549025974899
15298,15298,-0.5662134503592875
15299,15299,-0.38980909384165585
15300,15300,-0.93549025974899
15301,15301,-0.687598713353589
15302,15302,-0.93549025974899
15303,15303,-0.667563034271625
15304,15304,-0.8540276859374547
15305,15305,-0.7996482544925954
15306,15306,-0.8541414631443249
15307,15307,-0.93549025974899
15308,15308,-0.5994453023215058
15309,15309,-0.8751805327487148
15310,15310,-0.7161209909511399
15311,15311,-0.8206101632584666
15312,15312,-0.6049992010972449
15313,15313,-0.4203777835228415
15314,15314,-0.3701078451606197
15315,15315,-0.9213768976429719
15316,15316,-0.435037702701921
15317,15317,-0.6222517541054575
15318,15318,-0.5262439973632258
15319,15319,-0.6290789518198103
15320,15320,-0.9080967985188639
15321,15321,-0.3568146245585524
15322,15322,-0.5451006907174207
15323,15323,-0.7607458858551652
15324,15324,-0.93549025974899
15325,15325,-0.8434525566074402
15326,15326,-0.93549025974899
15327,15327,-0.524121745074595
15328,15328,-0.7220242405811224
15329,15329,-0.5629067561329322
15330,15330,-0.7632459977677684
15331,15331,-0.6542572188065865
15332,15332,-0.4555774366041483
15333,15333,-0.6185974182157636
15334,15334,-0.4912727403831525
15335,15335,-0.646050979100341
15336,15336,-0.5439465959439649
15337,15337,-0.93549025974899
15338,15338,-0.7996177819462904
15339,15339,-0.5394987998868181
15340,15340,-0.7938699711081245
15341,15341,-0.8317180736266039
15342,15342,-0.318158531964162
15343,15343,-0.6804637512165357
15344,15344,-0.6467823797426764
15345,15345,-0.93549025974899
15346,15346,-0.93549025974899
15347,15347,-0.608928823391361
15348,15348,-0.93549025974899
15349,15349,-0.6077880723076596
15350,15350,-0.30629400647886706
15351,15351,-0.8248231409044866
15352,15352,-0.5346807271674336
15353,15353,-0.48175585143055644
15354,15354,-0.5560856429347503
15355,15355,-0.8069531862477142
15356,15356,-0.93549025974899
15357,15357,-0.4682618130828572
15358,15358,-0.6881391541003303
15359,15359,-0.9203660879022735
15360,15360,-0.6618156222356362
15361,15361,-0.40682325256262475
15362,15362,-0.93549025974899
15363,15363,-0.5654000051404928
15364,15364,-0.5850908662825134
15365,15365,-0.4706212677721646
15366,15366,-0.7044181172214738
15367,15367,-0.6102893015605915
15368,15368,-0.6525180551044674
15369,15369,-0.7383173190231247
15370,15370,-0.93549025974899
15371,15371,-0.6379638175107605
15372,15372,-0.93549025974899
15373,15373,-0.93549025974899
15374,15374,-0.754801060191717
15375,15375,-0.30201912855125457
15376,15376,-0.8601741320608927
15377,15377,-0.7068382303182901
15378,15378,-0.5427597043585042
15379,15379,-0.93549025974899
15380,15380,-0.93549025974899
15381,15381,-0.93549025974899
15382,15382,-0.4860432302669242
15383,15383,-0.6881883731027916
15384,15384,-0.8277944709048146
15385,15385,-0.5501126642786165
15386,15386,-0.93549025974899
15387,15387,-0.43748320427848064
15388,15388,-0.9260032086507852
15389,15389,-0.49884756733559366
15390,15390,-0.4483309952375407
15391,15391,-0.927337919322504
15392,15392,-0.5202299140547475
15393,15393,-0.93549025974899
15394,15394,-0.5070526030297806
15395,15395,-0.8866733087071186
15396,15396,-0.6621218261293738
15397,15397,-0.5329352772364921
15398,15398,-0.93549025974899
15399,15399,-0.6015389631870676
15400,15400,-0.5088685967162836
15401,15401,-0.9001468188400885
15402,15402,-0.5974177804586844
15403,15403,-0.6094962770840429
15404,15404,-0.834735580615309
15405,15405,-0.639491652697723
15406,15406,-0.752153207454386
15407,15407,-0.565095465913318
15408,15408,-0.7750902460957185
15409,15409,-0.5781484795818828
15410,15410,-0.9332671341152299
15411,15411,-0.8184082678475768
15412,15412,-0.3850373985583855
15413,15413,-0.5283662986688231
15414,15414,-0.7353993623025445
15415,15415,-0.5973856156877275
15416,15416,-0.7724662543647618
15417,15417,-0.5049836566033239
15418,15418,-0.7026294826307282
15419,15419,-0.7628404169171166
15420,15420,-0.3106291129032144
15421,15421,-0.93549025974899
15422,15422,-0.93549025974899
15423,15423,-0.7388391078923409
15424,15424,-0.93549025974899
15425,15425,-0.5409617817972023
15426,15426,-0.9197056600194813
15427,15427,-0.7778558295556071
15428,15428,-0.9051226231910636
15429,15429,-0.93549025974899
15430,15430,-0.48976440289375844
15431,15431,-0.7640909870412607
15432,15432,-0.6155876264878835
15433,15433,-0.7161252697347766
15434,15434,-0.93549025974899
15435,15435,-0.8528092117053436
15436,15436,-0.8052059933462807
15437,15437,-0.7186936628971328
15438,15438,-0.5478463195479044
15439,15439,-0.7001029355788297
15440,15440,-0.93549025974899
15441,15441,-0.5208871530181658
15442,15442,-0.062238059794481604
15443,15443,-0.5981300987990483
15444,15444,-0.93549025974899
15445,15445,-0.6468753894052615
15446,15446,-0.6143233200472071
15447,15447,-0.46876198695443894
15448,15448,-0.5616409424165969
15449,15449,-0.8708735623293951
15450,15450,-0.782346593365947
15451,15451,-0.6623847974703256
15452,15452,-0.8130544323610174
15453,15453,-0.6320083733210211
15454,15454,-0.444521770975399
15455,15455,-0.5694925016931229
15456,15456,-0.93549025974899
15457,15457,-0.7648469048810558
15458,15458,-0.82366924321982
15459,15459,-0.537696427342528
15460,15460,-0.93549025974899
15461,15461,-0.45712182560983194
15462,15462,-0.6129537249206862
15463,15463,-0.902121555776171
15464,15464,-0.6629639302994494
15465,15465,-0.93549025974899
15466,15466,-0.4781113550702796
15467,15467,-0.576142411485117
15468,15468,-0.6063974450018623
15469,15469,-0.93549025974899
15470,15470,-0.582112533489056
15471,15471,-0.8751714213380701
15472,15472,-0.4663368331156392
15473,15473,-0.6630860890533832
15474,15474,-0.5110935796512468
15475,15475,-0.6726299856057523
15476,15476,-0.6494764502128483
15477,15477,-0.93549025974899
15478,15478,-0.6606430547999143
15479,15479,-0.93549025974899
15480,15480,-0.7171773755497455
15481,15481,-0.643748049720033
15482,15482,-0.6662075543224777
15483,15483,-0.93549025974899
15484,15484,-0.6795626873800575
15485,15485,-0.5709104664925526
15486,15486,-0.7363797328160349
15487,15487,-0.4612048940541502
15488,15488,-0.3828169833087891
15489,15489,-0.5565157891739947
15490,15490,-0.93549025974899
15491,15491,-0.6338151547486639
15492,15492,-0.6647821670442244
15493,15493,-0.5679997516867363
15494,15494,-0.93549025974899
15495,15495,-0.93549025974899
15496,15496,-0.93549025974899
15497,15497,-0.8847501754373752
15498,15498,-0.6288045819648325
15499,15499,-0.93549025974899
15500,15500,-0.93549025974899
15501,15501,-0.207633819033477
15502,15502,-0.93549025974899
15503,15503,-0.93549025974899
15504,15504,-0.6263199917087583
15505,15505,-0.528312214107487
15506,15506,-0.6834739314829861
15507,15507,-0.93549025974899
15508,15508,-0.9274889198239933
15509,15509,-0.8690296839706253
15510,15510,-0.7194544897303281
15511,15511,-0.5847337906326278
15512,15512,-0.7564281347019097
15513,15513,-0.7810963199719811
15514,15514,-0.7693248112595956
15515,15515,-0.93549025974899
15516,15516,-0.7467805212371434
15517,15517,-0.6349393833323269
15518,15518,-0.68944596624811
15519,15519,-0.36264235963620495
15520,15520,-0.8008349426952641
15521,15521,-0.8458807637830876
15522,15522,-0.13202545376754138
15523,15523,-0.932718968723357
15524,15524,-0.93549025974899
15525,15525,-0.6892977697190918
15526,15526,-0.4473321923128566
15527,15527,-0.6847818013430587
15528,15528,-0.6578227536221704
15529,15529,-0.7766611772217065
15530,15530,-0.726431059014887
15531,15531,-0.8496243649043613
15532,15532,-0.93549025974899
15533,15533,-0.7079829997093388
15534,15534,-0.8079686436254896
15535,15535,-0.93549025974899
15536,15536,-0.93549025974899
15537,15537,-0.8290016825579904
15538,15538,-0.8019632570662925
15539,15539,-0.7598204886191073
15540,15540,-0.7066276977149961
15541,15541,-0.8443489793859023
15542,15542,-0.7293875247838777
15543,15543,-0.7607967838238388
15544,15544,-0.814422675295214
15545,15545,-0.19096385414409411
15546,15546,-0.6167685634583826
15547,15547,-0.93549025974899
15548,15548,-0.9080535737024071
15549,15549,-0.5867144028891929
15550,15550,-0.8721703865445409
15551,15551,-0.634752571877657
15552,15552,-0.93549025974899
15553,15553,-0.7654751902107684
15554,15554,-0.855500992641554
15555,15555,-0.49120513592350123
15556,15556,-0.5939178629497395
15557,15557,-0.43299800285463164
15558,15558,-0.6998297131764151
15559,15559,-0.9067103976398361
15560,15560,-0.7078854217261927
15561,15561,-0.93549025974899
15562,15562,-0.48195537969338353
15563,15563,-0.5318801112100613
15564,15564,-0.44189152772572493
15565,15565,-0.6107674194414621
15566,15566,-0.7329047832157869
15567,15567,-0.9069910537918027
15568,15568,-0.49728755299978644
15569,15569,-0.93549025974899
15570,15570,-0.8750125895467864
15571,15571,-0.28932063212224
15572,15572,-0.6586552154509651
15573,15573,-0.7830023370222037
15574,15574,-0.93549025974899
15575,15575,-0.8682191374322237
15576,15576,-0.5045605265202546
15577,15577,-0.93549025974899
15578,15578,-0.5894996316398036
15579,15579,-0.31307312086686645
15580,15580,-0.6241892902434394
15581,15581,-0.9214567041450028
15582,15582,-0.838943841879999
15583,15583,-0.8042536141335166
15584,15584,-0.93549025974899
15585,15585,-0.4962271342753457
15586,15586,-0.933486816874245
15587,15587,-0.5325919077177801
15588,15588,-0.6160342213113257
15589,15589,-0.8109799542991318
15590,15590,-0.6268104154248366
15591,15591,-0.7946533608580015
15592,15592,-0.9156336487366179
15593,15593,-0.5579656113356126
15594,15594,-0.6050218782967978
15595,15595,-0.6042190929767006
15596,15596,-0.8371383497447926
15597,15597,-0.6453098136616067
15598,15598,-0.6554382373490757
15599,15599,-0.7775178909254112
15600,15600,-0.5834246473443905
15601,15601,-0.6420015199011946
15602,15602,-0.7753082767910247
15603,15603,-0.7373546456722568
15604,15604,-0.93549025974899
15605,15605,-0.93549025974899
15606,15606,-0.6943351892041996
15607,15607,-0.9325267955808858
15608,15608,-0.5773316962054373
15609,15609,-0.7149601736223943
15610,15610,-0.6484975237588522
15611,15611,-0.6769336082927158
15612,15612,-0.8246941425208778
15613,15613,-0.7268581207491778
15614,15614,-0.8598739613973301
15615,15615,-0.8882335559021346
15616,15616,-0.4848904601386739
15617,15617,-0.3069743891891399
15618,15618,-0.93549025974899
15619,15619,-0.7417169387891054
15620,15620,-0.6274323689821006
15621,15621,-0.7133693015937528
15622,15622,-0.4992172004072537
15623,15623,-0.6170714858882498
15624,15624,-0.93549025974899
15625,15625,-0.7732988640728653
15626,15626,-0.7576426973841457
15627,15627,-0.22457039044957228
15628,15628,-0.93549025974899
15629,15629,-0.5268957197946822
15630,15630,-0.4686596267366454
15631,15631,-0.93549025974899
15632,15632,-0.5295175619193948
15633,15633,-0.93549025974899
15634,15634,-0.93549025974899
15635,15635,-0.7527155229744285
15636,15636,-0.6092803275864789
15637,15637,-0.6303595707741536
15638,15638,-0.515351254603948
15639,15639,-0.93549025974899
15640,15640,-0.7039571439648729
15641,15641,-0.4982684971124769
15642,15642,-0.30203115371337264
15643,15643,-0.93549025974899
15644,15644,-0.7382723845167902
15645,15645,-0.5453025907779012
15646,15646,-0.93549025974899
15647,15647,-0.7187781262106832
15648,15648,-0.93549025974899
15649,15649,-0.7429637688914159
15650,15650,-0.7255255284686246
15651,15651,-0.93549025974899
15652,15652,-0.4466671021657138
15653,15653,-0.93549025974899
15654,15654,-0.93549025974899
15655,15655,-0.8159476850003902
15656,15656,-0.7265274159419324
15657,15657,-0.93549025974899
15658,15658,-0.8749332121670523
15659,15659,-0.904841470660191
15660,15660,-0.7252202216062091
15661,15661,-0.6784718321739014
15662,15662,-0.2941897446071029
15663,15663,-0.8525961292065212
15664,15664,-0.8836086421855374
15665,15665,-0.3816357035450455
15666,15666,-0.628496641954758
15667,15667,-0.6131126633805142
15668,15668,-0.93549025974899
15669,15669,-0.93549025974899
15670,15670,-0.537419595071571
15671,15671,-0.3567377328363026
15672,15672,-0.6355544498300283
15673,15673,-0.655987501916643
15674,15674,-0.6148396068317314
15675,15675,-0.6106438495795636
15676,15676,-0.8476781541208585
15677,15677,-0.5399400013526066
15678,15678,-0.8562219852148747
15679,15679,-0.7764838107646757
15680,15680,-0.93549025974899
15681,15681,-0.7696375403003266
15682,15682,-0.8799036680326129
15683,15683,-0.5804800006578881
15684,15684,-0.5149936809256204
15685,15685,-0.8201772876610569
15686,15686,-0.93549025974899
15687,15687,-0.8589905746688409
15688,15688,-0.6956975466142765
15689,15689,-0.8502831395097878
15690,15690,-0.6904256698556601
15691,15691,-0.7163031473101871
15692,15692,-0.7307402605643762
15693,15693,-0.6387774657889214
15694,15694,-0.6340040492192305
15695,15695,-0.7579658722016269
15696,15696,-0.8321639792540125
15697,15697,-0.93549025974899
15698,15698,-0.7901508456698032
15699,15699,-0.6570473906104812
15700,15700,-0.93549025974899
15701,15701,-0.9201398512592736
15702,15702,-0.5422601067810029
15703,15703,-0.2941198841955739
15704,15704,-0.93549025974899
15705,15705,-0.3792806674667841
15706,15706,-0.8338501920342498
15707,15707,-0.5308775400632801
15708,15708,-0.93549025974899
15709,15709,-0.93549025974899
15710,15710,-0.710929787821506
15711,15711,-0.8637524810414199
15712,15712,-0.45464033220292244
15713,15713,-0.7009793892863048
15714,15714,-0.8107940297069902
15715,15715,-0.8544791820628763
15716,15716,-0.34834437674181373
15717,15717,-0.3140854908548505
15718,15718,-0.4261787268888533
15719,15719,-0.93549025974899
15720,15720,-0.2682707202624517
15721,15721,-0.35813955980049217
15722,15722,-0.93549025974899
15723,15723,-0.5665612352556924
15724,15724,-0.7432919835118703
15725,15725,-0.8858348795197664
15726,15726,-0.93549025974899
15727,15727,-0.3060524061562787
15728,15728,-0.5657766100860844
15729,15729,-0.7214475181914413
15730,15730,-0.573073568285837
15731,15731,-0.6318153726358311
15732,15732,-0.93549025974899
15733,15733,-0.49008661730159986
15734,15734,-0.93549025974899
15735,15735,-0.5506914036624857
15736,15736,-0.5243966540620484
15737,15737,-0.6430370960964584
15738,15738,-0.93549025974899
15739,15739,-0.6339249614960867
15740,15740,-0.93549025974899
15741,15741,-0.2654689396308225
15742,15742,-0.6537529880217523
15743,15743,-0.3684665106853835
15744,15744,-0.6702054192926497
15745,15745,-0.93549025974899
15746,15746,-0.6333675962006513
15747,15747,-0.93549025974899
15748,15748,-0.36235297283215573
15749,15749,-0.8905821324509251
15750,15750,-0.5658376349300376
15751,15751,-0.6678561752568317
15752,15752,-0.698284360462269
15753,15753,-0.9243466952635462
15754,15754,-0.520386085454986
15755,15755,-0.575623890069993
15756,15756,-0.7107691060714991
15757,15757,-0.8742875539134491
15758,15758,-0.7913701427412523
15759,15759,-0.5563071029854556
15760,15760,-0.93549025974899
15761,15761,-0.6689496779442727
15762,15762,-0.46511985422827884
15763,15763,-0.7339236839881114
15764,15764,-0.5383811985463058
15765,15765,-0.45686476361481887
15766,15766,-0.894825751631311
15767,15767,-0.793829218284019
15768,15768,-0.674939234299119
15769,15769,-0.8848384773082252
15770,15770,-0.5299485464484683
15771,15771,-0.8120217932817475
15772,15772,-0.4064953869176535
15773,15773,-0.914403867902907
15774,15774,-0.8404646887699077
15775,15775,-0.565620175626016
15776,15776,-0.8549671700734969
15777,15777,-0.8340948806635016
15778,15778,-0.93549025974899
15779,15779,-0.6959761758817606
15780,15780,-0.93549025974899
15781,15781,-0.7340052488935047
15782,15782,-0.8266163108559343
15783,15783,-0.8221205867316783
15784,15784,-0.43945921309144254
15785,15785,-0.5226636426195856
15786,15786,-0.7073891205413165
15787,15787,-0.9139526080423028
15788,15788,-0.5391035017333934
15789,15789,-0.603426994210583
15790,15790,-0.5933284282989071
15791,15791,-0.628279749284923
15792,15792,-0.8895322378322295
15793,15793,-0.7248910714402701
15794,15794,-0.6620956402501044
15795,15795,-0.6219433621172232
15796,15796,-0.2613610510537474
15797,15797,-0.4387931163077443
15798,15798,-0.6495504230061897
15799,15799,-0.93549025974899
15800,15800,-0.6934737869438781
15801,15801,-0.6550840777992608
15802,15802,-0.46242509656197434
15803,15803,-0.572287160021574
15804,15804,-0.8166209537865701
15805,15805,-0.7021327370481778
15806,15806,-0.2598124767317902
15807,15807,-0.47018697593156855
15808,15808,-0.8317984761005395
15809,15809,-0.7818526455858468
15810,15810,-0.93549025974899
15811,15811,-0.7845977213230526
15812,15812,-0.8468312375352074
15813,15813,-0.7637554225703305
15814,15814,-0.93549025974899
15815,15815,-0.6728683251207901
15816,15816,-0.4751830243613444
15817,15817,-0.5049433914156953
15818,15818,-0.7301515080730105
15819,15819,-0.5171774314747939
15820,15820,-0.93549025974899
15821,15821,-0.7700843088185128
15822,15822,-0.2581352201401348
15823,15823,-0.7111991522302947
15824,15824,-0.6120704331110449
15825,15825,-0.6078897251782838
15826,15826,-0.4364555256010534
15827,15827,-0.6182438722093089
15828,15828,-0.581429451041064
15829,15829,-0.8215308146011058
15830,15830,-0.6862490427776269
15831,15831,-0.44240625742651574
15832,15832,-0.3018787761199305
15833,15833,-0.7303465574690211
15834,15834,-0.8167637068642364
15835,15835,-0.49024464097444787
15836,15836,-0.7228536179074627
15837,15837,-0.93549025974899
15838,15838,-0.838672607711306
15839,15839,-0.8113353115209954
15840,15840,-0.6515393942902392
15841,15841,-0.7792024497398575
15842,15842,-0.719319272157998
15843,15843,-0.4409073296945838
15844,15844,-0.566168536355832
15845,15845,-0.752183094525579
15846,15846,-0.6419238687638984
15847,15847,-0.93549025974899
15848,15848,-0.8429068695481945
15849,15849,-0.47172988554873996
15850,15850,-0.8509040786162991
15851,15851,-0.93549025974899
15852,15852,-0.4693347750534357
15853,15853,-0.763876820580629
15854,15854,-0.93549025974899
15855,15855,-0.6420310223426515
15856,15856,-0.630328731188543
15857,15857,-0.8904535192060372
15858,15858,-0.7326198070299945
15859,15859,-0.5336850459228302
15860,15860,-0.93549025974899
15861,15861,-0.93549025974899
15862,15862,-0.8433279271293959
15863,15863,-0.6697229157811879
15864,15864,-0.8226639387748609
15865,15865,-0.6286759031715494
15866,15866,-0.6106172284617504
15867,15867,-0.8421803787289868
15868,15868,-0.5184372073715715
15869,15869,-0.5431693296582587
15870,15870,-0.49635391372130855
15871,15871,-0.93549025974899
15872,15872,-0.5016542459931372
15873,15873,-0.9044159356875987
15874,15874,-0.48075871867466624
15875,15875,-0.24656003308252974
15876,15876,-0.1988178319554046
15877,15877,-0.923736943516932
15878,15878,-0.93549025974899
15879,15879,-0.93549025974899
15880,15880,-0.2992173834018139
15881,15881,-0.877539365971149
15882,15882,-0.927493995424614
15883,15883,-0.7064725995898655
15884,15884,-0.7909166892209285
15885,15885,-0.7240779151303389
15886,15886,-0.7247435588088482
15887,15887,-0.6357827195008259
15888,15888,-0.93549025974899
15889,15889,-0.1217215470892925
15890,15890,-0.93549025974899
15891,15891,-0.670451126298035
15892,15892,-0.5678195218771016
15893,15893,-0.7405133588841881
15894,15894,-0.5256066961178707
15895,15895,-0.93549025974899
15896,15896,-0.8511460739749399
15897,15897,-0.720303817845025
15898,15898,-0.6910725660088843
15899,15899,-0.8422242379614353
15900,15900,-0.9129624471786464
15901,15901,-0.93549025974899
15902,15902,-0.8068046699670237
15903,15903,-0.8291783563141326
15904,15904,-0.6898979973422357
15905,15905,-0.7780801874333072
15906,15906,-0.5761541822306597
15907,15907,-0.497045547808066
15908,15908,-0.7040253112229511
15909,15909,-0.7463233334296326
15910,15910,-0.7926458846243012
15911,15911,-0.6695421225462201
15912,15912,-0.6077636947855698
15913,15913,-0.4303460234920422
15914,15914,-0.7285975481057338
15915,15915,-0.93549025974899
15916,15916,-0.93549025974899
15917,15917,-0.9210816637056087
15918,15918,-0.5022024546997059
15919,15919,-0.7067175014970708
15920,15920,-0.8700936882147126
15921,15921,-0.5532448892818143
15922,15922,-0.7372825291391099
15923,15923,-0.5269139768092068
15924,15924,-0.6737658131819337
15925,15925,-0.93549025974899
15926,15926,-0.7056909172806805
15927,15927,-0.93549025974899
15928,15928,-0.6991122521984892
15929,15929,-0.6811724876126881
15930,15930,-0.4542170045132057
15931,15931,-0.93549025974899
15932,15932,-0.7630799830900514
15933,15933,-0.31442259992515986
15934,15934,-0.601759572975773
15935,15935,-0.8040965428812186
15936,15936,-0.8898571953820422
15937,15937,-0.4571526537482513
15938,15938,-0.49788616464464397
15939,15939,-0.577207614434196
15940,15940,-0.5657193299191139
15941,15941,-0.6470615554178067
15942,15942,-0.5480724731611009
15943,15943,-0.38187285961203665
15944,15944,-0.7353187685391962
15945,15945,-0.7013804793673106
15946,15946,-0.5990636931152729
15947,15947,-0.854343120882918
15948,15948,-0.7946833085927416
15949,15949,-0.6490102969086937
15950,15950,-0.7518146234454548
15951,15951,-0.6288678555454368
15952,15952,-0.7318276945518836
15953,15953,-0.6555556095436721
15954,15954,-0.93549025974899
15955,15955,-0.740490802140414
15956,15956,-0.7340205303455196
15957,15957,-0.7777325557920634
15958,15958,-0.5632490280391274
15959,15959,-0.7183630445640166
15960,15960,-0.638182099453509
15961,15961,-0.8774968494425686
15962,15962,-0.40552293265394646
15963,15963,-0.7503806432172713
15964,15964,-0.5321387063870198
15965,15965,-0.93549025974899
15966,15966,-0.7695922209556514
15967,15967,-0.5938223325479619
15968,15968,-0.6900708915174523
15969,15969,-0.93549025974899
15970,15970,-0.8930031452074196
15971,15971,-0.5966656326758688
15972,15972,-0.9047469081230819
15973,15973,-0.6145144222412302
15974,15974,-0.920705242478963
15975,15975,-0.2940450973519866
15976,15976,-0.7477103499195668
15977,15977,-0.8025873192515931
15978,15978,-0.6891563790933208
15979,15979,-0.5103973129742947
15980,15980,-0.7649680271744081
15981,15981,-0.6951333723164002
15982,15982,-0.93549025974899
15983,15983,-0.8285430214380156
15984,15984,-0.6164178389441055
15985,15985,-0.93549025974899
15986,15986,-0.42938925859306565
15987,15987,-0.7939508565419864
15988,15988,-0.6094330953019274
15989,15989,-0.32284595613287514
15990,15990,-0.93549025974899
15991,15991,-0.93549025974899
15992,15992,-0.5324029079052828
15993,15993,-0.8586751428052697
15994,15994,-0.633251953870877
15995,15995,-0.4000022675775714
15996,15996,-0.427651585993738
15997,15997,-0.06309418285840795
15998,15998,-0.7750680385193007
15999,15999,-0.6295597538223916
16000,16000,-0.7908373014837764
16001,16001,-0.5475407212294781
16002,16002,-0.3034364171186007
16003,16003,-0.632758917688216
16004,16004,-0.8509765384443657
16005,16005,-0.137484990720513
16006,16006,-0.93549025974899
16007,16007,-0.93549025974899
16008,16008,-0.8839718050707734
16009,16009,-0.2355561799977548
16010,16010,-0.4081326563329246
16011,16011,-0.5913769483500784
16012,16012,-0.5242780241511458
16013,16013,-0.634043317931603
16014,16014,-0.9279753820376619
16015,16015,-0.8270658689843575
16016,16016,-0.6238188905210382
16017,16017,-0.5408018609452245
16018,16018,-0.93549025974899
16019,16019,-0.5561237481919665
16020,16020,-0.475053086955592
16021,16021,-0.3656359841195371
16022,16022,-0.8445629002127593
16023,16023,-0.93549025974899
16024,16024,-0.3822022109955814
16025,16025,-0.7036291719617118
16026,16026,-0.93549025974899
16027,16027,-0.9138245107966032
16028,16028,-0.93549025974899
16029,16029,-0.5986200271937889
16030,16030,-0.49358217764081225
16031,16031,-0.9217710202985074
16032,16032,-0.6669034239494103
16033,16033,-0.4498901446719472
16034,16034,-0.5370717321417318
16035,16035,-0.8447905569379035
16036,16036,-0.6535623314084393
16037,16037,-0.6024463637991193
16038,16038,-0.6725138582477541
16039,16039,-0.6175039751469971
16040,16040,-0.5107404039022079
16041,16041,-0.7131933613864341
16042,16042,-0.7355022290042719
16043,16043,-0.8746107129196279
16044,16044,-0.8414951516817499
16045,16045,-0.93549025974899
16046,16046,-0.6358666781592781
16047,16047,-0.7226873082438807
16048,16048,-0.4890947948986303
16049,16049,-0.6910633670752464
16050,16050,-0.33770100174947304
16051,16051,-0.7269870253423552
16052,16052,-0.5569365607064132
16053,16053,-0.6195781654827925
16054,16054,-0.5802173269008737
16055,16055,-0.93549025974899
16056,16056,-0.93549025974899
16057,16057,-0.732729171039189
16058,16058,-0.8350940055715572
16059,16059,-0.93549025974899
16060,16060,-0.93549025974899
16061,16061,-0.93549025974899
16062,16062,-0.8564629051636565
16063,16063,-0.8048507610248237
16064,16064,-0.5723374551605236
16065,16065,-0.6412415274102461
16066,16066,-0.6253507708032728
16067,16067,-0.6967079679644321
16068,16068,-0.5428298917364978
16069,16069,-0.7271761546987268
16070,16070,-0.898344484730984
16071,16071,-0.8623241245598923
16072,16072,-0.6022079541690335
16073,16073,-0.5906654454512403
16074,16074,-0.7791406641144434
16075,16075,-0.540585472690355
16076,16076,-0.9295304903658952
16077,16077,-0.93549025974899
16078,16078,-0.5440775077535509
16079,16079,-0.4612920042536217
16080,16080,-0.93549025974899
16081,16081,-0.7007402975067212
16082,16082,-0.6157521047581813
16083,16083,-0.5985572055410131
16084,16084,-0.5072508446129209
16085,16085,-0.8304910581656078
16086,16086,-0.93549025974899
16087,16087,-0.8607049524941957
16088,16088,-0.93549025974899
16089,16089,-0.6478978423422177
16090,16090,-0.93549025974899
16091,16091,-0.6480939444729064
16092,16092,-0.8858614329285821
16093,16093,-0.22207324765267922
16094,16094,-0.48035585852727714
16095,16095,-0.93549025974899
16096,16096,-0.6617306165510417
16097,16097,-0.5517583984538987
16098,16098,-0.6498545061996452
16099,16099,-0.5209133664618122
16100,16100,-0.8623550206168265
16101,16101,-0.5811661022668382
16102,16102,-0.7818727118753088
16103,16103,-0.7322231119090521
16104,16104,-0.7135342262637501
16105,16105,-0.5196877104407527
16106,16106,-0.6452387703597573
16107,16107,-0.6242963437150326
16108,16108,-0.93549025974899
16109,16109,-0.8657863321687547
16110,16110,-0.6506250856481532
16111,16111,-0.9327380677859924
16112,16112,-0.8766007271052878
16113,16113,-0.6471925731827106
16114,16114,-0.93549025974899
16115,16115,-0.655992649507299
16116,16116,-0.791820594817013
16117,16117,-0.93549025974899
16118,16118,-0.9114825510663884
16119,16119,-0.93549025974899
16120,16120,-0.93549025974899
16121,16121,-0.93549025974899
16122,16122,-0.9039092673567666
16123,16123,-0.6207671639122783
16124,16124,-0.7858294271208344
16125,16125,-0.4857425221953271
16126,16126,-0.9313092210099061
16127,16127,-0.6766182264432263
16128,16128,-0.6711526656370186
16129,16129,-0.5059803095807869
16130,16130,-0.6146326181139905
16131,16131,-0.7681683997193733
16132,16132,-0.8467648669040972
16133,16133,-0.6643025795726434
16134,16134,-0.4008412024551635
16135,16135,-0.48605418299739434
16136,16136,-0.8322964164837234
16137,16137,-0.3167114016618999
16138,16138,-0.742637715579578
16139,16139,-0.93549025974899
16140,16140,-0.7108708031620825
16141,16141,-0.7507124832287548
16142,16142,-0.44590486067634005
16143,16143,-0.8921632293709809
16144,16144,-0.93549025974899
16145,16145,-0.7989675047481981
16146,16146,-0.3868194498369988
16147,16147,-0.93549025974899
16148,16148,-0.711275428216668
16149,16149,-0.7197006059793356
16150,16150,-0.4376144053195663
16151,16151,-0.8684216307661963
16152,16152,-0.5067381494843293
16153,16153,-0.7986543538262243
16154,16154,-0.93549025974899
16155,16155,-0.93549025974899
16156,16156,-0.6574333925531963
16157,16157,-0.8744534478592403
16158,16158,-0.6884847929975866
16159,16159,-0.6437832600871936
16160,16160,-0.7870702268047616
16161,16161,-0.524261605149718
16162,16162,-0.5239530870302378
16163,16163,-0.6077114038882669
16164,16164,-0.8743993405874608
16165,16165,-0.5625549556761236
16166,16166,-0.8728954996409222
16167,16167,-0.47788816301356285
16168,16168,-0.93549025974899
16169,16169,-0.93549025974899
16170,16170,-0.93549025974899
16171,16171,-0.7230341736375578
16172,16172,-0.9306473153001082
16173,16173,-0.8124665400851985
16174,16174,-0.93549025974899
16175,16175,-0.8393401609666746
16176,16176,-0.9135775661586543
16177,16177,-0.6497208671944357
16178,16178,-0.5852906274898477
16179,16179,-0.9240150906549207
16180,16180,-0.4885193098496643
16181,16181,-0.5444913738479844
16182,16182,-0.7169436096005235
16183,16183,-0.5600073410519255
16184,16184,-0.93549025974899
16185,16185,-0.885191599856201
16186,16186,-0.3762595316702022
16187,16187,-0.907385007504093
16188,16188,-0.6312772935728095
16189,16189,-0.5673457256261139
16190,16190,-0.768747460978151
16191,16191,-0.3708154021742942
16192,16192,-0.6319816499988296
16193,16193,-0.8023697861293897
16194,16194,-0.7527741662773515
16195,16195,-0.36951984493733114
16196,16196,-0.5685314343894792
16197,16197,-0.49583908249065634
16198,16198,-0.93549025974899
16199,16199,-0.5266749972912876
16200,16200,-0.7237205266446445
16201,16201,-0.93549025974899
16202,16202,-0.8216273019415041
16203,16203,-0.93549025974899
16204,16204,-0.7466213380081133
16205,16205,-0.7602559696282771
16206,16206,-0.93549025974899
16207,16207,-0.5508171307954886
16208,16208,-0.9030075039938357
16209,16209,-0.93549025974899
16210,16210,-0.5803496556483267
16211,16211,-0.7946775335218721
16212,16212,-0.44314931902457744
16213,16213,-0.93549025974899
16214,16214,-0.426781020575584
16215,16215,-0.35573685041648595
16216,16216,-0.6811042179095796
16217,16217,-0.7418116927770146
16218,16218,-0.6737937656129933
16219,16219,-0.7672321193080656
16220,16220,-0.93549025974899
16221,16221,-0.93549025974899
16222,16222,-0.7217485513093269
16223,16223,-0.93549025974899
16224,16224,-0.13858529941295095
16225,16225,-0.8340157832061426
16226,16226,-0.7808551651675888
16227,16227,-0.32548929619237477
16228,16228,-0.5395691870091515
16229,16229,-0.8374205581963157
16230,16230,-0.5794731473204884
16231,16231,-0.36462079671012226
16232,16232,-0.93549025974899
16233,16233,-0.7081971498257236
16234,16234,-0.6599823137665783
16235,16235,-0.8693798344484964
16236,16236,-0.8589934527418013
16237,16237,-0.93549025974899
16238,16238,-0.93549025974899
16239,16239,-0.5632203126494666
16240,16240,-0.2141506627379837
16241,16241,-0.93549025974899
16242,16242,-0.7570802333856541
16243,16243,-0.93549025974899
16244,16244,-0.7480896061756415
16245,16245,-0.34753583596846527
16246,16246,-0.4035403683269152
16247,16247,-0.7588279434378364
16248,16248,-0.5717224209251146
16249,16249,-0.5478394835246139
16250,16250,-0.93549025974899
16251,16251,-0.650156861321749
16252,16252,-0.5801779650539931
16253,16253,-0.7936473100052002
16254,16254,-0.6552769264004343
16255,16255,-0.7039658559822648
16256,16256,-0.6839086313812928
16257,16257,-0.7300164159972713
16258,16258,-0.93549025974899
16259,16259,-0.4229702429505213
16260,16260,-0.4711731252415863
16261,16261,-0.8917224819361316
16262,16262,-0.93549025974899
16263,16263,-0.6513702637438303
16264,16264,-0.80906901466577
16265,16265,-0.826846043556845
16266,16266,-0.93549025974899
16267,16267,-0.7268027227424909
16268,16268,-0.5424791916008993
16269,16269,-0.5965219144753977
16270,16270,-0.5642493192852971
16271,16271,-0.5388671810016561
16272,16272,-0.8218197329355519
16273,16273,-0.7350843909462501
16274,16274,-0.7151868310592011
16275,16275,-0.1769367699038935
16276,16276,-0.8783732088358764
16277,16277,-0.7035500738424538
16278,16278,-0.6721187617514222
16279,16279,-0.6730739943556703
16280,16280,-0.93549025974899
16281,16281,-0.8567402256164645
16282,16282,-0.6309954797750983
16283,16283,-0.8857974548437415
16284,16284,-0.7660537338899367
16285,16285,-0.9304445125792462
16286,16286,-0.8237416162852256
16287,16287,-0.5883037777689779
16288,16288,-0.8620049357700399
16289,16289,-0.4146242747004312
16290,16290,-0.5623983196101485
16291,16291,-0.5100173420052716
16292,16292,-0.5777781066595029
16293,16293,-0.27548711529566994
16294,16294,-0.93549025974899
16295,16295,-0.6457941267292995
16296,16296,-0.7301102876786221
16297,16297,-0.30825681454484943
16298,16298,-0.602147453329076
16299,16299,-0.8543184762001239
16300,16300,-0.9081495008926712
16301,16301,-0.93549025974899
16302,16302,-0.4530124234358244
16303,16303,-0.8218902574620373
16304,16304,-0.693790246734773
16305,16305,-0.41444280204064876
16306,16306,-0.5614481904443966
16307,16307,-0.7216402492596572
16308,16308,-0.9199034660670122
16309,16309,-0.8283511338231353
16310,16310,-0.93549025974899
16311,16311,-0.6876831209022018
16312,16312,-0.93549025974899
16313,16313,-0.7581061498345765
16314,16314,-0.848104988133759
16315,16315,-0.6323878517337711
16316,16316,-0.93549025974899
16317,16317,-0.7298504261474115
16318,16318,-0.6923788583944557
16319,16319,-0.8289990914592682
16320,16320,-0.5954298972524743
16321,16321,-0.901532999404342
16322,16322,-0.6478895408240195
16323,16323,-0.6386238059089813
16324,16324,-0.5826575522182265
16325,16325,-0.6419171699542545
16326,16326,-0.9052036627800817
16327,16327,-0.9308409794353913
16328,16328,-0.7126737909506122
16329,16329,-0.5149888346539857
16330,16330,-0.7527426956442174
16331,16331,-0.31820174046863103
16332,16332,-0.93549025974899
16333,16333,-0.7774428146985919
16334,16334,-0.93549025974899
16335,16335,-0.8185921514578798
16336,16336,-0.93549025974899
16337,16337,-0.48620784792011673
16338,16338,-0.5650828286721499
16339,16339,-0.93549025974899
16340,16340,-0.6161982218689879
16341,16341,-0.7617683600875456
16342,16342,-0.93549025974899
16343,16343,-0.6127125271339438
16344,16344,-0.60620479690499
16345,16345,-0.6777688000076072
16346,16346,-0.3852137762203456
16347,16347,-0.41710065897439286
16348,16348,-0.773722228835199
16349,16349,-0.93549025974899
16350,16350,-0.6915459368138954
16351,16351,-0.7466359803176648
16352,16352,-0.3610012987875919
16353,16353,-0.93549025974899
16354,16354,-0.5713032946673184
16355,16355,-0.7282769221890284
16356,16356,-0.37538360742794774
16357,16357,-0.7289738988806427
16358,16358,-0.93549025974899
16359,16359,-0.8111879500861541
16360,16360,-0.5864626104344968
16361,16361,-0.93549025974899
16362,16362,-0.7192888029925104
16363,16363,-0.8703749890747421
16364,16364,-0.9301486233322755
16365,16365,-0.8137035272296842
16366,16366,-0.23510156311164465
16367,16367,-0.6740691223691364
16368,16368,-0.8198067174929271
16369,16369,-0.7134886577655699
16370,16370,-0.49131917927095003
16371,16371,-0.34498889420310164
16372,16372,-0.682926153886644
16373,16373,-0.274493159933622
16374,16374,-0.6722329050043356
16375,16375,-0.709763468053243
16376,16376,-0.8120826384133739
16377,16377,-0.93549025974899
16378,16378,-0.6105880517821607
16379,16379,-0.7855448193561987
16380,16380,-0.8937949119307067
16381,16381,-0.38419423487941806
16382,16382,-0.7122734111320472
16383,16383,-0.8621634898879691
16384,16384,-0.5911299166596007
16385,16385,-0.9281061251736009
16386,16386,-0.7836708850581093
16387,16387,-0.552292435746228
16388,16388,-0.6531949801946215
16389,16389,-0.5510305183937092
16390,16390,-0.6155067378893708
16391,16391,-0.4878419430554556
16392,16392,-0.7040118798833568
16393,16393,-0.93549025974899
16394,16394,-0.7232773490532356
16395,16395,-0.6175282120023997
16396,16396,-0.17359341448308685
16397,16397,-0.93549025974899
16398,16398,-0.24574602942353252
16399,16399,-0.35470973115311644
16400,16400,-0.9327546456621327
16401,16401,-0.6231161660243973
16402,16402,-0.7289540478143
16403,16403,-0.7667836114421007
16404,16404,-0.7080176214179463
16405,16405,-0.7155055555635847
16406,16406,-0.6992654708725361
16407,16407,-0.93549025974899
16408,16408,-0.7120461412658319
16409,16409,-0.4056806075663051
16410,16410,-0.6217522756131366
16411,16411,-0.3670106296810336
16412,16412,-0.9108153340616845
16413,16413,-0.93549025974899
16414,16414,-0.93549025974899
16415,16415,-0.8948799215322119
16416,16416,-0.8314867929603373
16417,16417,-0.8396701924306242
16418,16418,-0.6854297348752887
16419,16419,-0.6098752168186525
16420,16420,-0.7275630550268719
16421,16421,-0.3393727041807324
16422,16422,-0.51343180307315
16423,16423,-0.606564583058546
16424,16424,-0.93549025974899
16425,16425,-0.7370641509515341
16426,16426,-0.45339445682197166
16427,16427,-0.7017935884786883
16428,16428,-0.8772302786550075
16429,16429,-0.7111826236190044
16430,16430,-0.5828147827445651
16431,16431,-0.4457883225857877
16432,16432,-0.93549025974899
16433,16433,-0.7179609021225275
16434,16434,-0.9209770076477799
16435,16435,-0.6053474678582678
16436,16436,-0.9163459467797441
16437,16437,-0.93549025974899
16438,16438,-0.6092369024903839
16439,16439,-0.6568053274667491
16440,16440,-0.6965346455182306
16441,16441,-0.769379269909189
16442,16442,-0.5816168794643151
16443,16443,-0.8317134621287217
16444,16444,-0.5961373768744274
16445,16445,-0.7040231727270214
16446,16446,-0.6308082558298
16447,16447,-0.8274059265467741
16448,16448,-0.8747741439673362
16449,16449,-0.93549025974899
16450,16450,-0.93549025974899
16451,16451,-0.93549025974899
16452,16452,-0.6975406068096124
16453,16453,-0.93549025974899
16454,16454,-0.7614540206417963
16455,16455,-0.8281852148370152
16456,16456,-0.5942084811691544
16457,16457,-0.8537017351175411
16458,16458,-0.93549025974899
16459,16459,-0.7884753652513226
16460,16460,-0.93549025974899
16461,16461,-0.93549025974899
16462,16462,-0.93549025974899
16463,16463,-0.93549025974899
16464,16464,-0.8582099879851093
16465,16465,-0.93549025974899
16466,16466,-0.6845473108324445
16467,16467,-0.93549025974899
16468,16468,-0.8536295037423614
16469,16469,-0.7257357212459716
16470,16470,-0.6687688396837519
16471,16471,-0.3602448320919649
16472,16472,-0.8351167959180614
16473,16473,-0.745036204172159
16474,16474,-0.8707286331288344
16475,16475,-0.93549025974899
16476,16476,-0.5905673961836944
16477,16477,-0.4575770783135429
16478,16478,-0.6790697752599772
16479,16479,-0.60059687990117
16480,16480,-0.93549025974899
16481,16481,-0.7683675970567538
16482,16482,-0.93549025974899
16483,16483,-0.93549025974899
16484,16484,-0.93549025974899
16485,16485,-0.765955760491142
16486,16486,-0.5228661360500411
16487,16487,-0.5576013250731227
16488,16488,-0.8515715944174396
16489,16489,-0.789210300390069
16490,16490,-0.5961187173151306
16491,16491,-0.8396220446423559
16492,16492,-0.93549025974899
16493,16493,-0.5382354465336654
16494,16494,-0.93549025974899
16495,16495,-0.93549025974899
16496,16496,-0.6413779308722098
16497,16497,-0.5483496553111866
16498,16498,-0.7959405313904746
16499,16499,-0.9188901007713248
16500,16500,-0.93549025974899
16501,16501,-0.7008556054966721
16502,16502,-0.7496945124189782
16503,16503,-0.800668953757155
16504,16504,-0.93549025974899
16505,16505,-0.7853384875874561
16506,16506,-0.5676302363095704
16507,16507,-0.8790705984394052
16508,16508,-0.5965903764425917
16509,16509,-0.6246898065383935
16510,16510,-0.574771641551937
16511,16511,-0.8367359096219662
16512,16512,-0.93549025974899
16513,16513,-0.5538302934394963
16514,16514,-0.93549025974899
16515,16515,-0.31989369769883425
16516,16516,-0.6545135288492965
16517,16517,-0.6247319592268923
16518,16518,-0.93549025974899
16519,16519,-0.6815756835732145
16520,16520,-0.6381311134502141
16521,16521,-0.8319493116893444
16522,16522,-0.8397845829178596
16523,16523,-0.473707756703698
16524,16524,-0.6282635616330801
16525,16525,-0.93549025974899
16526,16526,-0.7050439292175543
16527,16527,-0.5487844322466433
16528,16528,-0.5474744730775716
16529,16529,-0.93549025974899
16530,16530,-0.93549025974899
16531,16531,-0.4496776224827954
16532,16532,-0.25207406557080647
16533,16533,-0.6531653853026018
16534,16534,-0.81614785128337
16535,16535,-0.6938639203401227
16536,16536,-0.3045852750584306
16537,16537,-0.498848350269812
16538,16538,-0.93549025974899
16539,16539,-0.8299607726547187
16540,16540,-0.6485529172461657
16541,16541,-0.93549025974899
16542,16542,-0.93549025974899
16543,16543,-0.9312141934471185
16544,16544,-0.6353909780685729
16545,16545,-0.8978924846916403
16546,16546,-0.93549025974899
16547,16547,-0.93549025974899
16548,16548,-0.6634362321039511
16549,16549,-0.93549025974899
16550,16550,-0.23239267996175528
16551,16551,-0.6384433436366557
16552,16552,-0.93549025974899
16553,16553,-0.7901740669335044
16554,16554,-0.8322522207965495
16555,16555,-0.6457982822881903
16556,16556,-0.3327724078366021
16557,16557,-0.771065530744993
16558,16558,-0.5882428881348023
16559,16559,-0.26364485277724947
16560,16560,-0.5019032909085759
16561,16561,-0.9109498061426269
16562,16562,-0.5497884921661864
16563,16563,-0.7528197818102491
16564,16564,-0.6600596352862489
16565,16565,-0.46470744238703965
16566,16566,-0.3478336709205543
16567,16567,-0.6975054646746504
16568,16568,-0.8353771492455184
16569,16569,-0.6231791762799279
16570,16570,-0.8045233602860726
16571,16571,-0.5743182858712501
16572,16572,-0.11873814231453483
16573,16573,-0.8247998985900722
16574,16574,-0.8314736708882311
16575,16575,-0.8038439630230165
16576,16576,-0.93549025974899
16577,16577,-0.2791815865443309
16578,16578,-0.93549025974899
16579,16579,-0.6781325622323653
16580,16580,-0.528704639472938
16581,16581,-0.9065749129768808
16582,16582,-0.93549025974899
16583,16583,-0.93549025974899
16584,16584,-0.7253356651623211
16585,16585,-0.47400525869420074
16586,16586,-0.78109295787951
16587,16587,-0.7303605635597599
16588,16588,-0.5856466859333445
16589,16589,-0.37375412400348296
16590,16590,-0.8642799315092091
16591,16591,-0.93549025974899
16592,16592,-0.93549025974899
16593,16593,-0.5599915155376931
16594,16594,-0.5941710718499853
16595,16595,-0.44332296695793794
16596,16596,-0.93549025974899
16597,16597,-0.6991375638247082
16598,16598,-0.5835174314041507
16599,16599,-0.6994887343388498
16600,16600,-0.6999101941307408
16601,16601,-0.8613269139268205
16602,16602,-0.48867019374104537
16603,16603,-0.8469791692508455
16604,16604,-0.6235848048035724
16605,16605,-0.9006371508796409
16606,16606,-0.7916262124551601
16607,16607,-0.6079540851629908
16608,16608,-0.35573677317846064
16609,16609,-0.9039126316237702
16610,16610,-0.7089668193250152
16611,16611,-0.3551086218575983
16612,16612,-0.45072135504999444
16613,16613,-0.8210462223477357
16614,16614,-0.867412077429508
16615,16615,-0.93549025974899
16616,16616,-0.8702563937884022
16617,16617,-0.9248508954106729
16618,16618,-0.8352018530035288
16619,16619,-0.5429915950571176
16620,16620,-0.93549025974899
16621,16621,-0.93549025974899
16622,16622,-0.6355358655821011
16623,16623,-0.26743081426243487
16624,16624,-0.8312666995235816
16625,16625,-0.9343216318577152
16626,16626,-0.9144319782311872
16627,16627,-0.42647128182271565
16628,16628,-0.4964984947853939
16629,16629,-0.7411694753605378
16630,16630,-0.5428586058748159
16631,16631,-0.7458039590521288
16632,16632,-0.6298820608750368
16633,16633,-0.4999692092943242
16634,16634,-0.696515427904524
16635,16635,-0.9316076084822846
16636,16636,-0.6921291581922908
16637,16637,-0.5427771389050307
16638,16638,-0.535366115627415
16639,16639,-0.93549025974899
16640,16640,-0.3532327082664928
16641,16641,-0.4564376660639766
16642,16642,-0.8806026613338247
16643,16643,-0.93549025974899
16644,16644,-0.6950455321592006
16645,16645,-0.6359202557012171
16646,16646,-0.93549025974899
16647,16647,-0.8424196701627586
16648,16648,-0.4372255275174268
16649,16649,-0.6023286393307501
16650,16650,-0.6161350225154596
16651,16651,-0.8411322421733054
16652,16652,-0.5405248667357174
16653,16653,-0.4457630973894666
16654,16654,-0.6775925738701041
16655,16655,-0.8596549528719724
16656,16656,-0.93549025974899
16657,16657,-0.47508205437423046
16658,16658,-0.93549025974899
16659,16659,-0.8491173450739371
16660,16660,-0.725931266708729
16661,16661,-0.8763659376300303
16662,16662,-0.6400404524049055
16663,16663,-0.6387883649100843
16664,16664,-0.8708261752307411
16665,16665,-0.7706582207568609
16666,16666,-0.7938081499166003
16667,16667,-0.8805303934987183
16668,16668,-0.710692120139246
16669,16669,-0.7732111483596658
16670,16670,-0.6917609097872859
16671,16671,-0.6592381623850976
16672,16672,-0.6601887752693791
16673,16673,-0.5903546061007803
16674,16674,-0.7811097959297175
16675,16675,-0.7533882728860206
16676,16676,-0.7217055862527744
16677,16677,-0.15643367002385888
16678,16678,-0.6359864644324507
16679,16679,-0.47219417932541674
16680,16680,-0.6561049353604975
16681,16681,-0.709587731369334
16682,16682,-0.4861005903351838
16683,16683,-0.5980532327149124
16684,16684,-0.6808199880247958
16685,16685,-0.6683733759583692
16686,16686,-0.8666984309869452
16687,16687,-0.6420721983045397
16688,16688,-0.93549025974899
16689,16689,-0.8757209634027507
16690,16690,-0.7618548658612099
16691,16691,-0.93549025974899
16692,16692,-0.6701148946012214
16693,16693,-0.93549025974899
16694,16694,-0.7528722528449272
16695,16695,-0.93549025974899
16696,16696,-0.7935129242507699
16697,16697,-0.740847472260544
16698,16698,-0.2019367037226112
16699,16699,-0.4684567967500506
16700,16700,-0.93549025974899
16701,16701,-0.4414353131539954
16702,16702,-0.643243224263438
16703,16703,-0.93549025974899
16704,16704,-0.6385160077901482
16705,16705,-0.8046197712121756
16706,16706,-0.7529377667067827
16707,16707,-0.5666210463567047
16708,16708,-0.26533627934821347
16709,16709,-0.4196220841311771
16710,16710,-0.7927610524813318
16711,16711,-0.8427193114362428
16712,16712,-0.7600185965897346
16713,16713,-0.8519431809922029
16714,16714,-0.6027312980340369
16715,16715,-0.5872832248734952
16716,16716,-0.6066917186558562
16717,16717,-0.7357261782003413
16718,16718,-0.8614411763849379
16719,16719,-0.6883629839070071
16720,16720,-0.6845763044130582
16721,16721,-0.93549025974899
16722,16722,-0.6966380235869885
16723,16723,-0.93549025974899
16724,16724,-0.93549025974899
16725,16725,-0.48439277824786586
16726,16726,-0.93549025974899
16727,16727,-0.7487451766139888
16728,16728,-0.31402370766739596
16729,16729,-0.3740047412891929
16730,16730,-0.5998599375386284
16731,16731,-0.87028733428685
16732,16732,-0.7736729459019873
16733,16733,-0.93549025974899
16734,16734,-0.8245312396150055
16735,16735,-0.6517021657562374
16736,16736,-0.7311291677695415
16737,16737,-0.6748935595790684
16738,16738,-0.8267321294781826
16739,16739,-0.5801336808764308
16740,16740,-0.7049796454042969
16741,16741,-0.8420038011754958
16742,16742,-0.93549025974899
16743,16743,-0.4671662789394624
16744,16744,-0.2649933073302676
16745,16745,-0.6368651273469261
16746,16746,-0.756661060137862
16747,16747,-0.9073116809407669
16748,16748,-0.8911526934461058
16749,16749,-0.612027275937054
16750,16750,-0.6816732613640131
16751,16751,-0.4367799125970926
16752,16752,-0.93549025974899
16753,16753,-0.6215247445892693
16754,16754,-0.9038459532561376
16755,16755,-0.6668924560873624
16756,16756,-0.8087039039985662
16757,16757,-0.7221265551832268
16758,16758,-0.41574407774536803
16759,16759,-0.5101396147478869
16760,16760,-0.8025045798167643
16761,16761,-0.3900675652138099
16762,16762,-0.7772570485980754
16763,16763,-0.93549025974899
16764,16764,-0.93549025974899
16765,16765,-0.6133093837878079
16766,16766,-0.6501951046099297
16767,16767,-0.7200965957701602
16768,16768,-0.37715416020973436
16769,16769,-0.7315746286116553
16770,16770,-0.5456144547203401
16771,16771,-0.8559340640506754
16772,16772,-0.7793968578482282
16773,16773,-0.6825785653602345
16774,16774,-0.9049704649040695
16775,16775,-0.6885450255013783
16776,16776,-0.93549025974899
16777,16777,-0.5664454445092293
16778,16778,-0.93549025974899
16779,16779,-0.883271674221902
16780,16780,-0.8488815705258279
16781,16781,-0.8903855120416218
16782,16782,-0.6141969126196791
16783,16783,-0.6387952096082135
16784,16784,-0.5194380070572624
16785,16785,-0.656031228582151
16786,16786,-0.7575858563052016
16787,16787,-0.93549025974899
16788,16788,-0.11526532387555088
16789,16789,-0.8284380569343348
16790,16790,-0.93549025974899
16791,16791,-0.7265948742527577
16792,16792,-0.6975993919760715
16793,16793,-0.3398630864818899
16794,16794,-0.93549025974899
16795,16795,-0.8865359302603117
16796,16796,-0.8164567127900071
16797,16797,-0.93549025974899
16798,16798,-0.7182567892476417
16799,16799,-0.6386194246409662
16800,16800,-0.93549025974899
16801,16801,-0.7365228246492297
16802,16802,-0.9246508381276222
16803,16803,-0.5090642646072698
16804,16804,-0.4767008385259097
16805,16805,-0.36922245235110474
16806,16806,-0.93549025974899
16807,16807,-0.29162482936159373
16808,16808,-0.2749991210372009
16809,16809,-0.93549025974899
16810,16810,-0.9239210532114885
16811,16811,-0.8592848034051759
16812,16812,-0.93549025974899
16813,16813,-0.48409595667693317
16814,16814,-0.7399091615648423
16815,16815,-0.8034477913981508
16816,16816,-0.6205799095131859
16817,16817,-0.7102349725712163
16818,16818,-0.5754950764278028
16819,16819,-0.8314013869273484
16820,16820,-0.6758575622594947
16821,16821,-0.648127696168423
16822,16822,-0.7952762835370244
16823,16823,-0.5281310983271834
16824,16824,-0.93549025974899
16825,16825,-0.6063858739305719
16826,16826,-0.93549025974899
16827,16827,-0.7409429384008082
16828,16828,-0.7704340881961294
16829,16829,-0.7147910733375582
16830,16830,-0.93549025974899
16831,16831,-0.7537379201510852
16832,16832,-0.6940993071479582
16833,16833,-0.93549025974899
16834,16834,-0.813273995404268
16835,16835,-0.8361554491178413
16836,16836,-0.8472336998774157
16837,16837,-0.8704216943760947
16838,16838,-0.5425038719938322
16839,16839,-0.93549025974899
16840,16840,-0.36166411314812175
16841,16841,-0.7480798228016017
16842,16842,-0.8387451948930114
16843,16843,-0.8343760562159197
16844,16844,-0.76602047445569
16845,16845,-0.93549025974899
16846,16846,-0.6888415591880506
16847,16847,-0.7103857785280301
16848,16848,-0.915319025021363
16849,16849,-0.35426729927883516
16850,16850,-0.6672291880107828
16851,16851,-0.3014862289754263
16852,16852,-0.93549025974899
16853,16853,-0.5284999187151307
16854,16854,-0.8679734433291788
16855,16855,-0.8047439730157055
16856,16856,-0.8813637008151094
16857,16857,-0.5565284891557156
16858,16858,-0.8448705321827674
16859,16859,-0.4816484889141819
16860,16860,-0.5832835635181812
16861,16861,-0.7887950457493282
16862,16862,-0.8901291333540406
16863,16863,-0.93549025974899
16864,16864,-0.8498838127323882
16865,16865,-0.7058369496896439
16866,16866,-0.6002685970867336
16867,16867,-0.9265438093139853
16868,16868,-0.6834828257229493
16869,16869,-0.926245252232798
16870,16870,-0.5024016678660903
16871,16871,-0.6794698088605351
16872,16872,-0.660710875647398
16873,16873,-0.3790726329050518
16874,16874,-0.8326809701105056
16875,16875,-0.33815309156280193
16876,16876,-0.93549025974899
16877,16877,-0.15349954129744292
16878,16878,-0.3396945031600045
16879,16879,-0.625696210899612
16880,16880,-0.8039922011751379
16881,16881,-0.8236318476108
16882,16882,-0.22622269803747708
16883,16883,-0.93549025974899
16884,16884,-0.7249508700131635
16885,16885,-0.27260769010739594
16886,16886,-0.860527591653554
16887,16887,-0.5383133443551262
16888,16888,-0.5660323949134138
16889,16889,-0.7253167677598515
16890,16890,-0.93549025974899
16891,16891,-0.048014220881221786
16892,16892,-0.5426808414855273
16893,16893,-0.8753073561969593
16894,16894,-0.762454754018826
16895,16895,-0.8311858146018274
16896,16896,-0.3802623277811712
16897,16897,-0.7575108639072372
16898,16898,-0.93549025974899
16899,16899,-0.93549025974899
16900,16900,-0.5539718134767924
16901,16901,-0.5009832559876717
16902,16902,-0.6957958205169579
16903,16903,-0.2563157503639819
16904,16904,-0.5512644874841843
16905,16905,-0.7079806290850588
16906,16906,-0.729332601149645
16907,16907,-0.6915829444172239
16908,16908,-0.6303905795663702
16909,16909,-0.8335781297195286
16910,16910,-0.93549025974899
16911,16911,-0.93549025974899
16912,16912,-0.9293232174541846
16913,16913,-0.5483599502697079
16914,16914,-0.7538660310721585
16915,16915,-0.93549025974899
16916,16916,-0.8968105088580991
16917,16917,-0.93549025974899
16918,16918,-0.8726861843860725
16919,16919,-0.8818049302296949
16920,16920,-0.900745669272931
16921,16921,-0.6071169895764417
16922,16922,-0.6259351616191555
16923,16923,-0.93549025974899
16924,16924,-0.93549025974899
16925,16925,-0.93549025974899
16926,16926,-0.7190284112632117
16927,16927,-0.4863238957318594
16928,16928,-0.29323475081206324
16929,16929,-0.6996661171352461
16930,16930,-0.5687875336712302
16931,16931,-0.4584559695878827
16932,16932,-0.7611948602030516
16933,16933,-0.3707020209708052
16934,16934,-0.93549025974899
16935,16935,-0.716850313603361
16936,16936,-0.7382827032841313
16937,16937,-0.6091541410525636
16938,16938,-0.31919773180878686
16939,16939,-0.5202535004115365
16940,16940,-0.49954899042011836
16941,16941,-0.93549025974899
16942,16942,-0.93549025974899
16943,16943,-0.6640769645595359
16944,16944,-0.7587069691919215
16945,16945,-0.93549025974899
16946,16946,-0.5365936265950588
16947,16947,-0.6577883873679458
16948,16948,-0.38694271516105383
16949,16949,-0.3384113264312436
16950,16950,-0.715467323067692
16951,16951,-0.8758081964877604
16952,16952,-0.4064404907236465
16953,16953,-0.5611851202475737
16954,16954,-0.3554985898709351
16955,16955,-0.9312327843104562
16956,16956,-0.8094086595945171
16957,16957,-0.40828405718333904
16958,16958,-0.6346930385324985
16959,16959,-0.5882283062546012
16960,16960,-0.8783684979377888
16961,16961,-0.9350564735485367
16962,16962,-0.7936133488939063
16963,16963,-0.8717589190529296
16964,16964,-0.5234138688699397
16965,16965,-0.26971066015076595
16966,16966,-0.8825337398882489
16967,16967,-0.93549025974899
16968,16968,-0.8549472386028913
16969,16969,-0.8761915838395637
16970,16970,-0.93549025974899
16971,16971,-0.3533235893802673
16972,16972,-0.93549025974899
16973,16973,-0.93549025974899
16974,16974,-0.7873053189104784
16975,16975,-0.8116620325587292
16976,16976,-0.93549025974899
16977,16977,-0.7103709805558385
16978,16978,-0.9109194342609772
16979,16979,-0.5129917031227542
16980,16980,-0.7124156967616138
16981,16981,-0.8920116195765235
16982,16982,-0.6608185153183559
16983,16983,-0.5036170969896894
16984,16984,-0.48678990429320734
16985,16985,-0.7202739519283092
16986,16986,-0.7767403363980865
16987,16987,-0.8678792492959477
16988,16988,-0.93549025974899
16989,16989,-0.38005544681647685
16990,16990,-0.93549025974899
16991,16991,-0.9232829036298984
16992,16992,-0.575687989786593
16993,16993,-0.66411008171921
16994,16994,-0.7765502585121116
16995,16995,-0.6745611458252512
16996,16996,-0.5563378827429322
16997,16997,-0.93549025974899
16998,16998,-0.7824117345718697
16999,16999,-0.7193267007592432
17000,17000,-0.3143154351329702
17001,17001,-0.541351404006706
17002,17002,-0.93549025974899
17003,17003,-0.5226062802684854
17004,17004,-0.43661882805289887
17005,17005,-0.8976830190702803
17006,17006,-0.8049838879480422
17007,17007,-0.47271708254101696
17008,17008,-0.7229053562143992
17009,17009,-0.5402367361405198
17010,17010,-0.5534233460076852
17011,17011,-0.6478855113901663
17012,17012,-0.4667269355039494
17013,17013,-0.9085456776193723
17014,17014,-0.7347227446872484
17015,17015,-0.6043137833872425
17016,17016,-0.6895984746475907
17017,17017,-0.726544290988004
17018,17018,-0.6105122248672075
17019,17019,-0.7339711946518381
17020,17020,-0.93549025974899
17021,17021,-0.8431931113602786
17022,17022,-0.8108178518014633
17023,17023,-0.93549025974899
17024,17024,-0.5820896714966501
17025,17025,-0.7040561751572572
17026,17026,-0.6794404198094828
17027,17027,-0.7871067006065644
17028,17028,-0.7160370366446536
17029,17029,-0.8390703794592458
17030,17030,-0.93549025974899
17031,17031,-0.93549025974899
17032,17032,-0.37262151893251927
17033,17033,-0.9038974194805611
17034,17034,-0.7339401039572806
17035,17035,-0.1750620839741459
17036,17036,-0.93549025974899
17037,17037,-0.9205173460421623
17038,17038,-0.7401801244066863
17039,17039,-0.8663025787234009
17040,17040,-0.8172965128164726
17041,17041,-0.5521877189372781
17042,17042,-0.7063361758002618
17043,17043,-0.6377648570772596
17044,17044,-0.9012895620992367
17045,17045,-0.5124866952821083
17046,17046,-0.526636840238464
17047,17047,-0.93549025974899
17048,17048,-0.6567816469509502
17049,17049,-0.9318083129942245
17050,17050,-0.7236645657034462
17051,17051,-0.28294010407232584
17052,17052,-0.93549025974899
17053,17053,-0.44610818507845984
17054,17054,-0.93549025974899
17055,17055,-0.5802831198891454
17056,17056,-0.93549025974899
17057,17057,-0.43424627258755955
17058,17058,-0.8299550203265689
17059,17059,-0.8048926430996133
17060,17060,-0.732101104970825
17061,17061,-0.5863175613672547
17062,17062,-0.7424968170129667
17063,17063,-0.5023507177897049
17064,17064,-0.4486683633224633
17065,17065,-0.6643098674164296
17066,17066,-0.28548049272007603
17067,17067,-0.6029059115865341
17068,17068,-0.6501138599896095
17069,17069,-0.7799109412118241
17070,17070,-0.6432089276499244
17071,17071,-0.7297258921836036
17072,17072,-0.47087622633259785
17073,17073,-0.6432633929874942
17074,17074,-0.6200431838196554
17075,17075,-0.5190687912558047
17076,17076,-0.6009043014342641
17077,17077,-0.5156721749433633
17078,17078,-0.5872937416851038
17079,17079,-0.5498522689023648
17080,17080,-0.35548565583231095
17081,17081,-0.8013990360018965
17082,17082,-0.804573309686706
17083,17083,-0.7102798860704187
17084,17084,-0.5479712689123222
17085,17085,-0.93549025974899
17086,17086,-0.8009001259120954
17087,17087,-0.93549025974899
17088,17088,-0.6762220322529018
17089,17089,-0.2143976820942819
17090,17090,-0.6092685292859699
17091,17091,-0.7153572433319599
17092,17092,-0.7572900697131093
17093,17093,-0.5432564225686072
17094,17094,-0.7539132887476576
17095,17095,-0.2882249508763324
17096,17096,-0.6818955591145386
17097,17097,-0.46441291750494607
17098,17098,-0.93549025974899
17099,17099,-0.93549025974899
17100,17100,-0.5637561216722689
17101,17101,-0.93549025974899
17102,17102,-0.7049094000825651
17103,17103,-0.6262093158404447
17104,17104,-0.49652403165363523
17105,17105,-0.8192822001593232
17106,17106,-0.5217975181273893
17107,17107,-0.93549025974899
17108,17108,-0.33064811610756273
17109,17109,-0.8709931019149124
17110,17110,-0.7502775479391524
17111,17111,-0.8952193757029683
17112,17112,-0.93549025974899
17113,17113,-0.5783784155579674
17114,17114,-0.5659648434527504
17115,17115,-0.7879271330121913
17116,17116,-0.8882518267608965
17117,17117,-0.7116189410251401
17118,17118,-0.8219897540692944
17119,17119,-0.5236025866439982
17120,17120,-0.7232771368444517
17121,17121,-0.93549025974899
17122,17122,-0.7456866905535211
17123,17123,-0.7751463373379028
17124,17124,-0.6231541907015714
17125,17125,-0.93549025974899
17126,17126,-0.7460778383963067
17127,17127,-0.93549025974899
17128,17128,-0.7635464594025692
17129,17129,-0.7943412748731227
17130,17130,-0.8461257899533692
17131,17131,-0.6000910249966811
17132,17132,-0.93549025974899
17133,17133,-0.93549025974899
17134,17134,-0.49097801260957397
17135,17135,-0.6209969241855973
17136,17136,-0.93549025974899
17137,17137,-0.5537634747605424
17138,17138,-0.93549025974899
17139,17139,-0.6346887420029592
17140,17140,-0.712065274887026
17141,17141,-0.35471463415129634
17142,17142,-0.7064587476821913
17143,17143,-0.393828239903101
17144,17144,-0.6437237185947655
17145,17145,-0.6068442747517455
17146,17146,-0.7784803802561591
17147,17147,-0.5164780202258346
17148,17148,-0.93549025974899
17149,17149,-0.6202193579808455
17150,17150,-0.93549025974899
17151,17151,-0.505057153834132
17152,17152,-0.8851251329380041
17153,17153,-0.609918484497431
17154,17154,-0.8252959041058148
17155,17155,-0.6344950489212806
17156,17156,-0.5336073924500528
17157,17157,-0.8276550003212879
17158,17158,-0.3896966224549505
17159,17159,-0.7813455522928212
17160,17160,-0.506044668296072
17161,17161,-0.6852469181120711
17162,17162,-0.592674154037022
17163,17163,-0.9309124971040639
17164,17164,-0.575218767316743
17165,17165,-0.8424525484208516
17166,17166,-0.7238487010175199
17167,17167,-0.831479278546249
17168,17168,-0.4015880159148808
17169,17169,-0.93549025974899
17170,17170,-0.5445310635724514
17171,17171,-0.7952762835370244
17172,17172,-0.7304363964572733
17173,17173,-0.93549025974899
17174,17174,-0.5055923665618658
17175,17175,-0.5822640339140386
17176,17176,-0.7568691064181383
17177,17177,-0.8659369973760125
17178,17178,-0.6460378732348193
17179,17179,-0.2224274897783758
17180,17180,-0.509772658716944
17181,17181,-0.93549025974899
17182,17182,-0.6315985316535748
17183,17183,-0.503321243390229
17184,17184,-0.4480287580510449
17185,17185,-0.5489073595228096
17186,17186,-0.93549025974899
17187,17187,-0.93549025974899
17188,17188,-0.5511866255130862
17189,17189,-0.7786474700837722
17190,17190,-0.6439948411059593
17191,17191,-0.22604924316623354
17192,17192,-0.619584108832969
17193,17193,-0.4066227317980009
17194,17194,-0.27805590765107313
17195,17195,-0.890411824345529
17196,17196,-0.93549025974899
17197,17197,-0.5493545898954779
17198,17198,-0.6847941220880926
17199,17199,-0.39293715895032655
17200,17200,-0.8046828946393436
17201,17201,-0.93549025974899
17202,17202,-0.5802528006512837
17203,17203,-0.5805758371701621
17204,17204,-0.7729826644845339
17205,17205,-0.93549025974899
17206,17206,-0.8098459670503093
17207,17207,-0.93549025974899
17208,17208,-0.93549025974899
17209,17209,-0.29889886071052985
17210,17210,-0.6493397820269866
17211,17211,-0.7106302567915552
17212,17212,-0.47272791067371145
17213,17213,-0.57398998244091
17214,17214,-0.93549025974899
17215,17215,-0.27027686119873673
17216,17216,-0.93549025974899
17217,17217,-0.8202770169257168
17218,17218,-0.6826260960854302
17219,17219,-0.88676452932987
17220,17220,-0.5257741328732437
17221,17221,-0.5604822524605013
17222,17222,-0.6845592274011416
17223,17223,-0.5480381097471199
17224,17224,-0.7384143767593248
17225,17225,-0.878916377512958
17226,17226,-0.45702877992478363
17227,17227,-0.7777466387592344
17228,17228,-0.8163850115477889
17229,17229,-0.648627887624146
17230,17230,-0.7399100392960012
17231,17231,-0.7934124197991999
17232,17232,-0.93549025974899
17233,17233,-0.1745941916179189
17234,17234,-0.5228658023755259
17235,17235,-0.8946065116627189
17236,17236,-0.3067324375599192
17237,17237,-0.93549025974899
17238,17238,-0.8417211950466399
17239,17239,-0.6518307767860563
17240,17240,-0.93549025974899
17241,17241,-0.3784675873995482
17242,17242,-0.7910625209310869
17243,17243,-0.5718060106847691
17244,17244,-0.8267824447656995
17245,17245,-0.6653182340242623
17246,17246,-0.8114895444870776
17247,17247,-0.7291125312169289
17248,17248,-0.5311524384887978
17249,17249,-0.39940384842502574
17250,17250,-0.5117758137340971
17251,17251,-0.7482215206316472
17252,17252,-0.7826629034216541
17253,17253,-0.7533975655203466
17254,17254,-0.7468291952569519
17255,17255,-0.6626431048875681
17256,17256,-0.39364935570747583
17257,17257,-0.6245082554033843
17258,17258,-0.5984171247048753
17259,17259,-0.6852128740547876
17260,17260,-0.7227042654459304
17261,17261,-0.8692394490797373
17262,17262,-0.5791793120683786
17263,17263,-0.8197218036521736
17264,17264,-0.9152952672003778
17265,17265,-0.4835413980519281
17266,17266,-0.7534385234265706
17267,17267,-0.6086667709012161
17268,17268,-0.682187281513837
17269,17269,-0.5664358266927483
17270,17270,-0.8163123377568926
17271,17271,-0.5433847959521718
17272,17272,-0.93549025974899
17273,17273,-0.93549025974899
17274,17274,-0.8254202612038242
17275,17275,-0.4180308444674399
17276,17276,-0.49888635174056484
17277,17277,-0.8679495282916339
17278,17278,-0.5545457155712938
17279,17279,-0.93549025974899
17280,17280,-0.8046017206641753
17281,17281,-0.8854901437335503
17282,17282,-0.93549025974899
17283,17283,-0.833165196268256
17284,17284,-0.7383486096723022
17285,17285,-0.7095303455103661
17286,17286,-0.7932102656719255
17287,17287,-0.93549025974899
17288,17288,-0.5658667219535247
17289,17289,-0.4018730418658496
17290,17290,-0.5809460345857809
17291,17291,-0.7769996014966285
17292,17292,-0.7727519983187126
17293,17293,-0.6099289312189349
17294,17294,-0.93549025974899
17295,17295,-0.5216709724875059
17296,17296,-0.6894584522912695
17297,17297,-0.4626260512169509
17298,17298,-0.6427257367626638
17299,17299,-0.6399162984267726
17300,17300,-0.8091150515364518
17301,17301,-0.3112361275583383
17302,17302,-0.2470353378193626
17303,17303,-0.8571015467883925
17304,17304,-0.93549025974899
17305,17305,-0.6172543237805304
17306,17306,-0.8518328647488307
17307,17307,-0.7279532976748104
17308,17308,-0.8263512126616526
17309,17309,-0.93549025974899
17310,17310,-0.6177884139643375
17311,17311,-0.554735327760401
17312,17312,-0.3775862603732083
17313,17313,-0.93549025974899
17314,17314,-0.93549025974899
17315,17315,-0.93549025974899
17316,17316,-0.6318355829599831
17317,17317,-0.93549025974899
17318,17318,-0.742386902553962
17319,17319,-0.4650105858831144
17320,17320,-0.6655160256074346
17321,17321,-0.7717600209735611
17322,17322,-0.6625345891503631
17323,17323,-0.42219450589709595
17324,17324,-0.8314324122589554
17325,17325,-0.5873443428309546
17326,17326,-0.6930913974016448
17327,17327,-0.4891334983521549
17328,17328,-0.93549025974899
17329,17329,-0.9282612477592256
17330,17330,-0.4143967761581635
17331,17331,-0.93549025974899
17332,17332,-0.93549025974899
17333,17333,-0.93549025974899
17334,17334,-0.93549025974899
17335,17335,-0.7272236424634038
17336,17336,-0.5734621623537763
17337,17337,-0.45191974996905415
17338,17338,-0.8929676064927552
17339,17339,-0.7515166530013975
17340,17340,-0.5568022377125601
17341,17341,-0.6052880468322872
17342,17342,-0.6297867359414955
17343,17343,-0.5365634926832521
17344,17344,-0.91693067903309
17345,17345,-0.7947722022227754
17346,17346,-0.6166198634287543
17347,17347,-0.93549025974899
17348,17348,-0.9308476480530921
17349,17349,-0.500418339895925
17350,17350,-0.6832427985305305
17351,17351,-0.4318687703046482
17352,17352,-0.7144942493913238
17353,17353,-0.640350464164948
17354,17354,-0.6797114987464177
17355,17355,-0.9341405436507433
17356,17356,-0.5715548604627134
17357,17357,-0.34826054977137666
17358,17358,-0.8815385153904174
17359,17359,-0.5070827827965747
17360,17360,-0.34540468568692306
17361,17361,-0.425331061670855
17362,17362,-0.757858915966132
17363,17363,-0.5477479155114295
17364,17364,-0.93549025974899
17365,17365,-0.46924190619424344
17366,17366,-0.93549025974899
17367,17367,-0.6512563836448511
17368,17368,-0.93549025974899
17369,17369,-0.6537985634649033
17370,17370,-0.93549025974899
17371,17371,-0.6031781298758307
17372,17372,-0.6278708765403369
17373,17373,-0.5615299409181862
17374,17374,-0.911819144441198
17375,17375,-0.5269977343648726
17376,17376,-0.93549025974899
17377,17377,-0.9033057705432501
17378,17378,-0.4300589680129896
17379,17379,-0.8324137572206531
17380,17380,-0.5016995556729178
17381,17381,-0.7840717410785949
17382,17382,-0.7015737799376396
17383,17383,-0.6177793973355286
17384,17384,-0.5278160782013352
17385,17385,-0.6431614059690904
17386,17386,-0.580363425681627
17387,17387,-0.7286396600918454
17388,17388,-0.6517119346129707
17389,17389,-0.8580201624785744
17390,17390,-0.45951138929052116
17391,17391,-0.5958933556998893
17392,17392,-0.842453402608303
17393,17393,-0.9098958205544321
17394,17394,-0.93549025974899
17395,17395,-0.3062091050831772
17396,17396,-0.7291028503669583
17397,17397,-0.5711549607648614
17398,17398,-0.49717239037017
17399,17399,-0.5221468505606652
17400,17400,-0.6447066633064651
17401,17401,-0.7783293117673384
17402,17402,-0.93549025974899
17403,17403,-0.5426361362906129
17404,17404,-0.756779558779801
17405,17405,-0.7945813799258907
17406,17406,-0.9301436256242415
17407,17407,-0.7357058113613792
17408,17408,-0.9303840056192758
17409,17409,-0.28821658430995933
17410,17410,-0.633480072691599
17411,17411,-0.5377717967375162
17412,17412,-0.8660526169661455
17413,17413,-0.81409278797857
17414,17414,-0.7147004567278437
17415,17415,-0.93549025974899
17416,17416,-0.41166040326027264
17417,17417,-0.2691372389272121
17418,17418,-0.93549025974899
17419,17419,-0.699599461590882
17420,17420,-0.6789187995176782
17421,17421,-0.93549025974899
17422,17422,-0.3945354605518592
17423,17423,-0.7625697699340073
17424,17424,-0.8313496351470651
17425,17425,-0.8450961730430393
17426,17426,-0.7880029972554041
17427,17427,-0.93549025974899
17428,17428,-0.46563524614788676
17429,17429,-0.6466035796513872
17430,17430,-0.7539344621632882
17431,17431,-0.35600433101173223
17432,17432,-0.6720721693363831
17433,17433,-0.33311593739982825
17434,17434,-0.5000489980888467
17435,17435,-0.93549025974899
17436,17436,-0.8321872079657968
17437,17437,-0.5621569268889903
17438,17438,-0.7403083483124249
17439,17439,-0.93549025974899
17440,17440,-0.6103915102001825
17441,17441,-0.9066571653449707
17442,17442,-0.8662531242729621
17443,17443,-0.6667797306300418
17444,17444,-0.8077632135023691
17445,17445,-0.5958148628681563
17446,17446,-0.7471729848567747
17447,17447,-0.7730815888096689
17448,17448,-0.5488625510428111
17449,17449,-0.8079397320781254
17450,17450,-0.3640509775174028
17451,17451,-0.4995395041408024
17452,17452,-0.6341384415845432
17453,17453,-0.652865959240545
17454,17454,-0.41786541004204913
17455,17455,-0.24029266074301248
17456,17456,-0.7526441593155031
17457,17457,-0.9056307637015273
17458,17458,-0.535575629526861
17459,17459,-0.5223570783492151
17460,17460,-0.6279962702563058
17461,17461,-0.9208468371163008
17462,17462,-0.9064658131093939
17463,17463,-0.582018914564495
17464,17464,-0.6833134412722508
17465,17465,-0.7835380965282699
17466,17466,-0.93549025974899
17467,17467,-0.6240817402629038
17468,17468,-0.6437366639579185
17469,17469,-0.93549025974899
17470,17470,-0.6651728539169888
17471,17471,-0.6317663883982227
17472,17472,-0.93549025974899
17473,17473,-0.5940617534516424
17474,17474,-0.7641479353211764
17475,17475,-0.5569532126470609
17476,17476,-0.93549025974899
17477,17477,-0.93549025974899
17478,17478,-0.7871146781598171
17479,17479,-0.4307869178062824
17480,17480,-0.40619265472764177
17481,17481,-0.9028110897613733
17482,17482,-0.6299297390610992
17483,17483,-0.93549025974899
17484,17484,-0.93549025974899
17485,17485,-0.3911682305258992
17486,17486,-0.8182364838788949
17487,17487,-0.6963546084234853
17488,17488,-0.6524175166736885
17489,17489,-0.3037967589281032
17490,17490,-0.93549025974899
17491,17491,-0.8709549078308516
17492,17492,-0.40480993604804283
17493,17493,-0.6465912115869745
17494,17494,-0.6789140324077501
17495,17495,-0.8768241797546228
17496,17496,-0.781309833624082
17497,17497,-0.6136551504682988
17498,17498,-0.6847493999295153
17499,17499,-0.6935745632562345
17500,17500,-0.4024202584133896
17501,17501,-0.320308660820539
17502,17502,-0.8767836211905422
17503,17503,-0.8714147558855405
17504,17504,-0.5502402084019682
17505,17505,-0.7422060263483221
17506,17506,-0.7938905416225683
17507,17507,-0.5741312033238177
17508,17508,-0.6681387307454436
17509,17509,-0.6203634840213184
17510,17510,-0.8125149024699727
17511,17511,-0.3109754480756397
17512,17512,-0.8633207332729036
17513,17513,-0.815770915692406
17514,17514,-0.4899511634223348
17515,17515,-0.7713995959423858
17516,17516,-0.35452063702802583
17517,17517,-0.8646787090796408
17518,17518,-0.6426601348661087
17519,17519,-0.7850792473788335
17520,17520,-0.7963160060829537
17521,17521,-0.7329426255109173
17522,17522,-0.5984187374073588
17523,17523,-0.6214860848182049
17524,17524,-0.8657834326016758
17525,17525,-0.6642204902236148
17526,17526,-0.36973058786061275
17527,17527,-0.8401275737246898
17528,17528,-0.6349454257453324
17529,17529,-0.9180442081870588
17530,17530,-0.6163623020449993
17531,17531,-0.263147348331199
17532,17532,-0.93549025974899
17533,17533,-0.93549025974899
17534,17534,-0.7212290618374073
17535,17535,-0.7570755437421965
17536,17536,-0.7645529844692369
17537,17537,-0.5623236736570512
17538,17538,-0.6456241399682217
17539,17539,-0.8883141283775888
17540,17540,-0.8011452002766877
17541,17541,-0.6885747658015777
17542,17542,-0.6268636033643933
17543,17543,-0.8551944682896551
17544,17544,-0.6308787820920294
17545,17545,-0.5826494140352043
17546,17546,-0.6562180719249433
17547,17547,-0.48416115770284485
17548,17548,-0.8331149260258037
17549,17549,-0.34855967944763266
17550,17550,-0.7312937139064406
17551,17551,-0.8531736576130431
17552,17552,-0.601078626604636
17553,17553,-0.93549025974899
17554,17554,-0.28277362775548376
17555,17555,-0.5817339173351588
17556,17556,-0.93549025974899
17557,17557,-0.8056313588596424
17558,17558,-0.6644208511836958
17559,17559,-0.4236094904225163
17560,17560,-0.7079363658153426
17561,17561,-0.7067267395496124
17562,17562,-0.93549025974899
17563,17563,-0.6317920475431595
17564,17564,-0.5482901693150191
17565,17565,-0.8816867315062815
17566,17566,-0.6990084798929388
17567,17567,-0.8667050497526407
17568,17568,-0.4318474766583975
17569,17569,-0.5308012536642388
17570,17570,-0.8094352427400402
17571,17571,-0.7880832227860299
17572,17572,-0.8945541806135289
17573,17573,-0.93549025974899
17574,17574,-0.29066638792415134
17575,17575,-0.7696181612745079
17576,17576,-0.7369411656597613
17577,17577,-0.93549025974899
17578,17578,-0.5554281664750036
17579,17579,-0.5932998242496446
17580,17580,-0.6744121207092224
17581,17581,-0.7667639193399793
17582,17582,-0.93549025974899
17583,17583,-0.6574840366761965
17584,17584,-0.675790219039758
17585,17585,-0.93549025974899
17586,17586,-0.6491875816478387
17587,17587,-0.47531799337531355
17588,17588,-0.5589724967990328
17589,17589,-0.8893723674696776
17590,17590,-0.6705299518743644
17591,17591,-0.93549025974899
17592,17592,-0.93549025974899
17593,17593,-0.93549025974899
17594,17594,-0.24664385642840658
17595,17595,-0.93549025974899
17596,17596,-0.643231445738282
17597,17597,-0.5771094944890742
17598,17598,-0.4597020795666418
17599,17599,-0.5129489026679455
17600,17600,-0.4022218368989776
17601,17601,-0.5750937558963987
17602,17602,-0.7432771613295301
17603,17603,-0.5007444472968139
17604,17604,-0.7844742214509672
17605,17605,-0.9273034800990629
17606,17606,-0.8185860777024931
17607,17607,-0.4137937522971402
17608,17608,-0.93549025974899
17609,17609,-0.7658091787547221
17610,17610,-0.7735490894789567
17611,17611,-0.7175085025361216
17612,17612,-0.6901825143133511
17613,17613,-0.93549025974899
17614,17614,-0.8473755388086719
17615,17615,-0.6107908234046935
17616,17616,-0.93549025974899
17617,17617,-0.64691618852601
17618,17618,-0.5758865324370532
17619,17619,-0.7076701842286326
17620,17620,-0.7776304415163544
17621,17621,-0.8463969792963333
17622,17622,-0.8404689342831162
17623,17623,-0.6003001556353027
17624,17624,-0.93549025974899
17625,17625,-0.38011538570352776
17626,17626,-0.4289867645020582
17627,17627,-0.805337680224385
17628,17628,-0.8132608763153488
17629,17629,-0.36117621589917137
17630,17630,-0.4798876557154017
17631,17631,-0.5521975103188734
17632,17632,-0.8368445328280814
17633,17633,-0.4920714860000488
17634,17634,-0.18540379584986377
17635,17635,-0.5165607779706272
17636,17636,-0.9122667160730078
17637,17637,-0.8546856559654135
17638,17638,-0.656226626310179
17639,17639,-0.93549025974899
17640,17640,-0.5084093629738065
17641,17641,-0.328021167570546
17642,17642,-0.6410171034078349
17643,17643,-0.5703868659634659
17644,17644,-0.93549025974899
17645,17645,-0.41211645345871917
17646,17646,-0.6508821620039829
17647,17647,-0.6006694392404146
17648,17648,-0.4791021483472222
17649,17649,-0.9196199586350762
17650,17650,-0.93549025974899
17651,17651,-0.7420415152426774
17652,17652,-0.93549025974899
17653,17653,-0.255807004462401
17654,17654,-0.7662782832437678
17655,17655,-0.6010743469613722
17656,17656,-0.6824056249101353
17657,17657,-0.5940321700570372
17658,17658,-0.93549025974899
17659,17659,-0.38513887225611443
17660,17660,-0.6408052382966822
17661,17661,-0.6998438239509142
17662,17662,-0.7023134343061805
17663,17663,-0.34454735013436455
17664,17664,-0.7798844428672158
17665,17665,-0.6289211748398493
17666,17666,-0.2870976182547502
17667,17667,-0.93549025974899
17668,17668,-0.5841580604829333
17669,17669,-0.5930117489664966
17670,17670,-0.93549025974899
17671,17671,-0.9278072543502152
17672,17672,-0.6102603233258908
17673,17673,-0.13141452755823346
17674,17674,-0.776046344749961
17675,17675,-0.6837060717533863
17676,17676,-0.5635087168079225
17677,17677,-0.5167846644831848
17678,17678,-0.40308543183057033
17679,17679,-0.8346562196583935
17680,17680,-0.93549025974899
17681,17681,-0.5839965729309782
17682,17682,-0.93549025974899
17683,17683,-0.594825638269505
17684,17684,-0.7336600527558019
17685,17685,-0.7260682344261298
17686,17686,-0.6502315817598401
17687,17687,-0.8615101238906178
17688,17688,-0.6221050910276293
17689,17689,-0.7167857355377194
17690,17690,-0.93549025974899
17691,17691,-0.7105744162148042
17692,17692,-0.93549025974899
17693,17693,-0.5585459338946368
17694,17694,-0.7250690292359483
17695,17695,-0.93549025974899
17696,17696,-0.8824369310865112
17697,17697,-0.93549025974899
17698,17698,-0.5592069852287587
17699,17699,-0.5992005552728052
17700,17700,-0.5251621748647697
17701,17701,-0.6005833512364962
17702,17702,-0.5963009750318307
17703,17703,-0.6799999119752478
17704,17704,-0.8203230231974104
17705,17705,-0.7568399996485642
17706,17706,-0.8478086646761547
17707,17707,-0.4037779658379308
17708,17708,-0.8838146118651853
17709,17709,-0.677506610556792
17710,17710,-0.9228452471844832
17711,17711,-0.5807836888325912
17712,17712,-0.93549025974899
17713,17713,-0.7250981233130052
17714,17714,-0.93549025974899
17715,17715,-0.6197288107945731
17716,17716,-0.7390217481657917
17717,17717,-0.93549025974899
17718,17718,-0.24765777670681333
17719,17719,-0.6155668105619743
17720,17720,-0.8976728807735448
17721,17721,-0.6832543865494536
17722,17722,-0.8869653977198233
17723,17723,-0.93549025974899
17724,17724,-0.46581620415938935
17725,17725,-0.93549025974899
17726,17726,-0.5880905578820639
17727,17727,-0.6823702337246864
17728,17728,-0.7291510346579688
17729,17729,-0.638603196907841
17730,17730,-0.9074320561885418
17731,17731,-0.9023154159440061
17732,17732,-0.4515409620523574
17733,17733,-0.8590296402179209
17734,17734,-0.5158169937944823
17735,17735,-0.93549025974899
17736,17736,-0.5881976870692118
17737,17737,-0.31413173789984583
17738,17738,-0.9288461664895298
17739,17739,-0.47429408565046716
17740,17740,-0.93549025974899
17741,17741,-0.618534554679707
17742,17742,-0.4744086869929234
17743,17743,-0.93549025974899
17744,17744,-0.5219857207413146
17745,17745,-0.9023728179837462
17746,17746,-0.8300081242550803
17747,17747,-0.4857505514907601
17748,17748,-0.9315613728681527
17749,17749,-0.3819711916063184
17750,17750,-0.8947136677908976
17751,17751,-0.8818254150435543
17752,17752,-0.93549025974899
17753,17753,-0.43224845144753665
17754,17754,-0.7781593705556009
17755,17755,-0.5835511892950223
17756,17756,-0.24527204817133147
17757,17757,-0.6882676321686052
17758,17758,-0.6489842281577172
17759,17759,-0.93549025974899
17760,17760,-0.28315120761948975
17761,17761,-0.7519693679571038
17762,17762,-0.6964774853268132
17763,17763,-0.5495752729130623
17764,17764,-0.6658156589294393
17765,17765,-0.6773992855780779
17766,17766,-0.93549025974899
17767,17767,-0.4506741643719949
17768,17768,-0.7175487758115242
17769,17769,-0.48673382136486865
17770,17770,-0.5994137424725867
17771,17771,-0.5460409412140343
17772,17772,-0.5621699118967833
17773,17773,-0.8011401926471713
17774,17774,-0.23882795241205423
17775,17775,-0.7012462401800867
17776,17776,-0.9291211551876195
17777,17777,-0.7259826283479587
17778,17778,-0.6173941727972831
17779,17779,-0.78755724332777
17780,17780,-0.934872507073651
17781,17781,-0.918770092177839
17782,17782,-0.6540226859945051
17783,17783,-0.8843982144265272
17784,17784,-0.93549025974899
17785,17785,-0.2246857561031672
17786,17786,-0.8437891737443426
17787,17787,-0.756281808520658
17788,17788,-0.711941468552773
17789,17789,-0.5912750781577074
17790,17790,-0.908508100463111
17791,17791,-0.6337680930829492
17792,17792,-0.93549025974899
17793,17793,-0.93549025974899
17794,17794,-0.7461413271871606
17795,17795,-0.9305113448823068
17796,17796,-0.8317376852600891
17797,17797,-0.8122392930444455
17798,17798,-0.5738678016126872
17799,17799,-0.8238520309840514
17800,17800,-0.7733449855326473
17801,17801,-0.6914070990417898
17802,17802,-0.7942245404985648
17803,17803,-0.2774624083888271
17804,17804,-0.6480488830798894
17805,17805,-0.6694385396633606
17806,17806,-0.93549025974899
17807,17807,-0.9035850812351285
17808,17808,-0.5620772047417422
17809,17809,-0.93549025974899
17810,17810,-0.7709437619457038
17811,17811,-0.5992460064893752
17812,17812,-0.5664863066800141
17813,17813,-0.66511808372959
17814,17814,-0.93549025974899
17815,17815,-0.7319253719390009
17816,17816,-0.93549025974899
17817,17817,-0.25150594891177214
17818,17818,-0.6086535291138819
17819,17819,-0.41054600836194943
17820,17820,-0.4708494728330752
17821,17821,-0.8057938387716561
17822,17822,-0.92057146533317
17823,17823,-0.93549025974899
17824,17824,-0.93549025974899
17825,17825,-0.8189950612296233
17826,17826,-0.5590055549692008
17827,17827,-0.7096833982173667
17828,17828,-0.6265940445692912
17829,17829,-0.15660464810014763
17830,17830,-0.6530551846010191
17831,17831,-0.93549025974899
17832,17832,-0.8993445341219388
17833,17833,-0.93549025974899
17834,17834,-0.7891090456443841
17835,17835,-0.5841548840117685
17836,17836,-0.7385092202408305
17837,17837,-0.9290322755138849
17838,17838,-0.8133210229577461
17839,17839,-0.4225534615286777
17840,17840,-0.5501473431801984
17841,17841,-0.6098388033697155
17842,17842,-0.6597134988600946
17843,17843,-0.9002220484765111
17844,17844,-0.6304597848981874
17845,17845,-0.6644681546745126
17846,17846,-0.4637293262383402
17847,17847,-0.3438738044991291
17848,17848,-0.93549025974899
17849,17849,-0.93549025974899
17850,17850,-0.7996990275162972
17851,17851,-0.35616729427314375
17852,17852,-0.93549025974899
17853,17853,-0.798742880750325
17854,17854,-0.7856139451363209
17855,17855,-0.7054156174901038
17856,17856,-0.6727223849072406
17857,17857,-0.7367126972663982
17858,17858,-0.8258259551606173
17859,17859,-0.900443750196418
17860,17860,-0.4330063546954066
17861,17861,-0.93549025974899
17862,17862,-0.5365692066410794
17863,17863,-0.7911808080711697
17864,17864,-0.6867695312940345
17865,17865,-0.6828858668908495
17866,17866,-0.93549025974899
17867,17867,-0.93549025974899
17868,17868,-0.8388350604675043
17869,17869,-0.42881066054637884
17870,17870,-0.7691787784051662
17871,17871,-0.65014278566664
17872,17872,-0.93549025974899
17873,17873,-0.5986646316707223
17874,17874,-0.6328316692968787
17875,17875,-0.35735373438740226
17876,17876,-0.5004253780177539
17877,17877,-0.4586171310204339
17878,17878,-0.9192743993211128
17879,17879,-0.31540837809915345
17880,17880,-0.7507680604732236
17881,17881,-0.3705079730173999
17882,17882,-0.93549025974899
17883,17883,-0.7922221723661327
17884,17884,-0.5744819927621236
17885,17885,-0.7614335728213906
17886,17886,-0.8493376338147858
17887,17887,-0.93549025974899
17888,17888,-0.9337127571981512
17889,17889,-0.73427470284979
17890,17890,-0.5578197416457176
17891,17891,-0.93549025974899
17892,17892,-0.7782752853221684
17893,17893,-0.8121978616166192
17894,17894,-0.6763245621111516
17895,17895,-0.8301369454292242
17896,17896,-0.6836093859650028
17897,17897,-0.93549025974899
17898,17898,-0.6829659907554664
17899,17899,-0.7730723269636162
17900,17900,-0.8359060399342582
17901,17901,-0.6151505917611075
17902,17902,-0.8987481468644365
17903,17903,-0.93549025974899
17904,17904,-0.7164463084187549
17905,17905,-0.8654315178851792
17906,17906,-0.93549025974899
17907,17907,-0.6477155144761255
17908,17908,-0.93549025974899
17909,17909,-0.511114090740854
17910,17910,-0.7070847632797683
17911,17911,-0.7319979200338924
17912,17912,-0.533258794894687
17913,17913,-0.5365778616118497
17914,17914,-0.7539004522673469
17915,17915,-0.7526961459920045
17916,17916,-0.47490991073328814
17917,17917,-0.73694410689526
17918,17918,-0.38100935547033865
17919,17919,-0.7879209116117103
17920,17920,-0.93549025974899
17921,17921,-0.7320989722893572
17922,17922,-0.2658113496341028
17923,17923,-0.8553247334701339
17924,17924,-0.5285993605012074
17925,17925,-0.6929640100878931
17926,17926,-0.4405317898921357
17927,17927,-0.6337476118108043
17928,17928,-0.9251773170587629
17929,17929,-0.7781704180353319
17930,17930,-0.93549025974899
17931,17931,-0.6169679756643749
17932,17932,-0.7725605098343955
17933,17933,-0.93549025974899
17934,17934,-0.8913020885396339
17935,17935,-0.9354886420647848
17936,17936,-0.6429844098647752
17937,17937,-0.93549025974899
17938,17938,-0.93549025974899
17939,17939,-0.9312554220458935
17940,17940,-0.93549025974899
17941,17941,-0.93549025974899
17942,17942,-0.7942794271055575
17943,17943,-0.5917097189884846
17944,17944,-0.571482392039032
17945,17945,-0.744172271351232
17946,17946,-0.7539195889423809
17947,17947,-0.7092949070248711
17948,17948,-0.6863669980938543
17949,17949,-0.6493229891563406
17950,17950,-0.4790703213544615
17951,17951,-0.8506494171094392
17952,17952,-0.8364045348963671
17953,17953,-0.93549025974899
17954,17954,-0.7055590472309099
17955,17955,-0.9004103177894258
17956,17956,-0.24308100836789182
17957,17957,-0.3276090968582981
17958,17958,-0.5544906819832236
17959,17959,-0.3813477017858118
17960,17960,-0.7236107730279002
17961,17961,-0.48795479581889234
17962,17962,-0.6448652773338015
17963,17963,-0.7278463015467374
17964,17964,-0.93549025974899
17965,17965,-0.8140250862764162
17966,17966,-0.8073440314984772
17967,17967,-0.8139947824668816
17968,17968,-0.93549025974899
17969,17969,-0.7968206228146304
17970,17970,-0.6181706206895186
17971,17971,-0.6468508340216506
17972,17972,-0.617342112092917
17973,17973,-0.7104064232158365
17974,17974,-0.6671315445903065
17975,17975,-0.7324385530457906
17976,17976,-0.10531005920898373
17977,17977,-0.6997918712434288
17978,17978,-0.93549025974899
17979,17979,-0.6156458921304377
17980,17980,-0.7284003461466941
17981,17981,-0.7068020321109145
17982,17982,-0.93549025974899
17983,17983,-0.7360101019738767
17984,17984,-0.6832480569249473
17985,17985,-0.93549025974899
17986,17986,-0.850788366295351
17987,17987,-0.924870829283666
17988,17988,-0.8713304073758721
17989,17989,-0.7840279552955565
17990,17990,-0.6139037935323461
17991,17991,-0.854604860758009
17992,17992,-0.8841507291379038
17993,17993,-0.9306371497576471
17994,17994,-0.6638189455001857
17995,17995,-0.4932742670093422
17996,17996,-0.3670354244052789
17997,17997,-0.93549025974899
17998,17998,-0.93549025974899
17999,17999,-0.6666954520034096
18000,18000,-0.5456568066903689
18001,18001,-0.4462357131520083
18002,18002,-0.34302151896919497
18003,18003,-0.6704416572503362
18004,18004,-0.19232938816077194
18005,18005,-0.6910673780822822
18006,18006,-0.7632404754566426
18007,18007,-0.37781330287766224
18008,18008,-0.7355963691843677
18009,18009,-0.8674117568831665
18010,18010,-0.7765444311270588
18011,18011,-0.7665244983785531
18012,18012,-0.4542577856194616
18013,18013,-0.93549025974899
18014,18014,-0.6549485303766023
18015,18015,-0.5419272022900969
18016,18016,-0.4651235985111928
18017,18017,-0.8336033818321642
18018,18018,-0.9061811252849328
18019,18019,-0.5311259204423369
18020,18020,-0.93549025974899
18021,18021,-0.5270618296669571
18022,18022,-0.4839063803786736
18023,18023,-0.8290304901015251
18024,18024,-0.93549025974899
18025,18025,-0.93549025974899
18026,18026,-0.4494862561639934
18027,18027,-0.93549025974899
18028,18028,-0.7702421658724354
18029,18029,-0.8530335896729699
18030,18030,-0.3228748593542208
18031,18031,-0.93549025974899
18032,18032,-0.5785863816705223
18033,18033,-0.6881887951969077
18034,18034,-0.6737478741756764
18035,18035,-0.5109686830282847
18036,18036,-0.8485634055661428
18037,18037,-0.6637728052860616
18038,18038,-0.7479617688240481
18039,18039,-0.93549025974899
18040,18040,-0.7032111964524166
18041,18041,-0.8011378432347858
18042,18042,-0.818206706240824
18043,18043,-0.7403705427205143
18044,18044,-0.3679416977573968
18045,18045,-0.5929667181966369
18046,18046,-0.6549587234227818
18047,18047,-0.7392310092666694
18048,18048,-0.3287976921821869
18049,18049,-0.6936073977532331
18050,18050,-0.6796775026710424
18051,18051,-0.5374948309944116
18052,18052,-0.737060692563503
18053,18053,-0.5895878029646529
18054,18054,-0.93549025974899
18055,18055,-0.6051128443156593
18056,18056,-0.769470829741369
18057,18057,-0.6541306041486994
18058,18058,-0.5836118418716141
18059,18059,-0.5699903319737261
18060,18060,-0.9154874718604891
18061,18061,-0.7562250041490035
18062,18062,-0.5604586659617397
18063,18063,-0.730133162325842
18064,18064,-0.93549025974899
18065,18065,-0.4051087420681725
18066,18066,-0.93549025974899
18067,18067,-0.698975521353919
18068,18068,-0.3438196360851049
18069,18069,-0.8981339299604372
18070,18070,-0.49670762720139194
18071,18071,-0.8959435802932809
18072,18072,-0.7422279666450216
18073,18073,-0.39261164622651146
18074,18074,-0.606885107865617
18075,18075,-0.8844134774010293
18076,18076,-0.9283653053170227
18077,18077,-0.2437092209066023
18078,18078,-0.7687852257049688
18079,18079,-0.09569219005061713
18080,18080,-0.9336815827515057
18081,18081,-0.6536670532127715
18082,18082,-0.46484215145848395
18083,18083,-0.5286844425217669
18084,18084,-0.750078298952177
18085,18085,-0.7895294879638346
18086,18086,-0.6348838344793482
18087,18087,-0.5325051628612023
18088,18088,-0.48527188122900367
18089,18089,-0.6430528916112568
18090,18090,-0.9037303205721177
18091,18091,-0.7577495185490832
18092,18092,-0.779108624384282
18093,18093,-0.9049467759846141
18094,18094,-0.8397735187064121
18095,18095,-0.7883162344112993
18096,18096,-0.7122596828868257
18097,18097,-0.93549025974899
18098,18098,-0.6855269817431466
18099,18099,-0.8165893487348406
18100,18100,-0.5280245026093162
18101,18101,-0.6092949200939302
18102,18102,-0.93549025974899
18103,18103,-0.33672680957367085
18104,18104,-0.93549025974899
18105,18105,-0.47856919309971957
18106,18106,-0.8144433326581897
18107,18107,-0.8317039755148201
18108,18108,-0.93549025974899
18109,18109,-0.93549025974899
18110,18110,-0.7964317767602029
18111,18111,-0.4864281458631936
18112,18112,-0.8637839751665588
18113,18113,-0.6992414780468383
18114,18114,-0.693110359217286
18115,18115,-0.843839702877407
18116,18116,-0.7970195687684694
18117,18117,-0.125170457047998
18118,18118,-0.93549025974899
18119,18119,-0.93549025974899
18120,18120,-0.5292261634883832
18121,18121,-0.6005853103317396
18122,18122,-0.6093075596297979
18123,18123,-0.8208421213097665
18124,18124,-0.45355077444603786
18125,18125,-0.93549025974899
18126,18126,-0.3277878474009399
18127,18127,-0.7125616669350343
18128,18128,-0.8580008925254425
18129,18129,-0.5485665863801548
18130,18130,-0.7880149871800359
18131,18131,-0.5732199371858613
18132,18132,-0.38229953507938674
18133,18133,-0.42903317863532564
18134,18134,-0.93549025974899
18135,18135,-0.7355931287378361
18136,18136,-0.93549025974899
18137,18137,-0.4271834478668777
18138,18138,-0.601642758510998
18139,18139,-0.6136573226770317
18140,18140,-0.7303321615019787
18141,18141,-0.688070428565398
18142,18142,-0.93549025974899
18143,18143,-0.6772665375308211
18144,18144,-0.7008754360556999
18145,18145,-0.6956923662455416
18146,18146,-0.8000838842345832
18147,18147,-0.7066119800927488
18148,18148,-0.6279818990464836
18149,18149,-0.5688694380310029
18150,18150,-0.5931009021853999
18151,18151,-0.3869418633234094
18152,18152,-0.7953209492003044
18153,18153,-0.5751307376932737
18154,18154,-0.93549025974899
18155,18155,-0.575981793448662
18156,18156,-0.5847586577148753
18157,18157,-0.5235812921258121
18158,18158,-0.8021397992564978
18159,18159,-0.8865211990352293
18160,18160,-0.6349889965108151
18161,18161,-0.32358093325741777
18162,18162,-0.3938780893879539
18163,18163,-0.6028388442368744
18164,18164,-0.6604911829845026
18165,18165,-0.6785697436335631
18166,18166,-0.6623347552069436
18167,18167,-0.6679400567549756
18168,18168,-0.7206797944992562
18169,18169,-0.93549025974899
18170,18170,-0.4004359679398508
18171,18171,-0.6706541205980621
18172,18172,-0.5715280495941286
18173,18173,-0.4672889934071539
18174,18174,-0.6598578671192445
18175,18175,-0.7599555611242312
18176,18176,-0.49122910202601133
18177,18177,-0.5440491733058668
18178,18178,-0.48708904211356696
18179,18179,-0.8375086026561167
18180,18180,-0.350293233237867
18181,18181,-0.8093865333232433
18182,18182,-0.2999422827246594
18183,18183,-0.93549025974899
18184,18184,-0.6519028976943915
18185,18185,-0.24709973964411214
18186,18186,-0.635908289570267
18187,18187,-0.8132702186714713
18188,18188,-0.93549025974899
18189,18189,-0.7635047919872306
18190,18190,-0.5410828107649852
18191,18191,-0.6436335053324207
18192,18192,-0.93549025974899
18193,18193,-0.6796025264810286
18194,18194,-0.47324652172446946
18195,18195,-0.7162446390323272
18196,18196,-0.7493035806493982
18197,18197,-0.7899100600611355
18198,18198,-0.93549025974899
18199,18199,-0.93549025974899
18200,18200,-0.5622202588659264
18201,18201,-0.57702278322353
18202,18202,-0.7852113681934725
18203,18203,-0.6207760924466221
18204,18204,-0.9096898981763406
18205,18205,-0.667700467729647
18206,18206,-0.93549025974899
18207,18207,-0.479686672681249
18208,18208,-0.7470306473880512
18209,18209,-0.18931196529425875
18210,18210,-0.5665312156326685
18211,18211,-0.8005107306263302
18212,18212,-0.6230631321352167
18213,18213,-0.93549025974899
18214,18214,-0.7717405627738572
18215,18215,-0.7604391796982402
18216,18216,-0.7228415270249258
18217,18217,-0.44459586859772493
18218,18218,-0.271260260925255
18219,18219,-0.9055886064375915
18220,18220,-0.93549025974899
18221,18221,-0.7806021021397545
18222,18222,-0.7595107066257079
18223,18223,-0.5520098627154018
18224,18224,-0.93549025974899
18225,18225,-0.4535723998727281
18226,18226,-0.6695694247451911
18227,18227,-0.93549025974899
18228,18228,-0.6035233716857125
18229,18229,-0.2365265820610265
18230,18230,-0.8956308108919053
18231,18231,-0.93549025974899
18232,18232,-0.6481511535824787
18233,18233,-0.5514961588707088
18234,18234,-0.93549025974899
18235,18235,-0.560873640333361
18236,18236,-0.824381989526147
18237,18237,-0.93549025974899
18238,18238,-0.44814302927115257
18239,18239,-0.6103180941864128
18240,18240,-0.8509443623004564
18241,18241,-0.3819186731362283
18242,18242,-0.6212991139821042
18243,18243,-0.7241127923473645
18244,18244,-0.5553382654768502
18245,18245,-0.7013722136127445
18246,18246,-0.8336853660676979
18247,18247,-0.7148766372392608
18248,18248,-0.8275004982913465
18249,18249,-0.42588688832890575
18250,18250,-0.9035066905804072
18251,18251,-0.13522851139180192
18252,18252,-0.737212427582806
18253,18253,-0.93549025974899
18254,18254,-0.93549025974899
18255,18255,-0.2847158872427298
18256,18256,-0.485356516225254
18257,18257,-0.7441746423682218
18258,18258,-0.40988739883668446
18259,18259,-0.8750648787029167
18260,18260,-0.93549025974899
18261,18261,-0.6301693432681823
18262,18262,-0.38768369439174855
18263,18263,-0.7088019006926061
18264,18264,-0.93549025974899
18265,18265,-0.5903992028632832
18266,18266,-0.6433868646123546
18267,18267,-0.8602660428006903
18268,18268,-0.35961643530299814
18269,18269,-0.7626938930935978
18270,18270,-0.5402865363400213
18271,18271,-0.93549025974899
18272,18272,-0.5038088464841639
18273,18273,-0.93549025974899
18274,18274,-0.6422996624410793
18275,18275,-0.6439297266140365
18276,18276,-0.8267926316022169
18277,18277,-0.93549025974899
18278,18278,-0.6463007733547279
18279,18279,-0.6506585063501564
18280,18280,-0.6064920864024437
18281,18281,-0.6670542366057113
18282,18282,-0.7774872512631692
18283,18283,-0.35133304473803406
18284,18284,-0.7900737797901645
18285,18285,-0.4358567114744716
18286,18286,-0.93549025974899
18287,18287,-0.739587670673048
18288,18288,-0.8245268214015553
18289,18289,-0.8023948784916186
18290,18290,-0.7432512845561821
18291,18291,-0.93549025974899
18292,18292,-0.72314337810338
18293,18293,-0.7977761042587534
18294,18294,-0.93549025974899
18295,18295,-0.7314002549760534
18296,18296,-0.9106335368097973
18297,18297,-0.5008253091323969
18298,18298,-0.6314581428370936
18299,18299,-0.93549025974899
18300,18300,-0.7107238902954993
18301,18301,-0.93549025974899
18302,18302,-0.7441970524868697
18303,18303,-0.93549025974899
18304,18304,-0.6492373430921194
18305,18305,-0.3871812673601518
18306,18306,-0.3383439295095716
18307,18307,-0.93549025974899
18308,18308,-0.93549025974899
18309,18309,-0.93549025974899
18310,18310,-0.47227483308577245
18311,18311,-0.08287461527923234
18312,18312,-0.7931572875232593
18313,18313,-0.6270543671480713
18314,18314,-0.6418051071104749
18315,18315,-0.2938322159174689
18316,18316,-0.8128827536854448
18317,18317,-0.6706386662769148
18318,18318,-0.8516332761548728
18319,18319,-0.6839546727002279
18320,18320,-0.8343372084631984
18321,18321,-0.6990270638197451
18322,18322,-0.7661792336834949
18323,18323,-0.772145592270606
18324,18324,-0.8533907447290581
18325,18325,-0.8507075035379081
18326,18326,-0.4774018691721995
18327,18327,-0.4930658005583446
18328,18328,-0.6124815739232652
18329,18329,-0.8459955371576786
18330,18330,-0.6518055442408741
18331,18331,-0.7786708115203158
18332,18332,-0.6912473529656076
18333,18333,-0.08074293642848618
18334,18334,-0.7661930777524635
18335,18335,-0.7103370401365972
18336,18336,-0.5800419033219129
18337,18337,-0.6343230070383541
18338,18338,-0.6296280369482066
18339,18339,-0.7185195731928662
18340,18340,-0.93549025974899
18341,18341,-0.7193163856451523
18342,18342,-0.8522864354415738
18343,18343,-0.5474494047550209
18344,18344,-0.4356481706892996
18345,18345,-0.93549025974899
18346,18346,-0.93549025974899
18347,18347,-0.6444931868091164
18348,18348,-0.5818912351078556
18349,18349,-0.7418132471590528
18350,18350,-0.6619207357091206
18351,18351,-0.6388068172232444
18352,18352,-0.6314654634469719
18353,18353,-0.872545456369977
18354,18354,-0.8008700161616424
18355,18355,-0.7788236133286421
18356,18356,-0.6779795291855137
18357,18357,-0.8521875542949218
18358,18358,-0.93549025974899
18359,18359,-0.5283623429635598
18360,18360,-0.558983413513845
18361,18361,-0.5717239096433424
18362,18362,-0.93549025974899
18363,18363,-0.6137538594934089
18364,18364,-0.7757158544456111
18365,18365,-0.5523096666098954
18366,18366,-0.6280114069098666
18367,18367,-0.18698618683610357
18368,18368,-0.5133707882775074
18369,18369,-0.6379211305434218
18370,18370,-0.7703437789977219
18371,18371,-0.8883953958754667
18372,18372,-0.7729053865542745
18373,18373,-0.9056564818489257
18374,18374,-0.93549025974899
18375,18375,-0.6371194011840888
18376,18376,-0.7114218826957686
18377,18377,-0.93549025974899
18378,18378,-0.6280043098369337
18379,18379,-0.6639113062288988
18380,18380,-0.93549025974899
18381,18381,-0.7226145877594536
18382,18382,-0.6808595207724366
18383,18383,-0.93549025974899
18384,18384,-0.49924362255341137
18385,18385,-0.7475254311958679
18386,18386,-0.6639525331461762
18387,18387,-0.93549025974899
18388,18388,-0.93549025974899
18389,18389,-0.6948962840413131
18390,18390,-0.7147491230990912
18391,18391,-0.6227926513156525
18392,18392,-0.6409280263958852
18393,18393,-0.8606890159308058
18394,18394,-0.7157097979848359
18395,18395,-0.688370169086399
18396,18396,-0.29792773306474807
18397,18397,-0.8192572400009457
18398,18398,-0.7370077644066999
18399,18399,-0.515786485380616
18400,18400,-0.706482524345347
18401,18401,-0.93549025974899
18402,18402,-0.8141716003799111
18403,18403,-0.610251856277845
18404,18404,-0.93549025974899
18405,18405,-0.93549025974899
18406,18406,-0.3058465292681025
18407,18407,-0.93549025974899
18408,18408,-0.7165833080328188
18409,18409,-0.93549025974899
18410,18410,-0.8458074627462242
18411,18411,-0.4560878938529904
18412,18412,-0.8393805052039216
18413,18413,-0.799567371176412
18414,18414,-0.6687103127194867
18415,18415,-0.5701127440799003
18416,18416,-0.6322501577315656
18417,18417,-0.8748635029462548
18418,18418,-0.7161901899981338
18419,18419,-0.7484308623925706
18420,18420,-0.9024424563679077
18421,18421,-0.6131735187453415
18422,18422,-0.8345502436288417
18423,18423,-0.8473976188987766
18424,18424,-0.830149837434492
18425,18425,-0.7809267581714749
18426,18426,-0.9115311792401215
18427,18427,-0.5059313960051561
18428,18428,-0.93549025974899
18429,18429,-0.93549025974899
18430,18430,-0.8576382229782897
18431,18431,-0.8380582663876979
18432,18432,-0.5116566466733339
18433,18433,-0.6332054648385554
18434,18434,-0.6511337668713058
18435,18435,-0.7745174358554312
18436,18436,-0.93549025974899
18437,18437,-0.7095013226184168
18438,18438,-0.6951874657335111
18439,18439,-0.39208748704388363
18440,18440,-0.8151045418646508
18441,18441,-0.31204718414996124
18442,18442,-0.93549025974899
18443,18443,-0.8884742260007954
18444,18444,-0.6706535138558412
18445,18445,-0.6028678233388298
18446,18446,-0.4096307846780647
18447,18447,-0.5722956519714106
18448,18448,-0.93549025974899
18449,18449,-0.8009404370307838
18450,18450,-0.4696639155929756
18451,18451,-0.6362140492913557
18452,18452,-0.93549025974899
18453,18453,-0.7637779257198236
18454,18454,-0.93549025974899
18455,18455,-0.8349614404882608
18456,18456,-0.7965641377859534
18457,18457,-0.93549025974899
18458,18458,-0.93549025974899
18459,18459,-0.5422760818219197
18460,18460,-0.6302869155944197
18461,18461,-0.93549025974899
18462,18462,-0.93549025974899
18463,18463,-0.7253504691768686
18464,18464,-0.03316860503516765
18465,18465,-0.6126462134994952
18466,18466,-0.8973290247694798
18467,18467,-0.93549025974899
18468,18468,-0.6802212097719753
18469,18469,-0.5997130568477633
18470,18470,-0.6354932819631021
18471,18471,-0.8226839698133137
18472,18472,-0.4279364186317487
18473,18473,-0.8232974197413867
18474,18474,-0.7975360273542265
18475,18475,-0.6455468817077179
18476,18476,-0.93549025974899
18477,18477,-0.8114565550104249
18478,18478,-0.49859600011841465
18479,18479,-0.5429544052249824
18480,18480,-0.8970481650652804
18481,18481,-0.41408544939947634
18482,18482,-0.26483283076442143
18483,18483,-0.61393690613275
18484,18484,-0.93549025974899
18485,18485,-0.7989014785433586
18486,18486,-0.6419275495762111
18487,18487,-0.3012483280382785
18488,18488,-0.511441073894007
18489,18489,-0.9044130324830668
18490,18490,-0.93549025974899
18491,18491,-0.6426479881612295
18492,18492,-0.699244047632634
18493,18493,-0.7306598967978619
18494,18494,-0.34065229236298444
18495,18495,-0.6703477412703087
18496,18496,-0.48998787071524896
18497,18497,-0.4275012118135746
18498,18498,-0.8273379688632652
18499,18499,-0.5992961868380355
18500,18500,-0.7671365473769587
18501,18501,-0.619734455510832
18502,18502,-0.6970333744895516
18503,18503,-0.5537339512487325
18504,18504,-0.616306114747518
18505,18505,-0.6881108586070219
18506,18506,-0.5314371760046712
18507,18507,-0.6537726359776475
18508,18508,-0.8208546077848844
18509,18509,-0.5172541388157459
18510,18510,-0.6976674721899627
18511,18511,-0.3773136873539047
18512,18512,-0.6876742659206858
18513,18513,-0.7675740807320643
18514,18514,-0.4287940609634777
18515,18515,-0.93549025974899
18516,18516,-0.6734877868751443
18517,18517,-0.9149107007031265
18518,18518,-0.32510696840222586
18519,18519,-0.8210920486934192
18520,18520,-0.7454773722561914
18521,18521,-0.6728867907036875
18522,18522,-0.42117197298087383
18523,18523,-0.6657451126198524
18524,18524,-0.6366650574512622
18525,18525,-0.44608502831533237
18526,18526,-0.6678849458035252
18527,18527,-0.32158351303477106
18528,18528,-0.9302752531159584
18529,18529,-0.8166495158689759
18530,18530,-0.9072693346826828
18531,18531,-0.6888049766309976
18532,18532,-0.8329291508935075
18533,18533,-0.8432375380119375
18534,18534,-0.7218632147005355
18535,18535,-0.5449167262918739
18536,18536,-0.5977207151933417
18537,18537,-0.8737552132576187
18538,18538,-0.43937030210341455
18539,18539,-0.6486147562846316
18540,18540,-0.93549025974899
18541,18541,-0.5956925700308933
18542,18542,-0.93549025974899
18543,18543,-0.8576213893891129
18544,18544,-0.9243605099676291
18545,18545,-0.9165620904193705
18546,18546,-0.93549025974899
18547,18547,-0.93549025974899
18548,18548,-0.6575452326973874
18549,18549,-0.20378568278962073
18550,18550,-0.8556112468092358
18551,18551,-0.7734419685804159
18552,18552,-0.7862531601451384
18553,18553,-0.7479811936328762
18554,18554,-0.6914806647158436
18555,18555,-0.93549025974899
18556,18556,-0.93549025974899
18557,18557,-0.7188709715740096
18558,18558,-0.6006148346776463
18559,18559,-0.93549025974899
18560,18560,-0.7390015967506205
18561,18561,-0.792479401073166
18562,18562,-0.7373282287245821
18563,18563,-0.84210683749534
18564,18564,-0.7829705624878134
18565,18565,-0.93549025974899
18566,18566,-0.5485186047237818
18567,18567,-0.8920387249831041
18568,18568,-0.35110678294946185
18569,18569,-0.8224267249769657
18570,18570,-0.6621867767371885
18571,18571,-0.93549025974899
18572,18572,-0.7930175384687068
18573,18573,-0.8783536793407141
18574,18574,-0.8518696874598
18575,18575,-0.1362024249504845
18576,18576,-0.7376626782553348
18577,18577,-0.7785484920984818
18578,18578,-0.845770814906615
18579,18579,-0.8609733086046436
18580,18580,-0.636315086137035
18581,18581,-0.5278523286654035
18582,18582,-0.93549025974899
18583,18583,-0.7231533205535374
18584,18584,-0.814343237258436
18585,18585,-0.93549025974899
18586,18586,-0.4811171494788713
18587,18587,-0.651390534238665
18588,18588,-0.4059034823543133
18589,18589,-0.3516817550811917
18590,18590,-0.7298314950923714
18591,18591,-0.7920185204069732
18592,18592,-0.43242516811173815
18593,18593,-0.8047147015334009
18594,18594,-0.5731156214808562
18595,18595,-0.6868353455080314
18596,18596,-0.7785456824346468
18597,18597,-0.8407806584888124
18598,18598,-0.7628881425309295
18599,18599,-0.6676724749146548
18600,18600,-0.93549025974899
18601,18601,-0.93549025974899
18602,18602,-0.640708235415504
18603,18603,-0.479374267786132
18604,18604,-0.7772820760053101
18605,18605,-0.93549025974899
18606,18606,-0.6538742203139236
18607,18607,-0.8744534478592403
18608,18608,-0.7013244155552911
18609,18609,-0.8021882035866419
18610,18610,-0.31860332100608346
18611,18611,-0.6129877286428957
18612,18612,-0.7574253588387183
18613,18613,-0.7609866850669835
18614,18614,-0.3708101240678907
18615,18615,-0.93549025974899
18616,18616,-0.6232120511000847
18617,18617,-0.9153336074263851
18618,18618,-0.745140586634939
18619,18619,-0.49584730336313676
18620,18620,-0.5593625030448539
18621,18621,-0.93549025974899
18622,18622,-0.5494745217131367
18623,18623,-0.7653524887976122
18624,18624,-0.9248152072494307
18625,18625,-0.29681815367715103
18626,18626,-0.93549025974899
18627,18627,-0.7174767427951565
18628,18628,-0.846479595305329
18629,18629,-0.8700409987415743
18630,18630,-0.6802662732868203
18631,18631,-0.7765134153193234
18632,18632,-0.8646801393218215
18633,18633,-0.93549025974899
18634,18634,-0.43844667394456316
18635,18635,-0.7604437243327755
18636,18636,-0.6540702927876403
18637,18637,-0.915787645423638
18638,18638,-0.878908882900733
18639,18639,-0.93549025974899
18640,18640,-0.8723410286214097
18641,18641,-0.8792230178440708
18642,18642,-0.6555222270558492
18643,18643,-0.6717269141040223
18644,18644,-0.93549025974899
18645,18645,-0.93549025974899
18646,18646,-0.93549025974899
18647,18647,-0.93549025974899
18648,18648,-0.93549025974899
18649,18649,-0.93549025974899
18650,18650,-0.7721830235326355
18651,18651,-0.5841624263872394
18652,18652,-0.93549025974899
18653,18653,-0.2414062105149828
18654,18654,-0.93549025974899
18655,18655,-0.7255441835176502
18656,18656,-0.47110867612432017
18657,18657,-0.4466020284242962
18658,18658,-0.5632599633890383
18659,18659,-0.6703004620961686
18660,18660,-0.7794181499040782
18661,18661,-0.9327917446754164
18662,18662,-0.4999482740725547
18663,18663,-0.803304358955673
18664,18664,-0.8251247350428415
18665,18665,-0.6159847376568592
18666,18666,-0.6618453002819003
18667,18667,-0.93549025974899
18668,18668,-0.6648085393206049
18669,18669,-0.5471978053372073
18670,18670,-0.93549025974899
18671,18671,-0.22503257882181638
18672,18672,-0.6939566129958852
18673,18673,-0.7141930453351542
18674,18674,-0.7945935056111608
18675,18675,-0.7254213563322942
18676,18676,-0.631244229138952
18677,18677,-0.41547676318587357
18678,18678,-0.5365988028943196
18679,18679,-0.6617891042813913
18680,18680,-0.7950827977630937
18681,18681,-0.735405697279079
18682,18682,-0.93549025974899
18683,18683,-0.7031777001906399
18684,18684,-0.37992522851586763
18685,18685,-0.7722083583053223
18686,18686,-0.8743396898005109
18687,18687,-0.6402498119539679
18688,18688,-0.8618530822723915
18689,18689,-0.5279279673878996
18690,18690,-0.5778406239431466
18691,18691,-0.93549025974899
18692,18692,-0.45435653774678286
18693,18693,-0.5613632576998473
18694,18694,-0.93549025974899
18695,18695,-0.2420237908801628
18696,18696,-0.6691022144452052
18697,18697,-0.6831718334629535
18698,18698,-0.7477814032837262
18699,18699,-0.93549025974899
18700,18700,-0.93549025974899
18701,18701,-0.8167002513836863
18702,18702,-0.7812775865748112
18703,18703,-0.6294996518930596
18704,18704,-0.93549025974899
18705,18705,-0.10988163451444999
18706,18706,-0.8649644920561617
18707,18707,-0.4028602204524834
18708,18708,-0.9054591981700018
18709,18709,-0.3183837398586977
18710,18710,-0.5987694250510742
18711,18711,-0.6045715869875323
18712,18712,-0.835391179819517
18713,18713,-0.3991590081275991
18714,18714,-0.5656669872876994
18715,18715,-0.9240319818975014
18716,18716,-0.8153904841470894
18717,18717,-0.8497150905215722
18718,18718,-0.8275198610238466
18719,18719,-0.6462430002285249
18720,18720,-0.93549025974899
18721,18721,-0.623312678441728
18722,18722,-0.551401679633392
18723,18723,-0.5560846265598731
18724,18724,-0.6630830453234537
18725,18725,-0.44911561813447065
18726,18726,-0.3669367489526856
18727,18727,-0.7415978956261373
18728,18728,-0.5985816674694888
18729,18729,-0.4587626774371447
18730,18730,-0.9194574964355162
18731,18731,-0.752999689834839
18732,18732,-0.6868325066166836
18733,18733,-0.47602187547519437
18734,18734,-0.6969437432193448
18735,18735,-0.6207752294543845
18736,18736,-0.3802734038460205
18737,18737,-0.8313760025767909
18738,18738,-0.9290938419984265
18739,18739,-0.762237439575971
18740,18740,-0.93549025974899
18741,18741,-0.93549025974899
18742,18742,-0.5132305721524535
18743,18743,-0.93549025974899
18744,18744,-0.7596304901917286
18745,18745,-0.6723629220673679
18746,18746,-0.7087359677532508
18747,18747,-0.7346543512734218
18748,18748,-0.6493533384129879
18749,18749,-0.8097009358222529
18750,18750,-0.26064170006140763
18751,18751,-0.6672186001847571
18752,18752,-0.668197269106372
18753,18753,-0.8420648467080163
18754,18754,-0.93549025974899
18755,18755,-0.8319055863380189
18756,18756,-0.5960428197640404
18757,18757,-0.8109206493665582
18758,18758,-0.6796936792007546
18759,18759,-0.8561398479661495
18760,18760,-0.7268558886110998
18761,18761,-0.5254421812752277
18762,18762,-0.6092154843292139
18763,18763,-0.5308048985677605
18764,18764,-0.93549025974899
18765,18765,-0.6054672453721004
18766,18766,-0.7117495716120192
18767,18767,-0.8210751552532418
18768,18768,-0.592459307761219
18769,18769,-0.8183272454849675
18770,18770,-0.6012001955915469
18771,18771,-0.7485496903846869
18772,18772,-0.6661934758825794
18773,18773,-0.93549025974899
18774,18774,-0.7391544176197744
18775,18775,-0.3465338204394658
18776,18776,-0.3868702626140408
18777,18777,-0.6656815426619289
18778,18778,-0.5528335899697652
18779,18779,-0.7834119440364198
18780,18780,-0.6583361587296697
18781,18781,-0.3188840210737798
18782,18782,-0.93549025974899
18783,18783,-0.8185600151187646
18784,18784,-0.6504404134550903
18785,18785,-0.48814485493077975
18786,18786,-0.9038690568139884
18787,18787,-0.5505669475596893
18788,18788,-0.7170596500113291
18789,18789,-0.4815936736436477
18790,18790,-0.4874964705528786
18791,18791,-0.8532999593200916
18792,18792,-0.5444490547815679
18793,18793,-0.844061407576735
18794,18794,-0.6080729339765814
18795,18795,-0.8716519378528815
18796,18796,-0.8167172306244641
18797,18797,-0.8032729598546737
18798,18798,-0.6352542614761578
18799,18799,-0.7278504014397758
18800,18800,-0.7036689726619052
18801,18801,-0.93549025974899
18802,18802,-0.7728140111702153
18803,18803,-0.7748925077518223
18804,18804,-0.779334177859397
18805,18805,-0.93549025974899
18806,18806,-0.4867222772532753
18807,18807,-0.6946985093128095
18808,18808,-0.41028284784541036
18809,18809,-0.6866317651501461
18810,18810,-0.6259598216397038
18811,18811,-0.7778178857429978
18812,18812,-0.6358154661276334
18813,18813,-0.5093275981134013
18814,18814,-0.46536704448230104
18815,18815,-0.8192351875821036
18816,18816,-0.6156792561530668
18817,18817,-0.4498523278482627
18818,18818,-0.8995621500344999
18819,18819,-0.6620773373198041
18820,18820,-0.578313796964173
18821,18821,-0.7470178390964026
18822,18822,-0.7638795916384602
18823,18823,-0.6094692385671454
18824,18824,-0.8939592819870157
18825,18825,-0.7153507699850881
18826,18826,-0.8204151181750206
18827,18827,-0.43883821122553357
18828,18828,-0.5443762372337808
18829,18829,-0.4782402559742551
18830,18830,-0.7516181440392078
18831,18831,-0.93549025974899
18832,18832,-0.6751407367381166
18833,18833,-0.7890302448615678
18834,18834,-0.46588863358124755
18835,18835,-0.6886021277311762
18836,18836,-0.402001237808975
18837,18837,-0.3981723904692167
18838,18838,-0.5454327746738343
18839,18839,-0.4514054084984065
18840,18840,-0.4651044384044756
18841,18841,-0.93549025974899
18842,18842,-0.5946971716174687
18843,18843,-0.817551566421745
18844,18844,-0.8275730037400724
18845,18845,-0.5672812723150464
18846,18846,-0.46047332215901493
18847,18847,-0.7847718827439056
18848,18848,-0.93549025974899
18849,18849,-0.6093777149523394
18850,18850,-0.6309337336443832
18851,18851,-0.32202282815526084
18852,18852,-0.7512957064361903
18853,18853,-0.93549025974899
18854,18854,-0.39977164848384206
18855,18855,-0.6706881980947745
18856,18856,-0.7924822946834471
18857,18857,-0.93549025974899
18858,18858,-0.4611472039110609
18859,18859,-0.6504169370664847
18860,18860,-0.9239834204140642
18861,18861,-0.700925695463873
18862,18862,-0.40804298082187573
18863,18863,-0.6757331521869379
18864,18864,-0.93549025974899
18865,18865,-0.5354909768792226
18866,18866,-0.9046846353451521
18867,18867,-0.5039710463128451
18868,18868,-0.7288299474790865
18869,18869,-0.37362587368191846
18870,18870,-0.93549025974899
18871,18871,-0.7359339638365103
18872,18872,-0.93549025974899
18873,18873,-0.8352551421054422
18874,18874,-0.8921418830944265
18875,18875,-0.6036681956315437
18876,18876,-0.8313787550541409
18877,18877,-0.5720710985302913
18878,18878,-0.8841442405502793
18879,18879,-0.7229955716299585
18880,18880,-0.664349782776954
18881,18881,-0.6929336897947724
18882,18882,-0.93549025974899
18883,18883,-0.2796518590813535
18884,18884,-0.93549025974899
18885,18885,-0.8723773114745317
18886,18886,-0.861799128723078
18887,18887,-0.691938120735589
18888,18888,-0.44214952263281937
18889,18889,-0.7657623132940561
18890,18890,-0.5649658891843092
18891,18891,-0.805369709390293
18892,18892,-0.5627972255344549
18893,18893,-0.6344241257123375
18894,18894,-0.93549025974899
18895,18895,-0.93549025974899
18896,18896,-0.8912120194585444
18897,18897,-0.709130974646607
18898,18898,-0.15155752584693438
18899,18899,-0.8460192160155007
18900,18900,-0.4362388354114035
18901,18901,-0.7670075840021475
18902,18902,-0.93549025974899
18903,18903,-0.6656907584215777
18904,18904,-0.9259834705843453
18905,18905,-0.93549025974899
18906,18906,-0.6659767123302665
18907,18907,-0.376565508904406
18908,18908,-0.8982230136457137
18909,18909,-0.93549025974899
18910,18910,-0.713458994337616
18911,18911,-0.93549025974899
18912,18912,-0.7000472347845861
18913,18913,-0.877469750357891
18914,18914,-0.9164727559985479
18915,18915,-0.93549025974899
18916,18916,-0.4265928436298694
18917,18917,-0.6703156690079357
18918,18918,-0.9208029867080416
18919,18919,-0.8650407489054022
18920,18920,-0.5141452286753978
18921,18921,-0.8185018356326967
18922,18922,-0.902031017055906
18923,18923,-0.7957669006271875
18924,18924,-0.053628650314568316
18925,18925,-0.7406101683953992
18926,18926,-0.5758388457791757
18927,18927,-0.5484652692068743
18928,18928,-0.5524372491750924
18929,18929,-0.6956518080489804
18930,18930,-0.5161798798815376
18931,18931,-0.42198152750549767
18932,18932,-0.6844260053977269
18933,18933,-0.4175702777615786
18934,18934,-0.5319232897661621
18935,18935,-0.6128896159359734
18936,18936,-0.3523114297976293
18937,18937,-0.8266537984382314
18938,18938,-0.5410771777331664
18939,18939,-0.5700114305614807
18940,18940,-0.46703264016644264
18941,18941,-0.8923462210567426
18942,18942,-0.8151847642117094
18943,18943,-0.47448482580333373
18944,18944,-0.673356048902015
18945,18945,-0.6986311961396954
18946,18946,-0.9302205473499647
18947,18947,-0.7807001525643376
18948,18948,-0.3552648823596294
18949,18949,-0.93549025974899
18950,18950,-0.732502115011437
18951,18951,-0.7325122595053024
18952,18952,-0.49111291266486035
18953,18953,-0.7152353746916607
18954,18954,-0.4943617891672858
18955,18955,-0.7242643999472609
18956,18956,-0.6407626337822343
18957,18957,-0.93549025974899
18958,18958,-0.875373588194357
18959,18959,-0.32635833795235003
18960,18960,-0.22675511412747262
18961,18961,-0.5515314876507809
18962,18962,-0.2645697508373033
18963,18963,-0.5666013747033549
18964,18964,-0.6179968077269749
18965,18965,-0.7390587084307416
18966,18966,-0.41813856804947713
18967,18967,-0.7059843900020315
18968,18968,-0.6408576898797609
18969,18969,-0.7767640297019174
18970,18970,-0.8184140247366134
18971,18971,-0.92721999448408
18972,18972,-0.3612861476446345
18973,18973,-0.5066077145961163
18974,18974,-0.5981690613251445
18975,18975,-0.816600182093099
18976,18976,-0.8309964638434497
18977,18977,-0.5267891836854535
18978,18978,-0.93549025974899
18979,18979,-0.8784337489768053
18980,18980,-0.7028820718632875
18981,18981,-0.93549025974899
18982,18982,-0.93549025974899
18983,18983,-0.29029105084942586
18984,18984,-0.93549025974899
18985,18985,-0.7300212145853369
18986,18986,-0.5292358492588609
18987,18987,-0.7359348617338828
18988,18988,-0.6725724655140368
18989,18989,-0.6849934362390009
18990,18990,-0.9317771228281799
18991,18991,-0.6915451031812712
18992,18992,-0.46326499684743006
18993,18993,-0.8829453707934398
18994,18994,-0.8543072206109219
18995,18995,-0.43736907095941513
18996,18996,-0.93549025974899
18997,18997,-0.558445942591085
18998,18998,-0.9105721998267491
18999,18999,-0.93549025974899
19000,19000,-0.93549025974899
19001,19001,-0.41175862434221244
19002,19002,-0.93549025974899
19003,19003,-0.6409511307974256
19004,19004,-0.8618482013708775
19005,19005,-0.93549025974899
19006,19006,-0.20071485667706135
19007,19007,-0.6749151760494545
19008,19008,-0.8570873350099113
19009,19009,-0.919978234274204
19010,19010,-0.7523418117727534
19011,19011,-0.8335417776927443
19012,19012,-0.93549025974899
19013,19013,-0.27726394031973856
19014,19014,-0.4272541551795719
19015,19015,-0.6893700782826659
19016,19016,-0.5221964232063243
19017,19017,-0.46659375755759314
19018,19018,-0.6412601738430546
19019,19019,-0.7768020631022843
19020,19020,-0.6055965778994192
19021,19021,-0.9057119311876836
19022,19022,-0.5813099048310235
19023,19023,-0.93549025974899
19024,19024,-0.7744126974745313
19025,19025,-0.93549025974899
19026,19026,-0.5886777962282288
19027,19027,-0.5979280141885059
19028,19028,-0.8806646929850448
19029,19029,-0.8549019608260728
19030,19030,-0.49916745531806583
19031,19031,-0.8139240889766839
19032,19032,-0.6887884870655405
19033,19033,-0.5568102827565444
19034,19034,-0.5136090593080453
19035,19035,-0.4123648269044935
19036,19036,-0.683697781685213
19037,19037,-0.32626695896007085
19038,19038,-0.817161403898341
19039,19039,-0.7538175538660727
19040,19040,-0.6293163979045904
19041,19041,-0.93549025974899
19042,19042,-0.8730793356998277
19043,19043,-0.6330400045420994
19044,19044,-0.93549025974899
19045,19045,-0.21429915499419583
19046,19046,-0.93549025974899
19047,19047,-0.825044336413221
19048,19048,-0.6500960779732878
19049,19049,-0.93549025974899
19050,19050,-0.8010067345627849
19051,19051,-0.6105581519217242
19052,19052,-0.2891746642269166
19053,19053,-0.405187813876724
19054,19054,-0.7342145965982994
19055,19055,-0.34381666556749124
19056,19056,-0.7421835221823603
19057,19057,-0.635379485565938
19058,19058,-0.6040671790664423
19059,19059,-0.868821793010385
19060,19060,-0.8562740983610144
19061,19061,-0.5023397288802625
19062,19062,-0.47823960336873483
19063,19063,-0.8646091046743667
19064,19064,-0.7352476673540185
19065,19065,-0.5347932123206256
19066,19066,-0.8481330838483476
19067,19067,-0.737054480601147
19068,19068,-0.7536628302136883
19069,19069,-0.7714923201701485
19070,19070,-0.267500143625897
19071,19071,-0.6560792497732173
19072,19072,-0.2855297123546521
19073,19073,-0.93549025974899
19074,19074,-0.93549025974899
19075,19075,-0.7798764855057314
19076,19076,-0.6530526672257455
19077,19077,-0.794820750598193
19078,19078,-0.7525590140736824
19079,19079,-0.767555417399274
19080,19080,-0.5360448917272382
19081,19081,-0.8105642839206055
19082,19082,-0.6453013120134177
19083,19083,-0.757267422261755
19084,19084,-0.6310371576673823
19085,19085,-0.93549025974899
19086,19086,-0.8193893994605705
19087,19087,-0.93549025974899
19088,19088,-0.7209748808975753
19089,19089,-0.7448273976369286
19090,19090,-0.93549025974899
19091,19091,-0.6574802312850814
19092,19092,-0.24589207488530554
19093,19093,-0.8204884030871291
19094,19094,-0.8551442617699312
19095,19095,-0.6901684171676727
19096,19096,-0.20109386796351147
19097,19097,-0.9116247790008902
19098,19098,-0.8369860642034599
19099,19099,-0.93549025974899
19100,19100,-0.8376993356642561
19101,19101,-0.7358920322783753
19102,19102,-0.6276265152473925
19103,19103,-0.6982368949702664
19104,19104,-0.5992432959715988
19105,19105,-0.656965872837322
19106,19106,-0.8524052031228315
19107,19107,-0.93549025974899
19108,19108,-0.5326255804278568
19109,19109,-0.93549025974899
19110,19110,-0.93549025974899
19111,19111,-0.6175987066689448
19112,19112,-0.7658640211651591
19113,19113,-0.9041181255390711
19114,19114,-0.5781192335023722
19115,19115,-0.686683576814028
19116,19116,-0.6970382756099642
19117,19117,-0.4975546926620109
19118,19118,-0.93549025974899
19119,19119,-0.8744595346380812
19120,19120,-0.5949624429159588
19121,19121,-0.43299828378307226
19122,19122,-0.1296535304555264
19123,19123,-0.8225370614113263
19124,19124,-0.3250397169384094
19125,19125,-0.7705154756459809
19126,19126,-0.557688738516763
19127,19127,-0.5456965786703627
19128,19128,-0.7001558007328601
19129,19129,-0.6747046051010557
19130,19130,-0.6033535748191401
19131,19131,-0.5248510638857216
19132,19132,-0.8309175539192104
19133,19133,-0.5097385299596024
19134,19134,-0.9293744134323632
19135,19135,-0.9198023522273218
19136,19136,-0.89667752214004
19137,19137,-0.7425603034754236
19138,19138,-0.6073036750331884
19139,19139,-0.750043364993747
19140,19140,-0.7998010115885723
19141,19141,-0.6390472679619279
19142,19142,-0.6626960068118173
19143,19143,-0.91621475530299
19144,19144,-0.9032467530135921
19145,19145,-0.4420682356657899
19146,19146,-0.3860629994839262
19147,19147,-0.93549025974899
19148,19148,-0.7000743555544293
19149,19149,-0.93549025974899
19150,19150,-0.6894521703152794
19151,19151,-0.733468466888965
19152,19152,-0.48250304187311066
19153,19153,-0.6874493039415501
19154,19154,-0.7441302362498448
19155,19155,-0.93549025974899
19156,19156,-0.7091470654184953
19157,19157,-0.5368423559707054
19158,19158,-0.6102165100303978
19159,19159,-0.7728014783642294
19160,19160,-0.93549025974899
19161,19161,-0.4797184607241807
19162,19162,-0.93549025974899
19163,19163,-0.93549025974899
19164,19164,-0.6424904914362664
19165,19165,-0.7480525811214296
19166,19166,-0.8056349253474515
19167,19167,-0.93549025974899
19168,19168,-0.5186709254516622
19169,19169,-0.93549025974899
19170,19170,-0.9329482982124375
19171,19171,-0.8044507488642019
19172,19172,-0.18782176676310236
19173,19173,-0.93549025974899
19174,19174,-0.6054024711924288
19175,19175,-0.4774997963579892
19176,19176,-0.7118431204773579
19177,19177,-0.7331721960981987
19178,19178,-0.5105022232494112
19179,19179,-0.93549025974899
19180,19180,-0.8439995213444309
19181,19181,-0.7358212049355259
19182,19182,-0.4852064883706242
19183,19183,-0.4120852454083299
19184,19184,-0.794707363813334
19185,19185,-0.591512215242675
19186,19186,-0.509633351865947
19187,19187,-0.6367918915536297
19188,19188,-0.6710564385028341
19189,19189,-0.792900991251452
19190,19190,-0.4963397530710427
19191,19191,-0.889828801359899
19192,19192,-0.30839393134923654
19193,19193,-0.93549025974899
19194,19194,-0.648660773011402
19195,19195,-0.93549025974899
19196,19196,-0.8457495681900618
19197,19197,-0.8379686214451034
19198,19198,-0.7414670366694853
19199,19199,-0.7153230873141503
19200,19200,-0.8700993091808318
19201,19201,-0.34948735999853575
19202,19202,-0.93549025974899
19203,19203,-0.5842972868632281
19204,19204,-0.6132521773908941
19205,19205,-0.663770712482119
19206,19206,-0.5886657226487646
19207,19207,-0.93549025974899
19208,19208,-0.7507664403311232
19209,19209,-0.6387482220324276
19210,19210,-0.7537218157013292
19211,19211,-0.8861840444826345
19212,19212,-0.9343772920567588
19213,19213,-0.93549025974899
19214,19214,-0.93549025974899
19215,19215,-0.5811888181606406
19216,19216,-0.8999080051358579
19217,19217,-0.797320056969756
19218,19218,-0.20021458584603746
19219,19219,-0.516796369641249
19220,19220,-0.7769456142956006
19221,19221,-0.5091747956564547
19222,19222,-0.8046774976357405
19223,19223,-0.5693850966411702
19224,19224,-0.7713334902186961
19225,19225,-0.919909743642906
19226,19226,-0.7065874695436527
19227,19227,-0.6362335578216296
19228,19228,-0.5907796324001677
19229,19229,-0.6901540409311515
19230,19230,-0.93549025974899
19231,19231,-0.6311069395122395
19232,19232,-0.7469137761940274
19233,19233,-0.7806841252537566
19234,19234,-0.35493619177556335
19235,19235,-0.5394067899036643
19236,19236,-0.7374223793693648
19237,19237,-0.8156962610235219
19238,19238,-0.8682496739741286
19239,19239,-0.5628723803056079
19240,19240,-0.93549025974899
19241,19241,-0.8733495953065962
19242,19242,-0.892214528246571
19243,19243,-0.4364151527519593
19244,19244,-0.7455791972233943
19245,19245,-0.653722157240674
19246,19246,-0.7516087871364618
19247,19247,-0.7549247425491288
19248,19248,-0.6904643503891528
19249,19249,-0.93549025974899
19250,19250,-0.93549025974899
19251,19251,-0.5421246480604225
19252,19252,-0.4648317353234237
19253,19253,-0.6667420113255051
19254,19254,-0.8250139835831849
19255,19255,-0.3560326572335999
19256,19256,-0.49687094929286246
19257,19257,-0.93549025974899
19258,19258,-0.7631304601089006
19259,19259,-0.7361558548308711
19260,19260,-0.7458021300281761
19261,19261,-0.7441348564010344
19262,19262,-0.93549025974899
19263,19263,-0.6610246782480278
19264,19264,-0.6960474238338055
19265,19265,-0.93549025974899
19266,19266,-0.8409299671980808
19267,19267,-0.5819400120120264
19268,19268,-0.8017882807152592
19269,19269,-0.49797303748643174
19270,19270,-0.08819748546006478
19271,19271,-0.8281322531349407
19272,19272,-0.5114553249259135
19273,19273,-0.6088739820467772
19274,19274,-0.5523125178495469
19275,19275,-0.93549025974899
19276,19276,-0.2744959399173408
19277,19277,-0.93549025974899
19278,19278,-0.703342153553109
19279,19279,-0.5474392068083564
19280,19280,-0.78462430282611
19281,19281,-0.7582529797949977
19282,19282,-0.6861318864338006
19283,19283,-0.6972655497593827
19284,19284,-0.93549025974899
19285,19285,-0.847540894621492
19286,19286,-0.7361418632372718
19287,19287,-0.6280556247076863
19288,19288,-0.7672282313406988
19289,19289,-0.7869254699419947
19290,19290,-0.7529286796039969
19291,19291,-0.9241599317548665
19292,19292,-0.459635693123019
19293,19293,-0.7530646956765441
19294,19294,-0.5439814857748821
19295,19295,-0.9007832519490382
19296,19296,-0.40261422776868727
19297,19297,-0.656889642112839
19298,19298,-0.93549025974899
19299,19299,-0.5036480015731186
19300,19300,-0.7747703776005554
19301,19301,-0.6563733963925191
19302,19302,-0.8179943455852712
19303,19303,-0.6321182951919049
19304,19304,-0.656274736377739
19305,19305,-0.7549334539744823
19306,19306,-0.7956941103309294
19307,19307,-0.23670878043376975
19308,19308,-0.8571317377396248
19309,19309,-0.93549025974899
19310,19310,-0.624953931296492
19311,19311,-0.6816365384706025
19312,19312,-0.93549025974899
19313,19313,-0.5752556549489491
19314,19314,-0.3737155493869597
19315,19315,-0.880958771698932
19316,19316,-0.93549025974899
19317,19317,-0.93549025974899
19318,19318,-0.93549025974899
19319,19319,-0.5407616743198105
19320,19320,-0.671403208832432
19321,19321,-0.93549025974899
19322,19322,-0.8949398934222366
19323,19323,-0.93549025974899
19324,19324,-0.762943407779062
19325,19325,-0.7711600499099838
19326,19326,-0.7396249685855771
19327,19327,-0.584511857770766
19328,19328,-0.4816944609060436
19329,19329,-0.8274768213744554
19330,19330,-0.6520193456972905
19331,19331,-0.8903020761183189
19332,19332,-0.7639111971125772
19333,19333,-0.93549025974899
19334,19334,-0.7656637904926562
19335,19335,-0.7659441261396935
19336,19336,-0.49581927288122785
19337,19337,-0.528233318389534
19338,19338,-0.7859048796496673
19339,19339,-0.733029012818486
19340,19340,-0.8978798126285064
19341,19341,-0.7958658034425881
19342,19342,-0.9096120759415403
19343,19343,-0.93549025974899
19344,19344,-0.773131781352463
19345,19345,-0.93549025974899
19346,19346,-0.6984181707689601
19347,19347,-0.905569908901187
19348,19348,-0.8325256541749049
19349,19349,-0.6060383383242769
19350,19350,-0.7447225778030067
19351,19351,-0.833052953114839
19352,19352,-0.7795162704785028
19353,19353,-0.5906788694687783
19354,19354,-0.8037436363903101
19355,19355,-0.8508254530260846
19356,19356,-0.8934904225182994
19357,19357,-0.30447691026610535
19358,19358,-0.31465639303464243
19359,19359,-0.7124945759168
19360,19360,-0.921773967233662
19361,19361,-0.7893537120089906
19362,19362,-0.7180798959417416
19363,19363,-0.634029947342043
19364,19364,-0.7197803910787162
19365,19365,-0.6662460809378956
19366,19366,-0.49593893992016946
19367,19367,-0.5107371215470558
19368,19368,-0.7740860722900642
19369,19369,-0.6661996306601914
19370,19370,-0.6779241694826954
19371,19371,-0.8682315444338862
19372,19372,-0.93549025974899
19373,19373,-0.93549025974899
19374,19374,-0.3923181955620376
19375,19375,-0.6052324254536305
19376,19376,-0.8180963188607393
19377,19377,-0.7182759672477577
19378,19378,-0.5208740179252533
19379,19379,-0.5699332317923282
19380,19380,-0.7964041092976561
19381,19381,-0.6852789084877209
19382,19382,-0.4904211677679573
19383,19383,-0.424415728855172
19384,19384,-0.93549025974899
19385,19385,-0.6698038274569917
19386,19386,-0.884790565383117
19387,19387,-0.93549025974899
19388,19388,-0.2849972394808038
19389,19389,-0.6900719853967576
19390,19390,-0.6401414310793783
19391,19391,-0.6780215664623075
19392,19392,-0.93549025974899
19393,19393,-0.7967490356000102
19394,19394,-0.93549025974899
19395,19395,-0.93549025974899
19396,19396,-0.7654796668184307
19397,19397,-0.7541986708343575
19398,19398,-0.6419824108313481
19399,19399,-0.9210182429737337
19400,19400,-0.6493364951023501
19401,19401,-0.7480770813083559
19402,19402,-0.6469701376456971
19403,19403,-0.778541185030166
19404,19404,-0.44458260813349604
19405,19405,-0.7801278119811617
19406,19406,-0.93549025974899
19407,19407,-0.8168358088647665
19408,19408,-0.9322076639375361
19409,19409,-0.7175092260252889
19410,19410,-0.93549025974899
19411,19411,-0.8114809228708157
19412,19412,-0.6776038259369734
19413,19413,-0.93549025974899
19414,19414,-0.6866163410293957
19415,19415,-0.93549025974899
19416,19416,-0.7938145401616215
19417,19417,-0.7227442082856275
19418,19418,-0.7790479587001489
19419,19419,-0.46515721456275116
19420,19420,-0.3526199451054186
19421,19421,-0.4038893725535524
19422,19422,-0.8031974620202096
19423,19423,-0.7415917858230205
19424,19424,-0.93549025974899
19425,19425,-0.7012626429488353
19426,19426,-0.7136919694563648
19427,19427,-0.8873482305283922
19428,19428,-0.9180299220343819
19429,19429,-0.9251438926416888
19430,19430,-0.8471134857930327
19431,19431,-0.48473108999274617
19432,19432,-0.43181610615784294
19433,19433,-0.9182290981553809
19434,19434,-0.93549025974899
19435,19435,-0.703652481853867
19436,19436,-0.523542614079537
19437,19437,-0.93549025974899
19438,19438,-0.24665552613107167
19439,19439,-0.4937210174604747
19440,19440,-0.7262187248197485
19441,19441,-0.7716067616824951
19442,19442,-0.7169601716941578
19443,19443,-0.8922505792157143
19444,19444,-0.9203372873127922
19445,19445,-0.25953037298421266
19446,19446,-0.5726953319057007
19447,19447,-0.6381033260292526
19448,19448,-0.7265327108593489
19449,19449,-0.44445163973239943
19450,19450,-0.7104520772036995
19451,19451,-0.7795537032166369
19452,19452,-0.4957794508566806
19453,19453,-0.6228815938712451
19454,19454,-0.5775655571963956
19455,19455,-0.2995150939517117
19456,19456,-0.7130478954260937
19457,19457,-0.4764584624421926
19458,19458,-0.561342751847258
19459,19459,-0.5776303122970177
19460,19460,-0.47635028210699204
19461,19461,-0.93549025974899
19462,19462,-0.93549025974899
19463,19463,-0.8856984650518474
19464,19464,-0.5937364845371977
19465,19465,-0.6993650807540792
19466,19466,-0.3846894503336049
19467,19467,-0.5380481453872665
19468,19468,-0.8184373066706314
19469,19469,-0.849521795713688
19470,19470,-0.8175449166042927
19471,19471,-0.6939559079198894
19472,19472,-0.6009973587822603
19473,19473,-0.5599204191363203
19474,19474,-0.7779660248945675
19475,19475,-0.6440822140733538
19476,19476,-0.6491101453438617
19477,19477,-0.9223092785938025
19478,19478,-0.7221116456704113
19479,19479,-0.5201944804755954
19480,19480,-0.4128267795011631
19481,19481,-0.4336215871490996
19482,19482,-0.3975639344642179
19483,19483,-0.650517199570162
19484,19484,-0.8643865172594776
19485,19485,-0.7297798111280329
19486,19486,-0.8981679153841071
19487,19487,-0.5313248929340837
19488,19488,-0.665137393597039
19489,19489,-0.47752142148525323
19490,19490,-0.4775677147840742
19491,19491,-0.7034107385742239
19492,19492,-0.93549025974899
19493,19493,-0.93549025974899
19494,19494,-0.44152190807087166
19495,19495,-0.5518870952246857
19496,19496,-0.705829383320344
19497,19497,-0.6322232593741752
19498,19498,-0.4303379065416473
19499,19499,-0.7346172835401479
19500,19500,-0.5301077560254797
19501,19501,-0.8661935909263896
19502,19502,-0.5716636922328591
19503,19503,-0.6677993024798532
19504,19504,-0.6739182759655549
19505,19505,-0.5634661382809103
19506,19506,-0.93549025974899
19507,19507,-0.4589660121202943
19508,19508,-0.93549025974899
19509,19509,-0.615759696719147
19510,19510,-0.5132256250127121
19511,19511,-0.44204845380307134
19512,19512,-0.6836871815131875
19513,19513,-0.75533829995749
19514,19514,-0.6608716767635805
19515,19515,-0.7656878515781962
19516,19516,-0.8440868318412971
19517,19517,-0.40400780515377654
19518,19518,-0.6314761008068448
19519,19519,-0.6009639228624408
19520,19520,-0.8419003339302282
19521,19521,-0.6931302119054639
19522,19522,-0.8550463225066824
19523,19523,-0.7928634246667983
19524,19524,-0.4072430592954479
19525,19525,-0.6991771230740031
19526,19526,-0.93549025974899
19527,19527,-0.93549025974899
19528,19528,-0.7877308194242421
19529,19529,-0.5849003945250151
19530,19530,-0.42552597759380584
19531,19531,-0.9270397460676385
19532,19532,-0.5756528239508203
19533,19533,-0.6921281945950639
19534,19534,-0.9269135634458578
19535,19535,-0.24774708487098174
19536,19536,-0.93549025974899
19537,19537,-0.6238364199231601
19538,19538,-0.7648938906734202
19539,19539,-0.3718791337312073
19540,19540,-0.5646861240792322
19541,19541,-0.4722964036501551
19542,19542,-0.7981862688208867
19543,19543,-0.93549025974899
19544,19544,-0.7704206405463943
19545,19545,-0.37426688531103913
19546,19546,-0.4762290501576931
19547,19547,-0.93549025974899
19548,19548,-0.34947107209245765
19549,19549,-0.5784500613142445
19550,19550,-0.6241772092695772
19551,19551,-0.7064821542031048
19552,19552,-0.6947753551309184
19553,19553,-0.7050863224984472
19554,19554,-0.7581520313079437
19555,19555,-0.93549025974899
19556,19556,-0.2112989883840175
19557,19557,-0.6857201580488983
19558,19558,-0.4617144100954964
19559,19559,-0.566595936874899
19560,19560,-0.8081995338286152
19561,19561,-0.7819834202901905
19562,19562,-0.6970992130286113
19563,19563,-0.7863323103507582
19564,19564,-0.93549025974899
19565,19565,-0.5639259360250186
19566,19566,-0.6257365636248426
19567,19567,-0.8252252856750211
19568,19568,-0.597559631835809
19569,19569,-0.93549025974899
19570,19570,-0.93549025974899
19571,19571,-0.42445488713267565
19572,19572,-0.7875983125971633
19573,19573,-0.5714141092067568
19574,19574,-0.8256473167339848
19575,19575,-0.93549025974899
19576,19576,-0.7443939802871
19577,19577,-0.6253735169394083
19578,19578,-0.8425992228134831
19579,19579,-0.605580990483725
19580,19580,-0.9155226602938047
19581,19581,-0.7190817071154374
19582,19582,-0.40968214038887574
19583,19583,-0.7768080809608797
19584,19584,-0.9206018459874485
19585,19585,-0.3013016281224967
19586,19586,-0.8429448671969944
19587,19587,-0.93549025974899
19588,19588,-0.7642073025742846
19589,19589,-0.8973872291654974
19590,19590,-0.93549025974899
19591,19591,-0.5717362947126094
19592,19592,-0.647682773818822
19593,19593,-0.8847774692059609
19594,19594,-0.5110069253134402
19595,19595,-0.7095467727115992
19596,19596,-0.8722657337877493
19597,19597,-0.8721997442584382
19598,19598,-0.6564287080024087
19599,19599,-0.7394741670389671
19600,19600,-0.5722917954451283
19601,19601,-0.7786160865790919
19602,19602,-0.5130834960731812
19603,19603,-0.6816793906649998
19604,19604,-0.93549025974899
19605,19605,-0.6204721719510928
19606,19606,-0.8211079310715252
19607,19607,-0.5063117100777674
19608,19608,-0.7923649745404795
19609,19609,-0.20946557765001206
19610,19610,-0.7389424438263337
19611,19611,-0.93549025974899
19612,19612,-0.638770978651241
19613,19613,-0.62787374069155
19614,19614,-0.9005462104402913
19615,19615,-0.7188832598851409
19616,19616,-0.8111714023785801
19617,19617,-0.8883460754908903
19618,19618,-0.6949478234639432
19619,19619,-0.7741110273451159
19620,19620,-0.7214867632792465
19621,19621,-0.93549025974899
19622,19622,-0.6209041367737775
19623,19623,-0.93549025974899
19624,19624,-0.6166820201618339
19625,19625,-0.7055772938372407
19626,19626,-0.36737210629143036
19627,19627,-0.4145254381264749
19628,19628,-0.7484165141475572
19629,19629,-0.5360985492398527
19630,19630,-0.93549025974899
19631,19631,-0.7773292295202516
19632,19632,-0.7558845507037582
19633,19633,-0.8224732804421553
19634,19634,-0.93549025974899
19635,19635,-0.6403498362930726
19636,19636,-0.6748165909787947
19637,19637,-0.7389266467261457
19638,19638,-0.7130324906070431
19639,19639,-0.5814336712097248
19640,19640,-0.6527835748974642
19641,19641,-0.5793873560332607
19642,19642,-0.28001823554524563
19643,19643,-0.6679664704717254
19644,19644,-0.25236147266316955
19645,19645,-0.35284932060806184
19646,19646,-0.6974011751274887
19647,19647,-0.4847604841709998
19648,19648,-0.7103999131527168
19649,19649,-0.5786454192717216
19650,19650,-0.9112235935334247
19651,19651,-0.93549025974899
19652,19652,-0.9007928602131887
19653,19653,-0.8161288130407129
19654,19654,-0.22240646198780256
19655,19655,-0.8214754646228943
19656,19656,-0.6799813741216987
19657,19657,-0.7982391632766408
19658,19658,-0.93549025974899
19659,19659,-0.7992743335176336
19660,19660,-0.93549025974899
19661,19661,-0.490517936755829
19662,19662,-0.5449134522960741
19663,19663,-0.5043537630486572
19664,19664,-0.05462109216258651
19665,19665,-0.898888772487556
19666,19666,-0.8405835359794089
19667,19667,-0.93549025974899
19668,19668,-0.643240325941413
19669,19669,-0.5997458207260031
19670,19670,-0.5141534152816405
19671,19671,-0.9226570504826714
19672,19672,-0.93549025974899
19673,19673,-0.8087209355428744
19674,19674,-0.8165295829046162
19675,19675,-0.9248468232125404
19676,19676,-0.30404954399968176
19677,19677,-0.9089211648955775
19678,19678,-0.7563360617407717
19679,19679,-0.8139477699444484
19680,19680,-0.93549025974899
19681,19681,-0.6620106732791129
19682,19682,-0.6025163642947184
19683,19683,-0.93549025974899
19684,19684,-0.93549025974899
19685,19685,-0.250301590360801
19686,19686,-0.5926868679474158
19687,19687,-0.93549025974899
19688,19688,-0.5452273296920858
19689,19689,-0.48062210574677355
19690,19690,-0.6626621823190426
19691,19691,-0.827327628994869
19692,19692,-0.5861641499406325
19693,19693,-0.4613644033094264
19694,19694,-0.6975622831079864
19695,19695,-0.93549025974899
19696,19696,-0.636568776976933
19697,19697,-0.20876639943792874
19698,19698,-0.93549025974899
19699,19699,-0.6395779277369691
19700,19700,-0.5923172844248672
19701,19701,-0.5703923739824734
19702,19702,-0.6290751020270182
19703,19703,-0.6281764241987915
19704,19704,-0.7396687562874611
19705,19705,-0.7252908159629001
19706,19706,-0.7082730315586208
19707,19707,-0.6257971283549342
19708,19708,-0.93549025974899
19709,19709,-0.7452179958010596
19710,19710,-0.6913924215627283
19711,19711,-0.6566247337012232
19712,19712,-0.3997616729923905
19713,19713,-0.6185723143397652
19714,19714,-0.9031443594770572
19715,19715,-0.7289319919517769
19716,19716,-0.6532907059236965
19717,19717,-0.6234776463765659
19718,19718,-0.9259913090139946
19719,19719,-0.93549025974899
19720,19720,-0.8875192068351101
19721,19721,-0.93549025974899
19722,19722,-0.48340245673583837
19723,19723,-0.40644360970432913
19724,19724,-0.7694876474055867
19725,19725,-0.7547446314348409
19726,19726,-0.8758808198864543
19727,19727,-0.93549025974899
19728,19728,-0.3136545270634188
19729,19729,-0.6408979176886351
19730,19730,-0.29921976970407593
19731,19731,-0.5372447262336664
19732,19732,-0.8551721927043605
19733,19733,-0.580065638329943
19734,19734,-0.5869210759697019
19735,19735,-0.5775673718810759
19736,19736,-0.6198413617174232
19737,19737,-0.7079019550315824
19738,19738,-0.8297695116963144
19739,19739,-0.7318835788040872
19740,19740,-0.6568015656702375
19741,19741,-0.5647000523468115
19742,19742,-0.8009593245510196
19743,19743,-0.5947565876781624
19744,19744,-0.7711627259107576
19745,19745,-0.8121237711812217
19746,19746,-0.6514905003460516
19747,19747,-0.93549025974899
19748,19748,-0.4307606931346317
19749,19749,-0.710318450342891
19750,19750,-0.35751166899536635
19751,19751,-0.7383829843800971
19752,19752,-0.3147760758543634
19753,19753,-0.93549025974899
19754,19754,-0.5207992891878157
19755,19755,-0.93549025974899
19756,19756,-0.5405422160236242
19757,19757,-0.6438138807449469
19758,19758,-0.93549025974899
19759,19759,-0.7758358246005095
19760,19760,-0.5784413766491472
19761,19761,-0.6494103980231358
19762,19762,-0.6322874819408799
19763,19763,-0.5167229193761558
19764,19764,-0.8403705257582317
19765,19765,-0.8094142064395218
19766,19766,-0.93549025974899
19767,19767,-0.8250365391279093
19768,19768,-0.5853286153429345
19769,19769,-0.6030910805126499
19770,19770,-0.9018210101000079
19771,19771,-0.93549025974899
19772,19772,-0.3799719629720659
19773,19773,-0.5911914155245839
19774,19774,-0.93549025974899
19775,19775,-0.37897617659241867
19776,19776,-0.8613090469970874
19777,19777,-0.93549025974899
19778,19778,-0.5994655055714393
19779,19779,-0.5560917517197641
19780,19780,-0.7646032471612205
19781,19781,-0.4472449726604828
19782,19782,-0.8350211086007882
19783,19783,-0.5939670410250137
19784,19784,-0.47559241865672286
19785,19785,-0.8985868576981932
19786,19786,-0.6279841679813991
19787,19787,-0.5952719609677075
19788,19788,-0.6646255946276369
19789,19789,-0.5618971008314624
19790,19790,-0.21187867506152225
19791,19791,-0.8616798286828615
19792,19792,-0.7214394746156305
19793,19793,-0.47867838858516976
19794,19794,-0.93549025974899
19795,19795,-0.93549025974899
19796,19796,-0.7492534065799248
19797,19797,-0.517160493778114
19798,19798,-0.93549025974899
19799,19799,-0.7839109174604761
19800,19800,-0.93549025974899
19801,19801,-0.8769013488865767
19802,19802,-0.5389571418493979
19803,19803,-0.93549025974899
19804,19804,-0.7589659242772271
19805,19805,-0.7910106929349059
19806,19806,-0.653443921519397
19807,19807,-0.5042554854006274
19808,19808,-0.6826534757688183
19809,19809,-0.8190273272212725
19810,19810,-0.603164684114649
19811,19811,-0.6443894848175127
19812,19812,-0.93549025974899
19813,19813,-0.5649785139617283
19814,19814,-0.6843519800459266
19815,19815,-0.5346673505537076
19816,19816,-0.93549025974899
19817,19817,-0.6869881466279413
19818,19818,-0.93549025974899
19819,19819,-0.46073780629798833
19820,19820,-0.93549025974899
19821,19821,-0.7292370935313564
19822,19822,-0.93549025974899
19823,19823,-0.597746943013485
19824,19824,-0.93549025974899
19825,19825,-0.6508421565893947
19826,19826,-0.93549025974899
19827,19827,-0.5920407788535909
19828,19828,-0.5005538345789238
19829,19829,-0.759278649390243
19830,19830,-0.7536289524772091
19831,19831,-0.3741452328540711
19832,19832,-0.7300303700124235
19833,19833,-0.6322884669794355
19834,19834,-0.93549025974899
19835,19835,-0.6595962338692409
19836,19836,-0.93549025974899
19837,19837,-0.93549025974899
19838,19838,-0.5372707645942487
19839,19839,-0.5910771247114557
19840,19840,-0.6870861355686522
19841,19841,-0.9224053994698878
19842,19842,-0.7734446657708851
19843,19843,-0.93549025974899
19844,19844,-0.93549025974899
19845,19845,-0.7497786070055099
19846,19846,-0.7106373767730876
19847,19847,-0.93549025974899
19848,19848,-0.35649231975008355
19849,19849,-0.487767687238847
19850,19850,-0.93549025974899
19851,19851,-0.5559902708482483
19852,19852,-0.93549025974899
19853,19853,-0.93549025974899
19854,19854,-0.5529901416606613
19855,19855,-0.5840182925614048
19856,19856,-0.6040998689147337
19857,19857,-0.93549025974899
19858,19858,-0.658238232847248
19859,19859,-0.697955429504491
19860,19860,-0.4261707554262433
19861,19861,-0.41547232127330247
19862,19862,-0.7877842281021863
19863,19863,-0.44606136680258324
19864,19864,-0.8385791299463285
19865,19865,-0.29623454502862856
19866,19866,-0.6767935174450717
19867,19867,-0.6448855159371849
19868,19868,-0.4737883668175087
19869,19869,-0.9101238915200618
19870,19870,-0.8687243629060237
19871,19871,-0.6585912375399534
19872,19872,-0.6250543850018921
19873,19873,-0.4487760641346856
19874,19874,-0.87035770169736
19875,19875,-0.378144158899687
19876,19876,-0.93549025974899
19877,19877,-0.5617993826894079
19878,19878,-0.8125170716057486
19879,19879,-0.93549025974899
19880,19880,-0.7801777239548304
19881,19881,-0.3352938791590887
19882,19882,-0.7564979990032672
19883,19883,-0.8066016183438709
19884,19884,-0.5383397620890698
19885,19885,-0.7079677520048975
19886,19886,-0.6456332756880023
19887,19887,-0.93549025974899
19888,19888,-0.93549025974899
19889,19889,-0.879781617383026
19890,19890,-0.5615462911175406
19891,19891,-0.49730023136836543
19892,19892,-0.8029278619105771
19893,19893,-0.6537232758739311
19894,19894,-0.46148087275111394
19895,19895,-0.18162476528133853
19896,19896,-0.8108762360894435
19897,19897,-0.7298477281135618
19898,19898,-0.8652052661019969
19899,19899,-0.3832050014238969
19900,19900,-0.7541528553443744
19901,19901,-0.40233444452254874
19902,19902,-0.9328631104200173
19903,19903,-0.8502505988946556
19904,19904,-0.3270372720858461
19905,19905,-0.5381000702924243
19906,19906,-0.9244577896421209
19907,19907,-0.568422756853737
19908,19908,-0.8801240132369248
19909,19909,-0.9115519651793296
19910,19910,-0.7332055611148647
19911,19911,-0.6397208793216169
19912,19912,-0.93549025974899
19913,19913,-0.9043192976379135
19914,19914,-0.4783406417075745
19915,19915,-0.93549025974899
19916,19916,-0.6711032924943741
19917,19917,-0.93549025974899
19918,19918,-0.7519753290739359
19919,19919,-0.5045885340799647
19920,19920,-0.6627730806756418
19921,19921,-0.5769654940849467
19922,19922,-0.7905849690856712
19923,19923,-0.3661023663645384
19924,19924,-0.93549025974899
19925,19925,-0.5506137257297099
19926,19926,-0.93549025974899
19927,19927,-0.8479099624825217
19928,19928,-0.93549025974899
19929,19929,-0.4593996636656801
19930,19930,-0.751154752203611
19931,19931,-0.593769830554054
19932,19932,-0.6201883716314605
19933,19933,-0.93549025974899
19934,19934,-0.6293946527961971
19935,19935,-0.624696749465139
19936,19936,-0.614442467160119
19937,19937,-0.5832248569109262
19938,19938,-0.5413758738430818
19939,19939,-0.9002164921506228
19940,19940,-0.4903176464051989
19941,19941,-0.8246190071012691
19942,19942,-0.7687796181689013
19943,19943,-0.646193227851926
19944,19944,-0.6833037093200094
19945,19945,-0.7324375249809894
19946,19946,-0.3869291323493105
19947,19947,-0.7176582664423634
19948,19948,-0.75477863260787
19949,19949,-0.5377950000854033
19950,19950,-0.2756492744117516
19951,19951,-0.933839654077822
19952,19952,-0.7471325121655106
19953,19953,-0.796560327679062
19954,19954,-0.93549025974899
19955,19955,-0.6189324908156095
19956,19956,-0.8973282196068642
19957,19957,-0.722239402896367
19958,19958,-0.5880046043904077
19959,19959,-0.6877785257981106
19960,19960,-0.7185626045891844
19961,19961,-0.6818811044933071
19962,19962,-0.6138641008374641
19963,19963,-0.8008462026005283
19964,19964,-0.93549025974899
19965,19965,-0.3567438212173446
19966,19966,-0.6873590150993625
19967,19967,-0.7724623241700659
19968,19968,-0.34293529586937055
19969,19969,-0.6224365574699409
19970,19970,-0.93549025974899
19971,19971,-0.6607403632691433
19972,19972,-0.6424113624894847
19973,19973,-0.7599782203309644
19974,19974,-0.5065443960240401
19975,19975,-0.8478031433007871
19976,19976,-0.43923703740838427
19977,19977,-0.9221509140716719
19978,19978,-0.93549025974899
19979,19979,-0.49219972978209015
19980,19980,-0.93549025974899
19981,19981,-0.6209983337478651
19982,19982,-0.7386187589485793
19983,19983,-0.5562679987236976
19984,19984,-0.93549025974899
19985,19985,-0.93549025974899
19986,19986,-0.7474425838278353
19987,19987,-0.6982574107070949
19988,19988,-0.615832875882564
19989,19989,-0.6171424167914967
19990,19990,-0.8839411742022012
19991,19991,-0.8376004659517164
19992,19992,-0.6801824763734547
19993,19993,-0.5281652608539478
19994,19994,-0.8440399123169939
19995,19995,-0.5105174638431009
19996,19996,-0.5964547146179715
19997,19997,-0.6278258588664318
19998,19998,-0.6432317868095687
19999,19999,-0.7875501564650769
