episode,reward
0,-0.5426393273152321
1,-1.0321001543981314
2,-0.4763567045895415
3,-0.2377524487998639
4,-0.7143350431356001
5,-1.8613182652515263
6,-3.2238050198017447
7,-0.73901141582283
8,-1.9393405880378012
9,-1.681263895229904
10,-0.6870128980211962
11,-1.16238819427973
12,-0.9214124160258894
13,-0.93549025974899
14,-0.6497995547083413
15,-0.6006857710147973
16,-0.93549025974899
17,-0.7670043612132691
18,-0.8278849816297384
19,-0.645766268598992
20,-0.734733041249557
21,-0.13437441683009713
22,-2.9538686180923435
23,-0.19394910646046004
24,-1.6749328727224864
25,-1.9995669910583391
26,-0.4802540144925751
27,-0.93549025974899
28,-0.8887160485191039
29,-1.6559640364745576
30,-1.7252159014573056
31,-1.50777893660994
32,-2.9452102715424644
33,-0.93549025974899
34,-0.6843887013334324
35,-3.4428329542336087
36,-0.93549025974899
37,-0.7910066064874322
38,-0.937851554827434
39,-0.44173478080612094
40,-0.8333834675630332
41,-0.6434548176267985
42,-0.93549025974899
43,-2.9234337939863053
44,-0.401972060259121
45,-0.93549025974899
46,-2.5669777042895703
47,-1.5695639843429507
48,-0.6392409616947425
49,-0.93549025974899
50,-0.93549025974899
51,-0.93549025974899
52,-1.2251294478494401
53,-0.93549025974899
54,-0.93549025974899
55,-0.8479310926732887
56,-0.44012584860603754
57,-0.9900758430468386
58,-0.93549025974899
59,-0.93549025974899
60,-0.93549025974899
61,-0.933621930359557
62,-0.93549025974899
63,-1.5600246126007633
64,-0.4657764981827027
65,-1.2396424613554746
66,-0.93549025974899
67,-0.49064273762179456
68,-0.5298304357371411
69,-0.47506297064535064
70,-0.3161452667814335
71,-1.6008051833888715
72,-1.8190328539022858
73,-0.5866816782534063
74,-0.93549025974899
75,-0.24724068301270663
76,-0.93549025974899
77,-0.782876245431483
78,-0.5300854870453464
79,-0.3707102051357981
80,-0.7208538624846206
81,-0.8265428358277962
82,-0.8012764410076052
83,-0.5777362817372058
84,-0.5634596818085846
85,-0.93549025974899
86,-1.045471147908268
87,-1.7834555709863142
88,-1.6496837130311182
89,-28.008620626176786
90,-0.9006581641427704
91,-1.097339699375505
92,-0.5354693704762106
93,-0.93549025974899
94,-1.5952412690520408
95,-0.93549025974899
96,-0.6493552821417059
97,-28.007541408700384
98,-0.838338958158829
99,-1.5665892752902995
100,-2.814531086935517
101,-0.6241460738370996
102,-0.5571532793727187
103,-0.93549025974899
104,-2.253451470624107
105,-0.6325044923492218
106,-1.3277759016203916
107,-0.93549025974899
108,-0.93549025974899
109,-0.5615877179276385
110,-0.93549025974899
111,-1.8618276108600913
112,-0.93549025974899
113,-0.93549025974899
114,-0.76810340294079
115,-0.3237479382816516
116,-0.93549025974899
117,-0.8496511887400686
118,-0.48129780688340074
119,-0.93549025974899
120,-0.4438535195297959
121,-0.9161648622081486
122,-0.9961098383092466
123,-0.93549025974899
124,-0.7124120962072062
125,-0.3995706459226689
126,-0.93549025974899
127,-0.93549025974899
128,-0.7573588483854827
129,-2.9968178258070566
130,-0.93549025974899
131,-0.46996822009881734
132,-0.93549025974899
133,-0.93549025974899
134,-0.7425153984055317
135,-0.9749042419834453
136,-0.47639096240998136
137,-0.7716465843337676
138,-1.561549558657731
139,-0.93549025974899
140,-0.93549025974899
141,-0.47271479793742843
142,-0.93549025974899
143,-0.93549025974899
144,-3.0407384587525996
145,-0.93549025974899
146,-0.93549025974899
147,-0.93549025974899
148,-0.93549025974899
149,-0.93549025974899
150,-2.774301326981572
151,-0.7044313370905293
152,-0.6001662947936168
153,-0.48930220585988105
154,-0.93549025974899
155,-0.83305509883313
156,-0.93549025974899
157,-0.93549025974899
158,-0.5940108422192059
159,-0.93549025974899
160,-0.4781445725307282
161,-0.5411253252384776
162,-0.7899314660062124
163,-0.93549025974899
164,-0.5636143017676876
165,-0.93549025974899
166,-0.93549025974899
167,-1.6342525397461998
168,-0.93549025974899
169,-0.32017348857610495
170,-0.93549025974899
171,-0.93549025974899
172,-0.93549025974899
173,-2.211028600880354
174,-0.93549025974899
175,-0.7671340483626512
176,-0.354546184442584
177,-0.6114523295730533
178,-0.93549025974899
179,-0.93549025974899
180,-0.5872127400517559
181,-0.24801312626235017
182,-0.93549025974899
183,-0.1616115771478399
184,-0.93549025974899
185,-0.93549025974899
186,-0.93549025974899
187,-0.5335919816516221
188,-0.7443089960021609
189,-0.7144165872817556
190,-0.6305164120353801
191,-0.93549025974899
192,-0.7096169069843388
193,-0.47263633951221184
194,-1.627204730001047
195,-0.793651279124548
196,-0.9524305150925514
197,-0.004451748350355368
198,-0.93549025974899
199,-0.7166915698275833
200,-0.93549025974899
201,-0.93549025974899
202,-0.93549025974899
203,-0.93549025974899
204,-0.7575413264073383
205,-0.93549025974899
206,-0.5195483669796119
207,-0.5894079696788257
208,-3.3163785702874975
209,-0.1675894186357696
210,-0.93549025974899
211,-0.03785839930932877
212,-0.46576097504371555
213,-0.93549025974899
214,-0.524341419805268
215,-0.5581087674753857
216,-0.9049579530705003
217,-0.9112888994501578
218,-0.9308150527639203
219,-0.5872123287211028
220,-0.93549025974899
221,-0.93549025974899
222,-0.6352088689874407
223,-0.46581852160817555
224,-0.5889741114661167
225,-0.40225454482513534
226,-0.32447275903716966
227,-0.20083346750827394
228,-0.93549025974899
229,-0.4149496270139955
230,-1.5290711561805281
231,-0.93549025974899
232,-0.5693704954965697
233,-0.029353833846513938
234,-0.8557773767680921
235,-0.509942669737486
236,-0.3449070123331244
237,-0.2183664521345503
238,-0.49245707796286675
239,-0.93549025974899
240,-0.6609363248888442
241,-0.4803124566503105
242,-0.93549025974899
243,-0.93549025974899
244,-0.93549025974899
245,-0.6858529876549557
246,-0.12207413878892703
247,-0.93549025974899
248,-0.93549025974899
249,-0.8139941181312498
250,-0.93549025974899
251,-0.45915622623437047
252,-0.93549025974899
253,-1.362819521743127
254,-0.47019101595703683
255,-0.6069351958107791
256,-0.47030971520671505
257,-0.48404900780574467
258,-0.93549025974899
259,-0.7651055931786122
260,-0.93549025974899
261,-1.003242019731454
262,-0.93549025974899
263,-0.5561160541684451
264,-0.93549025974899
265,-0.7334630066024648
266,-0.500216487462967
267,-0.93549025974899
268,-1.825014168879676
269,-0.6006523286024379
270,-0.93549025974899
271,-0.93549025974899
272,-0.4875642169896346
273,-0.93549025974899
274,-1.6794844638751059
275,-0.93549025974899
276,-0.93549025974899
277,-0.8496548145065166
278,-2.6250853671461125
279,-1.2978692278447
280,-0.93549025974899
281,-0.957204071678639
282,-1.035692041067847
283,-0.5700240480901066
284,-1.1958719710506047
285,-1.096921337922696
286,-0.46991639761972753
287,-0.5140663156510183
288,-1.1254144563955553
289,-0.8882722722311929
290,-0.4745697937019733
291,-2.6689646705498546
292,-0.49446216546067057
293,-0.93549025974899
294,-2.6410522414275377
295,-0.7315386267246606
296,-1.9783987354908916
297,-0.93549025974899
298,-0.8105982688266384
299,-2.6358176972486262
300,-0.07036425073483388
301,-0.9036934629832061
302,-0.6709462704929496
303,-0.7444772351107184
304,-0.47876502581504
305,-1.2606633786841588
306,-2.693355393605202
307,-0.5541545902083382
308,-0.5828552972526388
309,-0.09414969011423902
310,-0.93549025974899
311,-0.5357848575495372
312,-0.32874079130366285
313,-2.9060345158014798
314,-0.93549025974899
315,-0.9066360857518863
316,-0.93549025974899
317,-0.4760572710350055
318,-2.0046501676353046
319,-1.3018023794917966
320,-0.4994064060011727
321,-1.1621038405793573
322,-0.43107173937743326
323,-0.47003036448608415
324,-0.93549025974899
325,-1.0816752492341095
326,-0.5103480909166032
327,-0.7425218732139118
328,-0.93549025974899
329,-0.6810000966278285
330,-0.48076770211275743
331,-0.5221198763183321
332,-0.4704589297785134
333,-1.8427136988231112
334,-0.527801936499289
335,-0.06259190472319942
336,-0.93549025974899
337,-0.93549025974899
338,-0.4695252738508079
339,-0.5787497931695289
340,-0.7053488070518271
341,-0.93549025974899
342,-0.5454415787908147
343,-0.22438284266243613
344,-0.93549025974899
345,-1.0263706800999515
346,-0.93549025974899
347,-0.46582760129617384
348,-0.48491470462358643
349,-1.8197181417516006
350,-0.8555299365984368
351,-1.5828631405070226
352,-0.7920892050186854
353,-0.93549025974899
354,-0.93549025974899
355,-0.93549025974899
356,-0.4753126663264111
357,-0.93549025974899
358,-0.4162139211885876
359,-0.4262671326953975
360,-0.93549025974899
361,-0.93549025974899
362,-0.93549025974899
363,-0.42318495234613196
364,-0.5412361218440211
365,-0.5067480432867026
366,-0.4672695578592312
367,-0.93549025974899
368,-1.4003241534684605
369,-0.39980894647033693
370,-0.6239984846080837
371,-0.09195131362086217
372,-0.93549025974899
373,-0.325079052313372
374,-1.41242272757105
375,-0.5329951029807689
376,-0.5442727058107444
377,-2.6151261166357074
378,-0.3234155229174118
379,-0.93549025974899
380,-0.46575497848646363
381,-0.4818901430156767
382,-0.11155413802985795
383,-0.45686638781550937
384,-0.93549025974899
385,-0.664822605132688
386,-0.9736557689488521
387,-0.650655844793393
388,-2.107810277530575
389,-0.4831387420091221
390,-0.4791468791833484
391,-0.7476438939275898
392,-0.5599706921858605
393,-0.93549025974899
394,-0.5463057355649497
395,-0.9618667776631913
396,-0.93549025974899
397,-0.93549025974899
398,-0.928227572855862
399,-0.47506348443684054
400,-0.4961269168435686
401,-0.93549025974899
402,-0.638756379803711
403,-0.4989420963369221
404,-0.6399732808370118
405,-0.6689758608460128
406,-0.5261249955087366
407,-0.93549025974899
408,-0.8351019975252374
409,-0.93549025974899
410,-0.93549025974899
411,-0.369968833857536
412,-0.93549025974899
413,-1.935549896093569
414,-0.7449110360743738
415,-0.93549025974899
416,-0.4210426963977767
417,-0.93549025974899
418,-0.4677074604748994
419,-1.7757728963899808
420,-0.93549025974899
421,-0.23005962035287064
422,-0.93549025974899
423,-0.93549025974899
424,-0.93549025974899
425,-1.0790198952015615
426,-0.5153959475922854
427,-0.7928287467938535
428,-0.4815855538451538
429,-0.7181785741831437
430,-0.93549025974899
431,-0.7205011482011106
432,-0.8842323564687025
433,-0.5508809634683534
434,-0.4984305938663778
435,-0.1699472212932278
436,-0.6004373500618048
437,-0.93549025974899
438,-0.504500801377036
439,-0.93549025974899
440,-0.5803362291712819
441,-1.5954792878552837
442,-1.1761720234014277
443,-1.9310556226959719
444,-0.5332162196003236
445,-0.93549025974899
446,-0.491895941911202
447,-0.6629999610858306
448,-0.93549025974899
449,-0.5700236533554239
450,-0.9297237585962037
451,-0.59132372019651
452,-0.93549025974899
453,-0.7582184839435246
454,-0.4970194768517615
455,-0.5363935121995689
456,-1.8065681686061978
457,-0.7262354185707025
458,-0.09188236082291212
459,-0.93549025974899
460,-0.93549025974899
461,-0.93549025974899
462,-0.46612287525767504
463,-0.9211097897811271
464,-0.5300205679564218
465,-0.5730934694704501
466,-0.93549025974899
467,-0.93549025974899
468,-0.93549025974899
469,-1.3511024818326476
470,-0.93549025974899
471,-0.93549025974899
472,-3.191840482957474
473,-0.5255010475028943
474,-0.6432316463975258
475,-0.599821311940234
476,-0.93549025974899
477,-0.4798178130553038
478,-0.49772590158045205
479,-1.1441095354963693
480,-0.4956737046623215
481,-0.46778683498336815
482,-0.7674532192557173
483,-0.93549025974899
484,-0.41148948460399204
485,-0.5905848727646816
486,-0.4992148696520885
487,-0.5962682139059883
488,-0.5390669051442423
489,-0.6617505233005084
490,-0.93549025974899
491,-0.46612516445727614
492,-0.8619622737769763
493,-0.5561820090755027
494,-0.93549025974899
495,-0.5475765973871649
496,-0.74605566338073
497,-0.93549025974899
498,-0.4390193423397659
499,-0.93549025974899
500,-0.5874944463823244
501,-0.6389659614391352
502,-0.23243658302803116
503,-0.7669235291745125
504,-0.93549025974899
505,-0.5418123487936555
506,-0.93549025974899
507,-0.5758693784224125
508,-0.1108691818594707
509,-0.7207300633535603
510,-1.5808064431460669
511,-0.93549025974899
512,-1.3173509435256463
513,-1.0411200232395021
514,-0.93549025974899
515,-0.3522715243629939
516,-0.7057222592940438
517,-0.93549025974899
518,-0.8969246375401987
519,-0.09765110417341458
520,-0.93549025974899
521,-0.93549025974899
522,-0.6164779229728659
523,-0.93549025974899
524,-0.93549025974899
525,-0.93549025974899
526,-0.6204071675616456
527,-0.93549025974899
528,-0.47368119352886495
529,-0.35764133009795185
530,-0.93549025974899
531,-0.93549025974899
532,-0.5899967914406901
533,-2.010003407233512
534,-0.93549025974899
535,-0.93549025974899
536,-0.93549025974899
537,-0.8147135822891887
538,-0.1239968568967399
539,-0.7220263971345275
540,-0.93549025974899
541,-0.8363305060551287
542,-0.858180838003566
543,-1.7847874830630488
544,-0.7351048848425012
545,-0.93549025974899
546,-0.570424270679343
547,-0.9150017749680845
548,-0.93549025974899
549,-2.076667479676935
550,-0.44951328951293945
551,-0.7119019815810645
552,-2.765457811359056
553,-0.402199893255375
554,-0.93549025974899
555,-0.93549025974899
556,-0.93549025974899
557,-2.287114785895433
558,-0.93549025974899
559,-1.0272984140467543
560,-0.93549025974899
561,-0.8326285307126557
562,-0.93549025974899
563,-0.48278992945772226
564,-0.5342958333784528
565,-1.2168375622362522
566,-0.93549025974899
567,-0.49354234638646277
568,-0.93549025974899
569,-0.6974616259473425
570,-0.93549025974899
571,-0.4804120599571964
572,-0.471637587632178
573,-0.467674955178373
574,-0.40235523140452756
575,-0.5177038416690469
576,-0.30832095890915845
577,-0.93549025974899
578,-0.6954754667902865
579,-0.20597523128348538
580,-0.93549025974899
581,-0.4450068766850319
582,-0.9041216810066999
583,-0.3869026396626687
584,-0.5768241794989724
585,-0.48489870130350277
586,-0.93549025974899
587,-0.7912192359065173
588,-0.93549025974899
589,-0.93549025974899
590,-0.93549025974899
591,-1.2373354287350171
592,-0.6350223705430498
593,-0.4672753647753307
594,-0.93549025974899
595,-0.8404008090861783
596,-0.93549025974899
597,-0.5743504404147259
598,-0.93549025974899
599,-0.5755344164990874
600,-0.7177727215928975
601,-0.8621015174217295
602,-2.0779858957368518
603,-0.93549025974899
604,-0.93549025974899
605,-0.93549025974899
606,-0.5298841801438781
607,-0.7495072959231095
608,-0.47799507968675137
609,-0.47605456348761743
610,-0.93549025974899
611,-0.93549025974899
612,-0.6764059673743237
613,-0.6034305894355213
614,-1.8180433225822128
615,-0.93549025974899
616,-0.47014638027642547
617,-0.93549025974899
618,-0.93549025974899
619,-0.2793956210088262
620,-0.93549025974899
621,-0.18508211566365063
622,-0.93549025974899
623,-0.5074082954855061
624,-0.1932855888134806
625,-0.93549025974899
626,-1.1895843872376943
627,-0.5099565840692806
628,-2.191434573134252
629,-0.5121981479413873
630,-1.736421722540955
631,-0.93549025974899
632,-2.6762032155698776
633,-0.93549025974899
634,-0.5030904142867532
635,-0.93549025974899
636,-0.5912575725520713
637,-0.6607033637062276
638,-0.9243534313329338
639,-0.5500410323598968
640,-0.7369800614957889
641,-0.6760124251652577
642,-0.051268239937746214
643,-0.93549025974899
644,-0.705053702684296
645,-0.93549025974899
646,-0.4750257343215769
647,-0.47122557238353197
648,-0.93549025974899
649,-0.93549025974899
650,-0.93549025974899
651,-0.5723128020112611
652,-0.7320962758875744
653,-0.93549025974899
654,-0.7783625861225918
655,-0.93549025974899
656,-0.49311647635854605
657,-0.93549025974899
658,-0.5025825247943723
659,-0.47226224720862797
660,-0.6705016651820905
661,-0.5139378910276537
662,-0.46287869197054654
663,-0.5164859988936166
664,-0.4072996828500647
665,-0.40342946713079186
666,-0.93549025974899
667,-0.6726601072729412
668,-0.5435694246566545
669,-0.93549025974899
670,-0.5169934099260254
671,-0.47239513975984915
672,-1.9227735524040384
673,-0.11859823528300384
674,-0.93549025974899
675,-0.5183549444033844
676,-0.5646933283202475
677,-0.973558001636917
678,-0.7191847270386749
679,-1.7123966600021152
680,-0.4808712210615892
681,-0.8234193978225512
682,-0.93549025974899
683,-0.5966070648247523
684,-1.5139509738802648
685,-1.3120299132198454
686,-0.5276584865214495
687,-0.7695851591058744
688,-0.6503042096495903
689,-0.93549025974899
690,-0.93549025974899
691,-0.93549025974899
692,-0.7723086090641296
693,-0.93549025974899
694,-0.93549025974899
695,-2.1782137054758053
696,-0.93549025974899
697,-0.93549025974899
698,-0.06509477448927692
699,-0.1838380952436549
700,-0.46715494142164016
701,-0.47776482098407425
702,-0.93549025974899
703,-0.93549025974899
704,-0.939058808228106
705,-0.5449554485644104
706,-0.93549025974899
707,-0.93549025974899
708,-0.5663176440124449
709,-1.5662346419530024
710,-0.5626544070994033
711,-0.4675586241303663
712,-0.93549025974899
713,-0.4657895311154215
714,-0.93549025974899
715,-0.5924882075877669
716,-0.93549025974899
717,-0.10985722493609432
718,-0.93549025974899
719,-1.626156446802412
720,-0.04855862691698154
721,-1.2218788445257545
722,-0.6070693375475181
723,-0.93549025974899
724,-0.4735721371086634
725,-0.93549025974899
726,-0.8866765277463973
727,-17.269808635225285
728,-0.475832925057178
729,-0.93549025974899
730,-0.93549025974899
731,-0.93549025974899
732,-0.46624905782457354
733,-0.5736826796051653
734,-0.93549025974899
735,-0.93549025974899
736,-0.93549025974899
737,-0.47154626438129144
738,-0.93549025974899
739,-0.93549025974899
740,-0.93549025974899
741,-0.4734504773064967
742,-0.49087743054950483
743,-0.5817626890977423
744,-0.93549025974899
745,-0.38428955181177926
746,-0.5931511141713219
747,-0.49418320497272505
748,-0.26417764672973343
749,-0.527050574624873
750,-1.395630679795227
751,-3.009599781863841
752,-0.93549025974899
753,-0.517985480811447
754,-1.1590599842409732
755,-0.46586233887170175
756,-0.5448249183243328
757,-0.4667242660788758
758,-1.0464798419976162
759,-0.5972175750000197
760,-0.93549025974899
761,-0.11897929254658823
762,-0.5218909943113346
763,-0.696437843701796
764,-0.93549025974899
765,-1.5343940786387127
766,-0.93549025974899
767,-0.01914289995003063
768,-0.6316511992001281
769,-0.6349740922906904
770,-0.6803613838110394
771,-0.93549025974899
772,-0.4916449167453322
773,-0.5432881355437349
774,-0.7100252814708217
775,-0.93549025974899
776,-0.6272907782239603
777,-0.93549025974899
778,-0.93549025974899
779,-0.93549025974899
780,-0.93549025974899
781,-0.1330345785460845
782,-0.6027921475866092
783,-0.5403363033411499
784,-0.8574858157004162
785,-0.93549025974899
786,-0.4881566585244812
787,-0.17964844350753717
788,-0.4657238381539606
789,-0.5572665225611804
790,-0.5071542778364599
791,-0.24687497711859097
792,-0.93549025974899
793,-0.5305376724862882
794,-0.93549025974899
795,-0.6335161060826113
796,-0.93549025974899
797,-0.634433985995658
798,-0.6071016137404115
799,-0.5343310795168748
800,-0.6008664936235508
801,-1.337491289391096
802,-0.93549025974899
803,-0.692573981232373
804,-0.7636935317863394
805,-9.70465195395126
806,-0.93549025974899
807,-0.93549025974899
808,-0.025878087373214176
809,-0.6171268129629883
810,-1.877083970836475
811,-0.93549025974899
812,-1.0200105921377443
813,-0.5260510393092113
814,-0.5747237947326078
815,-0.5586806355977658
816,-0.7727221182743325
817,-0.19474544899158452
818,-0.5190931842592961
819,-0.542428573824683
820,-3.2668582466602913
821,-0.93549025974899
822,-0.7380264207187839
823,-0.4657672396910568
824,-0.734638142384485
825,-0.93549025974899
826,-0.6671664612573522
827,-0.93549025974899
828,-0.5978479082574495
829,-0.3648213356415888
830,-0.5062379373253538
831,-0.6534978981263251
832,-0.93549025974899
833,-1.3454069072808181
834,-0.6402975312597281
835,-0.93549025974899
836,-0.535372967242953
837,-0.93549025974899
838,-0.93549025974899
839,-0.93549025974899
840,-0.5127436757089172
841,-0.47136924738908004
842,-0.8320703413546817
843,-0.93549025974899
844,-0.93549025974899
845,-0.93549025974899
846,-0.5069292184349252
847,-0.5444830584364304
848,-0.93549025974899
849,-0.8933463192207274
850,-0.93549025974899
851,-0.93549025974899
852,-0.93549025974899
853,-0.4796445242343311
854,-0.4775564863731052
855,-0.4829910408176056
856,-0.93549025974899
857,-0.93549025974899
858,-0.7901899082032049
859,-0.4667623895110311
860,-0.4976168253630977
861,-0.93549025974899
862,-0.9034773236675608
863,-0.6803678344366376
864,-0.93549025974899
865,-0.46802975064443686
866,-0.47786994138882044
867,-0.93549025974899
868,-0.8721685088699874
869,-0.93549025974899
870,-2.5471213264938797
871,-0.4980419410105732
872,-0.5060043799506992
873,-0.43392605006337037
874,-0.5817632059540281
875,-3.0180065909102325
876,-0.93549025974899
877,-0.93549025974899
878,-0.93549025974899
879,-0.24231163448425308
880,-0.4657258106632735
881,-0.7100357954321659
882,-0.7392472722145715
883,-0.7497518000407144
884,-0.9119694122152922
885,-1.0104260493455968
886,-0.6422570354061623
887,-0.8868969592363829
888,-1.0349749849358094
889,-0.93549025974899
890,-0.93549025974899
891,-0.5662935497014545
892,-0.4659068398253465
893,-0.93549025974899
894,-0.10807046720247948
895,-0.4048994963398087
896,-0.7490296997795287
897,-0.93549025974899
898,-1.4022545785664136
899,-0.93549025974899
900,-0.4819541642400421
901,-0.93549025974899
902,-0.7927585855528338
903,-0.93549025974899
904,-0.5869198728073233
905,-0.6723349588428675
906,-0.93549025974899
907,-0.6859545935074642
908,-0.93549025974899
909,-0.4691298273773623
910,-0.407230760371009
911,-0.5509070630610058
912,-0.5459397896289264
913,-0.816605029399625
914,-0.4702827006550465
915,-0.06371204946980713
916,-0.93549025974899
917,-0.8070000781393549
918,-0.42701795904124573
919,-0.4925470296567358
920,-0.93549025974899
921,-0.93549025974899
922,-0.4675254330923404
923,-0.4598565894144202
924,-0.93549025974899
925,-0.5361550373305768
926,-0.7945326315048149
927,-0.93549025974899
928,-0.93549025974899
929,-0.845251813350604
930,-0.93549025974899
931,-0.93549025974899
932,-0.5160741562435085
933,-0.93549025974899
934,-0.39963985712879335
935,-0.93549025974899
936,-0.93549025974899
937,-0.11287146375738522
938,-2.2510576355383467
939,-0.93549025974899
940,-1.3780597903409273
941,-0.6077986425671273
942,-0.40896071672008283
943,-1.658211613704239
944,-0.93549025974899
945,-0.93549025974899
946,-0.8889841536644738
947,-0.4697712519530824
948,-0.93549025974899
949,-0.49836937087151867
950,-0.93549025974899
951,-0.93549025974899
952,-1.3772391063960825
953,-0.93549025974899
954,-2.5580588579931884
955,-0.93549025974899
956,-0.8866191893909434
957,-0.6957291527112552
958,-0.93549025974899
959,-0.6800389722965168
960,-0.93549025974899
961,-0.93549025974899
962,-0.7865910791753965
963,-0.48248791632095234
964,-0.5053071384628063
965,-0.5239083289910273
966,-0.4709068590937291
967,-0.757835043426434
968,-1.4917798223962109
969,-0.6294227038870179
970,-0.8575929786253056
971,-2.2816818461809873
972,-1.925413923524566
973,-0.93549025974899
974,-0.3035181757439318
975,-0.7645181864574813
976,-0.93549025974899
977,-0.4684525516478466
978,-0.5764492473886187
979,-0.7365953086146195
980,-0.5155745254701518
981,-0.93549025974899
982,-0.93549025974899
983,-0.8672202443297081
984,-0.93549025974899
985,-0.40272137645145634
986,-0.93549025974899
987,-1.337019191557971
988,-0.17549430797139245
989,-0.5520817714421722
990,-0.687503391018442
991,-0.4801203630680484
992,-0.6491108949928179
993,-0.93549025974899
994,-1.1577638977557925
995,-0.93549025974899
996,-0.93549025974899
997,-0.466061582793814
998,-0.6354950185478447
999,-0.34232435557293883
1000,-0.8818286372388862
1001,-0.5852919117686697
1002,-0.93549025974899
1003,-0.46837862221345894
1004,-0.373484495563027
1005,-1.2955839627633523
1006,-0.9872780250007591
1007,-0.9146245435366485
1008,-0.22804010080084902
1009,-0.48423022456056586
1010,-0.6651969268743049
1011,-1.3618576619257965
1012,-1.3645932878087663
1013,-0.4700432394595962
1014,-0.8236190611478449
1015,-0.7418790640044115
1016,-0.4780236562806426
1017,-1.222296468052214
1018,-0.93549025974899
1019,-0.8712036439545603
1020,-0.6343659919828486
1021,-0.48290142196962205
1022,-0.4388454170355591
1023,-0.2882979063627791
1024,-0.93549025974899
1025,-0.471130773943272
1026,-0.6149556755527659
1027,-0.93549025974899
1028,-0.93549025974899
1029,-0.5279915691682135
1030,-0.7775991361972618
1031,-0.5996405566596881
1032,-0.93549025974899
1033,-0.93549025974899
1034,-0.5426561146243785
1035,-0.4886491729139736
1036,-0.4657827043626942
1037,-0.4706445070103662
1038,-0.93549025974899
1039,-0.7900154167673126
1040,-0.93549025974899
1041,-0.93549025974899
1042,-0.93549025974899
1043,-0.4739514064091921
1044,-0.8743572558853181
1045,-2.4817079846945944
1046,-0.9644430393301153
1047,-0.5531717321697194
1048,-0.8480191957354073
1049,-1.3335958585933785
1050,-0.93549025974899
1051,-0.8114608682320821
1052,-0.93549025974899
1053,-0.37986771845899625
1054,-0.93549025974899
1055,-0.5359678233864091
1056,-0.93549025974899
1057,-0.93549025974899
1058,-0.93549025974899
1059,-0.591145298605591
1060,-0.9663865503480356
1061,-0.93549025974899
1062,-1.1966140918710337
1063,-0.93549025974899
1064,-0.47001971937316495
1065,-0.5144376626841325
1066,-0.93549025974899
1067,-1.0889559482071949
1068,-0.49223006826777216
1069,-0.46676521182937786
1070,-0.93549025974899
1071,-1.117038589221302
1072,-0.93549025974899
1073,-0.4901892041089201
1074,-0.5359947321913427
1075,-1.7025203282609969
1076,-0.93549025974899
1077,-0.7231921643863082
1078,-1.3866753011639776
1079,-0.93549025974899
1080,-0.48144438688464597
1081,-0.93549025974899
1082,-0.4867533103903914
1083,-0.4704762631508699
1084,-0.93549025974899
1085,-0.93549025974899
1086,-0.93549025974899
1087,-0.93549025974899
1088,-0.26447812816947824
1089,-0.93549025974899
1090,-0.93549025974899
1091,-0.93549025974899
1092,-0.9476212438845621
1093,-0.7543188410373496
1094,-0.93549025974899
1095,-1.038818651559751
1096,-0.93549025974899
1097,-0.6906605252520343
1098,-0.6670881940622966
1099,-0.6437730842075897
1100,-0.93549025974899
1101,-2.72103990848575
1102,-0.6832803057936019
1103,-0.631285620769086
1104,-0.4894610762319651
1105,-0.6501112557240507
1106,-0.93549025974899
1107,-0.6337436181117528
1108,-0.9150483000471059
1109,-0.93549025974899
1110,-0.7901833235314957
1111,-0.5035288188828435
1112,-1.1267510561177563
1113,-0.93549025974899
1114,-0.8944899304010825
1115,-0.5970840632771459
1116,-0.5708708235670912
1117,-0.5185870115871993
1118,-0.93549025974899
1119,-0.93549025974899
1120,-0.4509841320407637
1121,-0.5283284556004322
1122,-0.93549025974899
1123,-0.93549025974899
1124,-0.466907330672532
1125,-0.93549025974899
1126,-0.93549025974899
1127,-0.8934599905611424
1128,-0.7107274901601457
1129,-0.5650300295665787
1130,-0.93549025974899
1131,-0.93549025974899
1132,-0.52298035901015
1133,-0.973552918491082
1134,-0.93549025974899
1135,-0.4715742263770296
1136,-0.7963122104928875
1137,-0.05644054175327051
1138,-0.9327525800169187
1139,-0.93549025974899
1140,-0.3836442852111088
1141,-0.93549025974899
1142,-0.8183969216317752
1143,-0.9070477221184525
1144,-0.93549025974899
1145,-0.93549025974899
1146,-0.93549025974899
1147,-0.93549025974899
1148,-0.93549025974899
1149,-0.4880466760486205
1150,-0.8205943982114707
1151,-0.9839441434462515
1152,-1.9359134302866199
1153,-0.8484701564814863
1154,-1.215065786875297
1155,-0.5932701864183021
1156,-0.646811828550975
1157,-0.93549025974899
1158,-0.93549025974899
1159,-0.93549025974899
1160,-0.7338378363503075
1161,-0.6285257558205348
1162,-0.93549025974899
1163,-0.09845266600550895
1164,-0.9467045182488576
1165,-1.5006637706649215
1166,-0.93549025974899
1167,-0.93549025974899
1168,-0.4703913071748944
1169,-0.5037717714136769
1170,-0.4777733969516823
1171,-0.47193800865447355
1172,-0.7925985988928961
1173,-0.93549025974899
1174,-0.93549025974899
1175,-0.5533423408179363
1176,-0.4690307914508627
1177,-0.93549025974899
1178,-0.5494521409629916
1179,-0.3043956875457352
1180,-0.5020432762104363
1181,-0.93549025974899
1182,-0.7432570784183135
1183,-0.6314317989370757
1184,-0.93549025974899
1185,-0.93549025974899
1186,-0.5812724248252779
1187,-1.8389036527880762
1188,-0.053387528188670874
1189,-0.93549025974899
1190,-0.9907445646382147
1191,-0.93549025974899
1192,-0.93549025974899
1193,-0.93549025974899
1194,-2.2241263814059096
1195,-1.9372949746871857
1196,-0.48636757835263467
1197,-0.519857527180756
1198,-0.5309656122097586
1199,-0.48197294514770483
1200,-0.7073416051302619
1201,-0.5627075668407322
1202,-0.8989302156356533
1203,-0.8785541926568943
1204,-0.47942089392069953
1205,-0.4295100988532554
1206,-0.93549025974899
1207,-0.6496781674567149
1208,-0.93549025974899
1209,-0.93549025974899
1210,-0.5241872117757396
1211,-0.09434112063270605
1212,-0.93549025974899
1213,-0.9042153032439604
1214,-1.3563030158412221
1215,-2.10860390791305
1216,-0.93549025974899
1217,-0.93549025974899
1218,-0.93549025974899
1219,-0.93549025974899
1220,-0.7619676494811678
1221,-0.46776635260401234
1222,-0.5147341587707595
1223,-0.48776713882272216
1224,-0.93549025974899
1225,-0.93549025974899
1226,-0.48007666110120795
1227,-0.93549025974899
1228,-0.4911921193911245
1229,-0.6352469973698547
1230,-0.523940263701903
1231,-0.48934938301772
1232,-0.7080530845765907
1233,-0.2615680386619358
1234,-0.93549025974899
1235,-0.71182769905535
1236,-0.503798593709007
1237,-0.4716445118591168
1238,-0.5378775805825264
1239,-2.6552715064141523
1240,-0.054003410092865245
1241,-1.1486236097934555
1242,-0.93549025974899
1243,-0.47658076814790684
1244,-0.4755220974294333
1245,-0.36652812199485796
1246,-0.93549025974899
1247,-0.4699890190826674
1248,-0.49684066606908894
1249,-2.3316959305311755
1250,-0.013994933841179336
1251,-0.93549025974899
1252,-0.8794361533407784
1253,-0.6952000887003535
1254,-0.4718667006125663
1255,-0.6869284740672654
1256,-0.6979287712900959
1257,-0.93549025974899
1258,-0.93549025974899
1259,-0.5630543006860425
1260,-0.015443502010270227
1261,-1.8376384953139961
1262,-0.5112358527523075
1263,-0.93549025974899
1264,-1.3107273395009091
1265,-0.21096797419588897
1266,-0.7097235100975627
1267,-0.45602511955391656
1268,-0.93549025974899
1269,-0.9762529985338517
1270,-0.93549025974899
1271,-0.7894391162234804
1272,-0.7206863973356281
1273,-0.4819921725473777
1274,-0.7797856106622749
1275,-0.2593475943233017
1276,-0.5215511073628698
1277,-0.6363121268266472
1278,-0.17058447853249625
1279,-0.899204676487102
1280,-2.373488115704852
1281,-0.4758285647428845
1282,-0.93549025974899
1283,-0.93549025974899
1284,-0.93549025974899
1285,-0.93549025974899
1286,-0.41478821885791683
1287,-0.4344027137599511
1288,-0.93549025974899
1289,-0.48559448253833015
1290,-0.764063453519217
1291,-0.93549025974899
1292,-0.93549025974899
1293,-0.9029892790749603
1294,-0.13941638805189926
1295,-0.4699176447644184
1296,-0.7632160879148717
1297,-0.93549025974899
1298,-0.5892675408328079
1299,-0.93549025974899
1300,-0.09673048669394735
1301,-0.5314207114634208
1302,-0.6558624736247687
1303,-0.93549025974899
1304,-0.5141790659447101
1305,-0.93549025974899
1306,-0.93549025974899
1307,-0.05967588588702821
1308,-0.6572872054808343
1309,-0.46756898034185224
1310,-0.93549025974899
1311,-0.34683555289228174
1312,-0.93549025974899
1313,-0.6076153672593136
1314,-0.037632559516478925
1315,-0.6389685928263766
1316,-0.93549025974899
1317,-0.49385060957954785
1318,-0.6051721748509227
1319,-0.7280528897235463
1320,-0.93549025974899
1321,-0.6715900466659708
1322,-0.05140919672316338
1323,-0.906491723543116
1324,-0.93549025974899
1325,-0.8824272997971185
1326,-0.48753054845172195
1327,-0.5776447536902243
1328,-0.93549025974899
1329,-0.6993692636739883
1330,-0.8879675522714479
1331,-2.114261403307701
1332,-1.9554354156540743
1333,-0.93549025974899
1334,-0.4532570319911162
1335,-0.93549025974899
1336,-1.426746280956337
1337,-0.30485603757934143
1338,-1.6597772818231218
1339,-0.8554703592501482
1340,-0.5113023703789352
1341,-0.93549025974899
1342,-0.5956689402455471
1343,-0.921353882645878
1344,-0.93549025974899
1345,-0.93549025974899
1346,-0.5847192804107983
1347,-0.648509308137557
1348,-0.6662716113067848
1349,-1.6273231699781263
1350,-0.7907556997277432
1351,-0.7719175357512142
1352,-0.46572393814770363
1353,-2.0704494907284996
1354,-0.6874188647566815
1355,-0.9141549013314592
1356,-0.8830208536843429
1357,-0.47575860507583034
1358,-0.5263596311694028
1359,-0.8867037093544674
1360,-0.93549025974899
1361,-0.93549025974899
1362,-0.4812671725986616
1363,-0.6683447494260353
1364,-0.93549025974899
1365,-0.93549025974899
1366,-1.0250375840156725
1367,-0.5448046378323603
1368,-0.93549025974899
1369,-0.9491670752530723
1370,-0.41429152887772824
1371,-0.93549025974899
1372,-0.47117558426529316
1373,-0.004142942054060239
1374,-0.9230139280935763
1375,-0.93549025974899
1376,-0.93549025974899
1377,-0.4080687641838132
1378,-0.93549025974899
1379,-0.382264403618807
1380,-0.5237634297358671
1381,-0.93549025974899
1382,-0.22366173396272526
1383,-0.4676791159395979
1384,-4.697072022941056
1385,-1.6494700152971564
1386,-0.6061787372843686
1387,-0.5683885391801913
1388,-0.93549025974899
1389,-1.950290916367635
1390,-0.93549025974899
1391,-1.8380943968109662
1392,-0.7890881462043531
1393,-0.93549025974899
1394,-0.7734126828322196
1395,-0.93549025974899
1396,-0.4107239940590901
1397,-0.93549025974899
1398,-0.09565407041592533
1399,-0.02687176892201948
1400,-0.5502817850522441
1401,-0.6812685813934696
1402,-0.93549025974899
1403,-0.93549025974899
1404,-0.7159852073106698
1405,-0.4698578600263554
1406,-0.93549025974899
1407,-0.93549025974899
1408,-0.7748975232488426
1409,-0.2602410069894465
1410,-0.93549025974899
1411,-0.4958593275432457
1412,-0.93549025974899
1413,-0.653969319730253
1414,-1.0982882933966067
1415,-0.93549025974899
1416,-0.93549025974899
1417,-0.5326980073762955
1418,-0.898307723193307
1419,-0.93549025974899
1420,-0.5724982349541823
1421,-0.6751418735843817
1422,-0.5726560515774826
1423,-0.93549025974899
1424,-0.93549025974899
1425,-1.6304517450573375
1426,-1.1852596251721526
1427,-0.93549025974899
1428,-0.93549025974899
1429,-2.7826336506901725
1430,-0.8882969752755869
1431,-1.1832981378419802
1432,-4.78037617207222
1433,-0.8621322455904057
1434,-0.93549025974899
1435,-0.93549025974899
1436,-0.47375277243341785
1437,-0.7148197966507954
1438,-0.9471048066375864
1439,-0.7214873338378869
1440,-0.9030082843717313
1441,-0.8418920551150677
1442,-0.537501033691806
1443,-0.93549025974899
1444,-0.7436195817195728
1445,-0.6779246234783649
1446,-0.6503881585809186
1447,-0.8668521178702271
1448,-0.93549025974899
1449,-1.2307690188137315
1450,-0.93549025974899
1451,-0.93549025974899
1452,-0.6631963606796507
1453,-0.4622005317426332
1454,-0.93549025974899
1455,-0.5617191883560739
1456,-0.5605329227149447
1457,-0.93549025974899
1458,-0.32310405424934574
1459,-0.45422686227762377
1460,-0.93549025974899
1461,-0.20444007047334134
1462,-0.9726672801026783
1463,-0.6572804526227305
1464,-2.183052850978356
1465,-0.5796633597890453
1466,-0.5011269484124092
1467,-0.7541603702839783
1468,-0.93549025974899
1469,-0.93549025974899
1470,-1.070022968374019
1471,-0.93549025974899
1472,-0.5285633345613068
1473,-1.1431149251371906
1474,-0.37495929393719135
1475,-0.691855997949574
1476,-0.93549025974899
1477,-0.49980274988500917
1478,-0.93549025974899
1479,-0.5756472019936059
1480,-0.93549025974899
1481,-0.93549025974899
1482,-0.3022352113819413
1483,-0.43610953529362684
1484,-0.7118692158812969
1485,-0.719652137764772
1486,-0.47404406670549726
1487,-0.6134843726586912
1488,-0.6540768438727174
1489,-0.5098476507644722
1490,-0.93549025974899
1491,-0.5644343399500329
1492,-0.93549025974899
1493,-0.5177562888800691
1494,-0.93549025974899
1495,-0.93549025974899
1496,-0.93549025974899
1497,-0.4799768605956367
1498,-0.9073384307654635
1499,-0.93549025974899
1500,-0.93549025974899
1501,-0.93549025974899
1502,-0.8712444654097471
1503,-0.93549025974899
1504,-0.93549025974899
1505,-0.4722547483243762
1506,-0.93549025974899
1507,-0.46613538312973685
1508,-0.4726953033918867
1509,-0.8499547266251035
1510,-0.6207190997945577
1511,-0.6466242761361016
1512,-0.470153255774008
1513,-0.93549025974899
1514,-0.93549025974899
1515,-0.93549025974899
1516,-0.93549025974899
1517,-0.5543970876872462
1518,-0.93549025974899
1519,-0.16527780679885495
1520,-0.5314297166162096
1521,-0.4432148308878152
1522,-0.4942172819754794
1523,-0.9033215124673077
1524,-0.5495373307689029
1525,-0.93549025974899
1526,-0.93549025974899
1527,-1.433797421173404
1528,-0.93549025974899
1529,-0.93549025974899
1530,-0.8689082293179275
1531,-0.93549025974899
1532,-2.425708118733958
1533,-0.46991275974609437
1534,-0.8584852389078677
1535,-1.0773488366222725
1536,-1.2047939301415411
1537,-0.7617569160287765
1538,-0.93549025974899
1539,-0.6192828027336716
1540,-0.93549025974899
1541,-0.45528898286024166
1542,-1.4864079256142984
1543,-0.7147516049170299
1544,-0.5930292081236761
1545,-0.537043121540087
1546,-1.1098845334420275
1547,-0.3154597124922405
1548,-0.93549025974899
1549,-0.8819523058761263
1550,-1.6228031769635436
1551,-0.93549025974899
1552,-0.8803186985132072
1553,-1.4437996383869223
1554,-0.30602091224174366
1555,-0.578556701006232
1556,-0.93549025974899
1557,-0.9970463644572831
1558,-0.93549025974899
1559,-0.93549025974899
1560,-0.93549025974899
1561,-0.2184559397147834
1562,-0.93549025974899
1563,-0.4863872189159868
1564,-0.6663548253543539
1565,-2.29877083200941
1566,-0.4657390252465355
1567,-0.93549025974899
1568,-0.5433809760880792
1569,-0.4868007799737867
1570,-0.46594720337647955
1571,-0.4957972240726579
1572,-0.93549025974899
1573,-1.8580338850848523
1574,-0.47509402681871693
1575,-0.05787096417246751
1576,-0.93549025974899
1577,-0.48284858596487734
1578,-0.93549025974899
1579,-0.93549025974899
1580,-0.927796437127741
1581,-0.5060878413609449
1582,-0.5108030329304256
1583,-0.310655045784181
1584,-0.20329313105478386
1585,-0.93549025974899
1586,-0.8315838947383103
1587,-1.0791668240136278
1588,-0.4839193698927713
1589,-0.6489574303369433
1590,-0.93549025974899
1591,-0.851854601983252
1592,-0.93549025974899
1593,-0.9362463695735759
1594,-0.04198636434184502
1595,-0.47686555753434245
1596,-0.93549025974899
1597,-0.93549025974899
1598,-0.93549025974899
1599,-0.93549025974899
1600,-0.7762709814413373
1601,-0.3108788238546589
1602,-0.5404326330707256
1603,-0.5023063617194783
1604,-0.5189216899463034
1605,-0.93549025974899
1606,-0.49210859236234095
1607,-0.93549025974899
1608,-0.8661063709889891
1609,-0.032968128303051736
1610,-0.93549025974899
1611,-0.5951730049124127
1612,-0.8746836981075479
1613,-0.4913306198488301
1614,-0.7040143669784928
1615,-0.6042003030692236
1616,-0.93549025974899
1617,-0.93549025974899
1618,-0.304712449275947
1619,-1.0049230684217836
1620,-0.6472548060734926
1621,-0.5128027514222624
1622,-0.5724400187867702
1623,-0.6257496467943202
1624,-0.93549025974899
1625,-1.8468584169995736
1626,-0.48224102974609373
1627,-0.93549025974899
1628,-0.8374767098825409
1629,-0.93549025974899
1630,-0.93549025974899
1631,-0.528646358625906
1632,-0.93549025974899
1633,-0.93549025974899
1634,-0.5333532024202903
1635,-0.6260943584936065
1636,-0.93549025974899
1637,-0.6353049526937014
1638,-0.5776885809437093
1639,-0.30103537297219596
1640,-0.4928246415345773
1641,-0.9908146299831433
1642,-0.8346855065404046
1643,-0.9402768127421268
1644,-0.6210838704096844
1645,-0.8811664002180244
1646,-0.5207681663265369
1647,-0.887828439959117
1648,-0.5998424096603276
1649,-0.93549025974899
1650,-0.93549025974899
1651,-0.971937495184898
1652,-0.4750099462032972
1653,-0.93549025974899
1654,-0.7850354183534467
1655,-0.93549025974899
1656,-0.6103821457810739
1657,-0.5370592364687554
1658,-0.93549025974899
1659,-1.6856333324525679
1660,-0.93549025974899
1661,-0.93549025974899
1662,-0.6511008143297534
1663,-0.09341927642547099
1664,-0.93549025974899
1665,-0.93549025974899
1666,-0.93549025974899
1667,-0.93549025974899
1668,-0.9527295215644802
1669,-0.509321034493134
1670,-0.4773275444444849
1671,-0.7430688685572253
1672,-0.93549025974899
1673,-0.495122890180717
1674,-0.40774507945604954
1675,-0.6166526200678835
1676,-0.42395876158619794
1677,-0.93549025974899
1678,-0.9966072550254523
1679,-0.93549025974899
1680,-0.4711823238708406
1681,-0.4919668377716562
1682,-0.592692040350089
1683,-0.93549025974899
1684,-0.93549025974899
1685,-0.46632830350042664
1686,-2.2528609344264225
1687,-0.93549025974899
1688,-0.5053019098731082
1689,-0.47998548845820477
1690,-0.93549025974899
1691,-0.6968533013051559
1692,-0.48401105185802085
1693,-0.93549025974899
1694,-0.2168359710299993
1695,-0.93549025974899
1696,-0.93549025974899
1697,-0.93549025974899
1698,-0.6821950467822013
1699,-0.8963269303547072
1700,-0.4206493964542961
1701,-0.93549025974899
1702,-0.93549025974899
1703,-2.6592694933170833
1704,-2.226436263818421
1705,-2.577095489579847
1706,-0.487994542308245
1707,-1.1360447625519616
1708,-0.5999443351316689
1709,-0.93549025974899
1710,-0.4307756222741155
1711,-0.5038824305173932
1712,-0.93549025974899
1713,-1.129602921588916
1714,-0.5637434009253419
1715,-0.6566499850925888
1716,-0.93549025974899
1717,-0.93549025974899
1718,-0.6509462470772931
1719,-1.3147794448605854
1720,-0.16380339636272723
1721,-0.4723505441585558
1722,-0.494624678458468
1723,-0.93549025974899
1724,-0.93549025974899
1725,-0.8864544043202489
1726,-0.93549025974899
1727,-0.93549025974899
1728,-0.008512844187472323
1729,-0.11813985245850811
1730,-0.4715708224837738
1731,-0.93549025974899
1732,-0.6704830452976296
1733,-0.2253978504411518
1734,-0.93549025974899
1735,-0.4659172640699174
1736,-0.7585464318110446
1737,-0.5181354653128682
1738,-0.93549025974899
1739,-0.8056366123124281
1740,-0.47437291291955885
1741,-0.3328659635069335
1742,-0.736500364377779
1743,-0.93549025974899
1744,-0.93549025974899
1745,-0.93549025974899
1746,-0.93549025974899
1747,-2.2941907000026234
1748,-0.4610530575780941
1749,-0.93549025974899
1750,-0.9539785050746055
1751,-1.2305740191478662
1752,-0.6602738824723708
1753,-0.93549025974899
1754,-0.5660899829973105
1755,-1.290020509362039
1756,-0.93549025974899
1757,-0.150811978322966
1758,-0.93549025974899
1759,-0.4860403358275073
1760,-0.901257311164807
1761,-0.93549025974899
1762,-0.7706086547742235
1763,-0.93549025974899
1764,-0.47315962123359845
1765,-0.6056573198184658
1766,-0.6583574542521156
1767,-1.8114711936255947
1768,-0.5244426035942276
1769,-0.12639299487739386
1770,-0.93549025974899
1771,-0.30097620367630107
1772,-0.93549025974899
1773,-0.6972806192187875
1774,-0.4455137998652123
1775,-0.93549025974899
1776,-0.93549025974899
1777,-0.6661721070906879
1778,-0.47141772543879057
1779,-0.47329943986006384
1780,-0.93549025974899
1781,-1.3715556239905826
1782,-0.93549025974899
1783,-2.6226987451210846
1784,-1.6412714840880316
1785,-0.674843857638189
1786,-0.7826058117010071
1787,-0.507714480502854
1788,-0.93549025974899
1789,-0.5333768102946568
1790,-0.47532149589542716
1791,-1.644215097887093
1792,-1.7068284877043016
1793,-0.5550186392830803
1794,-0.24982105104639674
1795,-0.93549025974899
1796,-0.93549025974899
1797,-0.6254414839923551
1798,-0.93549025974899
1799,-0.5157863104039007
1800,-0.93549025974899
1801,-0.7568035706535916
1802,-0.7671066987165354
1803,-0.47219259274421443
1804,-1.1888579720027455
1805,-0.2637389715195244
1806,-1.6674739995682675
1807,-0.7198649209484813
1808,-0.93549025974899
1809,-0.5508556151636412
1810,-0.93549025974899
1811,-0.7208890305419136
1812,-0.93549025974899
1813,-0.93549025974899
1814,-0.44255038739174246
1815,-0.93549025974899
1816,-0.7227101387389556
1817,-0.8270046217993752
1818,-0.6562333402999787
1819,-0.93549025974899
1820,-0.579983384401658
1821,-0.93549025974899
1822,-0.93549025974899
1823,-0.5309445316183425
1824,-1.0881787996750134
1825,-0.4526318892922987
1826,-0.93549025974899
1827,-0.49693107053643715
1828,-0.8006003087557225
1829,-0.93549025974899
1830,-0.5568433772529624
1831,-1.2103939932629704
1832,-0.5427048105298895
1833,-0.687338560710673
1834,-0.93549025974899
1835,-0.4616905316470743
1836,-0.9323073268696138
1837,-0.7460598135654841
1838,-0.5254714768369162
1839,-0.7607648217149663
1840,-1.5908561633306864
1841,-0.93549025974899
1842,-0.6994437615857092
1843,-0.8477663570162441
1844,-0.5082142022995968
1845,-0.93549025974899
1846,-0.4759399186339355
1847,-0.5184105031718667
1848,-0.46955613741674285
1849,-0.5633215551441606
1850,-0.6125310242893995
1851,-0.906585466354807
1852,-0.93549025974899
1853,-0.93549025974899
1854,-0.5830400579742023
1855,-0.93549025974899
1856,-0.93549025974899
1857,-0.36207919238803754
1858,-0.7400081863671915
1859,-0.639886901081228
1860,-0.93549025974899
1861,-0.10194062203425969
1862,-0.47309837663017307
1863,-0.93549025974899
1864,-0.49908192155294273
1865,-0.3553277455334314
1866,-0.5481082711167446
1867,-0.3647912299337137
1868,-0.2893865736148784
1869,-0.25551036318683273
1870,-0.93549025974899
1871,-0.5727560834444478
1872,-0.7488892339843236
1873,-0.93549025974899
1874,-0.7577434026945458
1875,-0.6486482266555971
1876,-0.39219590421545014
1877,-2.3647464865844157
1878,-0.4003047686034762
1879,-0.45552107885765203
1880,-2.266802690042141
1881,-0.93549025974899
1882,-0.93549025974899
1883,-0.7304735400324223
1884,-0.93549025974899
1885,-0.2176702122595001
1886,-0.6424076413264856
1887,-0.93549025974899
1888,-0.8691091328893208
1889,-0.6560307806147883
1890,-2.474485122102351
1891,-0.5873685517245253
1892,-0.93549025974899
1893,-0.7111880527478309
1894,-0.5048735346225208
1895,-0.93549025974899
1896,-0.9832482634660824
1897,-0.93549025974899
1898,-0.44943769865911243
1899,-1.0915715468748388
1900,-0.48927913038356163
1901,-0.6749827319926638
1902,-0.7826910929547513
1903,-0.93549025974899
1904,-0.5597079693078357
1905,-1.1103529746081993
1906,-0.6375942926222837
1907,-0.47205181343426417
1908,-0.93549025974899
1909,-0.93549025974899
1910,-0.22766162012001923
1911,-0.93549025974899
1912,-0.93549025974899
1913,-0.486188761566119
1914,-0.5030171322457488
1915,-0.5731405505503506
1916,-0.48638216329662953
1917,-0.93549025974899
1918,-0.93549025974899
1919,-0.7049860790319329
1920,-0.1501230068022794
1921,-0.6689764308844026
1922,-0.46666915604628256
1923,-0.93549025974899
1924,-0.93549025974899
1925,-0.5353775936817518
1926,-0.3565793928567391
1927,-0.93549025974899
1928,-0.7376131503325567
1929,-0.7639983542247855
1930,-1.0954514082474933
1931,-0.93549025974899
1932,-0.93549025974899
1933,-0.93549025974899
1934,-0.6008785382384207
1935,-0.7590303781470951
1936,-0.93549025974899
1937,-0.47498742124252313
1938,-0.4991726859842913
1939,-0.93549025974899
1940,-0.08364380446348466
1941,-0.4022236887396464
1942,-0.93549025974899
1943,-0.5201506830428162
1944,-0.93549025974899
1945,-0.93549025974899
1946,-0.93549025974899
1947,-0.4689488445012082
1948,-0.6426221405716781
1949,-0.6635319420027219
1950,-0.93549025974899
1951,-0.5044549353034018
1952,-0.93549025974899
1953,-1.3983448793469009
1954,-0.93549025974899
1955,-0.7037605515814551
1956,-0.93549025974899
1957,-0.93549025974899
1958,-0.478767298476103
1959,-0.22455550417707926
1960,-0.06903047143121421
1961,-0.5303567986846947
1962,-0.93549025974899
1963,-0.5794470006959163
1964,-0.6407557759233828
1965,-0.93549025974899
1966,-0.93549025974899
1967,-0.6433145820829118
1968,-1.4528404528125751
1969,-0.93549025974899
1970,-0.22451005508783517
1971,-0.93549025974899
1972,-0.3354589373185668
1973,-1.5611546563970933
1974,-0.93549025974899
1975,-0.6331334695016313
1976,-0.9243712782205069
1977,-0.93549025974899
1978,-0.93549025974899
1979,-0.4388961094043706
1980,-0.5447625140404111
1981,-0.5056762200253218
1982,-0.93549025974899
1983,-0.7925671841676554
1984,-0.46674339731326353
1985,-1.6606066366706784
1986,-1.2769511380721497
1987,-0.5636648959160837
1988,-0.93549025974899
1989,-0.46577268996705734
1990,-26.90948177605
1991,-1.0155168988712493
1992,-0.93549025974899
1993,-1.607976769341036
1994,-0.93549025974899
1995,-0.49416957637386405
1996,-0.5637792956103973
1997,-0.4952603244070489
1998,-0.5681744462889005
1999,-0.9882756557619405
2000,-0.874705731868902
2001,-0.93549025974899
2002,-0.93549025974899
2003,-0.6872212760095966
2004,-0.2389189350079164
2005,-0.5960908674385657
2006,-0.1956136901908878
2007,-0.7954599499100414
2008,-0.3566175806099747
2009,-0.93549025974899
2010,-0.004195597355243913
2011,-0.7544999480393165
2012,-0.5105391781662285
2013,-0.93549025974899
2014,-0.93549025974899
2015,-0.5857797999556897
2016,-0.49357468895516377
2017,-0.93549025974899
2018,-0.3380428174789234
2019,-0.7985515905634522
2020,-0.7572591493741374
2021,-0.4051149749868195
2022,-0.93549025974899
2023,-0.824523611325251
2024,-0.93549025974899
2025,-0.93549025974899
2026,-0.1140577039268954
2027,-0.93549025974899
2028,-0.7092389500922991
2029,-0.7394364743225204
2030,-0.4255143090766911
2031,-0.93549025974899
2032,-0.7965270311425741
2033,-0.93549025974899
2034,-0.8307323095708288
2035,-0.93549025974899
2036,-0.93549025974899
2037,-0.93549025974899
2038,-0.7359337310368108
2039,-0.93549025974899
2040,-1.5328435363504767
2041,-0.93549025974899
2042,-0.93549025974899
2043,-0.5892658625360703
2044,-0.93549025974899
2045,-0.4801136228605518
2046,-0.17984989643108173
2047,-0.93549025974899
2048,-0.4850043037817877
2049,-0.8380496723372133
2050,-0.7229818131356414
2051,-0.5160587146806344
2052,-0.6241348009612615
2053,-0.93549025974899
2054,-0.93549025974899
2055,-0.6648862236541575
2056,-0.479345139289864
2057,-0.93549025974899
2058,-0.5802114839178398
2059,-0.93549025974899
2060,-0.9964241996266915
2061,-0.93549025974899
2062,-0.6195046657573791
2063,-0.6317849216685545
2064,-0.7367474743271831
2065,-0.7838036516376157
2066,-0.93549025974899
2067,-0.3445918182089659
2068,-0.93549025974899
2069,-0.6909110365305171
2070,-0.4873270058818733
2071,-0.9829952675169764
2072,-1.263455607363186
2073,-1.7283909854737889
2074,-1.097736487083795
2075,-0.5430279644557743
2076,-0.93549025974899
2077,-1.7150506432302635
2078,-0.5147126550359236
2079,-0.471198186877555
2080,-0.541740814459756
2081,-1.3373124276468573
2082,-0.93549025974899
2083,-0.93549025974899
2084,-0.36690144162525273
2085,-1.2940084488543224
2086,-0.93549025974899
2087,-0.93549025974899
2088,-0.46647135360532266
2089,-0.674270576170926
2090,-0.7615747137873274
2091,-0.47533327962514715
2092,-0.7562990664263101
2093,-0.7019038075890638
2094,-0.93549025974899
2095,-0.49185851870472597
2096,-0.7900388903649436
2097,-0.8549935921871636
2098,-0.26792399170069103
2099,-0.93549025974899
2100,-0.7988296667155783
2101,-0.5396750160525419
2102,-0.9341068874681131
2103,-0.93549025974899
2104,-0.6698214968933094
2105,-0.715585499287279
2106,-0.93549025974899
2107,-0.93549025974899
2108,-1.3780284756783918
2109,-0.93549025974899
2110,-0.1772882355055706
2111,-0.32417998577189167
2112,-0.93549025974899
2113,-1.0233186449151734
2114,-0.4851030170408266
2115,-0.4712617319988759
2116,-0.832137661242573
2117,-0.9243243341253891
2118,-0.7558911800353663
2119,-0.93549025974899
2120,-0.07704542516422659
2121,-0.6134375291749183
2122,-1.1586382892849088
2123,-0.4734312615292825
2124,-0.93549025974899
2125,-0.26506191381500444
2126,-0.5836128473627742
2127,-0.40796412301541274
2128,-0.93549025974899
2129,-0.29318323871504337
2130,-0.93549025974899
2131,-0.6358721022881788
2132,-0.40572438536550237
2133,-0.546336545011501
2134,-0.4851468141966172
2135,-0.5223321627989961
2136,-0.5826865337728315
2137,-0.9085111574631561
2138,-0.7599445800935773
2139,-0.6998974003156366
2140,-0.6418199633924395
2141,-0.47923645293974637
2142,-0.916299117793125
2143,-0.93549025974899
2144,-0.5238967463853488
2145,-0.93549025974899
2146,-0.509908621059417
2147,-0.93549025974899
2148,-0.8308407110220788
2149,-0.4122740684695181
2150,-0.93549025974899
2151,-0.061856734583292
2152,-0.909024931115896
2153,-0.48621737078575444
2154,-0.6679983998496295
2155,-0.46650201678074155
2156,-0.4680264108469563
2157,-0.93549025974899
2158,-0.93549025974899
2159,-0.93549025974899
2160,-0.93549025974899
2161,-0.5278745266597569
2162,-1.5581649145782492
2163,-0.93549025974899
2164,-0.93549025974899
2165,-0.93549025974899
2166,-0.7939133871589821
2167,-0.47107358531521903
2168,-0.93549025974899
2169,-0.6295519352027785
2170,-0.5095014006085439
2171,-0.93549025974899
2172,-0.93549025974899
2173,-0.8217763308953838
2174,-0.93549025974899
2175,-0.8127460980076684
2176,-0.5071468129819281
2177,-0.5731292932334853
2178,-0.08712922956570779
2179,-1.2447311849914744
2180,-0.5832048627336683
2181,-0.93549025974899
2182,-0.4867711183771082
2183,-0.5795297219069035
2184,-0.93549025974899
2185,-1.7030294426137917
2186,-0.3722705095183888
2187,-0.48504449757110113
2188,-1.401616197496196
2189,-0.6252337059337556
2190,-0.93549025974899
2191,-0.93549025974899
2192,-0.9257775635962435
2193,-0.26395007359278466
2194,-1.3385747245465258
2195,-1.6009583049719822
2196,-0.7716801926649897
2197,-0.5293080026947661
2198,-0.5136851238699092
2199,-0.4812972388360156
2200,-0.814205722930895
2201,-0.93549025974899
2202,-0.9266204373856866
2203,-1.9020135627726678
2204,-0.93549025974899
2205,-0.93549025974899
2206,-0.93549025974899
2207,-0.5292098945394859
2208,-0.93549025974899
2209,-0.872085211259737
2210,-0.05892022737831982
2211,-0.718938577779598
2212,-1.6030388441478465
2213,-1.0083577490366977
2214,-0.47033805073143353
2215,-0.5186497813471722
2216,-0.8344987028599355
2217,-0.93549025974899
2218,-0.93549025974899
2219,-2.7249613688783256
2220,-1.548033599843949
2221,-0.37862548739813484
2222,-0.6356778263784353
2223,-0.93549025974899
2224,-0.5255972978436572
2225,-0.93549025974899
2226,-0.7384285157307389
2227,-0.3266028885612915
2228,-0.5899626560566151
2229,-0.5848762791252029
2230,-0.4744502242794013
2231,-0.3690855758567082
2232,-2.0655847666736236
2233,-0.5710694220213473
2234,-0.505084578011088
2235,-0.93549025974899
2236,-0.93549025974899
2237,-0.93549025974899
2238,-0.93549025974899
2239,-0.8498968873933155
2240,-0.4882879125175813
2241,-0.03483723445363174
2242,-0.1778674487765759
2243,-0.8026554187070467
2244,-0.5576432042638246
2245,-0.5212525588925203
2246,-1.1496833417109986
2247,-1.1335720365709179
2248,-0.93549025974899
2249,-0.7827102376157047
2250,-0.518508736040646
2251,-0.48637966701165825
2252,-0.4733476146423261
2253,-0.93549025974899
2254,-0.93549025974899
2255,-0.5111107639302226
2256,-0.5208185837098971
2257,-0.8675861584977795
2258,-0.46977186842121893
2259,-1.186862172753722
2260,-0.93549025974899
2261,-0.7445150000356637
2262,-0.4778240591578432
2263,-0.93549025974899
2264,-0.93549025974899
2265,-0.93549025974899
2266,-0.93549025974899
2267,-0.93549025974899
2268,-0.7058626008041404
2269,-0.8552597849155408
2270,-0.3701833637477936
2271,-0.9614454877192635
2272,-0.93549025974899
2273,-0.4830590027427012
2274,-1.5283197886333042
2275,-0.663912569249659
2276,-0.7850733268934866
2277,-0.93549025974899
2278,-0.5244874062016169
2279,-0.024407276546091657
2280,-2.7263499825160125
2281,-0.93549025974899
2282,-0.3222529516264263
2283,-1.2790476181166994
2284,-0.93549025974899
2285,-0.21651878753561693
2286,-1.3017448672571916
2287,-0.93549025974899
2288,-0.6898101070489027
2289,-0.4895625873416982
2290,-0.6558293945077232
2291,-1.1888026639924707
2292,-0.586036783375663
2293,-1.0638619114492376
2294,-0.6289821481874274
2295,-0.6002899303531297
2296,-0.010153758241358807
2297,-0.6294788275216412
2298,-0.2541767232428893
2299,-0.5277277387855293
2300,-0.93549025974899
2301,-0.48745856049521585
2302,-0.5858609790363999
2303,-0.5073195524345597
2304,-1.4521009421049555
2305,-0.93549025974899
2306,-0.47485645117807396
2307,-0.589022428395241
2308,-0.6632083003740608
2309,-0.6379500594494676
2310,-0.703271599162008
2311,-0.93549025974899
2312,-1.3675262132052879
2313,-0.93549025974899
2314,-0.8487818167728154
2315,-0.4983908211065913
2316,-0.93549025974899
2317,-0.6094369938262822
2318,-0.93549025974899
2319,-0.9214241991472409
2320,-0.20127153804141706
2321,-1.064737947479557
2322,-0.93549025974899
2323,-0.93549025974899
2324,-0.93549025974899
2325,-0.040729160772715316
2326,-0.9530343172393607
2327,-1.8562818098156697
2328,-1.347045031018192
2329,-0.3756771382873638
2330,-0.7350280562027596
2331,-1.3891910894522042
2332,-0.5717755519095591
2333,-0.5752391681482885
2334,-0.5765646714030681
2335,-2.073059496686378
2336,-1.3060958816781056
2337,-0.93549025974899
2338,-0.10220832419466908
2339,-0.12581379442968643
2340,-0.4763198603542175
2341,-0.7075340641213419
2342,-4.7631036284820265
2343,-1.0619515496414014
2344,-0.6846222900211671
2345,-0.8091030469077953
2346,-1.2574808688579697
2347,-0.6954774061865567
2348,-0.6031273546907592
2349,-0.93549025974899
2350,-0.6867101636022159
2351,-0.4331300226634571
2352,-0.8410699065454086
2353,-0.5553162949031574
2354,-0.6446751732552105
2355,-0.571747332686876
2356,-0.5085935994158355
2357,-0.7941531019820918
2358,-0.9832141208092438
2359,-1.4264798310052744
2360,-0.93549025974899
2361,-0.5641466429761643
2362,-0.7626309807967324
2363,-0.4718201883589743
2364,-0.93549025974899
2365,-0.93549025974899
2366,-0.93549025974899
2367,-2.091538256474145
2368,-0.93549025974899
2369,-0.7057583526326017
2370,-0.93549025974899
2371,-0.11219260570925815
2372,-0.53375074353742
2373,-0.4982123418426535
2374,-0.4970250859471097
2375,-0.8456973840728992
2376,-0.5669417477157258
2377,-0.5095286342064402
2378,-0.7708623666122367
2379,-0.6556508904737264
2380,-0.5305492424989855
2381,-0.93549025974899
2382,-0.8687191983976348
2383,-1.7209196064622123
2384,-0.93549025974899
2385,-19.446760687301563
2386,-0.93549025974899
2387,-0.93549025974899
2388,-0.8977342059144622
2389,-0.4909989906074702
2390,-0.93549025974899
2391,-0.46872547838846756
2392,-0.9750923772115883
2393,-0.4698805828964443
2394,-0.93549025974899
2395,-0.3957448855353438
2396,-0.6988016787874631
2397,-0.93549025974899
2398,-0.5952520519191129
2399,-0.9488396823706058
2400,-0.9730163995227148
2401,-0.5179888799521635
2402,-2.1156102909428185
2403,-1.2003455287879277
2404,-0.93549025974899
2405,-1.5587619367297023
2406,-1.0514471927877551
2407,-0.6519492159283846
2408,-0.5227093890305046
2409,-0.47704924163149454
2410,-0.8288459282201366
2411,-0.5933240019889698
2412,-0.5326768706229026
2413,-0.5333539587010763
2414,-0.7496706287064558
2415,-0.4736379964171943
2416,-0.93549025974899
2417,-0.48447377386001067
2418,-0.24856536579431776
2419,-0.8320383497009036
2420,-0.4433771497206056
2421,-0.653282508712083
2422,-0.7796752223263361
2423,-0.93549025974899
2424,-0.93549025974899
2425,-0.3304510434219896
2426,-0.5677733720521982
2427,-0.93549025974899
2428,-0.93549025974899
2429,-0.42733189034178887
2430,-0.6222878071300109
2431,-0.4686377426890289
2432,-0.93549025974899
2433,-0.495476985027111
2434,-0.5065838180893856
2435,-0.58671113110772
2436,-0.5851896838669135
2437,-0.93549025974899
2438,-0.93549025974899
2439,-1.4002935380086345
2440,-0.6201154459678992
2441,-0.5107841628867824
2442,-0.93549025974899
2443,-0.93549025974899
2444,-0.5189697572376262
2445,-0.93549025974899
2446,-0.93549025974899
2447,-1.0647510814779437
2448,-0.93549025974899
2449,-0.93549025974899
2450,-0.47763127665456484
2451,-0.46976986648164354
2452,-1.1273861056330237
2453,-0.6945883037357579
2454,-1.306945588607853
2455,-0.93549025974899
2456,-0.8560145785899298
2457,-0.477206383664906
2458,-0.5086129595710998
2459,-0.28691206273394565
2460,-0.7459191590553047
2461,-0.49282031595167475
2462,-0.4658281349101697
2463,-0.40436324670716317
2464,-0.93549025974899
2465,-0.7500515222721038
2466,-1.190108269598916
2467,-0.5054083471467536
2468,-0.93549025974899
2469,-0.885700868639292
2470,-0.93549025974899
2471,-1.753991094194248
2472,-0.0919113108071743
2473,-0.7008103189083261
2474,-0.5724038112357683
2475,-0.93549025974899
2476,-0.9102204363225788
2477,-0.93549025974899
2478,-0.4763494085491421
2479,-0.93549025974899
2480,-0.5805404454045959
2481,-0.6391805728212496
2482,-0.5259002024434936
2483,-0.93549025974899
2484,-1.1439247182945156
2485,-0.4979474889410068
2486,-0.8414446219496767
2487,-1.1583721152193949
2488,-0.5269239713114935
2489,-0.46630411170260877
2490,-0.21283520850124343
2491,-0.46983736298660994
2492,-0.93549025974899
2493,-0.6514041829277506
2494,-0.5920511612831536
2495,-0.6803666571748526
2496,-0.5968287161262253
2497,-0.93549025974899
2498,-0.93549025974899
2499,-0.93549025974899
2500,-0.7004750151493546
2501,-0.93549025974899
2502,-0.8065151253685858
2503,-0.5633364699616141
2504,-0.28958163248838
2505,-0.7854282759057618
2506,-0.5303165126857312
2507,-0.7889023674017608
2508,-0.8134729515702919
2509,-0.93549025974899
2510,-0.93549025974899
2511,-0.93549025974899
2512,-0.93549025974899
2513,-0.48754989962852235
2514,-0.93549025974899
2515,-2.379816847005827
2516,-0.40834407205056955
2517,-0.93549025974899
2518,-0.6721293634290237
2519,-0.5269183973919973
2520,-0.93549025974899
2521,-0.25665160571532697
2522,-0.93549025974899
2523,-0.93549025974899
2524,-1.4368685550593696
2525,-0.5293895145467915
2526,-0.7587826704949538
2527,-0.93549025974899
2528,-0.05935353917773023
2529,-0.93549025974899
2530,-0.93549025974899
2531,-0.6219541502111614
2532,-0.6289436571276248
2533,-1.4500258488956277
2534,-0.39039153728013076
2535,-0.03892098060766935
2536,-0.879451736714163
2537,-0.93549025974899
2538,-0.93549025974899
2539,-0.6317924167827518
2540,-0.5021232201858883
2541,-0.5069352160127938
2542,-0.7152242903415811
2543,-0.5759809827153792
2544,-0.5927514285324555
2545,-1.356093179561606
2546,-0.4797137063811161
2547,-0.93549025974899
2548,-0.871946424675123
2549,-0.47351440127473776
2550,-4.735565082123905
2551,-0.93549025974899
2552,-1.028772672042452
2553,-0.93549025974899
2554,-1.9290326405591784
2555,-2.019084046275914
2556,-0.3970125430330942
2557,-0.93549025974899
2558,-0.30750022567732005
2559,-0.602104397912985
2560,-0.93549025974899
2561,-0.93549025974899
2562,-0.93549025974899
2563,-0.6286299246354758
2564,-0.93549025974899
2565,-2.115549474501778
2566,-0.93549025974899
2567,-0.5627994316433718
2568,-0.93549025974899
2569,-0.93549025974899
2570,-0.7607037782967954
2571,-1.5058628127868587
2572,-0.13612575199946145
2573,-0.5590750235001742
2574,-0.93549025974899
2575,-0.5119898416087101
2576,-0.19584058764941759
2577,-0.93549025974899
2578,-0.93549025974899
2579,-0.3383897493556476
2580,-0.93549025974899
2581,-0.47153904576341077
2582,-0.93549025974899
2583,-0.93549025974899
2584,-0.93549025974899
2585,-0.93549025974899
2586,-1.1817588405316304
2587,-0.4487818837392741
2588,-0.7165569639222671
2589,-0.7320124482382884
2590,-0.93549025974899
2591,-0.5185877383697335
2592,-0.031132325622429846
2593,-0.93549025974899
2594,-0.8623931698978566
2595,-0.93549025974899
2596,-0.93549025974899
2597,-0.93549025974899
2598,-0.93549025974899
2599,-0.93549025974899
2600,-0.4658524623501955
2601,-0.42282047621705665
2602,-0.93549025974899
2603,-0.25162436411364425
2604,-0.5937691847362547
2605,-0.5572081508235218
2606,-0.93549025974899
2607,-0.7455349415673211
2608,-0.33368265598084
2609,-0.93549025974899
2610,-1.231581070836251
2611,-0.48060814202967095
2612,-0.48223754418043996
2613,-0.5068645808423256
2614,-0.93549025974899
2615,-0.528360737938991
2616,-0.5064444303298843
2617,-0.6517982797932067
2618,-0.04451087023188649
2619,-0.93549025974899
2620,-0.6787180642934647
2621,-0.5312879636835182
2622,-0.9095428774384917
2623,-0.473391743163994
2624,-0.19979598662118606
2625,-0.93549025974899
2626,-0.93549025974899
2627,-0.47492509552617834
2628,-0.93549025974899
2629,-2.042503957748359
2630,-1.8990176969564985
2631,-0.5797576129353517
2632,-0.4837762390564385
2633,-0.49314961767847365
2634,-0.93549025974899
2635,-0.93549025974899
2636,-0.5880678942075122
2637,-0.93549025974899
2638,-1.44430144090461
2639,-0.11706601439469833
2640,-0.93549025974899
2641,-0.5099198865298948
2642,-0.8474955288794153
2643,-0.6420521194897049
2644,-0.5055382215437665
2645,-0.5255764291031739
2646,-0.7635988904307602
2647,-0.6752645419235481
2648,-0.6340109222957881
2649,-0.4911692052765648
2650,-0.7175584747571122
2651,-0.7105491229661887
2652,-0.6286995737245356
2653,-0.4934326632457773
2654,-0.93549025974899
2655,-0.47667372256110785
2656,-1.5037324243011074
2657,-0.47228304748952976
2658,-0.93549025974899
2659,-0.93549025974899
2660,-0.501151028686099
2661,-0.6652622523823509
2662,-0.5970227238033434
2663,-1.4697354776961564
2664,-0.29578291384986244
2665,-1.588596704633126
2666,-0.93549025974899
2667,-0.7338208420068799
2668,-1.3168937421384275
2669,-0.4763131329920052
2670,-0.5849071017985423
2671,-0.4669272686075145
2672,-0.5707109968091406
2673,-0.014736143813696145
2674,-1.2801492655794429
2675,-0.17221212678377507
2676,-0.6813644440607849
2677,-1.7773777610069832
2678,-0.93549025974899
2679,-0.6351004865749932
2680,-4.872567847711958
2681,-0.8456354640674313
2682,-0.93549025974899
2683,-0.9750587736793594
2684,-1.6596116558078169
2685,-0.8849553764342524
2686,-3.180223559347951
2687,-0.93549025974899
2688,-0.7058088217816252
2689,-0.93549025974899
2690,-0.9027173074495245
2691,-0.93549025974899
2692,-0.5132276343919973
2693,-0.93549025974899
2694,-0.9940710449028742
2695,-0.4697685382366466
2696,-0.5464371188819843
2697,-0.72531745338806
2698,-0.8973129652558676
2699,-0.485521621168008
2700,-0.9221918491831786
2701,-0.5534678832765505
2702,-0.93549025974899
2703,-0.93549025974899
2704,-0.93549025974899
2705,-0.93549025974899
2706,-0.7151210709347744
2707,-0.47437140124068367
2708,-0.4750267996872469
2709,-0.8369690990458345
2710,-0.93549025974899
2711,-0.08352172385806458
2712,-0.7787141890235105
2713,-0.93549025974899
2714,-1.3264004203558901
2715,-0.7182085437145282
2716,-0.93549025974899
2717,-0.93549025974899
2718,-0.4735280775500086
2719,-1.4212124569206779
2720,-0.16422971877264658
2721,-1.6759565567802568
2722,-0.93549025974899
2723,-1.0627376830997903
2724,-0.4813828708237087
2725,-0.6467401942225628
2726,-0.93549025974899
2727,-0.4697856648906163
2728,-0.93549025974899
2729,-0.876790421258804
2730,-0.93549025974899
2731,-0.93549025974899
2732,-0.93549025974899
2733,-0.9285250958702864
2734,-0.93549025974899
2735,-0.93549025974899
2736,-0.508796551757742
2737,-0.5185217681856358
2738,-0.4727457534283239
2739,-0.93549025974899
2740,-0.3994173880410159
2741,-0.3723895818531706
2742,-0.3666889882056368
2743,-0.93549025974899
2744,-0.9086102756939685
2745,-0.93549025974899
2746,-0.8719858646888046
2747,-0.4680513706045125
2748,-0.5825021076981329
2749,-1.9745187164389293
2750,-1.395446015138596
2751,-0.93549025974899
2752,-0.5981361389985
2753,-0.93549025974899
2754,-0.8148597462578255
2755,-0.93549025974899
2756,-1.0861036100849564
2757,-0.93549025974899
2758,-0.93549025974899
2759,-5.700201896373336
2760,-0.93549025974899
2761,-0.93549025974899
2762,-0.6398965752097929
2763,-0.015379479787183022
2764,-0.5626367327560957
2765,-0.06516735405993979
2766,-1.0741949872212047
2767,-0.93549025974899
2768,-1.5849021338468816
2769,-6.272871855884551
2770,-0.4950188958859649
2771,-0.8798325307118375
2772,-0.9039686652190402
2773,-1.017957684408623
2774,-0.93549025974899
2775,-0.93549025974899
2776,-0.5056984892897476
2777,-0.93549025974899
2778,-0.4851114227531045
2779,-0.16084968094841834
2780,-1.1943806077393493
2781,-0.7975275820618055
2782,-1.1161060048171567
2783,-0.93549025974899
2784,-0.4961502431338283
2785,-0.6379777523192462
2786,-0.93549025974899
2787,-1.0028799300568725
2788,-0.7248826106130721
2789,-0.93549025974899
2790,-0.93549025974899
2791,-0.93549025974899
2792,-0.93549025974899
2793,-0.93549025974899
2794,-0.47453589802931195
2795,-0.93549025974899
2796,-0.6778614214576422
2797,-0.5680064632365376
2798,-0.6697696712540964
2799,-0.20249103944469882
2800,-0.7309860529012884
2801,-0.15492602736755307
2802,-0.93549025974899
2803,-0.93549025974899
2804,-0.8457347890815345
2805,-0.93549025974899
2806,-0.4663144118789393
2807,-0.39917723133388705
2808,-0.93549025974899
2809,-0.9102319934383161
2810,-0.855214773346221
2811,-0.16449688181327993
2812,-0.93549025974899
2813,-0.46572926264832376
2814,-0.47125569790724064
2815,-0.93549025974899
2816,-0.93549025974899
2817,-0.9237172347296951
2818,-0.5020774840650817
2819,-0.4704256141132739
2820,-0.5949321486246237
2821,-0.48277747177032815
2822,-0.93549025974899
2823,-0.46787613449520926
2824,-0.014043214684636346
2825,-0.93549025974899
2826,-0.40245862170125735
2827,-0.5386517600842677
2828,-0.5973852266795081
2829,-0.3210440671019832
2830,-0.8041198276929098
2831,-0.9925738471086678
2832,-0.4745478307880693
2833,-0.93549025974899
2834,-0.93549025974899
2835,-0.93549025974899
2836,-0.4809330500968372
2837,-0.93549025974899
2838,-1.1908559549511768
2839,-0.93549025974899
2840,-0.93549025974899
2841,-0.4816430981188732
2842,-1.187821441231108
2843,-0.47846766967087584
2844,-0.93549025974899
2845,-0.93549025974899
2846,-0.5959912409857573
2847,-0.5622634883598909
2848,-0.47540018650344706
2849,-1.5142881613723844
2850,-0.5901559446971341
2851,-0.93549025974899
2852,-0.93549025974899
2853,-0.93549025974899
2854,-0.6062360281396639
2855,-0.6179496563050879
2856,-0.12165284245988461
2857,-0.93549025974899
2858,-1.329095630403673
2859,-0.93549025974899
2860,-0.5838350805899282
2861,-1.5076421248869227
2862,-0.6002178925085335
2863,-2.0862791234277314
2864,-0.93549025974899
2865,-0.93549025974899
2866,-0.46640895727155485
2867,-0.93549025974899
2868,-0.6195836459341653
2869,-0.49280906717728457
2870,-0.93549025974899
2871,-0.93549025974899
2872,-0.93549025974899
2873,-0.93549025974899
2874,-0.599117381430503
2875,-0.4698732086972264
2876,-0.01681554275674447
2877,-0.9354248557125686
2878,-0.93549025974899
2879,-0.93549025974899
2880,-0.93549025974899
2881,-0.8142491776026919
2882,-0.6782096664330428
2883,-0.93549025974899
2884,-0.5106199545734822
2885,-0.47923213457179914
2886,-0.93549025974899
2887,-0.4768367942885626
2888,-1.5011395126186926
2889,-0.5149644296271916
2890,-0.93549025974899
2891,-0.6237829291136808
2892,-0.7960710731127918
2893,-0.4712010722906636
2894,-0.7548508037810837
2895,-0.7931373380369884
2896,-0.30534480861836366
2897,-0.4309828282441135
2898,-0.93549025974899
2899,-0.93549025974899
2900,-0.93549025974899
2901,-0.4816072555229206
2902,-0.93549025974899
2903,-0.42720483796234454
2904,-0.15932415372400932
2905,-0.8121117861987912
2906,-0.93549025974899
2907,-0.5002033513991422
2908,-0.47368340688266786
2909,-0.93549025974899
2910,-1.5797125304841373
2911,-0.4817385374059424
2912,-1.144599291144182
2913,-0.5440257426970749
2914,-0.93549025974899
2915,-0.6796942250839155
2916,-0.93549025974899
2917,-0.039553032200991725
2918,-0.93549025974899
2919,-1.4485705593320564
2920,-0.93549025974899
2921,-0.6880340975059998
2922,-0.93549025974899
2923,-0.93549025974899
2924,-0.8252642905095673
2925,-0.8056556808181643
2926,-0.93549025974899
2927,-0.93549025974899
2928,-0.5889840536697424
2929,-0.6170698594934851
2930,-0.6993698339055374
2931,-0.4882975501161405
2932,-0.6385852526555915
2933,-0.93549025974899
2934,-0.7798900516247773
2935,-0.19947511429027864
2936,-0.6666728180753445
2937,-0.6973844047653603
2938,-0.93549025974899
2939,-0.32253074828197903
2940,-0.7315726890385168
2941,-0.93549025974899
2942,-0.46595782989102763
2943,-0.9016450244065712
2944,-0.3716784012457457
2945,-0.7005268735277657
2946,-0.93549025974899
2947,-0.5067129051367836
2948,-1.2510356452368185
2949,-0.7008379889859562
2950,-0.93549025974899
2951,-0.5151337323137004
2952,-0.7394714162472358
2953,-0.4902839768755851
2954,-0.93549025974899
2955,-0.93549025974899
2956,-0.8095887704107785
2957,-0.7979215863008324
2958,-0.6987157947649099
2959,-0.19310376762387693
2960,-1.066691562029014
2961,-0.93549025974899
2962,-1.3719858407056407
2963,-0.8066369553822472
2964,-0.585152931459703
2965,-0.93549025974899
2966,-0.93549025974899
2967,-0.4988646521762554
2968,-0.5464469087213732
2969,-0.93549025974899
2970,-0.6074674469171999
2971,-0.93549025974899
2972,-0.93549025974899
2973,-0.5385802270588038
2974,-0.93549025974899
2975,-1.3307684162253697
2976,-1.107905013793136
2977,-0.7263202675937954
2978,-1.4184109220040284
2979,-0.46965449378080315
2980,-0.93549025974899
2981,-0.5155968019956121
2982,-0.06672867791126638
2983,-0.7887486728678574
2984,-0.93549025974899
2985,-0.044770012095869394
2986,-0.8004048600217288
2987,-0.740700720906041
2988,-0.93549025974899
2989,-0.4673282064153679
2990,-1.0050810862716801
2991,-0.93549025974899
2992,-1.2086937640872364
2993,-0.7923078504113494
2994,-0.93549025974899
2995,-0.93549025974899
2996,-0.15655190339869485
2997,-0.4663258116378097
2998,-0.03197119285838046
2999,-0.4751558127874259
3000,-0.637145959245462
3001,-0.48279667345538657
3002,-0.8462007252564678
3003,-0.6494595400525363
3004,-0.49763908605443774
3005,-0.93549025974899
3006,-0.93549025974899
3007,-0.6450134239869119
3008,-0.93549025974899
3009,-0.00627047265583297
3010,-0.6273102449018086
3011,-0.39858414492060845
3012,-0.9293047546086672
3013,-0.8773921309121882
3014,-0.7482871336912993
3015,-0.8781425688526046
3016,-0.93549025974899
3017,-0.93549025974899
3018,-0.32469836358183646
3019,-0.8244775642462265
3020,-0.93549025974899
3021,-0.6029911872548883
3022,-0.20121461719901257
3023,-0.93549025974899
3024,-0.586420687262422
3025,-0.4917504280060303
3026,-1.5698085429390805
3027,-0.2188591374020659
3028,-0.7468421484371746
3029,-0.93549025974899
3030,-0.93549025974899
3031,-0.93549025974899
3032,-0.5292865373876539
3033,-1.042298377704073
3034,-0.93549025974899
3035,-0.93549025974899
3036,-0.93549025974899
3037,-0.5484975727678378
3038,-0.48770767224061917
3039,-0.93549025974899
3040,-0.93549025974899
3041,-0.32058879369336957
3042,-1.157969490673496
3043,-0.8499844443709623
3044,-1.3461486788962773
3045,-1.7651273275725998
3046,-1.4622094886093695
3047,-0.46884734763200264
3048,-0.93549025974899
3049,-0.93549025974899
3050,-0.5642181366910806
3051,-0.93549025974899
3052,-0.7735885160224321
3053,-0.93549025974899
3054,-0.8156780684146145
3055,-0.5543748965741924
3056,-0.8672856852409385
3057,-0.57925611927006
3058,-1.2968645500428924
3059,-2.765154874435126
3060,-0.93549025974899
3061,-1.8637543256901665
3062,-0.5323591463031789
3063,-0.23705364791263328
3064,-0.4935987711484532
3065,-2.242341149159479
3066,-0.93549025974899
3067,-0.703644207633829
3068,-0.7285933559376936
3069,-0.9742992404061752
3070,-0.634840782281163
3071,-0.3814957668232783
3072,-0.4921584431499887
3073,-0.6423574033782309
3074,-0.93549025974899
3075,-0.93549025974899
3076,-0.9175692140366891
3077,-0.906287547415566
3078,-0.465730693497631
3079,-0.28547086015892686
3080,-0.2129871739930298
3081,-0.7201971084308401
3082,-0.93549025974899
3083,-2.0769440420248078
3084,-0.4908029373936281
3085,-0.93549025974899
3086,-0.93549025974899
3087,-0.93549025974899
3088,-0.93549025974899
3089,-0.93549025974899
3090,-0.93549025974899
3091,-0.2751894382686544
3092,-1.1343084653460167
3093,-0.6990594534933052
3094,-0.93549025974899
3095,-0.93549025974899
3096,-0.93549025974899
3097,-0.4749101026244811
3098,-0.93549025974899
3099,-0.535968545398344
3100,-0.4609726116450066
3101,-1.4849001558949624
3102,-0.5233607582376596
3103,-0.4935729103554759
3104,-0.93549025974899
3105,-0.899708294208823
3106,-0.9018369674551252
3107,-0.46985016207430164
3108,-0.08122482289584865
3109,-0.10213634490411082
3110,-0.7504221296507243
3111,-0.93549025974899
3112,-1.0793661586468488
3113,-0.48467440283766905
3114,-0.49390284457896805
3115,-0.3876620032564688
3116,-0.3186390393895331
3117,-0.6056935212627401
3118,-0.5599828163580924
3119,-0.42066833729220576
3120,-0.93549025974899
3121,-0.828922656701879
3122,-0.5080170704867317
3123,-0.93549025974899
3124,-0.93549025974899
3125,-0.5132328010088276
3126,-0.93549025974899
3127,-0.5591114569539415
3128,-0.5328691545444944
3129,-0.5223262804158004
3130,-0.5323969224906211
3131,-0.93549025974899
3132,-0.47355374391914395
3133,-0.132722087411834
3134,-0.93549025974899
3135,-0.93549025974899
3136,-0.5268380907243149
3137,-0.7833564059247511
3138,-0.93549025974899
3139,-0.32824018920611175
3140,-0.7082222725600804
3141,-0.5827608937316264
3142,-0.93549025974899
3143,-0.93549025974899
3144,-0.762001349023139
3145,-0.6540516389092268
3146,-0.5647844013863512
3147,-0.5027279995272877
3148,-0.8982795596745863
3149,-1.116264815152208
3150,-0.6124850344869586
3151,-1.118624516619164
3152,-1.5006372391705156
3153,-0.93549025974899
3154,-0.785904330870709
3155,-0.93549025974899
3156,-0.4816251637993254
3157,-0.93549025974899
3158,-0.7254411167033403
3159,-0.93549025974899
3160,-0.46988272050517094
3161,-0.6192869059174946
3162,-0.10093281071289262
3163,-0.6426597230889719
3164,-0.93549025974899
3165,-0.93549025974899
3166,-0.46720784520514447
3167,-1.390351928001829
3168,-0.93549025974899
3169,-0.93549025974899
3170,-0.626214210697059
3171,-0.93549025974899
3172,-1.6121166726808145
3173,-0.24150393523150093
3174,-0.4168396908977403
3175,-0.5145662310324841
3176,-0.565111646399798
3177,-1.0795285227360996
3178,-0.8274334241551973
3179,-0.6095010386098991
3180,-0.5270665009918845
3181,-0.4960097274089925
3182,-0.47166469889431634
3183,-0.911562778543221
3184,-0.6140623469317892
3185,-0.48806747272960793
3186,-0.36318734408086906
3187,-0.93549025974899
3188,-0.5154158071603323
3189,-0.93549025974899
3190,-0.47430469204633063
3191,-0.21345310006026275
3192,-0.93549025974899
3193,-0.7451386538529636
3194,-0.6175691366129517
3195,-0.5508155444827825
3196,-0.8839223844276205
3197,-0.5503767974708769
3198,-0.5187613220191523
3199,-0.93549025974899
3200,-0.7157743064139375
3201,-0.5227868048667972
3202,-0.19331022595281633
3203,-0.5942853734980194
3204,-0.6131643851356969
3205,-0.4659107351174156
3206,-0.93549025974899
3207,-0.4884690475956327
3208,-0.93549025974899
3209,-0.93549025974899
3210,-0.93549025974899
3211,-2.635361679116528
3212,-0.830514740114495
3213,-0.5077923061291791
3214,-0.93549025974899
3215,-1.685287895163528
3216,-0.93549025974899
3217,-0.6673697530793739
3218,-0.93549025974899
3219,-0.8577915092203057
3220,-0.9978143633095513
3221,-0.93549025974899
3222,-0.4769679468744905
3223,-0.5555511662876413
3224,-0.7698763331929115
3225,-1.346699252003479
3226,-0.93549025974899
3227,-0.93549025974899
3228,-0.40252558743951505
3229,-0.93549025974899
3230,-0.4929355586882648
3231,-0.93549025974899
3232,-0.6426854658710859
3233,-0.93549025974899
3234,-0.5765112304892526
3235,-0.93549025974899
3236,-0.481881827424096
3237,-0.48804583719374073
3238,-0.4138860508605866
3239,-0.48534379144093276
3240,-0.93549025974899
3241,-0.576322011223315
3242,-0.93549025974899
3243,-0.93549025974899
3244,-0.93549025974899
3245,-0.7370821873118452
3246,-1.4329997206702103
3247,-0.93549025974899
3248,-0.6873147521033207
3249,-0.93549025974899
3250,-1.3482456711043653
3251,-0.5975774373408616
3252,-0.93549025974899
3253,-0.27207210725405107
3254,-1.6367169240500132
3255,-0.93549025974899
3256,-0.8147301598803782
3257,-0.48096405573656753
3258,-0.2689821730484039
3259,-0.9546942893761958
3260,-0.307470155541651
3261,-0.93549025974899
3262,-0.93549025974899
3263,-0.22780611823039998
3264,-0.93549025974899
3265,-0.2652831452686293
3266,-0.9678594822067499
3267,-0.93549025974899
3268,-0.93549025974899
3269,-1.191067974652583
3270,-0.93549025974899
3271,-0.42008364345908555
3272,-0.93549025974899
3273,-0.93549025974899
3274,-0.3020911630992793
3275,-0.7997080924920841
3276,-0.4724898315938231
3277,-0.5228106869607476
3278,-0.47593039921149427
3279,-0.875626505299012
3280,-0.5287100799152964
3281,-1.818796705004461
3282,-0.93549025974899
3283,-0.3995944738688042
3284,-0.93549025974899
3285,-0.5584021392117684
3286,-0.93549025974899
3287,-1.981364114182682
3288,-0.8611664971626585
3289,-0.93549025974899
3290,-0.11300114154986274
3291,-0.7148400330081479
3292,-0.46698222332020123
3293,-0.93549025974899
3294,-0.93549025974899
3295,-0.4898083378235931
3296,-1.0648337899864444
3297,-0.93549025974899
3298,-0.6984513008627893
3299,-0.2431144960650392
3300,-0.16897783011508694
3301,-0.16603883415824727
3302,-0.47788866478399195
3303,-0.4700567976808805
3304,-0.4133785056528172
3305,-0.9522914983726025
3306,-0.93549025974899
3307,-0.5938946207663776
3308,-0.5912315135840527
3309,-0.93549025974899
3310,-0.14508927656109893
3311,-1.3167979341508502
3312,-0.93549025974899
3313,-0.93549025974899
3314,-0.6217944316737523
3315,-0.6804765585645232
3316,-0.4315459608286495
3317,-0.93549025974899
3318,-0.4902448785687441
3319,-0.6539861651013048
3320,-0.93549025974899
3321,-0.93549025974899
3322,-0.93549025974899
3323,-0.09593839265195758
3324,-0.93549025974899
3325,-0.6133053737813334
3326,-0.93549025974899
3327,-0.93549025974899
3328,-0.93549025974899
3329,-0.32214799151308426
3330,-0.93549025974899
3331,-0.24846532466615345
3332,-0.8685288883524667
3333,-0.7851467050050633
3334,-0.93549025974899
3335,-0.703233922920548
3336,-0.93549025974899
3337,-0.1686312546667229
3338,-0.48063146416660907
3339,-0.93549025974899
3340,-0.08132864346001092
3341,-0.5681443432614017
3342,-0.93549025974899
3343,-0.47064953241915053
3344,-0.93549025974899
3345,-0.6767625942575219
3346,-0.93549025974899
3347,-0.47358091288989546
3348,-0.93549025974899
3349,-1.1109648218291568
3350,-0.5052795135612644
3351,-0.48805840141737555
3352,-0.5018768269498004
3353,-0.2915550412428769
3354,-0.5632940212140167
3355,-1.0871857603822495
3356,-0.7901060516275837
3357,-0.5008872970372327
3358,-0.93549025974899
3359,-0.9750760787615107
3360,-0.6176915112119516
3361,-0.745811513807908
3362,-0.8439719988803649
3363,-0.1553869903041627
3364,-0.9562672594976505
3365,-0.4952025876792665
3366,-1.432553928858015
3367,-0.47582093591513086
3368,-0.09882484845166362
3369,-0.93549025974899
3370,-0.6004900679100391
3371,-0.93549025974899
3372,-0.93549025974899
3373,-0.5012665865209756
3374,-0.6508516038582304
3375,-0.6233707514930984
3376,-1.0433074070429829
3377,-0.133408554543204
3378,-0.4706570236943617
3379,-1.2972095222801343
3380,-0.4212212236109565
3381,-0.47795568442634384
3382,-0.5263435498834856
3383,-0.93549025974899
3384,-0.4698263837837629
3385,-0.39997446844629536
3386,-0.93549025974899
3387,-0.93549025974899
3388,-0.504018783899598
3389,-0.4765083539332018
3390,-1.242231608340342
3391,-0.93549025974899
3392,-0.6378354424837518
3393,-2.708437786496603
3394,-0.052580198059226646
3395,-0.5662044856021744
3396,-0.93549025974899
3397,-0.93549025974899
3398,-0.7000530733840282
3399,-0.93549025974899
3400,-0.93549025974899
3401,-0.4980358966152796
3402,-0.4929569886940599
3403,-0.4801744581709855
3404,-1.4221881868396125
3405,-0.93549025974899
3406,-1.0280135352974984
3407,-0.93549025974899
3408,-0.5591820954873481
3409,-0.93549025974899
3410,-0.93549025974899
3411,-0.46656335948485655
3412,-0.966224096848805
3413,-0.9369596942557354
3414,-0.5179372400414484
3415,-0.5016199673014765
3416,-0.6389995494561163
3417,-0.93549025974899
3418,-0.93549025974899
3419,-0.93549025974899
3420,-0.032921638509281204
3421,-0.93549025974899
3422,-0.6758443407106896
3423,-0.8563718926000252
3424,-0.3714697542443801
3425,-0.93549025974899
3426,-0.4708931637961731
3427,-0.6711404615313405
3428,-1.1259920567487942
3429,-0.4730951861086703
3430,-0.534509952756633
3431,-0.40063480971942944
3432,-0.93549025974899
3433,-0.93549025974899
3434,-0.606468615431071
3435,-0.4666563441244904
3436,-0.7109574929506497
3437,-0.6428461062535593
3438,-0.5350597277950246
3439,-0.5404612561239508
3440,-0.46807459067779456
3441,-0.5565667081041301
3442,-0.47855650125943683
3443,-1.5932987990159564
3444,-0.7110231175600124
3445,-0.09745968042751807
3446,-2.2666395235948187
3447,-0.5318675069319068
3448,-0.46971069616886885
3449,-0.93549025974899
3450,-0.93549025974899
3451,-0.06698081257796762
3452,-0.5428130398661986
3453,-0.47057203149295757
3454,-0.4521656283089417
3455,-1.910314550304527
3456,-0.34340432645235497
3457,-0.93549025974899
3458,-0.05341136406748359
3459,-0.7404515186409686
3460,-0.93549025974899
3461,-0.93549025974899
3462,-1.8869850920511055
3463,-0.4663250194055433
3464,-0.32340902108605907
3465,-0.4716861254811753
3466,-0.3845167699082914
3467,-0.93549025974899
3468,-0.26797370165922496
3469,-0.49324266709908493
3470,-0.93549025974899
3471,-0.0041681858946589
3472,-0.998049911962811
3473,-0.667666205938632
3474,-0.6630116122627445
3475,-1.3713410998327618
3476,-0.6503306787703327
3477,-0.93549025974899
3478,-1.0536196536609967
3479,-0.467358392149592
3480,-0.93549025974899
3481,-0.46978073462671105
3482,-0.93549025974899
3483,-1.0896568714162687
3484,-0.13822625361503427
3485,-0.03186776945524905
3486,-0.90540514714613
3487,-0.9118749007747375
3488,-0.8675517605005911
3489,-0.4745307001728638
3490,-0.326066692659743
3491,-0.93549025974899
3492,-0.47793477791783634
3493,-0.4730095239608698
3494,-0.4692193966050109
3495,-0.8803186445025677
3496,-0.93549025974899
3497,-0.41037350769580216
3498,-4.729944606392044
3499,-0.4698306780953221
3500,-0.5272904935606104
3501,-0.43216697926128456
3502,-1.1133200540798
3503,-0.93549025974899
3504,-0.93549025974899
3505,-0.5112012729583726
3506,-0.93549025974899
3507,-0.47121848796769483
3508,-0.10232476888455058
3509,-0.93549025974899
3510,-0.93549025974899
3511,-0.93549025974899
3512,-0.9878928467333044
3513,-0.93549025974899
3514,-1.789667501505578
3515,-0.7580722847533483
3516,-0.8833953923049993
3517,-0.46995095055007147
3518,-0.93549025974899
3519,-0.7734161420795136
3520,-0.8931906708339401
3521,-0.8182733698567635
3522,-0.11972016830036347
3523,-0.5037346885084024
3524,-0.5054255105520888
3525,-0.93549025974899
3526,-0.6040392452668648
3527,-0.778149679694808
3528,-0.6470352999981976
3529,-0.93549025974899
3530,-0.4721267585592288
3531,-0.93549025974899
3532,-0.93549025974899
3533,-0.93549025974899
3534,-0.7782387670118727
3535,-0.93549025974899
3536,-1.078759145973054
3537,-0.5328159218876465
3538,-0.469879963347651
3539,-0.7362316092474153
3540,-0.93549025974899
3541,-0.5019797102956969
3542,-0.93549025974899
3543,-0.651878444244606
3544,-0.3851014410571345
3545,-0.017834131896169336
3546,-0.4933345125947519
3547,-0.93549025974899
3548,-0.005567184915603042
3549,-0.04672512487675751
3550,-0.6572936116744135
3551,-0.487425644079611
3552,-0.93549025974899
3553,-0.93549025974899
3554,-0.93549025974899
3555,-0.93549025974899
3556,-0.93549025974899
3557,-0.93549025974899
3558,-1.559579794470054
3559,-0.93549025974899
3560,-0.93549025974899
3561,-0.9772555676228478
3562,-0.6260312668015207
3563,-1.0178711183518363
3564,-0.93549025974899
3565,-0.2769041712555338
3566,-0.93549025974899
3567,-0.93549025974899
3568,-0.562539559230848
3569,-1.295503116572263
3570,-0.2966607942519097
3571,-0.93549025974899
3572,-1.3017477240099566
3573,-0.5635467092294011
3574,-1.1091150908762302
3575,-0.5305084232861645
3576,-0.93549025974899
3577,-0.5992968645991006
3578,-0.4811255714523518
3579,-0.93549025974899
3580,-0.47061365483782974
3581,-0.3959430976898888
3582,-0.93549025974899
3583,-0.7260173685653815
3584,-0.5504502147660184
3585,-0.93549025974899
3586,-0.4805562483195499
3587,-0.04169596653677424
3588,-0.93549025974899
3589,-0.4730701832754729
3590,-0.1916957262431983
3591,-0.11727628431497242
3592,-0.7301406894493443
3593,-0.24743914692706648
3594,-0.6270833497701904
3595,-0.75899074296259
3596,-0.5582714778155897
3597,-0.5547264460449886
3598,-0.93549025974899
3599,-0.5116073034342326
3600,-0.4808195133793013
3601,-0.9144996195011023
3602,-0.7766290114777874
3603,-0.40145245179931743
3604,-0.4697775065680437
3605,-0.7953510812466806
3606,-0.47012563919813727
3607,-0.18628729349805306
3608,-0.93549025974899
3609,-2.5662784408762906
3610,-0.93549025974899
3611,-0.93549025974899
3612,-0.8119849795003109
3613,-0.4546061623624138
3614,-0.7391471988156866
3615,-0.6051508936377563
3616,-0.5342046000097298
3617,-0.7609482113060597
3618,-0.3657646772781331
3619,-0.542090943718462
3620,-0.93549025974899
3621,-0.4880432618070937
3622,-0.203451861378527
3623,-0.6314274004465137
3624,-0.7619293412428352
3625,-0.0006558708339225523
3626,-0.93549025974899
3627,-0.16101673021080254
3628,-0.6647707412090771
3629,-0.38545389652962037
3630,-0.49107201502474496
3631,-1.2228693934387724
3632,-0.93549025974899
3633,-0.05897646086265552
3634,-0.4731833643667055
3635,-1.2414281139014296
3636,-0.29686684978406674
3637,-0.8221963407405841
3638,-0.5060683967779718
3639,-0.93549025974899
3640,-0.93549025974899
3641,-0.93549025974899
3642,-0.660384025568252
3643,-0.8531810692766033
3644,-0.5051816423414253
3645,-0.4937336418906604
3646,-0.17507748027997438
3647,-0.6816981545272984
3648,-0.5916322644533953
3649,-0.93549025974899
3650,-0.12230036439324588
3651,-0.93549025974899
3652,-0.46726188251570355
3653,-1.4527916533509142
3654,-0.550318000192942
3655,-0.93549025974899
3656,-0.93549025974899
3657,-0.0474560532865658
3658,-0.4732920538445491
3659,-0.93549025974899
3660,-0.93549025974899
3661,-0.5394490036900632
3662,-0.93549025974899
3663,-0.47056753295736936
3664,-0.5734174230635003
3665,-1.2957009037511469
3666,-0.93549025974899
3667,-0.6577634239649797
3668,-0.09719489657126745
3669,-0.31251681026430767
3670,-0.6975181022267396
3671,-0.93549025974899
3672,-0.48902483845580846
3673,-0.520246673898555
3674,-0.8346579092546058
3675,-0.2108973063975889
3676,-0.29933847275993763
3677,-0.18650002576694952
3678,-0.6101359057904165
3679,-0.93549025974899
3680,-0.4939733310844652
3681,-0.4772034256691865
3682,-1.409067665563498
3683,-0.8024430509662484
3684,-1.3203609386540691
3685,-0.93549025974899
3686,-0.93549025974899
3687,-0.7321678900246589
3688,-0.15477909750774288
3689,-0.4657268065922559
3690,-0.7275692662555233
3691,-1.065272004816018
3692,-0.93549025974899
3693,-0.93549025974899
3694,-0.3773394432210839
3695,-0.8071989027400157
3696,-0.93549025974899
3697,-0.93549025974899
3698,-0.93549025974899
3699,-1.2995825993464383
3700,-0.8051694319547398
3701,-0.01539757877525648
3702,-0.02341345264575967
3703,-0.4214631473564272
3704,-0.93549025974899
3705,-0.46580525425101016
3706,-0.2730093989603254
3707,-1.4702306029799104
3708,-0.08075648744041075
3709,-0.030618657905702867
3710,-0.93549025974899
3711,-0.5436691527010571
3712,-0.47487874118983653
3713,-0.8568742131452609
3714,-0.93549025974899
3715,-0.1858734574608133
3716,-0.6806427718098806
3717,-0.93549025974899
3718,-0.18464180836590183
3719,-0.93549025974899
3720,-0.1197731615949853
3721,-0.8015357227905842
3722,-0.6686921949772291
3723,-0.6241491872789666
3724,-0.044720324495225346
3725,-0.93549025974899
3726,-0.93549025974899
3727,-0.7277641755940198
3728,-0.4659941422968887
3729,-0.4780141187337873
3730,-0.7315126275614947
3731,-0.8633344810315595
3732,-0.5186118106363793
3733,-0.930617501306557
3734,-0.9019648031529659
3735,-0.93549025974899
3736,-0.93549025974899
3737,-0.7390029627782475
3738,-0.6041947196696107
3739,-1.0455090798840914
3740,-0.93549025974899
3741,-0.7562226068733597
3742,-0.6858501728254431
3743,-0.93549025974899
3744,-0.7752350335353189
3745,-0.5013869440347207
3746,-0.93549025974899
3747,-0.93549025974899
3748,-0.09135968094684452
3749,-0.5098920335973052
3750,-0.93549025974899
3751,-0.93549025974899
3752,-0.4657618465616509
3753,-0.93549025974899
3754,-0.93549025974899
3755,-0.93549025974899
3756,-0.7488699913243302
3757,-0.2896107594792241
3758,-0.93549025974899
3759,-0.8634145947882264
3760,-0.4657582282163366
3761,-0.93549025974899
3762,-0.25316965571815686
3763,-0.6531177595807325
3764,-0.93549025974899
3765,-0.7270859166212809
3766,-0.3649010545001201
3767,-0.854580112145289
3768,-0.5039376544508909
3769,-0.5254132224032055
3770,-0.7202576637101732
3771,-0.7705948212862044
3772,-0.7437164596202184
3773,-1.6498119409294123
3774,-0.7430772143272524
3775,-1.5147972880022351
3776,-0.6523604482714696
3777,-0.5578133603629376
3778,-0.7101461774855355
3779,-0.469836527989657
3780,-0.93549025974899
3781,-0.7086772087015518
3782,-0.8073086374266608
3783,-0.5224270190406788
3784,-0.93549025974899
3785,-0.93549025974899
3786,-1.990055193002819
3787,-0.6615651943336776
3788,-0.46972414731450307
3789,-0.93549025974899
3790,-0.93549025974899
3791,-1.892892744947746
3792,-2.0787624951091814
3793,-0.93549025974899
3794,-0.93549025974899
3795,-0.4722157874461703
3796,-0.4881649549024054
3797,-0.4766876785234402
3798,-0.7031685567633943
3799,-0.6029331636342086
3800,-0.326476503830472
3801,-0.7126783568683415
3802,-0.5835813930698794
3803,-0.5532953014742561
3804,-0.5321862512916198
3805,-0.7912609117384548
3806,-0.629586301889292
3807,-0.797434135809997
3808,-0.20459268024731303
3809,-0.8044004160538982
3810,-0.93549025974899
3811,-0.4805613252876536
3812,-1.019548893144533
3813,-0.7183167734642169
3814,-0.93549025974899
3815,-0.93549025974899
3816,-0.93549025974899
3817,-0.7497764509187395
3818,-0.4704556554995989
3819,-0.93549025974899
3820,-0.4287591479244188
3821,-1.050668303282528
3822,-0.5642516210352437
3823,-1.153944702338272
3824,-0.2948841160730926
3825,-0.807441403837601
3826,-0.8562166644246094
3827,-0.46976654663786016
3828,-0.7560288081317665
3829,-0.9332009582013256
3830,-0.7199782558741787
3831,-0.8657420929413906
3832,-0.5999482584788041
3833,-0.93549025974899
3834,-0.493026752953162
3835,-0.6743913944199154
3836,-0.7627955935522284
3837,-1.6712776810951357
3838,-0.93549025974899
3839,-1.9316444743799028
3840,-0.640281016363291
3841,-0.534263836601403
3842,-0.4678678109703035
3843,-0.46585954106398725
3844,-0.998859695254021
3845,-0.93549025974899
3846,-0.93549025974899
3847,-1.6934568278544493
3848,-0.028699882726594746
3849,-0.8603624123307885
3850,-0.4816665313514631
3851,-0.8121811361583103
3852,-0.93549025974899
3853,-0.93549025974899
3854,-0.46715570903496506
3855,-0.93549025974899
3856,-0.07438694109866228
3857,-0.93549025974899
3858,-0.479868464809612
3859,-0.1647642865238237
3860,-0.5447574471488981
3861,-0.8042649873668442
3862,-0.93549025974899
3863,-0.93549025974899
3864,-0.756310897363635
3865,-0.5845792542779282
3866,-0.7556065048505278
3867,-0.93549025974899
3868,-0.5328246686789164
3869,-0.8397431342872199
3870,-0.0031113969785579072
3871,-0.5654606068493124
3872,-0.8159507444524436
3873,-1.0608143448401766
3874,-0.7619810005989738
3875,-0.7540315745401642
3876,-0.25747063909532963
3877,-0.93549025974899
3878,-0.4301484691605566
3879,-0.35503035582871867
3880,-0.93549025974899
3881,-0.10631525064456243
3882,-0.93549025974899
3883,-0.6075032152055293
3884,-0.93549025974899
3885,-0.1275126362847807
3886,-0.47376778363654504
3887,-0.5656849340750036
3888,-0.5044198325229599
3889,-0.93549025974899
3890,-0.18501409933805857
3891,-0.6421525188848864
3892,-1.6071280499716867
3893,-0.6230065396652282
3894,-1.3287712447082143
3895,-0.6554796304511346
3896,-0.5633601605382332
3897,-0.5516992084555281
3898,-1.2512086589746563
3899,-0.707698527216909
3900,-0.6383433765787494
3901,-0.5100166883512163
3902,-1.0338649691008062
3903,-0.48460065864828294
3904,-1.237958423927786
3905,-0.5113111816392752
3906,-0.11716719536331555
3907,-0.6962743006502254
3908,-0.7356652989656745
3909,-0.469608776662664
3910,-0.7483289080702082
3911,-0.4746186167932427
3912,-1.0831210765663357
3913,-0.47843711375582965
3914,-0.93549025974899
3915,-0.93549025974899
3916,-0.3176428359868724
3917,-0.4185531584194919
3918,-0.22646525896219538
3919,-0.5596958240651753
3920,-0.93549025974899
3921,-0.5654465648182967
3922,-0.5875527467895556
3923,-0.6288694255559797
3924,-0.5000913049885369
3925,-0.5882265669916809
3926,-0.5108049067187772
3927,-0.93549025974899
3928,-1.9026888371701034
3929,-0.93549025974899
3930,-0.5081557198957296
3931,-0.33378940767221366
3932,-0.93549025974899
3933,-0.19810540012415778
3934,-0.47822467821640047
3935,-0.4991120109750491
3936,-0.10439341376696473
3937,-2.2889224948882614
3938,-0.4661260554073529
3939,-0.5528951700519844
3940,-0.7027357422144451
3941,-1.6255457566348994
3942,-0.43238612127091125
3943,-0.8738903134891602
3944,-0.8260060471279829
3945,-0.4744243928870491
3946,-1.4817607182947157
3947,-0.6733679090159922
3948,-0.93549025974899
3949,-0.8087381156159612
3950,-0.7049130694842063
3951,-0.11707185341485804
3952,-0.47785979280456914
3953,-0.49479449928883146
3954,-0.8072528421099197
3955,-0.1446503447459523
3956,-1.0169734447937415
3957,-0.7562347829281979
3958,-0.7619903144434836
3959,-0.48308326878186536
3960,-0.46636682784157835
3961,-0.47022729297020627
3962,-1.0425733941326953
3963,-0.93549025974899
3964,-0.93549025974899
3965,-0.46978420562602363
3966,-0.3915775323342747
3967,-1.3793490090673561
3968,-0.5150406515518395
3969,-0.4839396496202433
3970,-0.7007513874795226
3971,-0.93549025974899
3972,-0.43958744081942314
3973,-0.93549025974899
3974,-0.93549025974899
3975,-0.7690184516498437
3976,-0.5263503114325752
3977,-0.8111187489420377
3978,-0.920305602069492
3979,-0.1983501627820381
3980,-0.573049017097933
3981,-0.7988285201592191
3982,-0.5884972224710361
3983,-0.5411312740026077
3984,-0.7730574754141006
3985,-1.6587613221265247
3986,-0.29824530776513036
3987,-0.93549025974899
3988,-0.93549025974899
3989,-0.9907920842353679
3990,-0.93549025974899
3991,-1.611939847124809
3992,-0.6923363669353524
3993,-0.6830928723406604
3994,-0.9157866275252964
3995,-0.93549025974899
3996,-0.93549025974899
3997,-1.1890037786661924
3998,-0.015333816255839215
3999,-0.6670211763459974
4000,-1.2610098843941504
4001,-15.733719212445006
4002,-1.6755103010002177
4003,-0.5595498067066118
4004,-0.8078786435005323
4005,-0.5253631361807654
4006,-0.93549025974899
4007,-1.9433045950737835
4008,-2.2607774593057073
4009,-0.93549025974899
4010,-0.5570276023421208
4011,-1.2738887047491119
4012,-0.46990542985822503
4013,-0.2012460202434372
4014,-1.147236535854086
4015,-0.93549025974899
4016,-0.6046896503887709
4017,-0.825210729960947
4018,-0.93549025974899
4019,-0.10020184464689808
4020,-0.93549025974899
4021,-0.93549025974899
4022,-0.03560774750302789
4023,-0.39274474059606324
4024,-0.93549025974899
4025,-0.5364623091280483
4026,-0.8230509808650611
4027,-0.93549025974899
4028,-0.2234724611675265
4029,-0.5473747835929701
4030,-0.93549025974899
4031,-0.4720157190031342
4032,-0.93549025974899
4033,-0.499934092335657
4034,-0.22982453738908504
4035,-0.07858949185093822
4036,-0.927807477487665
4037,-0.5548604594649422
4038,-0.93549025974899
4039,-1.3588588273712734
4040,-0.46983738676160275
4041,-0.93549025974899
4042,-0.93549025974899
4043,-0.47881175163394296
4044,-0.93549025974899
4045,-0.5142300426662296
4046,-0.5468860290740332
4047,-0.2804023282527659
4048,-0.2600442097731368
4049,-0.5082905155096591
4050,-0.93549025974899
4051,-0.5978369713995058
4052,-1.9474657549560064
4053,-0.7929681106558863
4054,-0.5919876537828817
4055,-0.7705190589910167
4056,-0.6413724645931929
4057,-0.7044990071367696
4058,-0.28359742098270324
4059,-0.5668104231600708
4060,-0.5268579410027692
4061,-0.040588765305312524
4062,-0.4006774630804877
4063,-0.502061274283522
4064,-1.256301833068079
4065,-0.93549025974899
4066,-0.9065522214946942
4067,-0.93549025974899
4068,-0.6258489007230601
4069,-0.4664562027390098
4070,-0.490519601102378
4071,-0.93549025974899
4072,-1.5992672748030419
4073,-0.5690634026207366
4074,-1.0543278419712454
4075,-0.9177148903624222
4076,-0.5231421085207177
4077,-0.93549025974899
4078,-0.93549025974899
4079,-0.93549025974899
4080,-0.6203910939764867
4081,-0.93549025974899
4082,-0.93549025974899
4083,-0.93549025974899
4084,-0.45137165134972124
4085,-0.4282926947533543
4086,-1.0714463518826318
4087,-0.8497686325439879
4088,-0.6723966487070818
4089,-0.8003977580947552
4090,-0.93549025974899
4091,-0.2902314635942749
4092,-0.5274820518860559
4093,-9.540833827927923
4094,-0.93549025974899
4095,-0.885003312633744
4096,-2.186795442147691
4097,-0.5009684853565891
4098,-0.9052269693155655
4099,-1.2835642497977915
4100,-0.93549025974899
4101,-0.93549025974899
4102,-0.3563448330253327
4103,-0.5543219065152929
4104,-0.4750950205839529
4105,-0.996604012684168
4106,-0.5369465175858785
4107,-0.31865166907700804
4108,-0.8913860541675831
4109,-0.93549025974899
4110,-0.93549025974899
4111,-0.012104353062807799
4112,-0.93549025974899
4113,-0.93549025974899
4114,-1.0214105585733027
4115,-0.4740171314704611
4116,-0.93549025974899
4117,-0.20559197213475588
4118,-0.93549025974899
4119,-0.93549025974899
4120,-0.93549025974899
4121,-0.93549025974899
4122,-0.7925339333008488
4123,-0.47418624851445934
4124,-0.93549025974899
4125,-0.93549025974899
4126,-0.9847194458349193
4127,-0.4663190604223183
4128,-0.8197473319052939
4129,-0.93549025974899
4130,-0.5001909319054652
4131,-0.8705679338017962
4132,-0.8289829862097271
4133,-0.93549025974899
4134,-0.47005736717738866
4135,-0.47237799426869787
4136,-0.7156102135808773
4137,-0.47622521202615353
4138,-0.93549025974899
4139,-1.7218013251943276
4140,-0.3525513707182455
4141,-0.5027148185971808
4142,-1.1005229223408453
4143,-0.93549025974899
4144,-0.549633692876613
4145,-0.4729686008018419
4146,-0.6012515125031204
4147,-0.93549025974899
4148,-0.6327913638764304
4149,-0.5978624493702753
4150,-0.4698453885296566
4151,-0.7902169633252996
4152,-0.93549025974899
4153,-0.6008682289482525
4154,-0.4657276779933335
4155,-0.10425289995603332
4156,-0.5280666528382483
4157,-0.5949277237501978
4158,-0.93549025974899
4159,-0.5826805758526713
4160,-0.7272278442895743
4161,-0.9206256446970862
4162,-1.1000758172506906
4163,-0.93549025974899
4164,-0.6750035055526453
4165,-0.49249841055444366
4166,-0.518516179122257
4167,-0.16669303992602025
4168,-0.48204424305575977
4169,-0.640448064813329
4170,-0.06728867017658402
4171,-0.93549025974899
4172,-0.20768165202859745
4173,-0.642334238555236
4174,-0.5689263287139146
4175,-0.6055893103824772
4176,-0.5004415340478254
4177,-1.1219959914047468
4178,-0.9766751763165757
4179,-0.93549025974899
4180,-0.93549025974899
4181,-0.492305993665367
4182,-0.93549025974899
4183,-0.93549025974899
4184,-0.5391712054465825
4185,-0.93549025974899
4186,-0.6817819147171765
4187,-0.5714120398643101
4188,-0.93549025974899
4189,-0.670189606234235
4190,-0.93549025974899
4191,-0.93549025974899
4192,-0.33626311809187115
4193,-0.5693792174239309
4194,-0.7935386803783206
4195,-0.5907159247369749
4196,-0.47634769371840635
4197,-0.6263030106213208
4198,-0.5906911657920375
4199,-0.93549025974899
4200,-0.519510305549602
4201,-0.93549025974899
4202,-0.88960591444323
4203,-0.5329840696113042
4204,-0.9155236170316883
4205,-0.47158795720196134
4206,-0.7231428689370389
4207,-0.22042586580965917
4208,-0.93549025974899
4209,-0.4730931918212353
4210,-0.7947911085846506
4211,-0.472088173274952
4212,-0.495127230774024
4213,-0.875858849548921
4214,-0.47040041587759207
4215,-0.7677106087868424
4216,-0.93549025974899
4217,-0.4731994809964083
4218,-0.93549025974899
4219,-0.93549025974899
4220,-0.48169486572860365
4221,-0.93549025974899
4222,-0.93549025974899
4223,-0.40374614659388186
4224,-0.47189555587892595
4225,-0.93549025974899
4226,-0.15858560593621807
4227,-0.589296484980212
4228,-0.8754292219064599
4229,-0.93549025974899
4230,-0.10330116664720473
4231,-0.93549025974899
4232,-0.47456592482760884
4233,-0.4702776686627965
4234,-0.22240394514829664
4235,-0.93549025974899
4236,-0.5359241761494662
4237,-0.5592592547326447
4238,-0.93549025974899
4239,-0.27359690656427205
4240,-1.0794494908516536
4241,-0.918836744942924
4242,-0.41296062783866105
4243,-0.6753526126979068
4244,-0.93549025974899
4245,-0.93549025974899
4246,-0.0261027852379645
4247,-0.9413290701983446
4248,-0.5442259241928
4249,-0.5180633664389611
4250,-0.93549025974899
4251,-0.8896274618534594
4252,-0.02844156063384124
4253,-0.797443165866742
4254,-0.3586385858034835
4255,-0.6310462352238222
4256,-0.515029869852814
4257,-0.4727727867110981
4258,-0.93549025974899
4259,-0.93549025974899
4260,-0.93549025974899
4261,-0.6035605773170438
4262,-0.93549025974899
4263,-0.93549025974899
4264,-0.4866890027904286
4265,-1.789230005857128
4266,-0.4986157087149401
4267,-0.8823372499064366
4268,-0.93549025974899
4269,-0.4331275183844405
4270,-0.4904940126118209
4271,-0.6091317589413965
4272,-0.93549025974899
4273,-0.8204597856118063
4274,-0.2854284535718037
4275,-1.0659090691286668
4276,-0.3635395625694948
4277,-0.44426291282088926
4278,-0.5535761529563268
4279,-0.7337839349589661
4280,-0.5375715161669667
4281,-0.42200241122092486
4282,-0.7211739295716146
4283,-0.5320977847929478
4284,-0.93549025974899
4285,-0.7652913973414641
4286,-0.93549025974899
4287,-0.9449440922644285
4288,-0.93549025974899
4289,-0.800943001280503
4290,-0.506742605175905
4291,-0.5162721144019149
4292,-0.93549025974899
4293,-0.48719025554593653
4294,-0.3237313495982974
4295,-0.93549025974899
4296,-0.5895009004387828
4297,-0.5965716108414245
4298,-0.08440874712209981
4299,-0.93549025974899
4300,-0.46693132330145026
4301,-0.825786270624123
4302,-1.529854839690934
4303,-0.5735307211129772
4304,-0.3689352594425128
4305,-0.93549025974899
4306,-0.28322659522482363
4307,-0.36270611583575274
4308,-0.4018390298480643
4309,-0.4699962592530569
4310,-0.49555220290497504
4311,-0.7103405838251664
4312,-0.7990288224712039
4313,-0.4839634462348048
4314,-0.09185007357935951
4315,-0.93549025974899
4316,-1.0316871848861098
4317,-1.0365199496353856
4318,-0.24033233199764092
4319,-0.7136151773251189
4320,-0.93549025974899
4321,-0.93549025974899
4322,-0.4092891005643118
4323,-0.7893036921212406
4324,-0.5153626375590492
4325,-0.93549025974899
4326,-0.5143744204794385
4327,-0.034837774503796576
4328,-0.5363410656940037
4329,-0.4683922458053199
4330,-0.93549025974899
4331,-1.776822348483762
4332,-0.35331752332868405
4333,-0.5917901637032674
4334,-0.6492605705755654
4335,-0.8228683245286632
4336,-0.44875037818523156
4337,-0.6869036999413414
4338,-0.93549025974899
4339,-0.6029105252250719
4340,-0.4869308830493041
4341,-0.47166767834622647
4342,-0.4068295371761539
4343,-0.19298914525905575
4344,-0.93549025974899
4345,-0.8563777080533885
4346,-1.0216782569422396
4347,-1.0181110280380157
4348,-0.93549025974899
4349,-0.47818917951233886
4350,-0.4965298619957689
4351,-0.4478787578183745
4352,-0.93549025974899
4353,-0.020684656213249247
4354,-0.93549025974899
4355,-0.16377279197326544
4356,-0.93549025974899
4357,-0.5014666094979963
4358,-0.5397378628084959
4359,-0.93549025974899
4360,-0.8769372783164329
4361,-0.6928652720995458
4362,-0.47040728616865435
4363,-0.49917841401642715
4364,-0.6471848170519969
4365,-0.3370667728812464
4366,-0.93549025974899
4367,-0.93549025974899
4368,-0.93549025974899
4369,-0.5633348108071523
4370,-0.93549025974899
4371,-0.4654743584305585
4372,-0.38941795825646075
4373,-0.7535094690861843
4374,-0.93549025974899
4375,-0.10274907956862167
4376,-0.93549025974899
4377,-0.4699493435093607
4378,-0.37237134891779045
4379,-0.03270386212599519
4380,-0.7038132781063045
4381,-0.26996756155414126
4382,-0.1533243658170217
4383,-0.19395173293404533
4384,-1.0663727472498934
4385,-0.4657252910169171
4386,-0.5198844675888097
4387,-0.4192799652437209
4388,-1.1883260528880601
4389,-0.505490329371654
4390,-0.4669628926688072
4391,-1.080214496309532
4392,-0.93549025974899
4393,-0.47155297076997194
4394,-0.47047961407409666
4395,-1.3707146948511633
4396,-0.93549025974899
4397,-0.7546717970916124
4398,-0.93549025974899
4399,-0.5895563224807354
4400,-0.474449542850774
4401,-0.479396515414237
4402,-0.2289888778088116
4403,-0.913862768761442
4404,-0.93549025974899
4405,-0.7478211135577375
4406,-0.1078948040534482
4407,-0.55599408074008
4408,-0.6624795535182741
4409,-0.5022525785171852
4410,-0.44057599859436936
4411,-0.93549025974899
4412,-0.47722719071228437
4413,-0.93549025974899
4414,-0.4017756039375744
4415,-0.480582284028059
4416,-0.556248629574748
4417,-0.46601015476785895
4418,-0.7371975191080953
4419,-0.3483189644241791
4420,-0.3343681754622456
4421,-0.49363407752402333
4422,-0.5663040502600811
4423,-0.4726794830383756
4424,-0.93549025974899
4425,-0.93549025974899
4426,-0.93549025974899
4427,-0.8257412572555793
4428,-0.47750054428446564
4429,-0.4913892992621395
4430,-0.773523635858071
4431,-0.5054958150839775
4432,-0.14476225269090737
4433,-0.5404546954228864
4434,-0.30815324668704136
4435,-0.7276544896456905
4436,-0.5654406140551238
4437,-0.93549025974899
4438,-0.03073477251129675
4439,-0.49449793152995136
4440,-0.93549025974899
4441,-0.09465274558856962
4442,-0.7656909822577109
4443,-0.336271203047966
4444,-0.7974453543989188
4445,-0.780506660670568
4446,-0.1584177715822208
4447,-0.93549025974899
4448,-0.6314994723428846
4449,-0.03726941019641439
4450,-0.7489091286335281
4451,-0.42142139134054624
4452,-0.7777511271489477
4453,-0.47514750171705
4454,-0.0917900974851027
4455,-0.6913614079914687
4456,-0.7180015638315655
4457,-0.7018069760557513
4458,-0.93549025974899
4459,-0.48970552687198854
4460,-0.26655845482818663
4461,-0.5712563218547828
4462,-0.6738368321800525
4463,-0.5190248404645357
4464,-0.535586425690628
4465,-0.7741791831598732
4466,-0.8538849312160668
4467,-0.7735590043388587
4468,-0.4658058782140377
4469,-0.4875492956499472
4470,-0.620996451677664
4471,-1.1697425494454023
4472,-1.1674499206073108
4473,-0.40623601279370547
4474,-0.93549025974899
4475,-0.5209423081612798
4476,-0.4522361930770168
4477,-0.8303544166599597
4478,-0.5545580173223428
4479,-0.7628113817471149
4480,-1.0586783279389
4481,-0.4940308742799844
4482,-0.8458036125505863
4483,-0.6256643000380695
4484,-0.38681546339649486
4485,-0.38074127725768436
4486,-0.4681175989022268
4487,-0.39188010055803446
4488,-1.5096906889256445
4489,-0.12658168831369931
4490,-1.1751741034433483
4491,-0.5898859083973584
4492,-0.5296636562198977
4493,-0.93549025974899
4494,-0.4796111722007269
4495,-0.24659378979658086
4496,-0.47161908954481035
4497,-0.46579960750736105
4498,-0.93549025974899
4499,-0.36662785171159307
4500,-0.93549025974899
4501,-0.93549025974899
4502,-0.8029972663394691
4503,-0.5852046743623625
4504,-0.6114881560612151
4505,-0.49909971239689854
4506,-0.6807454420014416
4507,-0.93549025974899
4508,-0.10245975686639108
4509,-0.7205666332265288
4510,-0.7231602148811707
4511,-0.93549025974899
4512,-0.26438901547335647
4513,-0.93549025974899
4514,-0.6910892939370434
4515,-0.575196509553848
4516,-0.7822681940756073
4517,-0.7309182895466737
4518,-0.93549025974899
4519,-0.9110363154382757
4520,-1.0738733722674443
4521,-1.0211410486707848
4522,-0.534558487375083
4523,-0.7664674595527732
4524,-0.93549025974899
4525,-0.09937568379579098
4526,-0.9098405305895074
4527,-0.4723663642500875
4528,-0.93549025974899
4529,-0.93549025974899
4530,-0.658141782347359
4531,-0.3829835915920925
4532,-0.2743693055864882
4533,-0.4671974781196529
4534,-0.09119211574213933
4535,-0.93549025974899
4536,-0.47689005040937227
4537,-0.6959738777656561
4538,-1.1980859357921592
4539,-0.48091501717327134
4540,-0.5271864740672272
4541,-0.80483430363957
4542,-0.5145908805374013
4543,-0.5138440161139233
4544,-0.5726307535532218
4545,-0.47303679146690736
4546,-0.5726238082455328
4547,-0.93549025974899
4548,-0.46573237247922555
4549,-0.48597771967682946
4550,-0.47450185264239453
4551,-0.93549025974899
4552,-0.4795358442023875
4553,-0.93549025974899
4554,-0.3973002079489607
4555,-0.036238665250454716
4556,-0.18269392775853668
4557,-0.5161429060040423
4558,-0.93549025974899
4559,-0.93549025974899
4560,-0.5938532331198179
4561,-0.93549025974899
4562,-0.7551096860014539
4563,-0.5143031696921643
4564,-0.8896269808206672
4565,-0.4715131397290775
4566,-0.5264556688894317
4567,-0.8835162853388603
4568,-0.09315157259232798
4569,-0.5170624306236093
4570,-0.4820112646405611
4571,-0.93549025974899
4572,-0.93549025974899
4573,-0.15947459815901155
4574,-0.8913515725855135
4575,-0.5284881427621557
4576,-0.48249728459156593
4577,-0.403452786198347
4578,-0.5806337949361282
4579,-0.7779162231253611
4580,-0.93549025974899
4581,-0.5957754129845672
4582,-0.1974091762871759
4583,-0.93549025974899
4584,-0.5507920883093949
4585,-0.4846578268553703
4586,-0.6898930326144672
4587,-0.93549025974899
4588,-0.7430383276609067
4589,-0.38950913406237797
4590,-0.93549025974899
4591,-0.8581161521468506
4592,-0.93549025974899
4593,-0.9787138919784866
4594,-0.546530558209064
4595,-0.93549025974899
4596,-0.427255973471663
4597,-0.5472087636976131
4598,-0.7192950344500311
4599,-0.93549025974899
4600,-0.025756651398988785
4601,-0.8809032607790108
4602,-0.9702706366014926
4603,-0.39856570263746116
4604,-0.4999327100410178
4605,-0.3384051645229472
4606,-0.43138046881542325
4607,-1.6622977557882521
4608,-0.1822975552228319
4609,-0.5363792306816393
4610,-0.14297538000103316
4611,-0.93549025974899
4612,-0.472707096350785
4613,-0.5981111139520525
4614,-0.93549025974899
4615,-0.9653093099630272
4616,-0.93549025974899
4617,-0.17350284849637143
4618,-0.93549025974899
4619,-0.20899576478146153
4620,-0.5117066624489177
4621,-0.4944200888479888
4622,-0.4720487502554357
4623,-0.8622327175009676
4624,-0.03993677903258554
4625,-0.5680571076271157
4626,-0.6332350561171332
4627,-0.8756182031326265
4628,-1.0157643100793496
4629,-0.93549025974899
4630,-0.1349599064353707
4631,-0.752972101100795
4632,-0.6803669928697236
4633,-0.93549025974899
4634,-0.93549025974899
4635,-0.47453966851494167
4636,-0.47969939765042835
4637,-0.49200480495718013
4638,-5.79582269238956
4639,-0.4675479316318274
4640,-0.4690231140094898
4641,-0.2050049488085677
4642,-0.46592321257854685
4643,-0.2553243612702555
4644,-0.14670106739506286
4645,-0.5977060043143685
4646,-0.16701427456365459
4647,-0.6265312551744451
4648,-0.7316253244635824
4649,-4.555470564481423
4650,-0.08652450173178439
4651,-1.1051310644299477
4652,-0.469865485459025
4653,-0.1553029085504578
4654,-0.93549025974899
4655,-0.48325140130440414
4656,-0.2122935753152988
4657,-0.3741847011000767
4658,-0.93549025974899
4659,-0.7148105412103636
4660,-0.2428660713363924
4661,-0.8044807696937841
4662,-0.40427321130551563
4663,-0.07595569990039985
4664,-0.93549025974899
4665,-0.6236062320687985
4666,-0.5335023368559004
4667,-0.47010086112212757
4668,-0.15736276364009294
4669,-0.48212495119289056
4670,-0.4665586186897466
4671,-0.14783756206409493
4672,-0.07931480415569603
4673,-0.5506237852750147
4674,-0.5509965973435063
4675,-0.93549025974899
4676,-0.27171686524557837
4677,-0.5682284238058881
4678,-0.12435088806859174
4679,-0.01981597610928587
4680,-0.5012517602230617
4681,-0.5324580866716517
4682,-0.09564090249592427
4683,-0.6029556180371323
4684,-0.8506904533548756
4685,-0.6390672316309622
4686,-0.06907862093025852
4687,-0.2578195298523984
4688,-0.5878474342785087
4689,-0.04408872131118735
4690,-0.42528787646316646
4691,-0.7470806886008408
4692,-0.1574551121437442
4693,-1.0242289348551825
4694,-0.048245651599593486
4695,-0.7357115052389975
4696,-0.46773397238505376
4697,-0.5928136553240666
4698,-0.93549025974899
4699,-0.23096897545369233
4700,-0.750188838371594
4701,-0.5592913844485032
4702,-0.4786406000998974
4703,-0.20635974915873767
4704,-0.5175877181116797
4705,-0.5187094170331883
4706,-1.2011215486826234
4707,-0.6324094858435458
4708,-0.799816003787388
4709,-0.8186782914761128
4710,-0.48786231294818017
4711,-0.027323207573032665
4712,-0.5660320687236777
4713,-0.0868939674606205
4714,-0.5710597370055783
4715,-0.93549025974899
4716,-0.4804965995178083
4717,-0.47831417385502917
4718,-0.93549025974899
4719,-0.47109908322338123
4720,-0.93549025974899
4721,-0.7108383782393677
4722,-0.822105202884277
4723,-0.808788127875463
4724,-1.9543799604090282
4725,-0.4944593773397471
4726,-0.6144709736344343
4727,-0.5751932114749967
4728,-0.4722060900947779
4729,-0.5543855994383833
4730,-0.3240626895464064
4731,-0.16383688593560786
4732,-0.4966544945370793
4733,-0.93549025974899
4734,-0.5850039428413272
4735,-1.2473926364090886
4736,-0.8907268246318853
4737,-0.7829893162888268
4738,-0.5892440276586743
4739,-0.4019616365776191
4740,-0.4673500371563283
4741,-0.93549025974899
4742,-0.4505060881920464
4743,-0.93549025974899
4744,-0.2117309054725186
4745,-0.49749496947275595
4746,-0.5464156005639556
4747,-0.7261943747064699
4748,-0.8063346319219011
4749,-4.391231096861558
4750,-0.6326756041562209
4751,-1.1103924440956803
4752,-0.812286334362657
4753,-0.47192594659249076
4754,-0.3447936995240709
4755,-0.93549025974899
4756,-1.1535478840457625
4757,-0.6046077018635395
4758,-0.47221182689639596
4759,-0.5445186386117921
4760,-0.4736368275438232
4761,-0.29123556645896287
4762,-0.29119947468774304
4763,-0.17867406128519336
4764,-0.4882167478820283
4765,-0.9680374483444965
4766,-0.6076506522813254
4767,-0.93549025974899
4768,-0.93549025974899
4769,-0.49068931692463735
4770,-0.2580645866688531
4771,-0.5220693272956982
4772,-0.053332171919923455
4773,-0.4549533168603581
4774,-1.0639901989840155
4775,-0.4621812556347926
4776,-0.7700519127114269
4777,-0.4974821670314339
4778,-0.8236723145277267
4779,-0.93549025974899
4780,-0.7813853454464436
4781,-0.20609158923796045
4782,-0.4724450107615241
4783,-0.05377485997231091
4784,-0.4728769202907107
4785,-0.5717795116671098
4786,-0.93549025974899
4787,-0.6103142561855979
4788,-0.6402192468521157
4789,-0.6890326790655799
4790,-5.979799907661285
4791,-0.8155916980313851
4792,-0.4813099540045035
4793,-0.93549025974899
4794,-1.0207032478585578
4795,-0.93549025974899
4796,-0.7834341654753487
4797,-0.7901301714852327
4798,-0.5677235911750125
4799,-0.5673919360844373
4800,-0.4919227247370418
4801,-0.7186210817222491
4802,-0.41391106549804135
4803,-0.5530576162875769
4804,-0.49365866490640287
4805,-0.41859868971711656
4806,-0.47071036148658907
4807,-0.14629888086916276
4808,-0.150806867847746
4809,-0.08256962921792335
4810,-0.93549025974899
4811,-0.5084950465465035
4812,-0.39630984008803516
4813,-0.7221681610591588
4814,-0.1499447664313971
4815,-0.5067658094117977
4816,-0.6684078164074538
4817,-0.4690455330438794
4818,-0.93549025974899
4819,-0.5210269393020628
4820,-0.5712854630226847
4821,-0.18878174171528217
4822,-0.8183542554989689
4823,-0.93549025974899
4824,-0.4731066514566358
4825,-0.6866182899196076
4826,-0.93549025974899
4827,-0.39917249355625906
4828,-0.5099300417952755
4829,-0.5308883931281834
4830,-0.3599601440977569
4831,-0.5253521256584119
4832,-1.1754636455971266
4833,-0.16169741857972042
4834,-0.7192102167853154
4835,-0.613202637470895
4836,-0.029770609525022196
4837,-0.6241379992606415
4838,-0.4799358702452797
4839,-0.93549025974899
4840,-0.4662864548489641
4841,-0.7765489353869715
4842,-0.6374711393387873
4843,-0.21054994968158447
4844,-0.4503019260573957
4845,-0.37662440911573514
4846,-0.7765534541980745
4847,-0.8766420370632275
4848,-0.49312547911979643
4849,-0.06073811489016245
4850,-0.08693057781592595
4851,-0.3382176129656306
4852,-0.9308338892473689
4853,-0.4703886473300025
4854,-0.5120056825194195
4855,-0.4715480388346145
4856,-0.001050895595036926
4857,-0.3836670827743913
4858,-0.46843698417906277
4859,-0.052951346161556945
4860,-0.040285738333139975
4861,-0.42679416189756125
4862,-0.47309348111085114
4863,-0.93549025974899
4864,-0.7908914753712271
4865,-0.9422328054529601
4866,-0.93549025974899
4867,-0.46594995154221275
4868,-0.8104042754096739
4869,-1.0239852550520894
4870,-0.5023674730519212
4871,-0.997108835703779
4872,-0.93549025974899
4873,-0.45061751464845795
4874,-0.03762974420356757
4875,-0.7769482990789882
4876,-0.629909296495784
4877,-0.93549025974899
4878,-0.5388116782680221
4879,-0.537461446947296
4880,-0.42794927754245293
4881,-0.47357622243478525
4882,-0.46839634752570647
4883,-0.04152348895596891
4884,-0.311179408415621
4885,-0.49644254138362465
4886,-0.93549025974899
4887,-0.9181399033655069
4888,-0.8325981510109053
4889,-0.93549025974899
4890,-0.4709364566985199
4891,-0.49347259406801536
4892,-0.5377950658917539
4893,-0.93549025974899
4894,-0.4947882369498964
4895,-0.1130760181290531
4896,-0.49242982012931613
4897,-0.926273511027107
4898,-0.93549025974899
4899,-0.06525659558102692
4900,-0.695160262129848
4901,-0.05679933395732428
4902,-0.93549025974899
4903,-0.93549025974899
4904,-0.49401550290838836
4905,-0.4242407585609058
4906,-0.03867844023483635
4907,-0.037456769044377676
4908,-0.26543685149074214
4909,-0.21794043715008374
4910,-0.5391877168577288
4911,-0.9076284174326834
4912,-0.93549025974899
4913,-0.38667097365573966
4914,-0.8139964641752062
4915,-0.6449342708608956
4916,-0.4753106804242285
4917,-0.003046221492981227
4918,-1.1173442325105842
4919,-0.7486503842603316
4920,-0.8327159488124938
4921,-0.5349208404956247
4922,-0.4913092850476155
4923,-0.7860281410821024
4924,-0.8457787204879654
4925,-0.4815769664800956
4926,-0.7316984715566903
4927,-0.46589988765923795
4928,-0.20879343558185548
4929,-0.4392229585261149
4930,-0.0751228769170974
4931,-0.30097747074808234
4932,-0.43829764161937
4933,-0.93549025974899
4934,-0.6931304530890703
4935,-0.22239511691121205
4936,-0.5300690858168218
4937,-0.8353654730059237
4938,-1.1429290430595995
4939,-0.7181519172176767
4940,-0.6954011294375153
4941,-0.47076853296545834
4942,-0.5797210098269425
4943,-0.93549025974899
4944,-0.6057526582547101
4945,-0.19178028506130218
4946,-0.93549025974899
4947,-0.397628542840323
4948,-0.6694100378926198
4949,-0.5207884490869241
4950,-0.971691152528388
4951,-0.5474447331766115
4952,-0.465898441871946
4953,-0.6351636655381113
4954,-1.001546195260163
4955,-0.5893993727655289
4956,-0.734159417940079
4957,-0.6949608831710989
4958,-0.39913018975669345
4959,-0.9669780048958732
4960,-0.93549025974899
4961,-0.9107257535223301
4962,-0.018352488443060727
4963,-0.93549025974899
4964,-0.93549025974899
4965,-0.4744213960625481
4966,-0.7555748728137708
4967,-0.48983197638918174
4968,-0.46014897663141063
4969,-0.021922917345236666
4970,-0.964164938497909
4971,-0.46635091714846344
4972,-0.4697638657777703
4973,-0.22147653886666063
4974,-0.913107870300367
4975,-0.66123668614404
4976,-0.4785672046846834
4977,-0.6601835154914681
4978,-0.6395527821688223
4979,-0.4697555834952496
4980,-0.0006945886883975797
4981,-0.93549025974899
4982,-0.5524814134372691
4983,-0.8406044595996107
4984,-0.61693880116316
4985,-0.10238121616252782
4986,-0.8088910767247217
4987,-0.12720459681231505
4988,-0.41130511480719356
4989,-0.5993754349184179
4990,-0.007192463315603477
4991,-0.1002375575763943
4992,-0.48896382412080364
4993,-0.93549025974899
4994,-0.4861331216791176
4995,-0.019913328626909782
4996,-0.4626069542847657
4997,-0.93549025974899
4998,-1.0676254384775317
4999,-0.5260831138779971
5000,-0.5164111325223821
5001,-0.1815031498226029
5002,-0.2598405995306692
5003,-0.49760680034046567
5004,-0.5030787512188262
5005,-0.46597586806993035
5006,-0.16772113633189534
5007,-0.4864903040111148
5008,-0.49987697254172325
5009,-0.5813171246565378
5010,-0.93549025974899
5011,-0.007673747826984073
5012,-0.6680575572288383
5013,-0.482816425558124
5014,-0.6939968444157945
5015,-0.46594268770401776
5016,-0.12678250747262132
5017,-0.49627591839007223
5018,-0.480204409012572
5019,-0.1316421675818682
5020,-0.48265537157643656
5021,-0.4285980405418113
5022,-0.4875930839418636
5023,-0.4620826489215166
5024,-0.34872846164106797
5025,-0.47314613667747907
5026,-0.10033526102561752
5027,-0.5169703274744055
5028,-0.3701963423724415
5029,-0.03084347844350166
5030,-0.93549025974899
5031,-0.4937586224685049
5032,-1.093849304919205
5033,-0.41058029472096
5034,-0.4980114521419594
5035,-0.39285664171513446
5036,-0.7529015375251937
5037,-0.832109904295212
5038,-0.5166927443383806
5039,-0.7023333201392052
5040,-0.4396037890882045
5041,-0.6316446117877952
5042,-0.6762421357776294
5043,-1.307032735107649
5044,-0.1005830403750606
5045,-0.23569712845343505
5046,-0.6515408950506618
5047,-0.472418725150777
5048,-0.93549025974899
5049,-0.061706680023246446
5050,-0.8634259241881814
5051,-0.3908426066959181
5052,-1.100925185046414
5053,-0.7175133716214965
5054,-0.4308288486576495
5055,-0.6669896467035308
5056,-0.46976802321021893
5057,-0.4853066166285044
5058,-0.4780866449424376
5059,-0.627281528521042
5060,-0.16867175413111113
5061,-0.3969906954425736
5062,-0.02923988232957611
5063,-0.93549025974899
5064,-0.93549025974899
5065,-0.8082235759478991
5066,-0.5241740132208919
5067,-0.48625206939979215
5068,-0.6283585726791046
5069,-0.239184089082491
5070,-0.6089669528638808
5071,-0.7876419288067726
5072,-0.9108386725939557
5073,-0.396034166464418
5074,-0.5523051933223511
5075,-0.8229348289499114
5076,-0.8445091319112024
5077,-0.4786947056323254
5078,-0.26237814933046116
5079,-0.4658733223483377
5080,-0.874490556136438
5081,-0.32137086340448207
5082,-0.93549025974899
5083,-0.6095583610060817
5084,-0.4672929113655675
5085,-0.9714061772939431
5086,-0.1429542913640791
5087,-0.2954909408260864
5088,-0.4011764268303253
5089,-0.5311538830250875
5090,-0.10997811227297749
5091,-0.93549025974899
5092,-0.2124080420735286
5093,-0.002914248887332334
5094,-0.48228047795497553
5095,-0.6549482159656055
5096,-0.6146600513959477
5097,-0.400403743114488
5098,-0.4970600028027534
5099,-0.15915759015103384
5100,-0.7665501167309845
5101,-0.628622899862262
5102,-0.1885000438825899
5103,-0.060507663470488304
5104,-0.4739475878198053
5105,-1.0737583466108447
5106,-1.5667280629443159
5107,-1.085149773235651
5108,-0.09860858727303823
5109,-0.49925378722093905
5110,-4.391888445298232
5111,-0.1777852402919997
5112,-0.5048423702857012
5113,-0.8858964563004168
5114,-0.93549025974899
5115,-0.7560223292281201
5116,-0.5120437490757563
5117,-0.93549025974899
5118,-0.7535828656728434
5119,-0.4664800098777163
5120,-0.13918761695814122
5121,-0.5613649479568452
5122,-0.4806125024787279
5123,-0.17884946200965546
5124,-0.6177894556419723
5125,-0.93549025974899
5126,-0.93549025974899
5127,-0.4962351929450737
5128,-0.1470287863317613
5129,-0.24730947223371616
5130,-0.48550244736667203
5131,-0.22158897428584545
5132,-0.40216627703647045
5133,-0.4765885628874196
5134,-0.966378033137163
5135,-0.5324511295590018
5136,-0.041674415301189094
5137,-0.10378365321873917
5138,-0.14076942460849395
5139,-0.11980828720445891
5140,-0.1645998153057047
5141,-0.44886296856433106
5142,-0.1021865896359504
5143,-0.93549025974899
5144,-0.5278251596760453
5145,-0.93549025974899
5146,-0.4028480377819008
5147,-0.026682226483377952
5148,-0.8535459020759824
5149,-0.93549025974899
5150,-0.49157835077946643
5151,-0.5367793056210126
5152,-0.6417187952824595
5153,-0.6249981324068479
5154,-0.10422486265092568
5155,-0.5256454820756407
5156,-0.5425716987772184
5157,-0.5067937782553731
5158,-0.05195912377988998
5159,-0.46596196765786324
5160,-0.10529930190488423
5161,-0.4709110360926946
5162,-0.5734087417686013
5163,-0.93549025974899
5164,-0.5568157970614984
5165,-0.13660341986346936
5166,-0.9080201067467204
5167,-0.35521153107281167
5168,-0.724550315999597
5169,-0.6123417062296141
5170,-0.2978731695193475
5171,-0.41859687049275074
5172,-0.008166892406221288
5173,-0.4052612353229179
5174,-0.3583135170331375
5175,-0.7392247484422132
5176,-0.13243576220789155
5177,-0.2150441248300884
5178,-0.751927866119404
5179,-0.643141053332279
5180,-1.072092473828059
5181,-0.93549025974899
5182,-0.79809457629508
5183,-0.48632305171886436
5184,-0.23535914232424782
5185,-0.5001981863632232
5186,-0.6702913881698613
5187,-0.017624953144150357
5188,-0.6813265156143906
5189,-0.4673789718198691
5190,-0.9088845030167523
5191,-0.36798790144435367
5192,-0.26971596726460234
5193,-0.29089580236942725
5194,-0.8456259467876368
5195,-0.1592813063507248
5196,-5.084791949115711
5197,-0.9739510431099063
5198,-0.8187961870202987
5199,-0.5577527841434051
5200,-0.93549025974899
5201,-1.048087463089006
5202,-0.5339694544728979
5203,-0.93549025974899
5204,-1.030216734028146
5205,-0.6662048768465514
5206,-0.46672926722082064
5207,-0.93549025974899
5208,-0.7190129265614509
5209,-0.6891707152159032
5210,-0.28182485657095135
5211,-0.15088657988283183
5212,-0.322218863274351
5213,-0.7266331092194669
5214,-0.93549025974899
5215,-0.4737010634249784
5216,-0.010520535108469398
5217,-0.4594737771656279
5218,-0.5333079976648514
5219,-0.5583659598535924
5220,-1.010022749997285
5221,-0.8142949238890029
5222,-0.47402466533657606
5223,-1.1652089797145937
5224,-0.5197197561366131
5225,-0.04966487368689443
5226,-0.25031130691763803
5227,-0.4967037473839603
5228,-0.17828346216554714
5229,-0.8708192542867899
5230,-0.4787114849015143
5231,-0.4930510598062643
5232,-0.29971981362817957
5233,-0.2202051223378736
5234,-0.8862006464264898
5235,-0.6791476772515228
5236,-0.1830916505582909
5237,-0.9025717125210964
5238,-0.04627339456562851
5239,-0.8863396471168308
5240,-0.31738549373393543
5241,-0.12122016604541408
5242,-0.010597321925193803
5243,-0.2564745953109093
5244,-0.22504761283703723
5245,-0.6627222635614096
5246,-0.04442062142316161
5247,-0.6047256004479085
5248,-0.35622170499701156
5249,-0.3615356866226279
5250,-0.47656766769243797
5251,-0.5117572066945719
5252,-0.3856381123450452
5253,-0.1695868884436451
5254,-0.63421891391096
5255,-0.5106883799480202
5256,-0.6922911154375981
5257,-0.93549025974899
5258,-0.8061806735483117
5259,-0.6326261905874393
5260,-0.93549025974899
5261,-0.8312683372743539
5262,-0.5348708102032386
5263,-0.7881449562475655
5264,-0.15486654871069655
5265,-0.93549025974899
5266,-1.45202391435501
5267,-0.4765447341944533
5268,-0.5479543680982033
5269,-0.18405673010474466
5270,-0.05458287032495435
5271,-0.5465488813627091
5272,-0.47190258479426817
5273,-0.93549025974899
5274,-0.8675538248678301
5275,-0.901060496531727
5276,-0.07317910490362955
5277,-1.4003618726639022
5278,-0.93549025974899
5279,-0.42985286468589745
5280,-0.46746303864004346
5281,-0.465723838194133
5282,-0.5097076614811269
5283,-0.5571715855649306
5284,-1.5627998643875873
5285,-0.2876303841623129
5286,-0.7188625083548192
5287,-0.787041791742924
5288,-0.5253647461449487
5289,-0.7649794866557489
5290,-0.392466309199202
5291,-0.06171452056893978
5292,-0.5583651443586461
5293,-0.93549025974899
5294,-0.5622853261830336
5295,-0.054622997361848835
5296,-0.11948310787165228
5297,-0.93549025974899
5298,-0.7038528904622652
5299,-0.14841298041613138
5300,-0.08131917205333841
5301,-0.020531040524491617
5302,-0.3211765191579651
5303,-0.8843062720490895
5304,-0.93549025974899
5305,-0.495393027538217
5306,-0.5950790049749788
5307,-0.010538202987746215
5308,-0.3384909601516206
5309,-0.5597542740712567
5310,-0.3284575856909999
5311,-0.5174887138331474
5312,-0.18067646452916858
5313,-0.23073639252676514
5314,-0.6272288475336385
5315,-0.5032140920303374
5316,-0.05693375457888783
5317,-0.35667103594140714
5318,-0.49809249828182267
5319,-0.9989885845858044
5320,-0.93549025974899
5321,-0.0005094527668702085
5322,-0.525098517083086
5323,-0.624617410342811
5324,-0.5534326353165397
5325,-0.7159253932776721
5326,-0.5144976252680866
5327,-0.23018458254331023
5328,-0.93549025974899
5329,-0.020936549761401246
5330,-0.514424779824298
5331,-0.9566834373291915
5332,-0.6446295689916077
5333,-0.37094846075522825
5334,-0.23232780968346356
5335,-0.1449246917258069
5336,-0.46584992938393727
5337,-0.93549025974899
5338,-0.5644482802023454
5339,-0.27484576707644237
5340,-0.7394123892602238
5341,-0.25009501315749993
5342,-0.08676396948149057
5343,-1.0531863879302321
5344,-0.4692126095870355
5345,-0.5728693092165731
5346,-0.28922502917361836
5347,-0.711880674877154
5348,-0.8704867431036636
5349,-0.469924297411636
5350,-0.5005036081887698
5351,-0.5595227621811638
5352,-0.47127065388266987
5353,-0.48530719232747765
5354,-0.02081265182909764
5355,-0.16542914413108178
5356,-0.93549025974899
5357,-0.5453411001234034
5358,-0.09153279175363682
5359,-0.14924588285018328
5360,-0.5266087219802262
5361,-0.5572570965312651
5362,-0.4281768231315568
5363,-0.13207217665600846
5364,-0.04065435004268203
5365,-0.47374415290729965
5366,-0.4831292422927369
5367,-0.06745450104861617
5368,-0.8799577015298201
5369,-0.07560111642091075
5370,-0.8273825655553897
5371,-0.47138652968133665
5372,-0.5245734437223781
5373,-0.9397392961560218
5374,-4.995892403709254
5375,-0.179727774688331
5376,-0.42665590655219887
5377,-0.21123591856121182
5378,-0.3844690349242126
5379,-0.5937330556950613
5380,-1.2820217122749558
5381,-0.20046916923280822
5382,-0.12803825770519706
5383,-0.20403815776428758
5384,-0.49890916861976464
5385,-0.93549025974899
5386,-0.47747314400843
5387,-0.2840431128348976
5388,-0.05582289649915362
5389,-1.7266674568018363
5390,-0.1996034461862295
5391,-0.8705234816553684
5392,-0.43536673149765415
5393,-0.9087311302092491
5394,-0.49527549741421595
5395,-0.13777485316579607
5396,-0.7065880595084071
5397,-0.6012978212833691
5398,-0.5160619854604911
5399,-0.05100250109964358
5400,-0.5270756611976446
5401,-0.7610491644665718
5402,-0.5479479688942779
5403,-0.7495229894956594
5404,-0.5228855486016659
5405,-0.520025331370249
5406,-0.739566959877223
5407,-0.93549025974899
5408,-0.7148522341197356
5409,-0.22535689496271738
5410,-0.50375398300354
5411,-0.2901798802704221
5412,-0.33798877419757245
5413,-0.43841384804643013
5414,-0.14437947324287703
5415,-0.594803095610752
5416,-0.4111927922046399
5417,-0.28810907480854087
5418,-0.5556254763626658
5419,-0.05606417489021809
5420,-0.6405589419339339
5421,-0.12788485262294816
5422,-0.7137655740728412
5423,-0.2589804123547764
5424,-0.5651471293974635
5425,-0.4287793972906102
5426,-0.5175468563408718
5427,-0.2743472398581748
5428,-0.6725287599768137
5429,-0.26725121083592185
5430,-0.5238854310213412
5431,-0.22613277547064892
5432,-1.2757589512836205
5433,-0.5934639858289348
5434,-0.35043620527129393
5435,-0.2920168622948567
5436,-0.663899499163259
5437,-0.4043375929331692
5438,-0.48232158482973064
5439,-0.5081864840183137
5440,-0.24158926539476688
5441,-0.5131866198942103
5442,-0.4018461805037995
5443,-0.48323891810321307
5444,-0.93549025974899
5445,-0.8349035050443412
5446,-0.7121383014820424
5447,-0.40267584109000865
5448,-0.46586668725938385
5449,-0.5212634826943607
5450,-0.3527759340098154
5451,-0.40040073670481036
5452,-0.25657889782855037
5453,-0.09159111013742294
5454,-0.62952532389229
5455,-0.6535660505427234
5456,-0.2072918678603797
5457,-0.08319320838047217
5458,-0.7483442567086129
5459,-0.4297009810071106
5460,-0.49761205628687855
5461,-0.4696371438490249
5462,-0.08877353068845517
5463,-0.20831138843673536
5464,-0.4415551219720957
5465,-0.5529609769989641
5466,-0.93549025974899
5467,-0.5571520432021266
5468,-0.4662501149391969
5469,-0.37296053933228634
5470,-0.467518145882819
5471,-0.4728681068718599
5472,-0.2143086735853661
5473,-0.8610999755923334
5474,-0.02961929052944002
5475,-0.3471832324040691
5476,-0.3910794343765396
5477,-0.523881428693175
5478,-0.4663057821350795
5479,-0.8263384126088145
5480,-0.4723484488286004
5481,-0.20652186639620718
5482,-0.18789321969079342
5483,-0.06000883088625309
5484,-0.24285354516081492
5485,-0.4698297324611846
5486,-0.9223105646130083
5487,-0.9023773067184369
5488,-0.5444615445510217
5489,-0.47261475039536216
5490,-0.48680128172144255
5491,-0.5321638982050456
5492,-1.080168108447094
5493,-0.2551789910183011
5494,-0.565555136184237
5495,-0.2121518339052746
5496,-0.46691929443244923
5497,-0.93549025974899
5498,-0.46578868133482415
5499,-0.24591250009398102
5500,-0.5826866202576988
5501,-0.5279815978129254
5502,-0.592277941342866
5503,-0.6094022924281752
5504,-0.8760992663702609
5505,-0.93549025974899
5506,-0.15400754113761694
5507,-0.7359436475532455
5508,-0.4498915351749506
5509,-0.1371960449475208
5510,-0.47674850182946393
5511,-0.8529038592098335
5512,-0.6657329969836798
5513,-0.14798725001925606
5514,-0.593446190299165
5515,-0.6134646417525449
5516,-0.93549025974899
5517,-0.4697675735046614
5518,-0.8618179616730917
5519,-0.13910202422669116
5520,-0.22731562889921308
5521,-0.4834228614993502
5522,-0.040330784819134324
5523,-0.523596299045018
5524,-0.1704321236357651
5525,-0.07512642576358186
5526,-0.18586044743457686
5527,-0.5157543289347704
5528,-0.93549025974899
5529,-0.93549025974899
5530,-0.30589973532486603
5531,-0.0753876347229766
5532,-0.2786432219056537
5533,-0.599038019852232
5534,-0.46661249347012657
5535,-0.10427421864934061
5536,-0.10787526631667695
5537,-0.3128346852246602
5538,-0.0042472875346210096
5539,-0.401325038481275
5540,-0.3818036730287222
5541,-0.2663932925082446
5542,-0.4358054845496966
5543,-0.2677204036421258
5544,-0.12560012371968177
5545,-0.48108985065552234
5546,-0.46619974195696595
5547,-0.42432153425272645
5548,-0.1844625327122228
5549,-0.18272659848223016
5550,-0.10179619723163691
5551,-0.952038430773074
5552,-0.4991081758607643
5553,-0.2781852910230076
5554,-5.314284299685191
5555,-0.09483735524139014
5556,-0.27510531916575753
5557,-0.6170988159835886
5558,-0.09113594710959916
5559,-0.8344177862736988
5560,-0.5647682449682225
5561,-0.6575240458481524
5562,-0.03807567630719799
5563,-0.6387493731610352
5564,-0.6223602452273553
5565,-0.34056979686792055
5566,-0.93549025974899
5567,-0.48095018860824645
5568,-0.49104122434905584
5569,-0.4723237036472714
5570,-0.7318686521356188
5571,-0.6104754300878774
5572,-0.46843555355491584
5573,-0.6805626052612368
5574,-0.5259234818762093
5575,-0.42790368483125363
5576,-0.07701149901562267
5577,-0.46837365320596525
5578,-0.567015551722557
5579,-0.4026721608121342
5580,-0.93549025974899
5581,-0.08829544303524595
5582,-0.4858996961815265
5583,-0.8802096873747463
5584,-0.26886410097789526
5585,-0.1574614940705068
5586,-0.18154260066046313
5587,-0.5202593055205842
5588,-0.09180396711386152
5589,-0.5628384497706009
5590,-0.08230030632698782
5591,-0.6381238501294959
5592,-0.2211926980766421
5593,-0.3331005208867649
5594,-0.4667505768176956
5595,-0.3664607846346368
5596,-0.23422404889937498
5597,-0.6046898519854995
5598,-0.016068297532697007
5599,-0.00013535037697290538
5600,-0.1874809214106741
5601,-0.2409862562118481
5602,-0.93549025974899
5603,-0.49439827517938006
5604,-0.2964250586736257
5605,-0.5800274193260374
5606,-0.7138064399555333
5607,-0.20283466879790568
5608,-0.22228016185512622
5609,-0.2996395668190672
5610,-0.04525414532375038
5611,-0.26496843019243643
5612,-0.842331319377223
5613,-0.12852030354522814
5614,-0.5450807223119369
5615,-0.18752775783227993
5616,-0.6656421150705434
5617,-0.16607380814812878
5618,-0.3753992552322849
5619,-0.5657997846995659
5620,-0.48758684835106125
5621,-0.10459536424262872
5622,-0.8007191687448767
5623,-0.5537684197470938
5624,-0.1898404867242354
5625,-0.065240867250549
5626,-0.21817143764810298
5627,-0.6007144714700416
5628,-0.12993354637895083
5629,-0.30581037595201366
5630,-0.0953962794127593
5631,-0.2690277486304993
5632,-0.18264669161355274
5633,-0.46169901485832465
5634,-0.06972744829351962
5635,-0.7964785590438694
5636,-0.6730171744908818
5637,-0.3218857491215008
5638,-0.6227672805539957
5639,-0.2264971594467866
5640,-0.02106216999021815
5641,-0.2585623531724033
5642,-0.4930100295005744
5643,-0.03952298746717653
5644,-0.24358537192398844
5645,-0.141785849468398
5646,-0.587602260657146
5647,-0.40187932008476324
5648,-0.38841379183650737
5649,-0.12622221271245238
5650,-0.48764529331148987
5651,-0.8448346527612802
5652,-0.3358107381061348
5653,-0.42021539360670523
5654,-0.0075399807421983045
5655,-0.0500869307819416
5656,-0.026933924933861708
5657,-0.4704686000027647
5658,-0.0902159244526538
5659,-0.17329516854635418
5660,-0.5055050362658275
5661,-0.03163791477018063
5662,-0.01732296334185191
5663,-0.11268895746276256
5664,-0.16456880383884734
5665,-0.09536796682875215
5666,-0.22410184763586233
5667,-0.02652627791799178
5668,-0.5594422713185687
5669,-0.4853900822917101
5670,-0.023870032809955477
5671,-0.0012389749312372803
5672,-0.23405243551375543
5673,-0.19671832645012988
5674,-0.2917329921280132
5675,-0.5126337960368894
5676,-0.40125628124956425
5677,-0.44798952346106313
5678,-0.5192852863202604
5679,-0.24173821628927528
5680,-0.20739990336358405
5681,-0.5401842621441677
5682,-0.8657458814088503
5683,-0.42696253694513375
5684,-0.4702510392079677
5685,-0.07477359005724227
5686,-0.5450967449188178
5687,-0.4755889058796221
5688,-0.7037351636388127
5689,-0.12505890203094738
5690,-0.3264205345587019
5691,-0.03825073372084914
5692,-0.0876456229897915
5693,-0.0018643476281127516
5694,-0.2161498203409349
5695,-0.4990653156224695
5696,-0.4173925813327437
5697,-0.5899958646414842
5698,-0.2816169337899287
5699,-0.4031304801837914
5700,-0.3379131135127431
5701,-0.34692446821477496
5702,-0.30702648072303207
5703,-0.7829152070513761
5704,-0.02250904800018383
5705,-0.35034706972989405
5706,-0.1991452096020816
5707,-0.09875273167391274
5708,-0.8714764976146316
5709,-0.07221259964454385
5710,-0.00707357396407951
5711,-0.3614601966024851
5712,-0.4810806577395158
5713,-0.7961280651382925
5714,-0.07311645423251367
5715,-0.12092697546942982
5716,-0.2779662542199226
5717,-0.04935247663007658
5718,-0.09440121797054435
5719,-0.14821000324024292
5720,-0.45309229336675294
5721,-0.20085938177396667
5722,-0.21405252327408597
5723,-0.10943268144228269
5724,-0.14468172398998802
5725,-0.22539218643767223
5726,-0.002071832366183496
5727,-0.19085711739356137
5728,-0.011913224926418692
5729,-0.12155615085822113
5730,-0.39176471583336836
5731,-0.19785772350967257
5732,-0.3284262730087417
5733,-0.15045386372156333
5734,-0.21327738270906993
5735,-0.15659163541707433
5736,-0.6760117680348916
5737,-0.09704668380373827
5738,-0.3430818284853824
5739,-0.276950585954705
5740,-0.23740259765378413
5741,-0.22029477390522345
5742,-0.27111994582871013
5743,-0.22184849193707956
5744,-0.4854061293574016
5745,-0.08612409634882079
5746,-0.16282329823987496
5747,-0.06804949356634371
5748,-0.03227286953199571
5749,-0.2901879251118289
5750,-0.23228683216363066
5751,-0.007647199830124109
5752,-0.055828371006791944
5753,-0.0057975723454775085
5754,-0.1739461323524738
5755,-0.04799449747033169
5756,-0.27448198740452234
5757,-0.774787012094929
5758,-0.16950777187108246
5759,-0.020170144501336695
5760,-0.20931002846799007
5761,-0.22531581649568308
5762,-0.28138251775424555
5763,-0.5218219333323937
5764,-0.1541378251430513
5765,-0.5675933371755555
5766,-0.03995436769772198
5767,-0.5920104487418634
5768,-0.6822671370824231
5769,-0.0322033285908745
5770,-0.11990756687118997
5771,-0.19480246779173216
5772,-0.09198547280937552
5773,-0.981833565545561
5774,-0.3735647918420395
5775,-0.02837683091871046
5776,-0.03248377926649426
5777,-0.03859337131654764
5778,-0.14829014753240743
5779,-0.6575936210520599
5780,-0.37141545336823123
5781,-0.15099386574112916
5782,-0.00028316528700012564
5783,-0.164865719849976
5784,-0.4828909487688855
5785,-0.20732337327244388
5786,-0.46771529442510673
5787,-0.46592152044104523
5788,-0.5676511585273296
5789,-0.2453822901918561
5790,-0.5018713697740851
5791,-1.0572944133165905
5792,-0.14876887648811676
5793,-0.1886210068841052
5794,-0.11108306474990792
5795,-0.2825520059885278
5796,-0.012206431850975846
5797,-0.4708451273285304
5798,-0.5047921224630447
5799,-0.18541159028060708
5800,-0.1301332176362835
5801,-0.4014397448544469
5802,-0.5576553454505526
5803,-0.3067231471156511
5804,-0.7740079424430424
5805,-0.08085315383185021
5806,-0.2220251926308685
5807,-0.022117481682776337
5808,-0.5036089131568406
5809,-0.27528282593838194
5810,-0.020890505946530885
5811,-0.4313922314525862
5812,-0.00939738821168315
5813,-0.18944962350341976
5814,-0.8742841920749136
5815,-0.026141778888793432
5816,-0.3774141508041507
5817,-0.002326915922315237
5818,-0.9243224586852605
5819,-0.8758101874641007
5820,-0.30511187953510843
5821,-0.09185573396016089
5822,-0.03572346000750917
5823,-0.428627366451643
5824,-0.13928707263475282
5825,-0.33244088928022464
5826,-0.12792513195176902
5827,-0.4753630043707374
5828,-0.1720365952593288
5829,-0.007979578117558478
5830,-0.0756912484441693
5831,-0.5332792167929767
5832,-0.08410521599629496
5833,-0.41773601892122025
5834,-0.40855252431679867
5835,-0.16729234408628824
5836,-0.3601208292210427
5837,-0.17695168842163522
5838,-0.18679858528415716
5839,-0.6934496965992043
5840,-0.20149998533960067
5841,-0.175284708341501
5842,-0.0009245075260134877
5843,-0.20578967952114136
5844,-0.6548869765011496
5845,-0.3440135488241829
5846,-0.48622181775961515
5847,-0.8118687842520131
5848,-0.9113089477967709
5849,-0.050869734235513775
5850,-0.0677418754644954
5851,-0.01620081854347935
5852,-0.32422135531899876
5853,-0.09804725781347745
5854,-0.12918650876601934
5855,-0.5100899315982823
5856,-0.014481492518346961
5857,-0.5013614972805591
5858,-0.14103162826032023
5859,-0.5155747880912842
5860,-0.4507492192963305
5861,-0.06888829407018016
5862,-0.11035289174890162
5863,-0.025979356739979205
5864,-0.3535696089167079
5865,-0.4668808267049833
5866,-0.2628458052469479
5867,-0.3792216271115003
5868,-0.2272961807009075
5869,-0.2514782502626449
5870,-1.0271735560518938
5871,-0.21674160057163938
5872,-0.39489638474877076
5873,-0.03161772975185129
5874,-0.09236294414597968
5875,-0.5059798613954691
5876,-0.12490277698690821
5877,-0.49173945489822757
5878,-0.24319978888940597
5879,-0.7400706080309423
5880,-0.7792247067298952
5881,-0.05074594305995767
5882,-0.43685230099661254
5883,-0.17998934403675726
5884,-0.418844074375361
5885,-0.03527561032486137
5886,-0.4906855764848769
5887,-0.37740263139191876
5888,-0.5686654289731496
5889,-0.07161877542194084
5890,-0.2557344464806821
5891,-0.03656388348698748
5892,-0.1691591231155779
5893,-0.37420673561381435
5894,-0.6987760622552561
5895,-0.0694187096248502
5896,-0.5697033209850311
5897,-0.4726680524561867
5898,-0.5949139812827475
5899,-0.044791657175834027
5900,-0.5040096474450024
5901,-0.507958349464698
5902,-0.36450043295865386
5903,-0.4078306210261169
5904,-0.49020716169778566
5905,-0.13187924982743449
5906,-0.8014852651265905
5907,-0.23404888235960408
5908,-0.22870698235767373
5909,-0.02146308836615607
5910,-0.003313113801039403
5911,-0.15281555127808533
5912,-0.16376236950336243
5913,-0.06542183660800449
5914,-0.738069839814564
5915,-0.4660890754935654
5916,-0.1545270085039534
5917,-0.19624411356815985
5918,-0.06358549656042392
5919,-0.4657585893958468
5920,-0.14503917902048483
5921,-0.40886434514703973
5922,-0.09927630458019765
5923,-0.11788699872217479
5924,-0.30396164897779343
5925,-0.06255715660020844
5926,-0.470472328462741
5927,-0.011695553357123974
5928,-0.42469023608449064
5929,-0.528687569768215
5930,-0.5979538479933542
5931,-0.2007788406667026
5932,-0.3568656012005271
5933,-0.5602612914334717
5934,-0.12280131158506524
5935,-1.0827076203970663
5936,-0.27171448728732495
5937,-0.20244388861554086
5938,-0.6084157326496644
5939,-0.0716981921536376
5940,-0.23455261555358575
5941,-0.5725401300914843
5942,-0.14781445511100522
5943,-0.7965521268899671
5944,-0.47409626399224636
5945,-0.5243687153318484
5946,-0.08559122650659615
5947,-0.5021396257516475
5948,-0.10573476589812891
5949,-0.93549025974899
5950,-0.38925589823255047
5951,-0.3799968408911689
5952,-0.49182434270467823
5953,-0.2398770893227753
5954,-0.08958803219846079
5955,-0.5192393051812463
5956,-0.5915287402444722
5957,-0.6769145520273874
5958,-0.15772820523871367
5959,-0.24284634818145004
5960,-0.33987033230606656
5961,-0.3786033915831428
5962,-0.026716876177672405
5963,-0.11043648793730743
5964,-0.06039918874833461
5965,-0.39807248392517025
5966,-0.36095001896834233
5967,-0.015786592840255964
5968,-0.10307931230877332
5969,-0.24083371467797468
5970,-0.03891830048216985
5971,-0.3454197779751542
5972,-0.05188135259773796
5973,-0.021927545951572203
5974,-0.17782894684310938
5975,-0.41006887068685005
5976,-0.04563714368160687
5977,-0.20382839896005756
5978,-0.23965551294140133
5979,-0.19121618974815968
5980,-0.06753506493856476
5981,-0.5901838089447189
5982,-0.26210238737260916
5983,-0.01146347981474155
5984,-0.15794612820892512
5985,-0.016999781400445446
5986,-0.29955249865281863
5987,-0.2988418721282652
5988,-0.47792401247879657
5989,-0.06825698454763884
5990,-0.12820444555389843
5991,-0.1007757288305755
5992,-0.5211882680883839
5993,-0.20858725410581913
5994,-0.2337320866244612
5995,-0.0694730541232978
5996,-0.05001404964036138
5997,-0.03212731296071209
5998,-0.26094902741346715
5999,-0.11382053573293138
6000,-0.10007792187475328
6001,-0.5377518901978764
6002,-0.01601760367967881
6003,-0.3995303928387006
6004,-0.06621330158739694
6005,-0.3678108929971008
6006,-0.1302424723642237
6007,-0.007126579103339388
6008,-0.0974167773876266
6009,-0.14310308768777924
6010,-0.04155262698377904
6011,-0.10447165954243554
6012,-0.6424930300562548
6013,-0.3182166895061802
6014,-0.46993504894338234
6015,-0.36088360313096013
6016,-0.17737766941258082
6017,-0.20291279205087065
6018,-0.22833908753090926
6019,-0.5309628563102997
6020,-0.005649479933399794
6021,-0.4996004092632944
6022,-0.15268149878924675
6023,-0.29283953931201845
6024,-0.41873369580095243
6025,-0.03849168019229143
6026,-0.109584357934781
6027,-0.1475974470673802
6028,-0.477697488734771
6029,-0.6273414699416779
6030,-0.2507046142751544
6031,-0.15856437091699935
6032,-0.0010194544923930893
6033,-0.9153679730991033
6034,-0.724888453776348
6035,-0.1398602207059163
6036,-0.04436191346434726
6037,-0.46808095937854266
6038,-0.45633993386877697
6039,-0.02706274606789673
6040,-0.21220310918964025
6041,-0.33910538188335476
6042,-0.07831056173720008
6043,-0.417790928215684
6044,-0.6210734406440754
6045,-0.014737446232761187
6046,-0.2961913295500711
6047,-0.4935609329553561
6048,-0.27693476987225063
6049,-0.4448857959011896
6050,-0.2668948716476689
6051,-0.431134591188874
6052,-0.24683085214986455
6053,-0.5350279255724417
6054,-0.14484258394492855
6055,-0.4659864139569515
6056,-0.496005908811862
6057,-0.09622857435957746
6058,-0.04340048969906407
6059,-0.5930483392623991
6060,-0.0009070142638844675
6061,-0.34825946929959883
6062,-0.24558521866034377
6063,-0.18195491578544876
6064,-0.03781897877458129
6065,-0.47398508053695876
6066,-0.3711775614426305
6067,-0.28174157489558027
6068,-0.34197667698905754
6069,-0.4934902085502718
6070,-0.24352650273682963
6071,-0.26140700214007717
6072,-0.06739551349817186
6073,-0.33278658075703804
6074,-0.2276125816725252
6075,-0.5509282063524541
6076,-0.8801917833160999
6077,-0.32086772494519167
6078,-0.07786253554827527
6079,-0.42546465331730987
6080,-0.5008046256062421
6081,-0.9117357291611974
6082,-0.05777154082796487
6083,-0.6733673781745786
6084,-0.468739879640115
6085,-0.08403207514852484
6086,-0.15395728998712777
6087,-0.22459730517683818
6088,-0.3971084875741675
6089,-0.03389408138086669
6090,-0.04273372057088842
6091,-0.1369123871079574
6092,-0.5749980207567162
6093,-0.15441663193372834
6094,-0.06180952933869621
6095,-0.7071938747575643
6096,-0.04371071732053101
6097,-0.35559497834151443
6098,-0.011411578337076955
6099,-0.037148037124754674
6100,-0.3797858676228736
6101,-0.5578400550071638
6102,-0.1447059301506295
6103,-0.20088410518092303
6104,-0.042402711676142575
6105,-0.6888840055031782
6106,-0.30223523656964524
6107,-0.20740517841656647
6108,-0.25372266690529166
6109,-0.3588149014499105
6110,-0.22074988667228468
6111,-0.09050274671560743
6112,-0.10266899731571844
6113,-0.2270574667253139
6114,-0.030395926391216244
6115,-0.1880117697254584
6116,-0.5644676701456053
6117,-0.005218228371451951
6118,-0.379141119942878
6119,-0.26724818773652936
6120,-0.0832233193995684
6121,-0.5913908661273855
6122,-0.45757495923068214
6123,-0.2536047484847246
6124,-0.153079972551442
6125,-0.5383107766587867
6126,-0.38461941768294894
6127,-0.0293207386582163
6128,-0.29470328856197103
6129,-0.15419764094732583
6130,-0.1895069112047878
6131,-0.3662012848670759
6132,-0.07929177693326395
6133,-0.22773186691710023
6134,-0.9494519062132145
6135,-0.0015026646253108525
6136,-0.11684114974582116
6137,-0.029211613557308974
6138,-0.5206846715883864
6139,-0.42044063417770794
6140,-0.02279925340516123
6141,-0.18324005560011553
6142,-0.1109520169616719
6143,-0.23030646145312694
6144,-0.0922033879498164
6145,-0.17589286942121796
6146,-0.4799432818943572
6147,-0.7624782771781202
6148,-0.9258351344090272
6149,-0.2312415176232716
6150,-0.48053171682326756
6151,-0.399747655850895
6152,-0.8494414967676249
6153,-0.033979064172186324
6154,-0.3127668384008181
6155,-0.5154354096177087
6156,-0.5322607085108277
6157,-0.023683992139848203
6158,-0.5895867345496644
6159,-0.48731129720107313
6160,-0.3990267093199993
6161,-0.10901190729290688
6162,-0.4007173774052859
6163,-0.06273316062276957
6164,-0.31174912632612184
6165,-0.5173191382311413
6166,-0.41171607169682467
6167,-0.5414167891473789
6168,-0.1451138094652511
6169,-0.09513779609810502
6170,-0.48650357546998535
6171,-0.17779932837095958
6172,-0.3902373680216411
6173,-0.48361725168906855
6174,-0.2460293646095284
6175,-0.550148531053333
6176,-0.23680037366686826
6177,-0.04687200777338474
6178,-0.08617987751303602
6179,-0.4749549267154435
6180,-0.055216953040939765
6181,-0.1284204538767839
6182,-0.5985261320205559
6183,-0.06590155194665878
6184,-0.059479333752232244
6185,-0.41124241459270366
6186,-0.5214012136260071
6187,-0.2864758476381262
6188,-0.30135561755431306
6189,-0.01856359728730797
6190,-0.7118187409252688
6191,-0.09293582910231957
6192,-0.23486539090132041
6193,-0.02279004652826988
6194,-0.25640723793538456
6195,-0.14796200155949624
6196,-0.12258932428923844
6197,-0.2664440278612723
6198,-0.07391002407391245
6199,-0.03195744557740213
6200,-0.32361201972451714
6201,-0.2646732907913809
6202,-0.1283406001865487
6203,-0.40578475770577604
6204,-0.015627717756548698
6205,-0.4377225703426646
6206,-0.0934476669779093
6207,-0.19312333686956532
6208,-0.6194668193235078
6209,-0.4737478013882309
6210,-0.0004929310461847334
6211,-0.6463799848624507
6212,-0.4326535383854129
6213,-0.23203557982485856
6214,-0.13835576824051968
6215,-0.2535016990588691
6216,-0.32360143724570467
6217,-0.5784451661367545
6218,-0.26418514474348875
6219,-0.49217641627518915
6220,-0.08141603302976741
6221,-0.93549025974899
6222,-0.472897864356117
6223,-0.024669052035512284
6224,-0.466240544675127
6225,-0.35815682031080165
6226,-0.2305396565501039
6227,-0.2691974885384224
6228,-0.5881084855205145
6229,-0.5542499619180266
6230,-0.1813830590760529
6231,-0.26960689852701336
6232,-0.3495327351922115
6233,-0.652505266796414
6234,-0.15100831879303556
6235,-0.14177253517290467
6236,-0.01614954410117897
6237,-0.5524781099076552
6238,-0.02605846706647777
6239,-0.3701353355233654
6240,-0.1949387247228973
6241,-0.0856704638111414
6242,-0.0003577196181737564
6243,-0.25197336673078496
6244,-0.45405341773553376
6245,-0.07821393080425532
6246,-0.2851897453279779
6247,-0.1448999789193417
6248,-0.005489899936003129
6249,-0.05687304140976768
6250,-0.04905956196819761
6251,-0.05940623471763609
6252,-0.1248868337299971
6253,-0.46608471915283556
6254,-0.7016569681133902
6255,-0.05630495784212286
6256,-0.20285191238593228
6257,-0.5280524879518964
6258,-0.4746861858453557
6259,-0.20506011195633178
6260,-0.16636865103353404
6261,-0.3171887077807245
6262,-0.040621181749083135
6263,-0.04014631695200069
6264,-0.03397587958727247
6265,-0.2107611869037851
6266,-0.4544684458225081
6267,-0.14420441838107714
6268,-0.018080052400893942
6269,-0.13455476172558406
6270,-0.49290377929695595
6271,-0.5289934732482018
6272,-0.3460948228790848
6273,-0.027499410486778324
6274,-0.0319408178886218
6275,-0.4978016512414474
6276,-0.6009198257015217
6277,-0.21069817718598616
6278,-0.16529875195579002
6279,-0.5617057492837603
6280,-0.17922759753699993
6281,-0.11049733379021742
6282,-0.23794612197011844
6283,-0.1005812107470172
6284,-0.05237974761598796
6285,-0.5794709896591065
6286,-0.2042341227894373
6287,-0.055607391855362565
6288,-0.20383045052963844
6289,-0.16084514940682837
6290,-0.11679172199439325
6291,-0.33537219452259515
6292,-0.40457651665418126
6293,-0.4726630502577258
6294,-0.622116306703343
6295,-0.7187651933010333
6296,-0.49768928967827586
6297,-0.3350022050431025
6298,-0.27415681955010396
6299,-0.08024376487186682
6300,-0.13355845934223343
6301,-0.11036211567241105
6302,-0.5004374741191331
6303,-0.3838788774161489
6304,-0.29276986261904814
6305,-0.6989526832667483
6306,-0.02947403222113565
6307,-0.5761383884234093
6308,-0.09216749298413943
6309,-0.004490927824711971
6310,-0.08235342957847558
6311,-0.06863381587266659
6312,-0.09694939040484929
6313,-0.14518484654769326
6314,-0.643134350422871
6315,-0.29696082589228867
6316,-0.2555355386534225
6317,-0.49869854076730924
6318,-0.24671398643125286
6319,-0.09187594435939384
6320,-0.2565841854215647
6321,-0.006097241493218247
6322,-0.36624635514212756
6323,-0.030947365480208107
6324,-0.06848558829985721
6325,-0.11168115671424061
6326,-0.017445269295283092
6327,-0.6615226712578834
6328,-0.5596802060373012
6329,-0.20338242040787158
6330,-0.0020116959198886097
6331,-0.08581198921026767
6332,-0.45479046120929434
6333,-0.2451364166661928
6334,-0.0202141391901646
6335,-0.08774071575733444
6336,-0.12020638217919644
6337,-0.33367495159811966
6338,-0.48127438360082
6339,-0.23871577664948695
6340,-0.07291683894161682
6341,-0.22194122937139626
6342,-0.07122177752850745
6343,-0.494614507355454
6344,-0.5222026710627024
6345,-0.13419972049968454
6346,-0.5960071317522275
6347,-0.18767989893223813
6348,-0.41288581038098515
6349,-0.04007779268928702
6350,-0.04467029233209619
6351,-0.07309583406330988
6352,-0.40571850319282676
6353,-0.19855104319423056
6354,-0.15334592624864962
6355,-0.05922456773014695
6356,-0.25418580863747353
6357,-0.02606548710088666
6358,-0.48125736878025016
6359,-0.39883505035141553
6360,-0.042795123719273964
6361,-0.5656786372820566
6362,-0.21063769630390938
6363,-0.93549025974899
6364,-0.06267368735269718
6365,-0.21028926203926845
6366,-0.14627454734586998
6367,-0.3053749052424912
6368,-0.2418753933937734
6369,-0.009936802566050236
6370,-0.08121779719187518
6371,-0.06142051995187403
6372,-0.47429914528160744
6373,-0.14582393630386337
6374,-0.021684187286371892
6375,-0.16517992723893693
6376,-0.038832811735838746
6377,-0.03426715191209628
6378,-0.32747022897531786
6379,-0.03495699736702307
6380,-0.32741497657112406
6381,-0.5743342841263601
6382,-0.2520419325119434
6383,-0.0823079445967716
6384,-0.004093458868975441
6385,-0.0909890914622058
6386,-0.057713902336907985
6387,-0.12654165096071956
6388,-0.02192011467985047
6389,-0.15907814814519994
6390,-0.09880966073742375
6391,-0.027248563612460558
6392,-0.18734500923700326
6393,-0.0806428598450033
6394,-0.07224439244234393
6395,-0.013547512057747318
6396,-0.03775041515491184
6397,-0.1673267081928067
6398,-0.0026014034599383742
6399,-0.0044254619595252565
6400,-0.22824735361071768
6401,-0.5852653433661956
6402,-0.3940943131815709
6403,-0.6066469385033209
6404,-0.013504531330753855
6405,-0.11885320695110169
6406,-0.24030329158077457
6407,-0.27742233356288537
6408,-0.04555225000095309
6409,-0.02693926013193451
6410,-0.4683766594501666
6411,-0.5147016830911486
6412,-0.21326623840191783
6413,-0.7004042619321957
6414,-0.0017884090784810805
6415,-0.010984823787769576
6416,-0.24559177516015754
6417,-0.27580295954433787
6418,-0.1717099393718893
6419,-0.44187145011568074
6420,-0.24685531232715718
6421,-0.2610215597597776
6422,-0.11410533612058596
6423,-0.14018983044767497
6424,-0.059173193266000707
6425,-0.6887507407918818
6426,-0.012697028356345565
6427,-0.11972846779127633
6428,-0.02105061234571362
6429,-0.8906910574891658
6430,-0.47706133366206815
6431,-0.07701096965751875
6432,-0.11043490544034151
6433,-0.042963397363205424
6434,-0.33840078357390846
6435,-0.4922693323877453
6436,-0.22387235859159252
6437,-0.08148673319453803
6438,-0.20439707019526246
6439,-0.48094921041275474
6440,-0.015671889439346727
6441,-0.1488047162878936
6442,-0.18635175880670485
6443,-0.48261222262272085
6444,-0.42147078141773875
6445,-0.054490957040084914
6446,-0.2513116790113265
6447,-0.2193393778577504
6448,-0.4751591229102048
6449,-0.024103619697821554
6450,-0.26229098905879944
6451,-0.40808197728603446
6452,-0.38453255932973107
6453,-0.3219459825401578
6454,-0.2329965272753558
6455,-0.20995175454143977
6456,-0.18580104530494523
6457,-0.01102627215042351
6458,-0.94159128355078
6459,-0.01931458537135733
6460,-0.5692547177874765
6461,-0.06036200247804091
6462,-0.5048537372980082
6463,-0.2691310808396513
6464,-0.10329410769427663
6465,-0.38294999342034686
6466,-0.6887336697538107
6467,-0.40067746619159905
6468,-0.15297198189988004
6469,-0.4085361491807711
6470,-0.07201567327956626
6471,-1.2731349610289797
6472,-0.4776480026077423
6473,-0.4774436442308616
6474,-0.4762236792628105
6475,-0.019290975824004186
6476,-0.1502032032871079
6477,-0.2846161278726258
6478,-0.29942879773615616
6479,-0.2151071938397231
6480,-0.14166158074953916
6481,-0.02714912561030272
6482,-0.6560082765483379
6483,-0.08059799918232075
6484,-0.7717316740177834
6485,-0.46887567060317226
6486,-0.11220608370559981
6487,-0.04459917786486489
6488,-0.21770177358303222
6489,-0.08587479613367643
6490,-0.009000624108258332
6491,-0.33651141066055246
6492,-0.018633734193625157
6493,-0.8535471094436264
6494,-0.37934947399862695
6495,-0.21592922259772943
6496,-0.47037827527579346
6497,-0.8120930257263836
6498,-0.030501155082528486
6499,-0.5355391308246866
6500,-0.2401045512160671
6501,-0.34626266619303614
6502,-0.34634227871794354
6503,-0.48063998424766663
6504,-0.4664943804741314
6505,-0.46572443511501144
6506,-0.23172830266058675
6507,-0.6157455907415699
6508,-0.014804495361966735
6509,-0.11886485340762892
6510,-0.5800884746951454
6511,-0.07716601851607152
6512,-0.3071925966755149
6513,-0.149303642852463
6514,-0.32447669293427595
6515,-0.18632208228575964
6516,-0.04994810451033027
6517,-0.8167942450203203
6518,-0.11506544233167393
6519,-0.23428514078450258
6520,-6.273365687541554
6521,-0.1771336991732131
6522,-0.3924587222375995
6523,-0.6585670226405274
6524,-0.11836159273449454
6525,-0.3363167053833167
6526,-0.06767590683851313
6527,-0.1742945178920251
6528,-0.15531390592016436
6529,-0.09396738608578759
6530,-0.6189482922508098
6531,-0.1851371875988981
6532,-0.08298049106534622
6533,-0.15929317332786797
6534,-0.2535274443402873
6535,-0.16186454790656957
6536,-0.14045505079112364
6537,-0.548559192522105
6538,-0.6345828400581263
6539,-0.07307223596515214
6540,-0.25498377709199993
6541,-0.004465746859680318
6542,-0.20641593854144347
6543,-0.15602394091898697
6544,-0.3152256368676749
6545,-0.22653440591781937
6546,-0.1446887103471739
6547,-0.01836908816411964
6548,-0.27143253137046663
6549,-0.1327322345918014
6550,-0.39856149232723403
6551,-0.6447894555075493
6552,-0.2514011574203838
6553,-0.29142706711928135
6554,-0.08307230369004184
6555,-0.16187977410388799
6556,-0.5417058313284233
6557,-0.09444788245472024
6558,-0.2213520783555598
6559,-0.03833989542487004
6560,-0.20362778272043203
6561,-0.5277106030761402
6562,-0.3079865419458796
6563,-0.02302149250737362
6564,-0.19873724318663166
6565,-0.2727115810050993
6566,-0.2940542314173826
6567,-0.08604428530438435
6568,-0.28135557693409696
6569,-0.1612298641952502
6570,-0.4837244874931028
6571,-0.18808850840344882
6572,-0.28010760554558134
6573,-0.2784200248605835
6574,-0.022659356616803628
6575,-0.4983596436872464
6576,-0.44643262632181546
6577,-0.14332634283069234
6578,-0.18428605395109976
6579,-0.016209965631886064
6580,-0.7639628741516891
6581,-0.08169617098710136
6582,-0.2316121103599844
6583,-0.06629493591297753
6584,-0.0055284196470821514
6585,-0.16983447472430413
6586,-0.47939648137910496
6587,-0.0220786843755435
6588,-0.0569268818524975
6589,-0.3194884346271718
6590,-0.12059517107852402
6591,-0.2604208810252584
6592,-0.07662306904275928
6593,-0.06324259431849388
6594,-0.18674247460514737
6595,-0.5233847496070028
6596,-0.16556573013086373
6597,-0.13832678884809102
6598,-0.7480494954348291
6599,-0.09554812067924126
6600,-0.35767236327825813
6601,-0.15706366233909297
6602,-0.3073570340124352
6603,-0.16137670956806227
6604,-0.4296357695595897
6605,-0.08614873856679539
6606,-0.4708941693860602
6607,-0.17182808942658312
6608,-0.1649427300927475
6609,-0.5982952918615361
6610,-0.10334538990098807
6611,-0.14680465592636693
6612,-0.025120695598673318
6613,-0.1063055898997729
6614,-0.44189888990797677
6615,-0.010775161400981476
6616,-0.14243242223339359
6617,-0.12219279207808587
6618,-0.44079735523141084
6619,-0.048306094529942833
6620,-0.6039062300558875
6621,-0.015373661537894906
6622,-0.4013991956791563
6623,-0.027891353775502115
6624,-0.046259532307393776
6625,-0.09276544256209898
6626,-0.029900971740658984
6627,-0.24051023906814928
6628,-0.14601720359503156
6629,-0.520950132870384
6630,-0.3491041275806541
6631,-0.015118374122882333
6632,-0.30284565321057677
6633,-0.007565861263062357
6634,-0.10016126451762
6635,-0.1107921014133263
6636,-0.10254518464962681
6637,-0.37925945396439786
6638,-0.23278839774663185
6639,-0.14687449961230614
6640,-0.4287042952140543
6641,-0.018447541196176448
6642,-0.2889788801657023
6643,-0.031469633783275164
6644,-0.21983077069545864
6645,-0.02164604070107068
6646,-0.33062745613159195
6647,-0.07553398807912147
6648,-0.000824420254751275
6649,-0.275568858114529
6650,-0.3646475351586866
6651,-0.15795575453938782
6652,-0.31642004646669664
6653,-0.3385167464128429
6654,-0.09547726945959892
6655,-0.6134731573693877
6656,-0.5223016006610699
6657,-0.06071053525524317
6658,-0.15560623798796458
6659,-0.09673179697936352
6660,-0.004301292964161265
6661,-0.5893573646421277
6662,-0.03214113957019896
6663,-0.04872514397941323
6664,-0.21867274191657238
6665,-0.023762897791805244
6666,-0.03993022391220136
6667,-0.07008667256509658
6668,-0.0309260653339914
6669,-0.309435435732043
6670,-0.0012225412903767788
6671,-0.2719895825074463
6672,-0.010639998491690755
6673,-0.11303069014806377
6674,-0.4712254830485012
6675,-0.16532512371618724
6676,-0.009246707222627243
6677,-0.017915779475395938
6678,-0.02476821828758216
6679,-0.5339359649924291
6680,-0.27501741452396766
6681,-0.06525614969765103
6682,-0.03762769313026684
6683,-0.010002705024741987
6684,-0.022482559247808606
6685,-0.09723306351895511
6686,-0.215257187835606
6687,-0.35488080346703477
6688,-0.3815108726021723
6689,-0.017537504500685808
6690,-0.5113760734495862
6691,-0.04711846757110452
6692,-0.10391679113648156
6693,-0.19573842115867557
6694,-0.024552960228100162
6695,-0.3131837543318672
6696,-0.10559418917673202
6697,-0.3280268959093058
6698,-0.06851492671227977
6699,-0.2199474074721679
6700,-0.3875516484362067
6701,-0.01738428547120436
6702,-0.022605693109100572
6703,-0.13808535310953296
6704,-0.060294165253152454
6705,-0.5096084157405145
6706,-0.93549025974899
6707,-0.06516895492918195
6708,-0.3398056956435198
6709,-0.011490618346446164
6710,-0.37221272752008794
6711,-0.19195238730604913
6712,-0.4241991903399882
6713,-0.05490502878397141
6714,-0.17243540327582807
6715,-0.5220630525522627
6716,-0.21774734795512776
6717,-0.2131432359454699
6718,-0.09230989462986561
6719,-0.6857466072288165
6720,-0.04642425744894929
6721,-0.045484324122409686
6722,-0.4927795424704655
6723,-0.017558325036756143
6724,-0.004319840024544115
6725,-0.3701917576437137
6726,-0.4691680635395852
6727,-0.32987880796159885
6728,-0.40389088651734717
6729,-0.47924412187173193
6730,-0.07253901504960192
6731,-0.12536265305612382
6732,-0.05333074723170661
6733,-0.288765300227789
6734,-0.012905155450421424
6735,-0.08238003707949454
6736,-0.6124883718003264
6737,-0.2823195005592951
6738,-0.2334929181097789
6739,-0.10368617443802045
6740,-0.28272146215970695
6741,-0.2703062693884011
6742,-0.4128067214028963
6743,-0.1645362027496695
6744,-0.016222656156066717
6745,-0.5255571914353685
6746,-0.47724868177773694
6747,-0.2952102947411732
6748,-0.2539487872699895
6749,-0.36772539988814756
6750,-0.0046793613485847305
6751,-0.19299868897146855
6752,-0.1296637027477776
6753,-0.16054326189397738
6754,-0.22059571557773028
6755,-0.00029695425165810266
6756,-0.20727750955528634
6757,-0.16284541282407183
6758,-0.08390446290256007
6759,-0.09807614093354378
6760,-0.6896170497353538
6761,-0.10145919967026476
6762,-0.07018578387821203
6763,-0.07891321013374349
6764,-0.10927188361512397
6765,-0.14303624930664338
6766,-0.17931550150160902
6767,-0.15039827142544837
6768,-0.5848259061045074
6769,-0.05240890241439777
6770,-0.4980376375094586
6771,-0.2031689274469901
6772,-0.14138505555725134
6773,-0.25072008656995104
6774,-0.4941078447891929
6775,-0.04085619809690117
6776,-0.07515284769405817
6777,-0.16368118771635132
6778,-0.10742705182660231
6779,-0.6653352512477912
6780,-0.06231475025452804
6781,-0.2542476829540701
6782,-0.0856091342553893
6783,-0.7181290905308408
6784,-0.07034031723596179
6785,-0.11610108628378635
6786,-0.23328877333151654
6787,-0.11898702972817368
6788,-0.14714766139255264
6789,-0.6940407884102484
6790,-0.08463073450907299
6791,-0.36797033174897686
6792,-0.008127799653059348
6793,-0.22785507130770413
6794,-0.1738216607555665
6795,-0.5622337707406602
6796,-0.278917031006678
6797,-0.17815891330863076
6798,-0.12190658142520805
6799,-0.24828382843589125
6800,-0.0019129059389552273
6801,-0.025922466911405206
6802,-0.0933322255062814
6803,-0.1354626054416035
6804,-0.5062384632264796
6805,-0.10629975269570979
6806,-0.09723438254013764
6807,-0.0023615269349757956
6808,-0.41530713902862004
6809,-0.4772321343061017
6810,-0.5378184535448303
6811,-0.00302446783649918
6812,-0.13921099803611003
6813,-0.2888153166730576
6814,-0.16061788694269596
6815,-0.32209023460139363
6816,-1.0147402492522577
6817,-0.2735784353996067
6818,-0.2361379847158407
6819,-0.06292106585679225
6820,-0.037185874863687324
6821,-0.040566841000944494
6822,-0.015139385784401771
6823,-0.018903164799773067
6824,-0.245648356486588
6825,-0.49501372637061003
6826,-0.11885296062103246
6827,-0.07597227533970152
6828,-0.23769773564709523
6829,-0.01650476635667289
6830,-0.19952467182161593
6831,-0.08573825346793329
6832,-0.18476270334140432
6833,-0.4632298906015677
6834,-0.04118383053031549
6835,-1.1224552806531918
6836,-0.2681399317654415
6837,-0.20224867689558224
6838,-0.11600971867785859
6839,-0.37681575615355145
6840,-0.05164621509795575
6841,-0.17055340199154057
6842,-0.3022264603917595
6843,-0.0577362209576987
6844,-0.45532526818448105
6845,-0.039229853063102366
6846,-0.043156632179279786
6847,-0.06656260306210762
6848,-0.09287461558760104
6849,-0.11821146321938159
6850,-0.3044783056042668
6851,-0.013422604627702506
6852,-0.13390500882614953
6853,-0.43017696023965446
6854,-0.07970482996577788
6855,-0.21189365636324367
6856,-0.6304461941651951
6857,-0.47997092165402977
6858,-0.3347193002734504
6859,-0.06129159354730351
6860,-0.0983002855940357
6861,-0.93549025974899
6862,-0.93549025974899
6863,-0.19581013453419738
6864,-0.30520512444170755
6865,-0.93549025974899
6866,-0.05825877820281023
6867,-0.5068060951779807
6868,-0.09321112998363379
6869,-0.013438270599514662
6870,-0.2669660947698649
6871,-0.11375883681598753
6872,-0.13004824208337462
6873,-0.02525727396059596
6874,-0.5601612779952365
6875,-0.5065200024640735
6876,-0.4799487972153824
6877,-0.003822777150232881
6878,-0.025730350621953287
6879,-0.1727325903330579
6880,-0.19171928911881908
6881,-0.11114544168676999
6882,-0.08903625602624088
6883,-0.1597162251953802
6884,-0.188206637324424
6885,-0.012056398000832691
6886,-0.6815540852493829
6887,-0.06889856101332947
6888,-0.3513113666071668
6889,-0.07893047536551359
6890,-0.18238246881127518
6891,-0.2560542676687376
6892,-0.48641743298733964
6893,-0.27464173359419286
6894,-0.29592044815733987
6895,-0.005743522363262726
6896,-0.08536313046567237
6897,-0.457985454802456
6898,-0.1609069364025011
6899,-0.873114869073591
6900,-0.3755469921923478
6901,-0.08085771896366012
6902,-0.056348333087275826
6903,-0.01628925697100947
6904,-0.2794183888069348
6905,-0.25800039303794975
6906,-0.40483602233243454
6907,-0.03987142026098318
6908,-0.7672650399336227
6909,-0.10566577236946273
6910,-0.014163131588786931
6911,-0.07456490722411216
6912,-0.12737649368339454
6913,-0.03780795585289676
6914,-0.044487963480170284
6915,-0.3523434295755479
6916,-0.47321404694393965
6917,-0.10758823194044753
6918,-0.48607820248868805
6919,-0.3279823629000198
6920,-0.1724336289422293
6921,-0.5351776935129227
6922,-0.6287047918658466
6923,-0.12842914013284146
6924,-0.1894005084622976
6925,-0.718625707747302
6926,-0.20524865655836866
6927,-0.4661209638614032
6928,-4.836213704811696
6929,-0.08845278049278438
6930,-0.0167294483885706
6931,-0.03103735098616936
6932,-0.5166609648229912
6933,-0.04010219349439126
6934,-0.1521254242195491
6935,-0.2656696256524449
6936,-0.4500980690193561
6937,-0.050938226978097245
6938,-0.20500642154076232
6939,-0.7817867515595722
6940,-0.023677024261810627
6941,-0.00953002096868165
6942,-0.1736627812279683
6943,-0.1343857107256583
6944,-0.4665652980020951
6945,-0.345427886263197
6946,-0.13695674955741666
6947,-0.49825154650361414
6948,-0.5005752755258133
6949,-0.36363692609398335
6950,-0.21422299357659824
6951,-0.1315899556247877
6952,-0.03229318283968241
6953,-0.11567919807611426
6954,-0.14996091322234564
6955,-0.027755130373743886
6956,-0.2897994341393062
6957,-0.19470977368760523
6958,-0.07814584864636281
6959,-0.23230064009655438
6960,-0.2486699399080572
6961,-0.009681782006705504
6962,-0.14670366133333523
6963,-0.31709188502925656
6964,-0.02851277332055091
6965,-0.12187734233904879
6966,-0.059973607181181415
6967,-0.021176988104087302
6968,-0.01993161614505845
6969,-0.07143823645757277
6970,-0.3514116181384601
6971,-0.0621101394542084
6972,-0.26738092846427897
6973,-0.17650257687322757
6974,-0.006395410642933257
6975,-0.17079494798835626
6976,-0.09452876970496515
6977,-0.08611419547639143
6978,-0.11407500313221786
6979,-0.12462920159648272
6980,-0.0014674300222833475
6981,-0.3359472307918048
6982,-0.04250636184007065
6983,-0.4713141809278625
6984,-0.02506883559175361
6985,-0.09426272509691691
6986,-0.2559653319865173
6987,-0.07876083404135098
6988,-0.0785411045231813
6989,-0.11264679719267423
6990,-0.08847574495635557
6991,-0.040251320645028454
6992,-0.1334480846998254
6993,-0.0559362013895216
6994,-0.3352997916133962
6995,-0.16695656187440733
6996,-0.052413274059048054
6997,-0.47608373754697475
6998,-0.05644373039058029
6999,-0.0590888351198084
7000,-0.14916693151690222
7001,-0.191438833224976
7002,-0.00034663597563221193
7003,-0.010062906538905037
7004,-0.26757933827841207
7005,-0.40175218236283605
7006,-0.31648703141121404
7007,-0.05030501151240874
7008,-0.22637242832640014
7009,-0.2224102902185212
7010,-0.05817290109238382
7011,-0.1967660850247831
7012,-0.5464548842869559
7013,-0.08844310420455814
7014,-0.21364002219414546
7015,-0.11017014106942558
7016,-0.13901482717493352
7017,-0.028658918312608472
7018,-0.14290126026921435
7019,-0.3389238841931894
7020,-0.12124991944094632
7021,-0.15824531121103658
7022,-0.12522736042486174
7023,-0.2101581786488005
7024,-0.16488772754006797
7025,-0.03960388760837674
7026,-0.4601176820653685
7027,-0.04048570837983878
7028,-0.2501961187880778
7029,-0.29623968132198586
7030,-0.0016448411252448017
7031,-0.017672894232871356
7032,-0.08039741061326533
7033,-0.09910109740034478
7034,-0.09009961240153255
7035,-0.09875556164810462
7036,-0.08525398854042276
7037,-0.3127470206837337
7038,-0.17794957011105084
7039,-0.015608318707700415
7040,-0.024843345741412226
7041,-0.17503536262428002
7042,-0.044123207174613044
7043,-0.46982112287391864
7044,-0.20904640420039344
7045,-0.06481342291652803
7046,-0.4862486848402825
7047,-0.004133775392138939
7048,-0.18239120616228213
7049,-0.3381762863112119
7050,-0.4989992618241167
7051,-0.04263798846475475
7052,-0.24413579517738038
7053,-0.03389169644368295
7054,-0.09427635684677416
7055,-0.8768395050364166
7056,-0.421499608589194
7057,-0.4106347372911632
7058,-0.1803484288584265
7059,-0.35615672284519206
7060,-0.15922064927271168
7061,-0.1934455894232683
7062,-0.1989333434963516
7063,-0.1468307421369321
7064,-0.05960301275623081
7065,-0.22771184186267313
7066,-0.17079121474812498
7067,-0.10872380356884526
7068,-0.014662225973037235
7069,-0.28220222027886877
7070,-0.06852629890459683
7071,-0.36313898818745893
7072,-0.024474480943398547
7073,-0.36727715954563855
7074,-0.19564800011799566
7075,-0.08054228371914807
7076,-0.18444904927462336
7077,-0.05668391762987435
7078,-0.009275358310950943
7079,-0.10583093454031683
7080,-0.41895651324401095
7081,-0.3044684412839005
7082,-0.6890388249200221
7083,-0.001949398197605208
7084,-0.27490164362989233
7085,-0.026931184209870285
7086,-0.21422239451023198
7087,-0.10562943564246566
7088,-0.26500413288778235
7089,-0.4783358352092524
7090,-0.08009667102723184
7091,-0.02674762897880218
7092,-0.04646038130658495
7093,-0.052778239169808394
7094,-0.3766587560586001
7095,-0.10163884166346665
7096,-0.13094716438026355
7097,-0.12678049676320358
7098,-0.27681090653382734
7099,-0.02476851920979739
7100,-0.2793493358245378
7101,-0.060925657181114534
7102,-0.23812717130351935
7103,-0.29231865527783896
7104,-0.1677777176943618
7105,-0.0686639372065937
7106,-0.05084368607810863
7107,-0.24751515096209475
7108,-0.3606102039723602
7109,-0.05030261128178737
7110,-0.023966288438201505
7111,-0.0011504587154980168
7112,-0.012522247069525788
7113,-0.17117119777127787
7114,-0.06077065621105904
7115,-0.09077390936159424
7116,-0.14322846684069568
7117,-0.17810011785536561
7118,-0.040336656554318395
7119,-0.24654387853358983
7120,-0.182874087960478
7121,-0.09954544486531036
7122,-0.12147631337412879
7123,-0.1654545581707212
7124,-0.14449550995645843
7125,-0.2563701710883812
7126,-0.3268938344162997
7127,-0.21188108598
7128,-0.4220930666855591
7129,-0.1448800196907869
7130,-0.08676542360192663
7131,-0.32483905332620466
7132,-0.3434943765999026
7133,-0.0006226062810903241
7134,-0.4628297418607481
7135,-0.29483712705518395
7136,-0.26079839419824014
7137,-0.09012286776942569
7138,-0.13434905936157782
7139,-0.04844804132653113
7140,-0.08132485478671936
7141,-0.09797687979224604
7142,-0.03239210811007509
7143,-0.048056493336930406
7144,-0.12325744839624608
7145,-0.14141657980542288
7146,-5.423432054112702
7147,-0.28992564582679997
7148,-0.029774569387105432
7149,-0.08510073115446881
7150,-0.23826158630886596
7151,-0.2121405683410034
7152,-0.31016661095871045
7153,-0.525170345857211
7154,-0.025487306942024057
7155,-0.03566704748881355
7156,-0.07030630573515106
7157,-0.031702399270123756
7158,-0.17019753727225195
7159,-0.19030544035230712
7160,-0.061701879510171254
7161,-0.09810277673509393
7162,-0.02084405489658228
7163,-0.4654055913567934
7164,-0.01676095596222022
7165,-0.3710795773832154
7166,-0.026051511628362715
7167,-0.0697586880007437
7168,-0.12016232557596318
7169,-0.303912251581107
7170,-0.04239620838656366
7171,-0.15944372500200643
7172,-0.08174245832886629
7173,-0.003242795946574957
7174,-0.069129223260943
7175,-0.27271328095708447
7176,-0.013606282522167234
7177,-0.19705863104056665
7178,-0.11188644405143577
7179,-0.168811070304277
7180,-0.17997633927176437
7181,-0.2955231724353684
7182,-0.13911371746121493
7183,-0.03451002305618123
7184,-0.0694203985433487
7185,-0.07426020495618335
7186,-0.16436852153507608
7187,-0.4118712628629315
7188,-0.023288775072640266
7189,-0.1920795582308621
7190,-0.19567888251028542
7191,-0.2946421008341069
7192,-0.19433256784046915
7193,-0.015780567838528853
7194,-0.07192319403283379
7195,-0.1014343237938552
7196,-0.11653219063411857
7197,-0.2614887107225248
7198,-0.18980142074612205
7199,-0.007420558604473654
7200,-0.4693422284072857
7201,-0.4902822907776838
7202,-0.1971482678025689
7203,-0.08916976509439792
7204,-0.11524737049743206
7205,-0.1784492064544403
7206,-0.02892505787340785
7207,-0.3094759497139849
7208,-0.016663628285080417
7209,-0.14729340765301402
7210,-0.30142910899287445
7211,-0.16616150053447587
7212,-0.15859552204484295
7213,-0.4264120484787779
7214,-0.10774379278375656
7215,-0.20439234832369735
7216,-0.42958820806666864
7217,-0.07107286197227813
7218,-0.46303373808083315
7219,-0.3349909354938148
7220,-0.15357673820443285
7221,-0.06671897825665296
7222,-0.024392452330583514
7223,-0.05318121809071219
7224,-0.08685314055754034
7225,-0.17774382568796002
7226,-0.0963198802698112
7227,-0.4936514953963571
7228,-0.26936972390224767
7229,-0.12560935727434955
7230,-0.046070096808688676
7231,-0.09328434756453607
7232,-0.2703820051314687
7233,-0.15459840275054976
7234,-0.43981147581443425
7235,-0.15100579644604872
7236,-0.011594163237260579
7237,-0.07061051495644233
7238,-0.15558627733346697
7239,-0.034221555220829605
7240,-0.009855561230797123
7241,-0.050940059131302125
7242,-0.17602185018221553
7243,-0.15574140922276003
7244,-0.191384217880608
7245,-0.43365689393405127
7246,-0.011248201070288517
7247,-0.07186974616327646
7248,-0.08903396794397855
7249,-0.08273105796627478
7250,-0.4743260475440483
7251,-0.11168978424528656
7252,-0.08382856166856811
7253,-0.06105725565817466
7254,-0.14858346119489774
7255,-0.614655037881171
7256,-0.0039426964425973154
7257,-0.19828518529982242
7258,-0.2683726746695996
7259,-0.18698170641198164
7260,-0.16639434606372483
7261,-0.3221475964969618
7262,-0.08203059769034754
7263,-0.008265474524619926
7264,-0.0644520078115911
7265,-0.16253511006495902
7266,-0.13807397302423585
7267,-0.16406061357494306
7268,-0.024478001678799936
7269,-0.7977993685193159
7270,-0.009389776569010107
7271,-0.11406943014873328
7272,-0.024984671762877136
7273,-0.04688445540522593
7274,-0.016103638078871524
7275,-0.3622083558033595
7276,-0.05157924127560734
7277,-0.4753569199222031
7278,-0.03756748453623726
7279,-0.02371871355674071
7280,-0.10973984941988663
7281,-0.04389992243983143
7282,-0.3509743994641443
7283,-0.018185760646170834
7284,-0.043301045914725944
7285,-0.10182104594991026
7286,-0.2454575166374016
7287,-0.010274654810844136
7288,-0.26674631075873734
7289,-0.09425283430692766
7290,-0.043669377766134776
7291,-0.06651108826849009
7292,-0.05604880972681103
7293,-0.1313565324576289
7294,-0.37291903434138085
7295,-0.2815069998273839
7296,-0.4971090800279986
7297,-0.1090216846914851
7298,-0.3567656334718101
7299,-0.08218139771488409
7300,-0.005357535451829709
7301,-0.34410636601560585
7302,-0.23966382266484176
7303,-0.17025051851149442
7304,-0.1434717578273359
7305,-0.043825504935193216
7306,-0.29086330162841145
7307,-0.07199789505846654
7308,-0.19358940491447818
7309,-0.0832556722214215
7310,-0.11859661587740444
7311,-0.10483436591829376
7312,-0.10383826705936006
7313,-0.129042086551305
7314,-0.14356353346887696
7315,-0.13841635109775474
7316,-0.0706575130743029
7317,-0.4711425062638962
7318,-0.029622668017720982
7319,-0.04573282319308902
7320,-0.1450770390211757
7321,-0.2066948270960105
7322,-0.06863315272117321
7323,-0.4672157151290587
7324,-0.04815026761658514
7325,-0.13820264342641775
7326,-0.1889172763873015
7327,-0.00164240902650898
7328,-0.21467499493282205
7329,-0.08231589819722299
7330,-0.15945769230150436
7331,-0.13197477473346675
7332,-0.6352054900035462
7333,-0.1292296445556662
7334,-0.14790627926984223
7335,-0.31577556764121084
7336,-0.15406007506869246
7337,-0.13236393674606006
7338,-0.004604037147953986
7339,-0.06033475529271215
7340,-0.038314273193107984
7341,-0.4360350672841449
7342,-0.1419300548979785
7343,-0.3779850714245794
7344,-0.020293370635232094
7345,-0.31966756119729434
7346,-0.18879536219642878
7347,-0.33645881144845236
7348,-0.056443922441602457
7349,-0.007411727891288883
7350,-0.09830063521902702
7351,-0.3436830242467548
7352,-0.10804420424358366
7353,-0.4657826228406534
7354,-0.3755635693915895
7355,-0.10788481191234434
7356,-0.13970121892161583
7357,-0.18253392684912573
7358,-0.011548972631325705
7359,-0.349038328093942
7360,-0.13717776569901663
7361,-0.14367574753765056
7362,-0.6019369790017439
7363,-0.037213446534144386
7364,-0.04153075158211029
7365,-0.20345156799525066
7366,-0.18094992917704333
7367,-0.5140677075667277
7368,-0.3386454029617334
7369,-0.018254761795100778
7370,-0.033170915088685665
7371,-0.1947452202345179
7372,-0.22387319727707933
7373,-0.03178820929511201
7374,-0.002184437405690255
7375,-0.31876025655953244
7376,-0.0056308301568932795
7377,-0.2372844538173955
7378,-0.30624486483095137
7379,-0.11781871721558534
7380,-0.6287424526989938
7381,-0.03905855162391017
7382,-0.17408483629130192
7383,-0.20218024619669572
7384,-0.45015545066908225
7385,-0.051545303199106246
7386,-0.11951951628287738
7387,-0.060465528330054585
7388,-0.06859897900371736
7389,-0.1361047107495519
7390,-0.19467977224687516
7391,-0.12412862878934017
7392,-0.1030497794952483
7393,-0.03240183182318552
7394,-0.11121508561059423
7395,-0.14575242775927144
7396,-0.11374193332274862
7397,-0.16929966190319945
7398,-0.2075457865180007
7399,-0.22896629086401576
7400,-0.01871283517349534
7401,-0.13233373458109643
7402,-0.057234737653645174
7403,-0.043234582078018696
7404,-0.15907072170841197
7405,-0.4295309864518604
7406,-0.5785070189126262
7407,-0.0658550634187609
7408,-0.217645664413471
7409,-0.09598480697737788
7410,-0.009105155677749898
7411,-0.05647827241777684
7412,-0.06224184793515797
7413,-0.23189745383265248
7414,-0.01558684534506194
7415,-0.25335240441451484
7416,-0.01800113858182035
7417,-0.06185015433876784
7418,-0.02148771800573812
7419,-0.19920963912974488
7420,-0.15803866692586166
7421,-0.24380919836127868
7422,-0.01786204436030093
7423,-0.052144392662619304
7424,-0.07501303716897001
7425,-0.019498567952442092
7426,-0.35179986603948743
7427,-0.20052663018796935
7428,-0.016958326172012872
7429,-0.5565380782496323
7430,-0.2783153546217485
7431,-0.2471925967890637
7432,-0.016775250814696996
7433,-0.26082269103169997
7434,-0.07752239798860394
7435,-0.10689001944460144
7436,-0.2540527992133712
7437,-0.029853332655875982
7438,-0.0031235841987727053
7439,-0.02000108088811993
7440,-0.24198936918520708
7441,-0.3887368753652458
7442,-0.2666663058381804
7443,-0.0037098107902863746
7444,-0.007933019976413658
7445,-0.024030189409270708
7446,-0.0845303889684568
7447,-0.14721944688357969
7448,-0.004410660738965845
7449,-0.04443766488832823
7450,-0.03343820801115929
7451,-0.15811687749504788
7452,-0.6139483081155039
7453,-0.31110814709510715
7454,-0.14093141466192183
7455,-0.021582439120868463
7456,-0.014658783299933198
7457,-0.2132533511698842
7458,-0.01418055631536555
7459,-0.2238284122027996
7460,-0.09882198561147615
7461,-0.27417576509258135
7462,-0.06731938027102169
7463,-0.1783271103489228
7464,-0.010485855115537623
7465,-0.1531152129143472
7466,-0.13768988943937366
7467,-0.020641093788083542
7468,-0.03814649628019724
7469,-0.06003946299943255
7470,-0.10271289374478265
7471,-0.10831719354752026
7472,-0.13222090559361324
7473,-0.001738891236149183
7474,-0.36317118854238006
7475,-0.0935768009229827
7476,-0.2325603479537013
7477,-0.06279837520478193
7478,-0.1422503503248339
7479,-0.247795465119923
7480,-0.24928014833444934
7481,-0.22897010583110955
7482,-0.13938331881892063
7483,-0.21083778581459756
7484,-0.1598166969251404
7485,-0.15945104478978622
7486,-0.16669871275882153
7487,-0.5655742145521003
7488,-0.5634360755873402
7489,-0.03750020336147575
7490,-0.03738755998738121
7491,-0.30716870074351416
7492,-0.05268905496392202
7493,-0.007044734312312785
7494,-0.03688803701713756
7495,-0.10072533328994249
7496,-0.19426247307227706
7497,-0.11304153755185675
7498,-0.09404775432611429
7499,-0.6617235114964277
7500,-0.2410249226177037
7501,-0.08275467304344775
7502,-0.016212421296304513
7503,-0.15034009969944906
7504,-0.5041704961336819
7505,-0.15653994857353093
7506,-0.22955627058819783
7507,-0.23118057280459336
7508,-0.2229902866939507
7509,-0.17261432043644132
7510,-0.4150822247605338
7511,-0.21110038574892975
7512,-0.10881830576403573
7513,-0.12811218606856153
7514,-0.052742582025362666
7515,-0.012978933467424986
7516,-0.12177944433322141
7517,-0.18215405059148565
7518,-0.22575518519244442
7519,-0.0751726807791534
7520,-0.42889070182230604
7521,-0.2689244359729219
7522,-0.021395330464311663
7523,-0.3638533685442816
7524,-0.13998208737026918
7525,-0.06323421355922465
7526,-0.0680367818091927
7527,-0.93549025974899
7528,-0.13733149887876905
7529,-0.47404464958145676
7530,-0.016069735525660295
7531,-0.13356857490382312
7532,-0.49734183098853535
7533,-0.026253314795485212
7534,-0.15521165694363515
7535,-0.49487108869781704
7536,-0.015020173441121415
7537,-0.12210992924240227
7538,-0.14787272948014743
7539,-0.09700571902166166
7540,-0.05391148831854775
7541,-0.384213994930386
7542,-0.4660685849443144
7543,-0.026837971065410922
7544,-0.48520976526610937
7545,-0.15065187350901654
7546,-0.13576203164571732
7547,-0.07080114728049702
7548,-0.3833655818777153
7549,-0.051212420845131224
7550,-0.4887594593172384
7551,-0.06822002786621406
7552,-0.006266137205638983
7553,-0.16749061639050578
7554,-0.7909136319904135
7555,-0.23352681243656903
7556,-0.0025674539578974392
7557,-0.023019047518286873
7558,-0.049708316627143506
7559,-0.20567146808043368
7560,-0.09585458912621247
7561,-0.5343907657227831
7562,-0.003309237506206462
7563,-0.2089580917694197
7564,-0.4218063565160186
7565,-0.2291814026141772
7566,-0.0017293988353149214
7567,-0.2697393686883345
7568,-0.04482486173609826
7569,-0.13595428213132632
7570,-0.48038866640387134
7571,-0.06140661418687898
7572,-0.3814095046475501
7573,-0.06692854531868919
7574,-0.06045660831299815
7575,-0.02094344837091125
7576,-0.014854651222313553
7577,-0.4287286184367147
7578,-0.5780836495200181
7579,-0.16712961561526335
7580,-0.05131959237841344
7581,-0.11734835351407336
7582,-0.3213400287226609
7583,-0.010872153211964497
7584,-0.08784556510823993
7585,-0.10071962171500548
7586,-0.3047261462864448
7587,-0.04144865946535525
7588,-0.05852303360072586
7589,-0.14668504801518337
7590,-0.08347266113265941
7591,-0.2807817843415742
7592,-0.20111418319237062
7593,-0.13448666171356172
7594,-0.05660417982546484
7595,-0.016066111068570692
7596,-0.29797837932408733
7597,-0.23254516487806898
7598,-0.28339776833029084
7599,-0.1591303886315032
7600,-0.1346527830417661
7601,-0.15953348577722304
7602,-0.1756324467945463
7603,-0.2568952111461158
7604,-0.2411654609454611
7605,-0.3573195328737899
7606,-0.0021979900008166635
7607,-0.18443453452512415
7608,-0.23089675347184382
7609,-0.17357942775519541
7610,-0.08845037953941681
7611,-0.3343238702204445
7612,-0.10885562704260268
7613,-0.13839292736312503
7614,-0.001400886097753181
7615,-0.00017200325668349477
7616,-0.07538754412698051
7617,-0.5117472240176575
7618,-0.061418020175421556
7619,-0.01634952889572911
7620,-0.11171311838441512
7621,-0.011097252861154427
7622,-0.04112052719093054
7623,-0.03513551389130698
7624,-0.07284677752284541
7625,-0.16395267067634123
7626,-0.013201738783749667
7627,-0.31680363373044473
7628,-0.16947895108019972
7629,-0.06398519034798292
7630,-0.45393365457319623
7631,-0.00878786733737652
7632,-0.16667418204295364
7633,-0.6051989707285941
7634,-0.020541365723675598
7635,-0.0681884665605006
7636,-0.012178256356240532
7637,-0.00968796237930905
7638,-0.18695621607674662
7639,-0.006335765964258368
7640,-0.1902361514475004
7641,-0.07601953439344289
7642,-0.08463245558002142
7643,-0.04612548373811032
7644,-0.03821189743454337
7645,-0.46457807126950046
7646,-0.2669238306805988
7647,-0.17121644299519234
7648,-0.07684830690360522
7649,-0.008051227972299381
7650,-0.22676090533706805
7651,-0.21694141412624868
7652,-0.10918239852225842
7653,-0.29120589364959315
7654,-0.008573039147917627
7655,-0.15923401092931755
7656,-0.15538820225897965
7657,-0.15295485841937273
7658,-0.12676213058087393
7659,-0.21566722514418946
7660,-0.11999078352032422
7661,-0.38858779250293374
7662,-0.2660943148522552
7663,-0.017107836264214207
7664,-0.07017743503763763
7665,-0.11220220970907735
7666,-0.11979175204355388
7667,-0.3485761616596901
7668,-0.005708574589591571
7669,-0.3145554275347031
7670,-0.5366679046795273
7671,-0.0865327448541452
7672,-0.31154635586473767
7673,-0.14137932899643824
7674,-0.08329051519840602
7675,-0.05005378368556557
7676,-0.27988447169014563
7677,-0.08753399540049733
7678,-0.08075027478526808
7679,-0.19108922835994813
7680,-0.516644136214568
7681,-0.06592077222993956
7682,-0.06201626740144128
7683,-0.12971706046685272
7684,-0.15062640944304384
7685,-0.08814920635111204
7686,-0.03579140927037161
7687,-0.015243525640637245
7688,-0.048930098618288266
7689,-0.22650244019061505
7690,-0.05684486524032917
7691,-0.19456226282201616
7692,-0.0069031048516919324
7693,-0.09476173153811107
7694,-0.315437841044492
7695,-0.037226835017625214
7696,-0.02424612385883332
7697,-0.16933221407143328
7698,-0.0837559576741034
7699,-0.07247193185731649
7700,-0.04751947402931106
7701,-0.026949972542652953
7702,-0.24182841142297307
7703,-0.21939697620951293
7704,-0.43553013918522876
7705,-0.13841019239550578
7706,-0.04475594978509137
7707,-0.21177029289880445
7708,-0.0684061974923017
7709,-0.0013783271795362265
7710,-0.5809371677331487
7711,-0.0242784343450915
7712,-0.0744014804969707
7713,-0.1777680099764134
7714,-0.32217812212672226
7715,-0.12908739207375852
7716,-0.2006347949222076
7717,-0.02881140373227231
7718,-0.3182800843401995
7719,-0.013721061247129684
7720,-0.20783320868408284
7721,-0.04214406328761655
7722,-0.1284950985476354
7723,-0.08673250964027311
7724,-0.1679405710434878
7725,-0.6613489509023385
7726,-0.2987209052845441
7727,-0.5275617428034374
7728,-0.18438908685207167
7729,-0.20477522829010164
7730,-0.15966512341517802
7731,-0.3408545576251445
7732,-0.06362583278169132
7733,-0.18578917280393847
7734,-0.35057362917098545
7735,-0.10852381270100342
7736,-0.12494617120247797
7737,-0.21356046113424876
7738,-0.23470963484807328
7739,-0.3053500074853819
7740,-0.36052514186867635
7741,-0.3983251968812085
7742,-0.477267926177364
7743,-0.0634970331550947
7744,-0.28456444704021167
7745,-0.061163718709850934
7746,-0.1906192059488525
7747,-0.20800949797641247
7748,-0.12579640541073633
7749,-0.2090476676093367
7750,-0.28646342094956945
7751,-0.09854711932057614
7752,-0.5594264694319762
7753,-0.16703735875440318
7754,-0.09917824472909081
7755,-0.12848681028476694
7756,-0.03102796060717461
7757,-0.21725213872628757
7758,-0.03767281667928549
7759,-0.2923243479467921
7760,-0.0010130569137044645
7761,-0.03385435798856764
7762,-0.17446328373721443
7763,-0.03676245872239376
7764,-0.027314187502049947
7765,-0.7202649855888357
7766,-0.01684194610373968
7767,-0.01482953506045688
7768,-0.07313772014750164
7769,-0.23568993509417346
7770,-0.07872964824886841
7771,-0.173069973067419
7772,-0.041872321321733796
7773,-0.0963030317542306
7774,-0.32648092092569847
7775,-0.21651728015245597
7776,-0.003047342225929674
7777,-0.28385341259077457
7778,-0.34654211507796306
7779,-0.1237734804410473
7780,-0.5260147000769617
7781,-0.2557979172327447
7782,-0.004490507156212492
7783,-0.17944057578472528
7784,-0.048007055525689096
7785,-0.07370809767741904
7786,-0.027740891673637358
7787,-0.0005370333157951663
7788,-0.014199900273915156
7789,-0.051180893171844516
7790,-0.13560046835528716
7791,-0.21580871482576436
7792,-0.11817627304608891
7793,-0.32941045513186573
7794,-0.18983856299439816
7795,-0.11846308524669702
7796,-0.0599824211961697
7797,-0.26997584875342817
7798,-0.006609407112536936
7799,-0.22169104604131684
7800,-0.35454677920453515
7801,-0.39368490048546534
7802,-0.15835777888176994
7803,-0.09315815179359044
7804,-0.4971772101631817
7805,-0.2943892855953312
7806,-0.13425975884594443
7807,-0.04324514207714006
7808,-0.26073857322045424
7809,-0.3208858932900114
7810,-0.5156226728493682
7811,-0.21482891873192494
7812,-0.007141569041319379
7813,-0.5944272251808443
7814,-0.3671105908591876
7815,-0.01408021583883916
7816,-0.23322545267028616
7817,-0.07761151117306442
7818,-0.36496299143723165
7819,-0.13190349964639675
7820,-0.05806224543150951
7821,-0.015251284855950176
7822,-0.06368084544919761
7823,-0.4928957910044045
7824,-0.3534362314376076
7825,-0.09610458995706461
7826,-0.3648645422700305
7827,-0.21835828882523067
7828,-0.15004700203958699
7829,-0.02692581558878729
7830,-0.02513157005114164
7831,-0.01980898013751564
7832,-0.0052447054378458105
7833,-0.23436608458693733
7834,-0.20267897958252457
7835,-0.22861909910486533
7836,-0.0935519075643989
7837,-0.167265750059173
7838,-0.05361865508455495
7839,-0.39935770664890846
7840,-0.2556027354291146
7841,-0.05796475903970322
7842,-0.20132342125587702
7843,-0.21200911032807215
7844,-0.06077834034812046
7845,-0.052451660549639456
7846,-0.08300819656783409
7847,-0.023875272000645237
7848,-0.0865121031887546
7849,-0.3521503647155231
7850,-0.3598491017680274
7851,-0.06937341997206492
7852,-0.3069366811580321
7853,-0.022414087813655947
7854,-0.2717295964999167
7855,-0.09801618160331538
7856,-0.07038812229865166
7857,-0.08065916538962548
7858,-0.1639281837537312
7859,-0.17284871692166215
7860,-0.02994171561602077
7861,-0.26953952513241974
7862,-0.1445134394546077
7863,-0.07138267771146237
7864,-0.06323299726720721
7865,-0.11821801552008049
7866,-0.05659625501883969
7867,-0.356673089753635
7868,-0.18805153355502746
7869,-0.10526639271450344
7870,-0.20906254264646984
7871,-0.18998667297949912
7872,-0.253744078400418
7873,-0.22939393219672877
7874,-0.93549025974899
7875,-0.007119221226041396
7876,-0.1401267153833503
7877,-0.4646156028274451
7878,-0.09474734942504626
7879,-0.022287608713522755
7880,-0.06827823222247245
7881,-0.5167473952393054
7882,-0.35554158765283006
7883,-0.36154453739460957
7884,-0.05841779596486859
7885,-0.1560915291521643
7886,-0.046001147476025156
7887,-0.010327286222817228
7888,-0.026491843794894665
7889,-0.06817124720498136
7890,-0.39074642361941336
7891,-0.12620826202456215
7892,-0.5320947596634245
7893,-0.0926751596789317
7894,-0.13201434321109717
7895,-0.08642977462715473
7896,-0.1362873783429297
7897,-0.002409365710085897
7898,-0.09413553210258563
7899,-0.021947626417481603
7900,-0.2480709977040725
7901,-0.535818529929033
7902,-0.12674298087468516
7903,-0.4736904055005128
7904,-0.3073094304731008
7905,-0.028881352413033606
7906,-0.11275026696845458
7907,-0.055774787388628955
7908,-0.8721803334574663
7909,-0.5166606087168533
7910,-0.07655452146540398
7911,-0.5401608138695075
7912,-0.17554035646769606
7913,-0.15975857383012582
7914,-0.7096353777119049
7915,-0.49360428170160064
7916,-0.12609906324779152
7917,-0.1308431649091264
7918,-0.033480323965721315
7919,-0.19986171142992726
7920,-0.06676779624838239
7921,-0.1698443706380801
7922,-0.12407852682394749
7923,-0.09171951904214959
7924,-0.10270829247826763
7925,-0.44945473201471436
7926,-0.35811261499518743
7927,-0.2156493390187812
7928,-0.12867921558700124
7929,-0.14558920497547323
7930,-0.2897904478467006
7931,-0.4382894338369142
7932,-0.05183655075567295
7933,-0.05029927259665501
7934,-6.951340879488184e-05
7935,-0.19499928902153585
7936,-0.030061449895142922
7937,-0.06066573424095667
7938,-0.13815916601929346
7939,-0.060050593494920285
7940,-0.4318564641882521
7941,-0.2254887391975864
7942,-0.026270055913842752
7943,-0.08826005441026974
7944,-0.11906768539346214
7945,-0.09225588950336361
7946,-0.40305070048226677
7947,-0.03496069703196672
7948,-0.6320065230679592
7949,-0.3956856248806364
7950,-0.1507996992460675
7951,-0.15188071737445233
7952,-0.07444909768089375
7953,-0.35889418816861707
7954,-0.08895819792187654
7955,-0.05808833949334169
7956,-0.062361579878361106
7957,-0.2227623225243135
7958,-0.167440782538488
7959,-0.2535039022947122
7960,-0.16857432517215953
7961,-0.6029522976703721
7962,-0.242780494706075
7963,-0.180901746852663
7964,-0.06543493519251975
7965,-0.0707887180203759
7966,-0.13439726557654597
7967,-0.02921541698205865
7968,-0.2669479148546543
7969,-0.29916214549072295
7970,-0.16345017797980166
7971,-0.06838728847761377
7972,-0.000724177497793882
7973,-0.18452505793791874
7974,-0.07679270245960712
7975,-0.2791914132070197
7976,-0.6135510047627779
7977,-0.17017698491661237
7978,-0.06722254543685413
7979,-0.1027409075442619
7980,-0.24130766040627982
7981,-0.18302914044914978
7982,-0.04670336964115451
7983,-0.026939086811651913
7984,-0.019647913283061702
7985,-0.025574176152865946
7986,-0.0048810560231979105
7987,-0.4682315144973139
7988,-0.07459103558864533
7989,-0.04672817612212583
7990,-0.1665840996099971
7991,-0.5494241272036207
7992,-0.3433008861150939
7993,-0.2318179528007659
7994,-0.009923746486976033
7995,-0.07913499731142659
7996,-0.1713664406552482
7997,-0.15777514667156212
7998,-0.33760742473367483
7999,-0.4304762021126437
8000,-0.0999156368844365
8001,-0.03325385331575259
8002,-0.26818299293941017
8003,-0.014409369645815644
8004,-0.011468177566097304
8005,-0.11779689916838665
8006,-0.2835563951412685
8007,-0.06050874889251301
8008,-0.12712115341894326
8009,-0.05342669727571503
8010,-0.10601752257520802
8011,-0.11776338792943486
8012,-0.5058680791232875
8013,-0.031296391118225936
8014,-0.17788744778815524
8015,-0.15395048643398923
8016,-0.0035488699885008923
8017,-0.11482709723011741
8018,-0.04872020497627416
8019,-0.11200649955371933
8020,-0.032924457564031534
8021,-0.2254896582758037
8022,-0.10397668407411464
8023,-0.013685108640449056
8024,-0.3644766799119967
8025,-0.017215479959749286
8026,-0.06054902161085243
8027,-0.5432019746154015
8028,-0.13381023369820122
8029,-0.15724969027052282
8030,-0.09240261786643889
8031,-0.19194167360611758
8032,-0.17629577020100673
8033,-0.07298327172341257
8034,-0.025158277980664723
8035,-0.09038100229562657
8036,-0.05442076728789272
8037,-0.10747504530559304
8038,-0.14257471464702265
8039,-0.17973202545748856
8040,-0.24309669339892892
8041,-0.030709024869207235
8042,-0.08935759445275737
8043,-0.0226705168826197
8044,-0.09159947695739448
8045,-0.18989568223484676
8046,-0.31173801672932094
8047,-0.3124950014221497
8048,-0.2633339393259715
8049,-0.14087082439229207
8050,-0.02829560997544489
8051,-0.1233242507808403
8052,-0.08150369301681515
8053,-0.06303093867844878
8054,-0.19480555588191573
8055,-0.124141273986804
8056,-0.02558544501813445
8057,-0.0799820532788198
8058,-0.07771666623111406
8059,-0.2836948224261602
8060,-0.0951085893194592
8061,-0.4039046622808815
8062,-0.058536143773475664
8063,-0.2054242593710005
8064,-0.13067624639444553
8065,-0.10400291602155765
8066,-0.11850602997338244
8067,-0.4464345783783763
8068,-0.13227461001048546
8069,-0.053322063613786
8070,-0.010964752284392825
8071,-0.2141921941042657
8072,-0.14378776080444855
8073,-0.13789950293477427
8074,-0.09679729768164869
8075,-0.41217944355666747
8076,-0.0007635231811155344
8077,-0.22138713818580102
8078,-0.02778990447794441
8079,-0.16727078930139438
8080,-0.032323947694946065
8081,-0.03700046764303011
8082,-0.1361538383501526
8083,-0.029997554971112894
8084,-0.23857893457061508
8085,-0.1484518403773798
8086,-0.08540596868185313
8087,-0.8087189485816282
8088,-0.03109810846790695
8089,-0.40072829025304557
8090,-0.137504430094888
8091,-0.06192886268070341
8092,-0.1631301637057475
8093,-0.3828465322354546
8094,-0.07820091109877014
8095,-0.6020180474609464
8096,-0.05202972652051843
8097,-0.00849086526053558
8098,-0.39201187108973923
8099,-0.02808940939440236
8100,-0.46202120813681713
8101,-0.011443383131554269
8102,-0.16282187673269413
8103,-0.09007818069276377
8104,-0.22545402307338458
8105,-0.4889846106023593
8106,-0.1054754459285279
8107,-0.37744139034532376
8108,-0.41783856124977536
8109,-0.021745975427884395
8110,-4.7166900345465415
8111,-0.07793627608497447
8112,-0.93549025974899
8113,-0.13858189683330896
8114,-0.04259553588017129
8115,-0.4815843673378968
8116,-0.5372875393156029
8117,-0.09173394215171345
8118,-0.48231605061487715
8119,-0.5936458772284716
8120,-0.017677511094345566
8121,-0.4065031821635956
8122,-0.21967560015913043
8123,-0.15515829147368443
8124,-0.2823297539546932
8125,-0.2410798582892717
8126,-0.4675691996358979
8127,-0.15933462563765932
8128,-0.6303850035929148
8129,-0.12179967986971807
8130,-0.07664930327096053
8131,-0.11505692470123252
8132,-0.36808633764680465
8133,-0.24618836264557453
8134,-0.02222460071240749
8135,-0.003124112326644668
8136,-0.0294114504888221
8137,-0.11964713095899393
8138,-0.13717561737982686
8139,-0.09766831924031871
8140,-0.43591760362439935
8141,-0.3340295882031735
8142,-0.2723636527972546
8143,-0.4078135599702648
8144,-0.2493125827818351
8145,-0.028287914123414915
8146,-0.09941296400919342
8147,-0.11489810901729314
8148,-0.3348319862649536
8149,-0.4774197562447413
8150,-0.20698299186478586
8151,-0.11350210577192923
8152,-0.15160259060154502
8153,-0.015668411403060085
8154,-0.02377279936517946
8155,-0.5582008153097111
8156,-0.3738166682060361
8157,-0.07766879385117598
8158,-0.3307588908143644
8159,-0.21486764682996207
8160,-0.3175615390884232
8161,-0.021824684506726588
8162,-0.16041595359984573
8163,-0.10517100908790056
8164,-0.034487034260188176
8165,-0.3646794731229992
8166,-0.5362400225253783
8167,-0.5296224498301072
8168,-0.10943262998096037
8169,-0.11943493344345557
8170,-0.504890670522546
8171,-0.13482968701594844
8172,-0.4011618496578002
8173,-0.004484438422062256
8174,-0.1692282132163505
8175,-0.47417590357485573
8176,-0.023223845104285438
8177,-0.035769027695971706
8178,-0.16902090643718026
8179,-0.36226792397697594
8180,-0.35772343989233946
8181,-0.24585139614886486
8182,-0.07717109745543071
8183,-0.09997579426690184
8184,-0.01733081796707847
8185,-0.28065529217573193
8186,-0.01671281798253868
8187,-0.11608834722519434
8188,-0.09150941029175286
8189,-0.015577938652389656
8190,-0.0687909487974066
8191,-0.023840111904296357
8192,-0.03834632978699681
8193,-0.0012543640532229963
8194,-0.012582361895504796
8195,-0.21621542556332862
8196,-0.02261831638758427
8197,-0.026955912211154787
8198,-0.07167311142755331
8199,-0.17899118478113263
8200,-0.19572187302171706
8201,-0.016887581463562507
8202,-0.30904445050030654
8203,-0.3974016198635266
8204,-0.10502418399281988
8205,-0.003145274200876527
8206,-0.04307149547677769
8207,-0.037872712990921494
8208,-0.11088923611224744
8209,-0.09998420271800781
8210,-0.4091649221885594
8211,-0.4615109802031676
8212,-0.36811063622409534
8213,-0.25665300112637235
8214,-0.16396941597734926
8215,-0.06289291763735186
8216,-0.01617385946701355
8217,-0.05635727497983579
8218,-0.13803023811244775
8219,-0.14837222049440701
8220,-0.11363048427585598
8221,-0.1814652545036921
8222,-0.20048493735967954
8223,-0.20263110973714982
8224,-0.075804968490357
8225,-0.22543344606509708
8226,-0.039832380804247364
8227,-0.15674605617238635
8228,-0.31949505206176276
8229,-0.03784254049954486
8230,-0.08808688544960941
8231,-0.06497374509360299
8232,-0.2955297992289907
8233,-0.09272612083325704
8234,-0.17171615943578733
8235,-0.06855123172791366
8236,-0.13563258599686367
8237,-0.03803741983389522
8238,-0.08286365712155197
8239,-0.07672878122446047
8240,-0.3911414024444164
8241,-0.48081127483093244
8242,-0.01670195075647471
8243,-0.19544622464244066
8244,-0.03366418376426816
8245,-0.24913836270470757
8246,-0.04442570763553366
8247,-0.06604596696800025
8248,-0.03740925150161847
8249,-0.385648035901061
8250,-0.0058436341848881815
8251,-0.10459749998445611
8252,-0.35274394568589207
8253,-0.04959659346527312
8254,-0.2968042615969413
8255,-0.13282828020037574
8256,-0.15869426986233615
8257,-0.2219394546638469
8258,-0.46315555246798823
8259,-0.5350410223783388
8260,-0.06959890967849569
8261,-0.03611679238416649
8262,-0.36987308389919704
8263,-0.10296384717446261
8264,-0.0016823540331078063
8265,-0.006773830650885798
8266,-0.15590422166341655
8267,-0.17151689387429625
8268,-0.10921978921723599
8269,-0.2648752023391876
8270,-0.0897687896403433
8271,-0.07856400528181817
8272,-0.12918868632429484
8273,-0.23547802548813668
8274,-0.3601315817662756
8275,-0.024801626370532626
8276,-0.00829526017000596
8277,-0.16468462953223642
8278,-0.06997948197921966
8279,-0.2983911310745406
8280,-0.04041278201047771
8281,-0.057792446445433576
8282,-0.038779047494941654
8283,-0.07474300860102945
8284,-0.056127778596132605
8285,-0.2060937754417216
8286,-0.2513036956152086
8287,-0.1392737189867348
8288,-0.1977621617566072
8289,-0.18038648710634278
8290,-0.1314001962697181
8291,-0.24232414615302078
8292,-0.13402190787791046
8293,-0.18534196943396808
8294,-0.10443103863241365
8295,-0.0803958047175275
8296,-0.04321421145416915
8297,-0.16686980552735264
8298,-0.10226741352827029
8299,-0.2158054583774427
8300,-0.2622733784122744
8301,-0.18091728332452073
8302,-0.055296445622679546
8303,-0.47312151881115705
8304,-0.26015878396522585
8305,-0.05062430610800228
8306,-0.09588382188873415
8307,-0.10370571630597825
8308,-0.021867575045722454
8309,-0.2175144177887507
8310,-0.0369308638031203
8311,-0.07863341978078664
8312,-0.02177123572886233
8313,-0.14819284484204198
8314,-0.4476090269332116
8315,-0.4678237296963239
8316,-0.021837729488195068
8317,-0.1061798068322628
8318,-0.1551450003310073
8319,-0.017324449872098142
8320,-0.011029562306112246
8321,-0.05894001699441731
8322,-0.2304636124194951
8323,-0.08128375748203587
8324,-0.20350543474252095
8325,-0.06637811376963187
8326,-0.0854972042841432
8327,-0.0006353991285682273
8328,-0.26966130853892345
8329,-0.2526791917164317
8330,-0.15253007053318557
8331,-0.1098171856947392
8332,-0.17882683236398236
8333,-0.2529630923494115
8334,-0.13391740997369836
8335,-0.07626914707633192
8336,-0.03214154285872095
8337,-0.22329446464888214
8338,-0.5786408488565091
8339,-0.04341855148477691
8340,-0.08084030815442311
8341,-0.007771029954609099
8342,-0.0907434553034544
8343,-0.011543689642332433
8344,-0.04546802490622584
8345,-0.051845654949096015
8346,-0.014820186845360968
8347,-0.010588727228215272
8348,-0.16491762136063892
8349,-0.020186586097047488
8350,-0.12190753846288915
8351,-0.06762495163453475
8352,-0.35223743071436964
8353,-0.16168977664202977
8354,-0.08944426639240755
8355,-0.40178224297573095
8356,-0.008471700813622725
8357,-0.09878741213980158
8358,-0.03262130370500433
8359,-0.14893748410652252
8360,-0.33524152512066374
8361,-0.27567660087071666
8362,-0.0018505712546212985
8363,-0.020776912880928602
8364,-0.04526854461322715
8365,-0.25085130620325913
8366,-0.061471126579365494
8367,-0.03735046615500684
8368,-0.0300426920522453
8369,-0.25357855608425917
8370,-0.21199852469770208
8371,-0.10560347619589175
8372,-0.010043943044840964
8373,-0.11035969843026239
8374,-0.0014917571778997954
8375,-0.0024484067273401466
8376,-0.2248823952309409
8377,-0.08111413675117696
8378,-0.05917599067113821
8379,-0.2564810234033925
8380,-0.013654279391538097
8381,-0.26072500629801043
8382,-0.2272395149206563
8383,-0.0375039044283177
8384,-0.07936435034736755
8385,-0.1605463761577628
8386,-0.018647703118293585
8387,-0.015136928761789542
8388,-0.14923241573083956
8389,-0.15022119870344852
8390,-0.01864802685113867
8391,-0.06861929025184221
8392,-0.03686749777523435
8393,-0.33896270347028523
8394,-0.10813330484342656
8395,-0.09371332730920579
8396,-0.23048399956378818
8397,-0.11477327161266704
8398,-0.015181483679434345
8399,-0.08626547706651566
8400,-0.13540283623760366
8401,-0.22940021467098326
8402,-0.02771759151731626
8403,-0.04284085169591368
8404,-0.050755182083875444
8405,-0.02094515952218596
8406,-0.0485028086951067
8407,-0.008073098621845826
8408,-0.5766321468140334
8409,-0.5933366851337496
8410,-0.015303391873141177
8411,-0.1674869600114537
8412,-0.28440541741331515
8413,-0.09261101085363388
8414,-0.07242353481863362
8415,-0.44021293095398495
8416,-0.4595357429147189
8417,-0.30732579960457196
8418,-0.3672093970449605
8419,-0.1008612519693104
8420,-0.05141439559960968
8421,-0.06199544156395875
8422,-0.35614625424725865
8423,-0.019519902391092588
8424,-0.07945291592789186
8425,-0.1486515570563136
8426,-0.07004281958881586
8427,-0.09641573984741936
8428,-0.4142481830970445
8429,-0.3381765045006394
8430,-0.04046736583008803
8431,-0.24701496525047742
8432,-0.5247719736470504
8433,-0.06487693507272141
8434,-0.1670601302507011
8435,-0.39996387064068273
8436,-0.40596108128183417
8437,-0.31714742307466004
8438,-0.07535815940433432
8439,-0.04265421662806057
8440,-0.03538145392445247
8441,-0.023808429662533222
8442,-0.03210400931521846
8443,-0.016035016064528174
8444,-0.27199561726487964
8445,-0.127032942234644
8446,-0.14375091535752232
8447,-0.06986335602803997
8448,-0.17730879786056342
8449,-0.04889184499969457
8450,-0.06253523145687237
8451,-0.18279981745550522
8452,-0.6071305003658569
8453,-0.028874266039596863
8454,-0.47591312584874723
8455,-0.041003121796357456
8456,-0.03621111147802347
8457,-0.0339427957050038
8458,-0.04189231967091736
8459,-0.10111139279661652
8460,-0.17685805292626533
8461,-0.13565526054658872
8462,-0.09077217410868244
8463,-0.23414950153289496
8464,-0.05507646783211076
8465,-0.46608166542059637
8466,-0.47150012111213147
8467,-0.1364946399878633
8468,-0.13758447119553896
8469,-0.15775671853255446
8470,-0.07737775228214375
8471,-0.1609158483842248
8472,-0.6297782111131554
8473,-0.08253176990739686
8474,-0.34310317270157853
8475,-0.1677832388400624
8476,-0.09941486935521893
8477,-0.13705237186977293
8478,-0.3433748112575188
8479,-0.16961094176748448
8480,-0.4243227292907542
8481,-0.2931764134244226
8482,-0.12647127073842857
8483,-0.3452675890686636
8484,-0.13824064431482563
8485,-0.13504170034550933
8486,-0.027946692027856934
8487,-0.3799563843791276
8488,-0.2645420786375894
8489,-0.10755138560326138
8490,-0.6883651145147045
8491,-0.1447794491532142
8492,-0.11261549848533481
8493,-0.16053361581287007
8494,-0.1495096684891567
8495,-0.0022829811814254267
8496,-0.020210523736134522
8497,-0.11895289219164262
8498,-0.11089712549159894
8499,-0.07316532145819821
8500,-0.1121428155256684
8501,-0.021150189463366886
8502,-0.11130982571975645
8503,-0.0031405846013726865
8504,-0.1370494495365976
8505,-0.027193719266566108
8506,-0.11794226854711543
8507,-0.02906057085171554
8508,-0.1664853321366372
8509,-0.21079870594585604
8510,-0.0018135352568864893
8511,-0.013264193719277673
8512,-0.14726084643427842
8513,-0.06413802962043924
8514,-0.12474088759097912
8515,-0.013766060605184177
8516,-0.08191180803664588
8517,-0.053874257089540196
8518,-0.08242776567447097
8519,-0.07635870624506957
8520,-0.05110252250725866
8521,-0.25784036686349954
8522,-0.2601439645764385
8523,-0.2209416301323075
8524,-0.13126451600749237
8525,-0.044020364371512084
8526,-0.08401710133860628
8527,-0.08358917805809662
8528,-0.027855926896186052
8529,-0.30603261183127595
8530,-0.0414719565923001
8531,-0.015791318153886014
8532,-0.10206368524353637
8533,-0.0816364977953023
8534,-0.1696491939000624
8535,-0.29290025320677415
8536,-0.2023219294309283
8537,-0.08245836030058495
8538,-0.026483743586265845
8539,-0.03539045940667229
8540,-0.03735328586331946
8541,-0.2705865981956522
8542,-0.033645145681535565
8543,-0.4258420151052924
8544,-0.10449345263372445
8545,-0.05812681888557769
8546,-0.014588061061375251
8547,-0.3149729345756329
8548,-0.00962503121723371
8549,-0.30552734407465865
8550,-0.3490022734624887
8551,-0.23483213966784655
8552,-0.38149170828037093
8553,-0.26600593295032704
8554,-0.08991054098694296
8555,-0.0017460765813864312
8556,-0.027277994675616313
8557,-0.6257500268605956
8558,-0.0024199914741774454
8559,-0.04585976186432328
8560,-0.4951410185667512
8561,-0.0030312291477093984
8562,-0.1427393523474435
8563,-0.21769753851191043
8564,-0.18070753195720546
8565,-0.1335447347023777
8566,-0.20855875697507287
8567,-0.3006972846645173
8568,-0.18549424404914305
8569,-0.35911765481584057
8570,-0.03927121159462546
8571,-0.546824655494067
8572,-0.06385710782643594
8573,-0.24290475453919713
8574,-0.34329671307016163
8575,-0.017461534376154438
8576,-0.07279321024358437
8577,-0.1587743248638529
8578,-0.16345545915604243
8579,-0.26284199234463657
8580,-0.3092008534938273
8581,-0.332043669418447
8582,-0.024058740747853302
8583,-0.5471379876362588
8584,-0.27033840369546214
8585,-0.03206525260109542
8586,-0.008606149200426683
8587,-0.1282110988266858
8588,-0.16344285688696403
8589,-0.09089847780006943
8590,-0.05210105193870351
8591,-0.2193912197114618
8592,-0.0738295679149431
8593,-0.1630918289154346
8594,-0.46371982276227364
8595,-0.059373890507387755
8596,-0.27706436673833146
8597,-0.4663635767476407
8598,-0.06476536057164317
8599,-0.06983187725086687
8600,-0.29575966630744555
8601,-0.04297331167197349
8602,-0.15389903337186306
8603,-0.05335254910998277
8604,-0.019061746778487043
8605,-0.37338696884026534
8606,-0.04754674764190003
8607,-0.3383885957237771
8608,-0.024993542499128774
8609,-0.11700285266073296
8610,-0.48159547792417223
8611,-0.21745464812719328
8612,-0.5409248596398815
8613,-0.31973924551427224
8614,-0.45240218478107863
8615,-0.04835258939361441
8616,-0.21765378874284558
8617,-0.055372055558397304
8618,-0.2091747079391038
8619,-0.15130437497112453
8620,-0.16177083275594883
8621,-0.24328084797407
8622,-0.18378858847992996
8623,-0.16987301697676616
8624,-0.05927733845708705
8625,-0.6095140700876591
8626,-0.033848571245787246
8627,-0.1192558546266348
8628,-0.33464409497561054
8629,-0.0014317240726907242
8630,-0.07945756844936058
8631,-0.0018421086730140424
8632,-0.1472968409095703
8633,-0.03607971151288547
8634,-0.11952570213692504
8635,-0.2300851223086512
8636,-0.02158470267632373
8637,-0.3293984312981948
8638,-0.015240839215159736
8639,-0.12218625746704748
8640,-0.5658637287857751
8641,-0.04373662044086846
8642,-0.4363282390802703
8643,-0.3346622808756483
8644,-0.03454776160798048
8645,-0.11372653658114018
8646,-0.019967549856624106
8647,-0.0175768402492108
8648,-0.36605176536083706
8649,-0.4011910880416014
8650,-0.05294840060023742
8651,-0.0067034409076228985
8652,-0.0774738749442464
8653,-0.19287036147422912
8654,-0.1317189263236429
8655,-0.028282032148444824
8656,-0.17146988805436303
8657,-0.3019144748828322
8658,-0.03906710098034738
8659,-0.21109290118175972
8660,-0.12982873347834323
8661,-0.12287077731584706
8662,-0.06544638050546059
8663,-0.17029272477886714
8664,-0.09315582631185433
8665,-0.17078662447775006
8666,-0.12587015679497526
8667,-0.07258322821278551
8668,-0.012837409390505816
8669,-0.022137797856395254
8670,-0.07221850814053277
8671,-0.21696364197630047
8672,-0.336232361166256
8673,-0.036763845207373524
8674,-0.10065938484236621
8675,-0.1729248324283592
8676,-0.2775696416384693
8677,-0.16051766648917906
8678,-0.3119218717983365
8679,-0.2710194503907406
8680,-0.18616383513940085
8681,-0.25143643741175836
8682,-0.14882414453333326
8683,-0.023482195567970182
8684,-0.15385483378543274
8685,-0.05972776961111688
8686,-0.05878279433684119
8687,-0.00792082276133868
8688,-0.009039647552387786
8689,-0.46998831342997427
8690,-0.07301748035359967
8691,-0.03196271150766272
8692,-0.1244400526456908
8693,-0.009017434531408935
8694,-0.25104968392438076
8695,-0.008561708765787768
8696,-0.026426191032576936
8697,-0.048513628559866406
8698,-0.07073422306594424
8699,-0.05939709393465087
8700,-0.039744404721122284
8701,-0.013826574298389654
8702,-0.42304621988222535
8703,-0.02820245728531401
8704,-0.2347730126155625
8705,-0.48381259788904174
8706,-0.2768117718470542
8707,-0.3431333203372824
8708,-0.04575379590435594
8709,-0.2121768084189385
8710,-0.08079084766279054
8711,-0.03630024107806835
8712,-0.12820426525750372
8713,-0.46635208947934936
8714,-0.20450679821399698
8715,-0.04272974218834591
8716,-0.06059399691398648
8717,-0.0734329848808688
8718,-0.07326175754696251
8719,-0.07466493714543943
8720,-0.12390176526260291
8721,-0.6463203011504746
8722,-0.5337743722964814
8723,-0.11552379706518678
8724,-0.24507049205110754
8725,-0.25176351319160517
8726,-0.26769920262114866
8727,-0.12349197811648915
8728,-0.06789693239555428
8729,-0.1798124246929983
8730,-0.08238907040470922
8731,-0.09943216557611761
8732,-0.1255588704164241
8733,-0.03361828743306339
8734,-0.09245225523708256
8735,-0.2494462340712631
8736,-0.06002785180132442
8737,-0.023638602685777887
8738,-0.09208330575434687
8739,-0.21126881050386886
8740,-0.2585604264691344
8741,-0.27634934912761366
8742,-0.25754388752748103
8743,-0.03240510057562007
8744,-0.36750860259920365
8745,-0.05193901961022787
8746,-0.3593711009106677
8747,-0.05253601103085004
8748,-0.04132822129437266
8749,-0.12243801050839132
8750,-0.0090780983591357
8751,-0.014777872247706658
8752,-0.5943106721540694
8753,-0.08526756048315498
8754,-0.10195552270336528
8755,-0.06350736345513808
8756,-0.12093004937941043
8757,-0.1693768785290164
8758,-0.3201100112392658
8759,-0.286274661481706
8760,-0.06833498626580514
8761,-0.16280464244410453
8762,-0.04220850707329726
8763,-0.22574930125644466
8764,-0.4118351199494753
8765,-0.36092191806255736
8766,-0.04207447006414691
8767,-0.07194819551780585
8768,-0.010565160089389014
8769,-0.28793418551228633
8770,-0.02287906560841585
8771,-0.08095503609585153
8772,-0.36024349180048
8773,-0.05866339181121078
8774,-0.3926897260872018
8775,-0.2977857271915796
8776,-0.1395051064551405
8777,-0.93549025974899
8778,-0.25891217973506686
8779,-0.14282177521351347
8780,-0.46572859488174817
8781,-0.22404631001134104
8782,-0.42394356129072897
8783,-0.11847939890035122
8784,-0.04049945830853485
8785,-0.23259260673907045
8786,-0.5511972947214936
8787,-0.0122609258217721
8788,-0.0355374258285264
8789,-0.14256384978667092
8790,-0.30807554809134174
8791,-0.023381107487924185
8792,-0.11091877028649144
8793,-0.055252856518084315
8794,-0.17036320640437808
8795,-0.11456958199505474
8796,-0.04291135780904032
8797,-0.1877479825151217
8798,-0.09499791433721683
8799,-0.00853209108690145
8800,-0.0075730277803127966
8801,-0.09303385240029252
8802,-0.02148338778870784
8803,-0.10821296412837234
8804,-0.003629636319298024
8805,-0.09924171401032258
8806,-0.07869391701819417
8807,-0.07072682685850262
8808,-0.153123854865318
8809,-0.018569583298087278
8810,-0.10069874180560534
8811,-0.1234121236332344
8812,-0.17623003468980958
8813,-0.009113340687769839
8814,-0.2203766982942259
8815,-0.01940859615349666
8816,-0.39198457722730673
8817,-0.15759771055796712
8818,-0.5019594691338103
8819,-0.10936343794359671
8820,-0.004827778062054394
8821,-0.14440178213103438
8822,-0.18308965114877188
8823,-0.18021422454627123
8824,-0.06323008506251807
8825,-0.15429732737498592
8826,-0.08058130835057542
8827,-0.09939075482336926
8828,-0.06653361712014283
8829,-0.13573741146325347
8830,-0.05960987072758273
8831,-0.17128441028102348
8832,-0.17207398438606447
8833,-0.22972161531350288
8834,-0.01063819030379743
8835,-0.41672758222125283
8836,-0.1074769812852101
8837,-0.21927713691543183
8838,-0.3142192810819311
8839,-0.04002434087516793
8840,-0.11474387735084912
8841,-0.15150485592812446
8842,-0.1093758028846481
8843,-0.2672151085958867
8844,-0.034832250080408474
8845,-0.7674680594714278
8846,-0.4816229912761294
8847,-0.06523181138109416
8848,-0.06533170059613369
8849,-0.09112917507767726
8850,-0.2618737667383062
8851,-0.06792901969229714
8852,-0.05164426135092007
8853,-0.29680350108713505
8854,-0.31656181363377467
8855,-0.04117734772043358
8856,-0.0019611794069233773
8857,-0.3443498186973688
8858,-0.04585291328873109
8859,-0.47570889797950855
8860,-0.4147304018149618
8861,-0.08260962792079607
8862,-0.14908580651101966
8863,-0.35532601743764225
8864,-0.5044639737277894
8865,-0.03288656996947184
8866,-0.25511758541722607
8867,-0.0038616670617940344
8868,-0.1475466329988273
8869,-0.004309203432682623
8870,-0.02461628606758895
8871,-0.23283882076318152
8872,-0.2809537821659269
8873,-0.07059789494694801
8874,-0.42029936548772895
8875,-0.0016852599668321436
8876,-0.14923822432738243
8877,-0.12301998442054307
8878,-0.10484090493099496
8879,-0.037925783502303495
8880,-0.29983842491002166
8881,-0.19127292688316544
8882,-0.0016761031185517708
8883,-0.0944673997778569
8884,-0.15322586091949278
8885,-0.2086383049307745
8886,-0.0003125593509554843
8887,-0.4766992034909673
8888,-0.029067543645725502
8889,-0.1446571251271127
8890,-0.33930694199148903
8891,-0.39984133223143425
8892,-0.40220099463517933
8893,-0.06621553424764715
8894,-0.0449329630029518
8895,-0.007049453305290193
8896,-0.10720607454527814
8897,-0.17637198046005054
8898,-0.4181360851009175
8899,-0.08089201712197402
8900,-0.2634752967264067
8901,-0.3984051336527301
8902,-0.0473665586805868
8903,-0.06701844920388311
8904,-0.08891744273644255
8905,-0.0494978724638844
8906,-0.10966933744387009
8907,-0.2558634119723247
8908,-0.12538798520534347
8909,-0.05369429981731644
8910,-0.16121765846208724
8911,-0.1572344489173938
8912,-0.08171552383697558
8913,-0.4675999618836375
8914,-0.09582080911401114
8915,-0.3043432819311338
8916,-0.05712386373644036
8917,-0.021282242426840216
8918,-0.028478374380244406
8919,-0.1261980978949767
8920,-0.02920517185896479
8921,-0.16093496644440997
8922,-0.050170308215598536
8923,-0.06453968056934312
8924,-0.18035094322218204
8925,-0.12274969281708625
8926,-0.09166832084407561
8927,-0.07739126937649221
8928,-0.09615370834557757
8929,-0.1537946825783019
8930,-0.01254692534505275
8931,-0.010569402763278753
8932,-0.3245548577636814
8933,-0.020191066495859007
8934,-0.0027944641811980253
8935,-0.2017493468034588
8936,-0.15785708253075353
8937,-0.5107529294915616
8938,-0.012596220162129912
8939,-0.141373144727599
8940,-0.08604180758275348
8941,-0.10921538349219218
8942,-0.041159213755279485
8943,-0.1229981281612205
8944,-0.2377918697457222
8945,-0.14418275510502543
8946,-0.33848631902414106
8947,-0.18941027688870493
8948,-0.039543793797380995
8949,-0.4456557559253227
8950,-0.024723839003457676
8951,-0.06359243640774548
8952,-0.10918827074368453
8953,-0.4008525670607046
8954,-0.09512527891310185
8955,-0.21802308416381067
8956,-0.009215882934849706
8957,-0.15848217973839285
8958,-0.044168225536935286
8959,-0.021250069619518648
8960,-0.014848051317315508
8961,-0.0477702503162285
8962,-0.31761173331311854
8963,-0.34634277193932705
8964,-0.18752099348012433
8965,-0.11066456481709855
8966,-0.07233020880296204
8967,-0.18738836405605153
8968,-0.16802932828096928
8969,-0.3135423546416285
8970,-0.1287337019812811
8971,-0.0029708893737251667
8972,-0.051719106100382994
8973,-0.12070848572181936
8974,-0.4764750906606441
8975,-0.07477092994503609
8976,-0.43420931398672025
8977,-0.10582070466406268
8978,-0.015299906065977158
8979,-0.12172114963055636
8980,-0.3516542004770167
8981,-0.2693442323462456
8982,-0.3015577350719242
8983,-0.01909895397032136
8984,-0.16873933950415854
8985,-0.2416928113012844
8986,-0.05080041095009151
8987,-0.004735802624396462
8988,-0.020946873231049157
8989,-0.05059489247497331
8990,-0.08004888002309957
8991,-0.02189613710012132
8992,-0.0029933349763552677
8993,-0.4658326545384812
8994,-0.08848000762643915
8995,-0.08653588867075346
8996,-0.035784502970773985
8997,-0.35299203234969
8998,-0.10287391795346768
8999,-0.18419331786522664
9000,-0.06671088513937307
9001,-0.22834584085439869
9002,-0.03257797374909277
9003,-0.03195338574957202
9004,-0.11341342177518898
9005,-0.017041092658845347
9006,-0.14393613395604746
9007,-0.11779631136740853
9008,-0.2849706590553325
9009,-0.0458983280619667
9010,-0.1530617430712773
9011,-0.0030179640114038897
9012,-0.10907636497983633
9013,-0.1274806330936551
9014,-0.10786430600151409
9015,-0.0032003138910501397
9016,-0.17945617327603192
9017,-0.20985785459002138
9018,-0.06049512764977838
9019,-0.008478666736107698
9020,-0.17654022540360836
9021,-0.039884757920948255
9022,-0.09819913437925465
9023,-0.018791289311462275
9024,-0.10720361459760464
9025,-0.08252860235418658
9026,-0.10591041895150533
9027,-0.029189748401846655
9028,-0.566837567782887
9029,-0.12127512718700206
9030,-0.20686263158461005
9031,-0.2477232485484474
9032,-0.06889368132898321
9033,-0.32904502554124093
9034,-0.0026023426777621703
9035,-0.025500737084650428
9036,-0.07262035345539364
9037,-0.5084729531370749
9038,-0.026919796934919527
9039,-0.19601693736327008
9040,-0.045525724446561784
9041,-0.03816805959741354
9042,-0.2284019122299813
9043,-0.1694762610807352
9044,-0.21915458633784946
9045,-0.10925516003058357
9046,-0.105524816175532
9047,-0.07362602917112415
9048,-0.01728678205885606
9049,-0.15730373006766307
9050,-0.15289015371115966
9051,-0.07140484134544778
9052,-0.29008176256583174
9053,-0.46720658126769843
9054,-0.23426520849980648
9055,-0.4228598043756939
9056,-0.2540805344629593
9057,-0.0077833208887406625
9058,-0.10621065246071026
9059,-0.19168840062766224
9060,-0.8614481124492741
9061,-0.15150381824848314
9062,-0.000830305102778664
9063,-0.28330046848857826
9064,-0.13220180461610553
9065,-0.17732004148329594
9066,-0.23348804336665774
9067,-0.33039983749990043
9068,-0.11463077650424591
9069,-0.011019240334578712
9070,-0.139241755772182
9071,-0.3115905510202188
9072,-0.2525330181800971
9073,-0.3232889691280154
9074,-0.019463606313924103
9075,-0.16142386519621832
9076,-0.06710605925225732
9077,-0.20538644165964126
9078,-0.08619615775287759
9079,-0.004791782186269968
9080,-0.46696345756269153
9081,-0.060681824859994404
9082,-0.11121856362797944
9083,-0.2083292688285443
9084,-0.175842444192977
9085,-0.07295962622879693
9086,-0.07530893213843604
9087,-0.22246856265405812
9088,-0.11358614954464408
9089,-0.1743641849414717
9090,-0.03436506088833105
9091,-0.1352938176314611
9092,-0.01991730808077295
9093,-0.21603277816033328
9094,-4.584987797187374
9095,-0.2733169144470199
9096,-0.0032687391375481323
9097,-0.24311163685712422
9098,-0.02943182407451117
9099,-0.005461669551539379
9100,-0.04331695944716632
9101,-0.24715206349618457
9102,-0.04260696664757413
9103,-0.036314846365043896
9104,-0.1062103101871168
9105,-0.01936262710215797
9106,-0.033850517425190185
9107,-0.3913775704510436
9108,-0.009422878050109372
9109,-0.03848091613186855
9110,-0.041541442684935155
9111,-0.007597902342852625
9112,-0.06625159744492955
9113,-0.1673378830950174
9114,-0.17792196564164486
9115,-0.09897044074627193
9116,-0.4009739362374365
9117,-0.2302099981530379
9118,-0.0843842333881254
9119,-0.09566562236840648
9120,-0.17860637151842046
9121,-0.06777681682693881
9122,-0.12051947730731216
9123,-0.052858811282867735
9124,-0.22521184269954952
9125,-0.07730640705959424
9126,-0.055256074376270475
9127,-0.9212212048629489
9128,-0.022178441531693793
9129,-0.20540714773316227
9130,-0.16423720500940878
9131,-0.2503654703034002
9132,-0.7292022615752902
9133,-0.012253771406389342
9134,-0.19470055006249923
9135,-0.04623510328872558
9136,-0.17370441756316968
9137,-0.012120959102447648
9138,-0.010157104905361286
9139,-0.02047300427432068
9140,-0.11708840106162927
9141,-0.028688595513411963
9142,-0.1996901324260585
9143,-0.009122016552394335
9144,-0.0421763220581296
9145,-0.06831692018851365
9146,-0.050574680645880665
9147,-0.011537756933019068
9148,-0.021762713421132014
9149,-0.04871435356037257
9150,-0.028970048930138437
9151,-0.10423335208759144
9152,-0.05675347238949227
9153,-0.13019568950253024
9154,-0.11960055807812342
9155,-0.19630952635452562
9156,-0.053884071250433596
9157,-0.07722939808963096
9158,-0.44387276553543487
9159,-0.04879031665193578
9160,-0.006935108740307033
9161,-0.0879524953938936
9162,-0.03386938522433516
9163,-0.10526591766132992
9164,-0.07958437529711766
9165,-0.21548994483998307
9166,-0.006012582433257592
9167,-0.2506738636907664
9168,-0.035771368333470395
9169,-0.14852280692764552
9170,-0.22954820851289776
9171,-0.08867464168423045
9172,-0.16128378960510137
9173,-0.011797640071476018
9174,-0.21773790818586125
9175,-0.058520965622145926
9176,-0.05573130705196094
9177,-0.17196842520132816
9178,-0.026010109712089946
9179,-0.025810884169465337
9180,-0.015496605985031692
9181,-0.20164669997281237
9182,-0.4977747954897187
9183,-0.362135412988696
9184,-0.07626582025893924
9185,-0.22914914738511882
9186,-0.15729209725437743
9187,-0.014105744138960069
9188,-0.016287488225092746
9189,-0.11926372239269581
9190,-0.27946985289044335
9191,-0.0679897770650148
9192,-0.0012154972681198504
9193,-0.10957838852535362
9194,-0.20807047405343093
9195,-0.31774395386326804
9196,-0.009507308150802168
9197,-0.014049350276975238
9198,-0.12571219540095147
9199,-0.04863917675256124
9200,-0.08245960644225481
9201,-0.3282216666843354
9202,-0.022792523694264988
9203,-0.017760074150994815
9204,-0.07860679145972549
9205,-0.29662941038299984
9206,-0.2187692811863845
9207,-0.19757805595710387
9208,-0.20459414533568188
9209,-0.07120560335206527
9210,-0.16882941225710993
9211,-0.05072418690754433
9212,-0.11549857126262397
9213,-0.40006807326480853
9214,-0.0316940125017422
9215,-0.1596451148958633
9216,-0.020498458421195048
9217,-0.12042708539169805
9218,-0.018173108432787917
9219,-0.17805609560832558
9220,-0.24714799151102657
9221,-0.2923454905319779
9222,-0.058607075186325464
9223,-0.12885555163291373
9224,-0.026070245821545563
9225,-0.18414176280958872
9226,-0.14303918296084506
9227,-0.07898572995312003
9228,-0.1972169671598702
9229,-0.15631092705319116
9230,-0.04019990479088363
9231,-0.5662273040310541
9232,-0.5678119360728306
9233,-0.36061349714571245
9234,-0.09011393730078637
9235,-0.3335058918184082
9236,-0.11038618229415109
9237,-0.23926273258599373
9238,-0.04443072170430846
9239,-0.2321917876803017
9240,-0.4759313940684723
9241,-0.11182581488797741
9242,-0.0069760193862638264
9243,-0.10553186851361496
9244,-0.5250742334426448
9245,-0.3924082244195759
9246,-0.20766823081093122
9247,-0.07723773585660343
9248,-0.06885356481741989
9249,-0.144431811073642
9250,-0.01664490716449833
9251,-0.274754388783067
9252,-0.4247497850310325
9253,-0.2714785220650118
9254,-0.25416479181311946
9255,-0.47435734045508937
9256,-0.08944343379081524
9257,-0.12055455410197617
9258,-0.14179656916437233
9259,-0.14339983265444733
9260,-0.010271248565546738
9261,-0.07932866123131932
9262,-0.13764605629180204
9263,-0.46532413471661904
9264,-0.13594894746047803
9265,-0.30470985152104113
9266,-0.14919492236860465
9267,-0.017128337446967956
9268,-0.09356966009472956
9269,-0.09032869002491939
9270,-0.27327845871341383
9271,-0.24210999692477886
9272,-0.49638886895601253
9273,-0.021122933522209175
9274,-0.21652719029692957
9275,-0.04775695347505726
9276,-0.15665576567595751
9277,-0.034571667533928374
9278,-0.2583990246732818
9279,-0.10023895685914713
9280,-0.10883471094626274
9281,-0.10024793941565635
9282,-0.3873835848800482
9283,-0.07157486197186025
9284,-0.08350535142764903
9285,-0.0136164009471689
9286,-0.0346470058499021
9287,-0.12609211423319033
9288,-0.10295838345726394
9289,-0.016342586465547877
9290,-0.04539606463370463
9291,-0.15733932066506817
9292,-0.03210520514795026
9293,-0.004133248655706745
9294,-0.016273429648272497
9295,-0.008815612109228238
9296,-0.07329004974935377
9297,-0.029607390345666063
9298,-0.11784111260064567
9299,-0.2528679966303238
9300,-0.13114476421410126
9301,-0.06705099447440965
9302,-0.2957959214894945
9303,-0.07667352358856816
9304,-0.2963034782396634
9305,-0.4283025473224795
9306,-0.09737681398600673
9307,-0.22123998509830045
9308,-0.1499528134913568
9309,-0.1657335408423788
9310,-0.1500857667250194
9311,-0.08366969332444432
9312,-0.12655898984360803
9313,-0.07976188664990369
9314,-0.20588220706800664
9315,-0.19215010383164532
9316,-0.22019204751542
9317,-0.06961891127384101
9318,-0.09263023082874089
9319,-0.08338880412450733
9320,-0.0388743568495398
9321,-0.09645326551773303
9322,-0.055666445121862584
9323,-0.08897574555696777
9324,-0.06928926792207302
9325,-0.42531532965993835
9326,-0.03304962779789329
9327,-0.07608326743990634
9328,-0.17063011828605923
9329,-0.12723791643929616
9330,-0.051842719222039965
9331,-0.21410333236355328
9332,-0.03485697696141021
9333,-0.019699116117435973
9334,-0.0016614152385446002
9335,-0.11561713731707046
9336,-0.00421770162633129
9337,-0.010458867106981296
9338,-0.028306972861075114
9339,-0.026384257628173653
9340,-0.01915002912332467
9341,-0.06782321763762456
9342,-0.08498206425931853
9343,-0.06092786380427262
9344,-0.042661570171292795
9345,-0.15683194102099174
9346,-0.03508396022100513
9347,-0.24130547689204107
9348,-0.040035036720255324
9349,-0.02967801139102566
9350,-0.035426503388167996
9351,-0.13964410056949664
9352,-0.27375046629819977
9353,-0.11810945285686403
9354,-0.04509110070342359
9355,-0.04023470802298374
9356,-0.1909477634083836
9357,-0.3928024325613553
9358,-0.2851001453714517
9359,-0.08222811178653683
9360,-0.2757069390578639
9361,-0.06471455884901944
9362,-0.2604976001486481
9363,-0.3145298714031779
9364,-0.11803648774756456
9365,-0.02101142804363712
9366,-0.406691225247251
9367,-0.10600685410555588
9368,-0.4166260794285126
9369,-0.12780886843103634
9370,-0.043032879089013765
9371,-0.24439317139267702
9372,-0.08955933706941355
9373,-0.4105713080987283
9374,-0.19569372280779618
9375,-0.36223494899213904
9376,-0.021435453940852
9377,-0.10501537955495088
9378,-0.2961392300721357
9379,-0.19882471910601573
9380,-0.11426216291807523
9381,-0.4594831233795721
9382,-0.14134109754633428
9383,-0.3742969374582278
9384,-0.16927853003268922
9385,-0.050226647158192694
9386,-0.16617226848264233
9387,-0.20111381620801538
9388,-0.2972935006384364
9389,-0.18794971632428714
9390,-0.04351195125531307
9391,-0.17247237220732536
9392,-0.08542141764623246
9393,-0.09125646958221337
9394,-0.317253842693376
9395,-0.026927322288643474
9396,-0.06418540393146765
9397,-0.06249117548149841
9398,-0.03348327870659884
9399,-0.4013875527689734
9400,-0.09205496973722749
9401,-0.16090129021168487
9402,-0.6462499095818632
9403,-0.027592844591219474
9404,-0.6149660348984298
9405,-0.03194077497244452
9406,-0.5569232012657008
9407,-0.31842974314136585
9408,-0.18210620821326673
9409,-0.031142005880893553
9410,-0.07669642604013582
9411,-0.2054679721728192
9412,-0.09075346135541118
9413,-0.05588698355592536
9414,-0.17275164244033914
9415,-0.20626740069340288
9416,-0.240904641981754
9417,-0.423246751227186
9418,-0.03038441888267951
9419,-0.027899513012876326
9420,-0.103736867593196
9421,-0.37194284639815267
9422,-0.17380259006525023
9423,-0.09904642778484274
9424,-0.018591621227702776
9425,-0.12294077841501494
9426,-0.08204831890305034
9427,-0.006196053774666255
9428,-0.08285256967556798
9429,-0.045374950993162466
9430,-0.32930174203126406
9431,-0.11695246857496011
9432,-0.2939262789840513
9433,-0.29144469881769386
9434,-0.06593118992181582
9435,-0.10098386028542139
9436,-0.1551478741996406
9437,-0.18337604143457975
9438,-0.24166522109308675
9439,-0.13428321230696838
9440,-0.025111214402489895
9441,-0.18432062258027182
9442,-0.08672207608846083
9443,-0.06726564404058533
9444,-0.00842609119096781
9445,-0.14156263626436072
9446,-0.45887127546290074
9447,-0.4853117262098028
9448,-0.13180627075734933
9449,-0.02116396786693911
9450,-0.25662392264309863
9451,-0.0777593440336255
9452,-0.24799353022240195
9453,-0.20546827260105482
9454,-0.11522833947855293
9455,-0.13836788517642873
9456,-0.13930347946109992
9457,-0.03827609061247483
9458,-0.2854718253037173
9459,-0.15958900156828015
9460,-0.2638683011171299
9461,-0.08798315828931369
9462,-0.32137106882099786
9463,-0.06190868473887878
9464,-0.502366311273152
9465,-0.012186370542595193
9466,-0.04225280734623971
9467,-0.21772300243865506
9468,-0.007143289018956139
9469,-0.2027225190117279
9470,-0.02487308215892084
9471,-0.04270272709717926
9472,-0.12891134346850563
9473,-0.4166465287866039
9474,-0.10711422694084816
9475,-0.25788591297052144
9476,-0.19517674342279756
9477,-0.08362976071664432
9478,-0.020773360070043406
9479,-0.10548949543677688
9480,-0.08198346143645274
9481,-0.1151113023655137
9482,-0.10104793373133081
9483,-0.09801181872672332
9484,-0.17126322848536235
9485,-0.08858367157260832
9486,-0.012700266451780046
9487,-0.16390757215180374
9488,-0.35986987726876585
9489,-0.04435269817361143
9490,-0.2936769302648816
9491,-0.20038348252601737
9492,-0.38334515210444
9493,-0.33786359992510606
9494,-0.1348187215082679
9495,-0.055560105814402405
9496,-0.06361029863559686
9497,-0.12126908409747905
9498,-0.011244561884564755
9499,-0.41944191234529526
9500,-0.1675690051558747
9501,-0.10899373152290082
9502,-0.00881714803360592
9503,-0.23760024169075145
9504,-0.0100509518104338
9505,-0.05559868187842776
9506,-0.1359331916736406
9507,-0.09956049557934055
9508,-0.014874444709914614
9509,-0.001563944568814181
9510,-0.003946198271130241
9511,-0.3457186353122117
9512,-0.04347047462550879
9513,-0.5290239912174588
9514,-0.44705163886577637
9515,-0.04281762077873674
9516,-0.07681712356243864
9517,-0.690525893985253
9518,-0.32278293674392877
9519,-0.1001899003314124
9520,-0.23391264642274479
9521,-0.11463932015392908
9522,-0.004676900969428133
9523,-0.43672681487951204
9524,-0.0020872476891084326
9525,-0.12187260496605845
9526,-0.045012801180400186
9527,-0.05094677331471509
9528,-0.01697667695288499
9529,-0.011687351061323265
9530,-0.04446234286553295
9531,-0.04741365209628179
9532,-0.042831936970164214
9533,-0.0574897089414349
9534,-0.04462980267648797
9535,-0.13835384029506514
9536,-0.05097591774001098
9537,-0.11481676839815069
9538,-0.1262143659514181
9539,-0.0049846479458494075
9540,-0.32913077519734035
9541,-0.003689330481784815
9542,-0.2506439444533193
9543,-0.03178112686626755
9544,-0.0178346530080582
9545,-0.2611640308371972
9546,-0.2484978512740127
9547,-0.07542427423428144
9548,-0.18502310565772184
9549,-0.10877494197480964
9550,-0.12759363785192424
9551,-0.03115128313138775
9552,-0.0656599789386757
9553,-0.061677727942833105
9554,-0.019752884948445848
9555,-0.014940968245720443
9556,-0.12392725646605834
9557,-0.010079639979240912
9558,-0.1651093275189055
9559,-0.03563704161813441
9560,-0.0820744959147448
9561,-0.1130437138410591
9562,-0.11933309348760227
9563,-0.19053078587719563
9564,-0.004939588486615076
9565,-0.05873895491814943
9566,-0.03315092798272323
9567,-0.04126548660038237
9568,-0.24410015577298338
9569,-0.2811358707839081
9570,-0.010551396421727206
9571,-0.27048117866914545
9572,-0.04447026395868761
9573,-0.15411347502559325
9574,-0.45906362862893957
9575,-0.04806292815843227
9576,-0.05256277126641118
9577,-0.16608958794895756
9578,-0.023425330376648984
9579,-0.010838103207423844
9580,-0.1385134969081313
9581,-0.08106702487956996
9582,-0.11103965846687214
9583,-0.1732086704992959
9584,-0.395774586319262
9585,-0.10259020043390799
9586,-0.36674838850028213
9587,-0.21805556576011043
9588,-0.003592539670766587
9589,-0.16056020120601744
9590,-0.1628960581632075
9591,-0.05107396319521573
9592,-0.4406252063079319
9593,-0.4472144209648976
9594,-0.022686912419588562
9595,-0.0004712679632743025
9596,-0.1654788208104262
9597,-0.005102576453331247
9598,-0.12135569442084407
9599,-0.186152257798041
9600,-0.11937538692940708
9601,-0.0737641490413733
9602,-0.14143158323851646
9603,-0.15800866479376285
9604,-0.07730819560394142
9605,-0.021449568345212083
9606,-0.004340305870050583
9607,-0.06315096969939751
9608,-0.14434857874813645
9609,-0.03486298856051884
9610,-0.005893828170050526
9611,-0.11685677213509182
9612,-0.3066215090619995
9613,-0.03988229009689576
9614,-0.0574389364255852
9615,-0.012408241698456252
9616,-0.026116837368678432
9617,-0.19673663610113057
9618,-0.035693889278116786
9619,-0.39860299077520445
9620,-0.056948601814801325
9621,-0.08406607763492824
9622,-0.14771874893777381
9623,-0.05159217248445158
9624,-0.07178961322949862
9625,-0.03405534292357637
9626,-0.07111726369442482
9627,-0.010145415112110756
9628,-0.01391020315726091
9629,-0.13290360028814208
9630,-0.2285208945753432
9631,-0.2431230611558277
9632,-0.06042602615999371
9633,-0.18610660658410838
9634,-0.014020021138204247
9635,-0.10407223873316429
9636,-0.0016880701140498111
9637,-0.01848543485960097
9638,-0.19197096195341345
9639,-0.11344661496861264
9640,-0.20895350094983378
9641,-0.10131793046557291
9642,-0.6320005576790955
9643,-0.2342353789795375
9644,-0.2662269529201553
9645,-0.14335702076979662
9646,-0.054893056464566
9647,-0.028056758260085253
9648,-0.02408131939418096
9649,-0.08397263979362093
9650,-0.02646498489645724
9651,-0.10170199517931391
9652,-0.17855982049293262
9653,-0.3155771343597352
9654,-0.03498399301766597
9655,-0.01190011395966295
9656,-0.25267495942544516
9657,-0.029830851485663334
9658,-0.03525023629134617
9659,-0.030656410588094207
9660,-0.05468387787526575
9661,-0.06775670393903398
9662,-0.15868956656653532
9663,-0.008938833618400983
9664,-0.21621298752852036
9665,-0.06279608306245799
9666,-0.18061666544163058
9667,-0.2927301258523497
9668,-0.07594170954716628
9669,-0.334097905451451
9670,-0.03825305431848559
9671,-0.15586360023336068
9672,-0.0340230563165278
9673,-0.06919697979805461
9674,-0.43820836858560064
9675,-0.01791012199080244
9676,-0.11036558401513419
9677,-0.25295849598315456
9678,-0.14456129526167427
9679,-0.03506711390053363
9680,-0.25453431738672094
9681,-0.19519837031758158
9682,-0.0056661031430152164
9683,-0.046325798277918384
9684,-0.002031035672473255
9685,-0.15762312044942073
9686,-0.017351307873290256
9687,-0.7429180902218384
9688,-0.1385248010585005
9689,-0.015263146085123087
9690,-0.4304572301985292
9691,-0.8248080854971693
9692,-0.14509959055039293
9693,-0.015141292039367045
9694,-0.05732672861042909
9695,-0.34017062483966143
9696,-0.6994179294638947
9697,-0.32298246284594534
9698,-0.22104132595387904
9699,-0.0484207931677495
9700,-0.13183479829783984
9701,-0.10032459661908633
9702,-0.299511994801109
9703,-0.004981182167631872
9704,-0.07557506256585578
9705,-0.18947004759670572
9706,-0.08102933206399898
9707,-0.1582664418432789
9708,-0.08174674163018791
9709,-0.2511600220658097
9710,-0.008521580519241234
9711,-0.05541147789857492
9712,-0.15868613213663174
9713,-0.17000374033474097
9714,-0.0028376251508479616
9715,-0.3191519193636503
9716,-0.07638559449839422
9717,-0.06966374222260274
9718,-0.1524386923261578
9719,-0.10856693410389973
9720,-0.21458966120186052
9721,-0.0022583261878463892
9722,-0.06811390980366586
9723,-0.18929676429948394
9724,-0.10459856453342198
9725,-0.12444734999293561
9726,-0.1194536150715142
9727,-0.022508210041933596
9728,-0.02714733622837795
9729,-0.010129820753394532
9730,-0.06294440090598707
9731,-0.13535541880538382
9732,-0.33459499670120296
9733,-0.07243775384609263
9734,-0.016642085306322607
9735,-0.08944091752649719
9736,-0.025041446333092972
9737,-0.012908003836119702
9738,-0.07939245975958464
9739,-0.20333664019788422
9740,-0.053441294322540966
9741,-0.029172916630902452
9742,-0.5206477236373588
9743,-0.15168724531357203
9744,-0.15363665691356942
9745,-0.12349496112985359
9746,-0.16383890655648203
9747,-0.0013214431794457207
9748,-0.06924068387155716
9749,-0.15147285981178493
9750,-0.14185494042102686
9751,-0.06165083572745467
9752,-0.05116811163169521
9753,-0.06941078675833101
9754,-0.189294550491784
9755,-0.013150923540669497
9756,-0.09559340073276296
9757,-0.01009691125652535
9758,-0.1007446950549431
9759,-0.01418163838726838
9760,-0.053365748736934226
9761,-0.0861435702807416
9762,-0.05075389446285794
9763,-0.04383067654474759
9764,-0.08772359632134297
9765,-0.0022329958521945664
9766,-0.044852574898924163
9767,-0.051007776416987345
9768,-0.019926381017223993
9769,-0.2632952939994908
9770,-0.08416526745992314
9771,-0.002603077881485245
9772,-0.02792668835504411
9773,-0.22330496168961433
9774,-0.2718656914904263
9775,-0.09377513710753904
9776,-0.11118249178397166
9777,-0.06525149543338538
9778,-0.04118864616486306
9779,-0.0438378266869901
9780,-0.11969241905082909
9781,-0.13860001192828264
9782,-0.0638565410016752
9783,-0.021459146918382604
9784,-0.1175765582609058
9785,-0.1757297331870951
9786,-0.05048109379472587
9787,-0.04646377569521423
9788,-0.09830831542917118
9789,-0.07912501976829595
9790,-0.06273731230089652
9791,-0.045015062314154086
9792,-0.000673855195503538
9793,-0.015118100361980531
9794,-0.022812653260924805
9795,-0.04174740271102628
9796,-0.2281834538930796
9797,-0.16112261138139639
9798,-0.1923653451390308
9799,-0.022295926086112146
9800,-0.05287495640815543
9801,-0.16427813114048906
9802,-0.0031595006844835627
9803,-0.46628589502859985
9804,-0.0003688728688244701
9805,-0.04049301786672843
9806,-0.3767927266976152
9807,-0.02953789664349893
9808,-0.057174945869547855
9809,-0.05105771131760639
9810,-0.03090527299442964
9811,-0.049955287591123665
9812,-0.18933301987367557
9813,-0.19236393844062505
9814,-0.30836672732785353
9815,-0.03547491490411725
9816,-0.00233398321282053
9817,-0.4887658944306086
9818,-0.03943901615982373
9819,-0.11386374439561253
9820,-0.0645941151269126
9821,-0.09592428098329331
9822,-0.07190848096823999
9823,-0.12127588354562693
9824,-0.20849780103307802
9825,-0.0892399422561363
9826,-0.12093564394879275
9827,-0.035733898956580745
9828,-0.05419740032889253
9829,-0.05617128685465156
9830,-0.002830849308685275
9831,-0.08442839696429794
9832,-0.13579829094989482
9833,-0.20298989914185198
9834,-0.10335191962949075
9835,-0.004381797922812382
9836,-0.06928675737105497
9837,-0.00014799041445868937
9838,-0.2700314910634236
9839,-0.0616937014884984
9840,-0.08378886011730213
9841,-0.16347203445137837
9842,-0.05116808160125652
9843,-0.10861995135538338
9844,-0.017665280373803882
9845,-0.21371946986641424
9846,-0.07564086044310958
9847,-0.11252956566130567
9848,-0.039222875994092465
9849,-0.19453742503298768
9850,-0.06603750469633685
9851,-0.05719966838973933
9852,-0.2166046892202174
9853,-0.07440139110104463
9854,-0.23103812639583943
9855,-0.1811854873641754
9856,-0.16286512993230318
9857,-0.06431179240721452
9858,-0.18480843077522627
9859,-0.10440658948986403
9860,-0.19587861424328235
9861,-0.15573603655859192
9862,-0.013402901841393922
9863,-0.22435050678842228
9864,-0.20892473900820835
9865,-0.15295934381963738
9866,-0.03647647670345089
9867,-0.25633931139555166
9868,-0.02159745298657756
9869,-0.47675192939012767
9870,-0.23420754769374622
9871,-0.14908361716422158
9872,-0.1880720722695071
9873,-0.08296592862396057
9874,-0.07197063631504808
9875,-0.07068430159977357
9876,-0.12235906049844048
9877,-0.06810480765386595
9878,-0.24118047243648144
9879,-0.04336968745477621
9880,-0.059942353916052515
9881,-0.03780869336065895
9882,-0.021507532347479326
9883,-0.12174291104030799
9884,-0.0633864713562147
9885,-0.05224481143852023
9886,-0.08012053808119646
9887,-0.11814809760966674
9888,-0.09704430943681164
9889,-0.02844470707531288
9890,-0.01812435071042805
9891,-0.09483757980156327
9892,-0.26502440722646436
9893,-0.04032648764680913
9894,-0.5217239986582456
9895,-0.041749239041097515
9896,-0.1498207877150134
9897,-0.0019191530745437616
9898,-0.07156590573149504
9899,-0.10509244621090108
9900,-0.0747303201785745
9901,-0.10826275908634364
9902,-0.09554757638526468
9903,-0.11035406521062552
9904,-0.008242427094171336
9905,-0.15099433263753614
9906,-0.01594179880914018
9907,-0.4901518462870388
9908,-0.35290357095451874
9909,-0.021626910157433017
9910,-0.0028927778427887407
9911,-0.5402147938630453
9912,-0.3712045490094927
9913,-0.011484111911851086
9914,-0.13233562497261586
9915,-0.1373072878114141
9916,-0.12072363514571416
9917,-0.2842030000113067
9918,-0.10150630972301844
9919,-0.21328746504264195
9920,-0.4055367527355518
9921,-0.05838410101305336
9922,-0.001399664122535513
9923,-0.5472743369247386
9924,-0.06866875866015468
9925,-0.13518605038131115
9926,-0.2989081096898083
9927,-0.15226051420285736
9928,-0.07167139715856097
9929,-0.19676956479316665
9930,-0.007027748739655705
9931,-0.06349852069400885
9932,-0.12360557215269186
9933,-0.04574448300515821
9934,-0.030024430337218917
9935,-0.20092529767270273
9936,-0.2839554341064443
9937,-0.05481205004674383
9938,-0.07615489051959756
9939,-0.41287263442571687
9940,-0.0693598821812487
9941,-0.0027601218184281767
9942,-0.00572814459884622
9943,-0.10963252885485719
9944,-0.026085453516073942
9945,-0.31116873197381356
9946,-0.0965263013165103
9947,-0.02598032924260754
9948,-0.1640346989444712
9949,-0.06368291820622363
9950,-0.015362132906899917
9951,-0.022521938744264003
9952,-0.13064760355003413
9953,-0.032154830812775814
9954,-0.017556740918031527
9955,-0.04771241762097662
9956,-0.021384556623487844
9957,-0.0972457915613435
9958,-0.04583837347672984
9959,-0.08917956786741188
9960,-0.2874300238437275
9961,-0.1682719162062744
9962,-0.05863939616608896
9963,-0.04838835747784533
9964,-0.17592063127922453
9965,-0.10932404970906665
9966,-0.09115984351285888
9967,-0.0282776609268105
9968,-0.0771427070730436
9969,-0.0012121142583967903
9970,-0.028877759446496627
9971,-0.07434229268211556
9972,-0.04351994395378103
9973,-0.09069641770540571
9974,-0.06122266514329733
9975,-0.004238083679483667
9976,-0.3380420985607061
9977,-0.020743037114330683
9978,-0.019047444831501694
9979,-0.10293660405976812
9980,-0.1568009238105602
9981,-0.11501307582540964
9982,-0.06393897295319251
9983,-2.3726087588775615e-06
9984,-0.1289614546954141
9985,-0.20204576473588645
9986,-0.11497122223333624
9987,-0.02099444944930906
9988,-0.055623942872204624
9989,-0.09863887116232342
9990,-0.024963396425168122
9991,-0.3382271748058532
9992,-0.00920558604845223
9993,-0.028411429917993086
9994,-0.10624957652196854
9995,-0.3289902203669648
9996,-0.09928576493445229
9997,-0.37377468780155576
9998,-0.08680267539010034
9999,-0.053470761649312415
10000,-0.06455651112340366
10001,-0.43016917237839225
10002,-0.04293906941646175
10003,-0.050164288973201694
10004,-0.22796977881104974
10005,-0.10777704086634465
10006,-0.2831226702665709
10007,-0.11107880382318713
10008,-0.07287121980295641
10009,-0.060559323106478935
10010,-0.13940282212625743
10011,-0.09469343055272716
10012,-0.03912968697562258
10013,-0.08677619080202392
10014,-0.30857139974037295
10015,-0.039623707094772365
10016,-0.004621037311009848
10017,-0.1875527788271265
10018,-0.015378101641700531
10019,-0.20637477614950095
10020,-0.05397408950663163
10021,-0.27033245174740195
10022,-0.01844427317997266
10023,-0.37771742554880916
10024,-0.06676313180649807
10025,-0.1380686802443733
10026,-0.03631206073405524
10027,-0.30319847178155657
10028,-0.06272185608947611
10029,-0.031028093377293176
10030,-0.16788187805924837
10031,-0.19527636826667916
10032,-0.31800875498963466
10033,-0.12324251384981944
10034,-0.038445266699295884
10035,-0.02243014098837051
10036,-0.03130970990719906
10037,-0.08511858620937929
10038,-0.17822942208147774
10039,-0.19226164269626358
10040,-0.04535129708961494
10041,-0.0020091666518625745
10042,-0.09923119606862862
10043,-0.06468244395515121
10044,-0.03299529819237715
10045,-0.2093392440958941
10046,-0.08064724011985697
10047,-0.036355552458658465
10048,-0.07576046473946052
10049,-0.10738540977837241
10050,-0.02662520446951977
10051,-0.17901656679757894
10052,-0.05357731303384272
10053,-0.1387335100394389
10054,-0.007328541311755056
10055,-0.09029421414067573
10056,-0.013631495581563735
10057,-0.022417121775045096
10058,-0.07521006298645119
10059,-0.10898791221668047
10060,-0.10388865705567965
10061,-0.051303210957924006
10062,-0.009877964149796144
10063,-0.14780730577377144
10064,-0.2477172657939377
10065,-0.026042240340627965
10066,-0.04400196816815072
10067,-0.016371411959661963
10068,-0.04225342719206427
10069,-0.04218163683021503
10070,-0.03065123452989374
10071,-0.03795582966606981
10072,-0.0377686497459594
10073,-0.2051355466281226
10074,-0.22030165584897354
10075,-0.12392683541357752
10076,-0.020151456622122838
10077,-0.08902668610084208
10078,-9.302185716173722e-05
10079,-0.00566511709668076
10080,-0.09881594277357242
10081,-0.03348413627328739
10082,-0.05995261792788307
10083,-0.024539669911099127
10084,-0.1783361633731156
10085,-0.12789807965310418
10086,-0.2410643318172223
10087,-0.0274468346618858
10088,-0.02511668421789104
10089,-0.15149823140667806
10090,-0.10060360539384497
10091,-0.021737750001285083
10092,-0.0038163111913964987
10093,-0.07969173476895404
10094,-0.06151728407883053
10095,-0.15722275297808175
10096,-0.004140564549141664
10097,-0.11017030826269705
10098,-0.05853849014468793
10099,-0.05985992572872034
10100,-0.2553063190231235
10101,-0.019403320469461804
10102,-0.1126399538124565
10103,-0.04884702246168493
10104,-0.018827623632468815
10105,-0.2411782638770621
10106,-0.012474792058213141
10107,-0.07064683852157094
10108,-0.15648415430645324
10109,-0.003797074518469335
10110,-0.024174422130305517
10111,-0.021648398376237804
10112,-0.01327904897892519
10113,-0.07643261206275165
10114,-0.047101113321843996
10115,-0.060517144691891844
10116,-0.10048183128931554
10117,-0.1459192483049745
10118,-0.21561309102472892
10119,-0.014167880074626667
10120,-0.0951154072420235
10121,-0.31718829980196306
10122,-0.15120054382812775
10123,-0.06812489357567453
10124,-0.2618650313997013
10125,-0.16501061000872597
10126,-0.061020025190592526
10127,-0.10972895154449483
10128,-0.13398424641632278
10129,-0.27651600271687427
10130,-0.5197298382943676
10131,-0.21328950672761637
10132,-0.007626358597067534
10133,-0.08259055747196886
10134,-0.23664869429404378
10135,-0.006084989160914711
10136,-0.25499381338008265
10137,-0.11823978341818989
10138,-0.04003199542159985
10139,-0.11696670651217156
10140,-0.012172470272329601
10141,-0.0941947312329422
10142,-0.0006684226499676718
10143,-0.12571913626463926
10144,-0.11733111704947641
10145,-0.03823146494637497
10146,-0.032483019063889174
10147,-0.06735414801619655
10148,-0.0907069142683809
10149,-0.0831770084825242
10150,-0.02456107460936663
10151,-0.20118880596780866
10152,-0.06093340094611621
10153,-0.05729708826929292
10154,-0.005021764955137981
10155,-0.10608150404751487
10156,-0.005617834470781964
10157,-0.028045277170024585
10158,-0.05714858669357895
10159,-0.13934063405096297
10160,-0.04074082819897973
10161,-0.07443765374062139
10162,-0.16655474773882276
10163,-0.261518468295995
10164,-0.049838344834340464
10165,-0.010366763361634508
10166,-0.20580673569205965
10167,-0.17744370433048207
10168,-0.21491421529088595
10169,-0.24366656744179593
10170,-0.06770702520628114
10171,-0.0022026015857070963
10172,-0.1693934187672399
10173,-0.19890171658053427
10174,-0.006970306282334332
10175,-0.0319185679342785
10176,-0.04200707243505833
10177,-0.07470141881358663
10178,-0.21610230115723217
10179,-0.07512868233066275
10180,-0.028633454709590667
10181,-0.0713168471018486
10182,-0.09452369939422856
10183,-0.00439038132254946
10184,-0.052911395860607446
10185,-0.0611054355219417
10186,-0.03128412616482068
10187,-0.02403532941060585
10188,-0.23182318434350302
10189,-0.03144016877507012
10190,-0.02320123861573356
10191,-0.07226747091456487
10192,-0.008660564904441365
10193,-0.05656526898333695
10194,-0.05284801084243196
10195,-0.06721079971114818
10196,-0.017263227413832127
10197,-0.1092323035669569
10198,-0.0023588037987517796
10199,-0.4597796905742886
10200,-0.06594024791061914
10201,-0.2267401589705611
10202,-0.2607031961278796
10203,-0.21421525922299667
10204,-0.029086235946511274
10205,-0.2573139593539403
10206,-0.18038084279180744
10207,-0.0013276830219532774
10208,-0.025626366049971705
10209,-0.04424183054483655
10210,-0.01371920947953964
10211,-0.03067518829385041
10212,-0.14969307906496512
10213,-0.0696581733516253
10214,-0.11493808509294157
10215,-0.0243458681533561
10216,-0.054752255731047694
10217,-0.03571081996679859
10218,-0.008252666995353188
10219,-0.0021448454165441666
10220,-0.23684861606482466
10221,-0.12392560177925294
10222,-0.03422895092471401
10223,-0.005602679637285779
10224,-0.1445309501903279
10225,-0.04795733406421457
10226,-0.0009476476195118129
10227,-0.25077839334319174
10228,-0.009230503676457613
10229,-0.1426232429751513
10230,-0.06613141253496213
10231,-0.23040048992171383
10232,-0.07032454963077817
10233,-0.00884014659735683
10234,-0.33573137036386214
10235,-0.10159433531194487
10236,-0.0904382814598799
10237,-0.010097635182640397
10238,-0.15261018881168598
10239,-0.12484829571224942
10240,-0.08358208137237089
10241,-0.07451547724033258
10242,-0.05143402306942371
10243,-0.02831156245955757
10244,-0.04439964972990996
10245,-0.1443919986541056
10246,-0.06004708343250842
10247,-0.007989319193033475
10248,-0.03459367363301506
10249,-0.11900515820706503
10250,-0.01398506647284492
10251,-0.01398908994916559
10252,-0.17444559052485298
10253,-0.06633144419168424
10254,-0.06410828020060955
10255,-0.12168004422198131
10256,-0.11656258571936462
10257,-0.028871604712983556
10258,-0.25043548294398116
10259,-0.07428111896929102
10260,-0.11839366595249204
10261,-0.006944800697064518
10262,-0.2788833507480071
10263,-0.09223388281395331
10264,-0.04296931118411321
10265,-0.03292241780399885
10266,-0.08069055309278284
10267,-0.027361141215557994
10268,-0.13171018198948706
10269,-0.023752273789807044
10270,-0.030486513401253565
10271,-0.029881891690336504
10272,-0.12390952939526978
10273,-0.16922693636015618
10274,-0.1367150257139489
10275,-0.0461701183609009
10276,-0.0634891946986419
10277,-0.3012481598990693
10278,-0.009804314873003823
10279,-0.04367511175751748
10280,-0.046217404252847816
10281,-0.1588047200963595
10282,-0.13217517830225667
10283,-0.24248647420637193
10284,-0.005186910475220297
10285,-0.01918586058555974
10286,-0.39964270403973856
10287,-0.3945707950702104
10288,-0.02753416530265851
10289,-0.1640352634702817
10290,-0.15570782639128578
10291,-0.11316977833142561
10292,-0.049568766660635255
10293,-0.1072754612841843
10294,-0.2193833904420206
10295,-0.007608579547303214
10296,-0.07239504570220279
10297,-0.0462561495064282
10298,-0.09581654801822381
10299,-0.015580682925621675
10300,-0.025369737143062676
10301,-0.08278352078527862
10302,-0.38172579094464965
10303,-0.031956703624531735
10304,-0.07240824920263958
10305,-0.024612006940253478
10306,-0.4830327055532635
10307,-0.031372736135223095
10308,-0.14598674738497808
10309,-0.005713446306375665
10310,-0.07258129747953268
10311,-0.062497830065393334
10312,-0.1707974739404268
10313,-0.2911785420950719
10314,-0.07104242500923107
10315,-0.07659049999720668
10316,-0.32024516915852885
10317,-0.23634730023504247
10318,-0.05351987031766437
10319,-0.40848882523592467
10320,-0.3478579431370278
10321,-0.16265762552188814
10322,-0.004004789410364223
10323,-0.09085385998478301
10324,-0.12360440791611516
10325,-0.2145403496506213
10326,-0.059300320702530024
10327,-0.03605005260066663
10328,-0.3906363726825064
10329,-0.03869286095555258
10330,-0.020306129075181367
10331,-0.28504888031523423
10332,-0.10889387388180627
10333,-0.04851930955504047
10334,-0.021259018217310716
10335,-0.28798739663713846
10336,-0.13119980085792848
10337,-0.0865694113856004
10338,-0.05554816448367783
10339,-0.017752313585092598
10340,-0.028500421536640924
10341,-0.047415610228415894
10342,-0.037200041102271514
10343,-0.2735634720935882
10344,-0.15209721150800748
10345,-0.05489995444365281
10346,-0.014750031478227094
10347,-0.007651156670209797
10348,-0.14688359661649608
10349,-0.5044914251103325
10350,-0.0023163707895532716
10351,-0.131101244085841
10352,-0.021175998603951918
10353,-0.022373804505449457
10354,-0.009062025678462371
10355,-0.002244816152849903
10356,-0.020449549937036522
10357,-0.1337916092688622
10358,-0.014170048236814559
10359,-0.020814326734446276
10360,-0.06389267318137118
10361,-0.044668368312217877
10362,-0.04712544508173713
10363,-0.06744027568572852
10364,-0.03402926371432938
10365,-0.2320550904343759
10366,-0.01899764708904539
10367,-0.09627056840715353
10368,-0.20225571631448958
10369,-0.019203348792321134
10370,-0.049901263129871865
10371,-0.0722629774288942
10372,-0.0978207383434122
10373,-0.023439329979938472
10374,-0.02809290479720894
10375,-0.2463116691526085
10376,-0.0708116434366618
10377,-0.10799636790773726
10378,-0.06025403810709529
10379,-0.01963031664820325
10380,-0.001069850958742161
10381,-0.33079625253554923
10382,-0.02946255605602488
10383,-0.010630933277786803
10384,-0.10805653439427565
10385,-0.1285083191242209
10386,-0.16664820654066437
10387,-0.12840783141688994
10388,-0.09943814339547366
10389,-0.09809255484253454
10390,-0.2845029394053644
10391,-0.2217379403953772
10392,-0.11864873132070741
10393,-0.3954503893308079
10394,-0.06851734443511948
10395,-0.20107535390352027
10396,-0.12256593969988894
10397,-0.08660677847351711
10398,-0.06591986807423533
10399,-0.26270319183076485
10400,-0.18714450355606482
10401,-0.10340535739653278
10402,-0.15007292622079582
10403,-0.08058834335844667
10404,-0.01818135216463515
10405,-0.016008272023653076
10406,-0.0498357969787038
10407,-0.007117920067786915
10408,-0.2203873842358031
10409,-0.04283303935815771
10410,-0.014327143659168123
10411,-0.011459547441227298
10412,-0.13504960591865325
10413,-0.01673970812151762
10414,-0.12498731550128872
10415,-0.020263861166211622
10416,-0.0017191830478616489
10417,-0.0340365533024134
10418,-0.1250484709691908
10419,-0.040753521115380664
10420,-0.0071562231079528305
10421,-0.06297891693882296
10422,-0.00033692101302615395
10423,-0.009340580304999959
10424,-0.5178305596409203
10425,-0.16950292643684017
10426,-0.16170647341685696
10427,-0.14662607592790255
10428,-0.12166957566484671
10429,-0.044767780537590784
10430,-0.21370173872673345
10431,-0.16581535173701845
10432,-0.04885708336904504
10433,-0.16043676655770514
10434,-0.050501712786465786
10435,-0.07319993498258984
10436,-0.015392401811525545
10437,-0.028145520701201805
10438,-0.023878531268888836
10439,-0.14000851228893632
10440,-0.09632223122062833
10441,-0.04257102982262939
10442,-0.1246615181095373
10443,-0.23127618406288564
10444,-0.07147068544443036
10445,-0.036321460210796214
10446,-0.23038703542554773
10447,-0.039297436745739094
10448,-0.21896105121982304
10449,-0.22276161200655098
10450,-0.31803903565465685
10451,-0.18971387328699896
10452,-0.02834652691763953
10453,-0.01702127993959801
10454,-0.18102728041195215
10455,-0.08147673098094055
10456,-0.11012921398188304
10457,-0.0004980479633461023
10458,-0.028331017671897052
10459,-0.1869225351197585
10460,-0.0058477345557119975
10461,-0.19830751953341919
10462,-0.02368400858252346
10463,-0.028667904988272416
10464,-0.029929483382078903
10465,-0.1739878050368917
10466,-0.027882655045040505
10467,-0.01746722476087259
10468,-0.18372770527289584
10469,-0.011235709529344995
10470,-0.05038016442652788
10471,-0.043818965256990805
10472,-0.10432968038116601
10473,-0.27138950913868465
10474,-0.12652899821373176
10475,-0.22726211569876784
10476,-0.3447181825277533
10477,-0.03143654269181817
10478,-0.05861547202626882
10479,-0.10174460153605713
10480,-0.2287131128681981
10481,-0.1578279902555867
10482,-0.013200896448940874
10483,-0.09426095635675427
10484,-0.04090569844481931
10485,-0.051734235791056134
10486,-0.03127197839597907
10487,-0.11632358763920658
10488,-0.07613195808419349
10489,-0.024660935802849004
10490,-0.07242610226580062
10491,-0.18919450981398578
10492,-0.07916417723860716
10493,-0.3394175820815431
10494,-0.05308213095242679
10495,-0.1668385104174086
10496,-0.27032536077994074
10497,-0.04619793370740369
10498,-0.12613000339017022
10499,-0.029888322317115912
10500,-0.04863234727152488
10501,-0.012570489326500955
10502,-0.3108813873113858
10503,-0.028809464798952217
10504,-0.03362548967338308
10505,-0.13988691291030353
10506,-0.196572380514223
10507,-0.09334481091907787
10508,-0.050359466517375946
10509,-0.08516995261932525
10510,-0.04171032687408038
10511,-0.00527331310977408
10512,-0.06367129609872457
10513,-0.05541686091596543
10514,-0.028169333628755983
10515,-0.0027726832714550023
10516,-0.28198250651459844
10517,-0.051779950018803006
10518,-0.1166519664664839
10519,-0.030971030992233
10520,-0.08020775713626993
10521,-0.015866587534899
10522,-0.02535209527019533
10523,-0.06028973494434142
10524,-0.13774146395749387
10525,-0.32404844294931234
10526,-0.0230021710383449
10527,-0.08488123548777482
10528,-0.2200532113822029
10529,-0.031141943287920748
10530,-0.2021422880388748
10531,-0.06688553952343856
10532,-0.1376332320370791
10533,-0.2524004639836659
10534,-0.005289023086055972
10535,-0.044073803366671244
10536,-0.28293361555944696
10537,-0.2385800933550275
10538,-0.1606019946956801
10539,-0.01125101977165427
10540,-0.0014816974755476994
10541,-0.05814448738391764
10542,-0.04475517796721962
10543,-0.5569063826356544
10544,-0.34470550231134434
10545,-0.01776461052570577
10546,-0.13767529491574892
10547,-0.0711587446332459
10548,-0.03290358270049021
10549,-0.0625001191484934
10550,-0.07720382111043422
10551,-0.2992339914901301
10552,-0.14626315615077162
10553,-0.35243014996260946
10554,-0.16474390849412768
10555,-0.06399591617949207
10556,-0.054779572833444985
10557,-0.18270963745128566
10558,-0.26245575453876535
10559,-0.49285289020423484
10560,-0.0066568907917529275
10561,-0.049378564346188814
10562,-0.04029169560866664
10563,-0.013409262037918368
10564,-0.07619099050257597
10565,-0.0022679750256301492
10566,-0.04986535871239051
10567,-0.0314530445286434
10568,-0.23566150920523504
10569,-0.18639771366789676
10570,-0.004433794936908458
10571,-0.07714174231969873
10572,-0.15523832928556225
10573,-0.14937586229138278
10574,-0.08784214114226518
10575,-0.0007334061296964157
10576,-0.16365397628701084
10577,-0.07090582233183262
10578,-0.180496599476343
10579,-0.037720058635429266
10580,-0.006586667246252405
10581,-0.08275348942118399
10582,-0.16145799275957717
10583,-0.025971514361969317
10584,-0.033447165164990134
10585,-0.14475686477215222
10586,-0.04475459840131368
10587,-0.06354179062664134
10588,-0.4038344160313301
10589,-0.22204261648691137
10590,-0.01776072828209277
10591,-0.2513346503638526
10592,-0.09845503168627234
10593,-0.03311429402881716
10594,-0.07963707090553473
10595,-0.09718743622501613
10596,-0.05202897395901618
10597,-0.24280253580502642
10598,-0.025073914147709347
10599,-0.04848217390202836
10600,-0.17309529371176804
10601,-0.08448807994732521
10602,-0.0019692075145211207
10603,-0.0229339935167584
10604,-0.015442151429558543
10605,-0.4693469760083896
10606,-0.19041942672029366
10607,-0.005875965738533689
10608,-0.0030282519693090384
10609,-0.06124199100730232
10610,-0.07508100451462463
10611,-0.041933993431646166
10612,-0.021234249260454807
10613,-0.21063751675815645
10614,-0.010862248869092372
10615,-0.2764113450011792
10616,-0.08052207518220789
10617,-0.15493256483520845
10618,-0.139262427442838
10619,-0.21004147472438117
10620,-0.006355330667333986
10621,-0.08017330335483841
10622,-0.04895219841224929
10623,-0.2006351815100893
10624,-0.23119169971501663
10625,-0.3709357955233372
10626,-0.16272267566481702
10627,-0.1091487109446444
10628,-0.12040352335152438
10629,-0.02825232852302284
10630,-0.18728965143027665
10631,-0.05280043312670246
10632,-0.0803323922904533
10633,-0.24511554230359112
10634,-0.5050378086460299
10635,-0.06756740780212711
10636,-0.06232604504898598
10637,-0.1495182582299136
10638,-0.4807342911734023
10639,-0.01851651129249135
10640,-0.056380523887594514
10641,-0.0888935911060873
10642,-0.5992876295839853
10643,-0.13551201599875995
10644,-0.14913550146071597
10645,-0.08865779044089164
10646,-0.26504212535494
10647,-0.2904637789208042
10648,-0.24202346816551146
10649,-0.0654881651847834
10650,-0.03816931392954759
10651,-0.03195423493832572
10652,-0.005083371817044165
10653,-0.22378935420936452
10654,-0.13745711435269214
10655,-0.11544096128557024
10656,-0.03544989890944539
10657,-0.0016318921188103325
10658,-0.04257478533547521
10659,-0.06047050144516408
10660,-0.009702880586019008
10661,-0.02969792677119701
10662,-0.24745687608885447
10663,-0.031081998904647024
10664,-0.14671488766233864
10665,-0.08285249971404618
10666,-0.2930540317402024
10667,-0.23301305293811503
10668,-0.1733079949132632
10669,-0.036403801076191795
10670,-0.21368124356366858
10671,-0.012127798950465701
10672,-0.005699497005858152
10673,-0.19788936476862773
10674,-0.05143664146247773
10675,-0.030662819643357375
10676,-0.07861143575379836
10677,-0.0609013839408506
10678,-0.11068909576158872
10679,-0.05718771860194227
10680,-0.044083841542519875
10681,-0.3433614896149244
10682,-0.14868348151230137
10683,-0.024712351239097125
10684,-0.06188568712085507
10685,-0.0027869184517343455
10686,-0.018265443543540823
10687,-0.009722762254618766
10688,-0.1095265977531259
10689,-0.06873282503213873
10690,-0.0013257414375091054
10691,-0.003302432587678067
10692,-0.13145837098910862
10693,-0.003988294656805343
10694,-0.12081162826855563
10695,-0.04015660371991328
10696,-0.0028820764423563433
10697,-0.0034335263001748564
10698,-0.03401919550742527
10699,-0.07133177818819292
10700,-0.06605319214070571
10701,-0.040559802441284806
10702,-0.12451961767533826
10703,-0.22654683924644659
10704,-0.24541222622756687
10705,-0.1573023413279384
10706,-0.08638352367962288
10707,-0.14386825624063898
10708,-0.02339815965536496
10709,-0.004193797546239615
10710,-0.07883522203268602
10711,-0.028880950106793812
10712,-0.005317018809966323
10713,-0.07173090504417168
10714,-0.04481392663779049
10715,-0.014185686687457594
10716,-0.6475334678999491
10717,-0.03741633383245502
10718,-0.25270484895553935
10719,-0.26425676128381115
10720,-0.06016047012501538
10721,-0.13412979737386133
10722,-0.2134234747332804
10723,-0.4374940710329511
10724,-0.255804716232817
10725,-0.0023176180293890333
10726,-0.1625025384895551
10727,-0.003902053733014915
10728,-0.1319068068820234
10729,-0.027974080342093394
10730,-0.05379310861845987
10731,-0.020181995301545592
10732,-0.05336875710173761
10733,-0.012153076269802665
10734,-0.023476535521989722
10735,-0.10522464089967132
10736,-0.0042452341886829725
10737,-0.18425951477568425
10738,-0.07057850526669407
10739,-0.01484866947812919
10740,-0.023591349568718223
10741,-0.006088237288564058
10742,-0.06341260033352525
10743,-0.07859786450373552
10744,-0.09694240670460419
10745,-0.12056676345764039
10746,-0.09591178044648618
10747,-0.0577825564384532
10748,-0.2183411094974872
10749,-0.03487476118379655
10750,-0.20163411356950478
10751,-0.4115294720003666
10752,-0.03981562631459552
10753,-0.031925140077829206
10754,-0.32088728704823843
10755,-0.17203937873332464
10756,-0.016476957914505347
10757,-0.009899771429100146
10758,-0.07752956216331255
10759,-0.012126785761652853
10760,-0.0013698887825646464
10761,-0.3289863226601728
10762,-0.019425389656146153
10763,-0.13441540414202915
10764,-0.03532901528714716
10765,-0.15451206110190174
10766,-0.0879628141757327
10767,-0.10967085054890557
10768,-0.1606871626724211
10769,-0.22313275791742093
10770,-0.20952313783655407
10771,-0.4703553690479385
10772,-0.009362714940611756
10773,-0.023038809009332972
10774,-0.10845590826345097
10775,-0.34858440187891526
10776,-0.08286091795305929
10777,-0.1953439825927702
10778,-0.057198631709046294
10779,-0.03564761744591216
10780,-0.013592716701207569
10781,-0.0978924278664769
10782,-0.017875384698489705
10783,-0.003702488031491866
10784,-0.08304556760818516
10785,-0.33124526854158853
10786,-0.028812513950031288
10787,-0.2825918398861553
10788,-0.15332029172688977
10789,-0.1885769694639592
10790,-0.00044594207953465963
10791,-0.10160256559954606
10792,-0.001225767312919648
10793,-0.06190991402275137
10794,-0.17945964515972596
10795,-0.01510780028610148
10796,-0.11054551094069043
10797,-0.02985133162789047
10798,-0.008873203508188517
10799,-0.06371937384298665
10800,-0.009389536338630551
10801,-0.03543220475854317
10802,-0.09479336745773337
10803,-0.04581082837703587
10804,-0.07569587166541414
10805,-0.17731099037568976
10806,-0.047633134919581654
10807,-0.05800638527768687
10808,-0.17213622552262287
10809,-0.05499321779615729
10810,-0.03311487931895318
10811,-0.11773267163079071
10812,-0.030637894621090817
10813,-0.09248296747550822
10814,-0.13980029368202906
10815,-0.03299735332820275
10816,-0.010641589587848284
10817,-0.05335253892816419
10818,-0.08452522248996311
10819,-0.011384527460741395
10820,-0.03762863395049945
10821,-0.046167068979139914
10822,-0.10412890261621399
10823,-0.030799792098819636
10824,-0.08564757657731015
10825,-0.2161103781230378
10826,-0.23647627075994615
10827,-0.00873141883039748
10828,-0.08410503585909801
10829,-0.5737232737780378
10830,-0.24925696980097356
10831,-0.00010764469269456756
10832,-0.11939390086728219
10833,-0.45865352325462894
10834,-0.09573320821455411
10835,-0.0038620597228011325
10836,-0.11122063802662518
10837,-0.03250586010776324
10838,-0.028061188990498587
10839,-0.039591659695896626
10840,-0.04158389985568001
10841,-0.0646939464073012
10842,-0.0234618451788082
10843,-0.04271264443203826
10844,-0.13626130297841554
10845,-0.0260203126838964
10846,-0.15452407908645727
10847,-0.1165960829372753
10848,-0.027988654672397306
10849,-0.22498368208208508
10850,-0.045619915317388626
10851,-0.2020546391309688
10852,-0.006704790316195282
10853,-0.3549810576566569
10854,-0.03997771982900162
10855,-0.14257428853505028
10856,-0.036284582931030096
10857,-0.0009242833832391675
10858,-0.045307500815222196
10859,-0.017683239258652197
10860,-0.05142604425924413
10861,-0.05224496619201535
10862,-0.01903910502684472
10863,-0.009545715095250706
10864,-0.019966934729886643
10865,-0.48576160834645776
10866,-0.11051301992436413
10867,-0.06458351786723604
10868,-0.0017966806033645009
10869,-0.030038783956847143
10870,-0.1762388046038713
10871,-0.11509606732664368
10872,-0.27572156406862114
10873,-0.17873312808857378
10874,-0.06558251560484697
10875,-0.06320958111629571
10876,-0.0813366527677647
10877,-0.04664725649860186
10878,-0.21373587194086163
10879,-0.22865427646880576
10880,-0.08824865740335364
10881,-0.24922346299464415
10882,-0.2811128934490209
10883,-0.14741959525294074
10884,-0.24234622039298703
10885,-0.050328587455297336
10886,-0.05362011478216744
10887,-0.40835898510175994
10888,-0.04602572723411713
10889,-0.4799570219731888
10890,-0.09880282823765407
10891,-0.1496485354582534
10892,-0.15272201972117871
10893,-0.35692120426913165
10894,-0.18349277344128945
10895,-0.16098179296299842
10896,-0.025765843691545692
10897,-0.0208361720540218
10898,-0.3308649484480335
10899,-0.07207192453519529
10900,-0.3732033333013196
10901,-0.1296395549176652
10902,-0.23641304757835613
10903,-0.06476351780951417
10904,-0.3397940861499382
10905,-0.007633540909783106
10906,-0.13891925466002153
10907,-0.026328283193440827
10908,-0.0026288289801778106
10909,-0.016367382894724725
10910,-0.4670642921084973
10911,-0.06902701903054898
10912,-0.04442116601183621
10913,-0.033323142017813945
10914,-0.03934417840761473
10915,-0.3531670347260997
10916,-0.042800819252309746
10917,-0.13707285389334578
10918,-0.04023270438945714
10919,-0.12564892969193142
10920,-0.016981769226491333
10921,-0.03494584551523705
10922,-0.12402537326404373
10923,-0.05676200778868401
10924,-0.09747887032950553
10925,-0.47394288161316134
10926,-0.050400894560092
10927,-0.035854771318586894
10928,-0.09341154636095128
10929,-0.09961432062166242
10930,-0.0164517517403715
10931,-0.225119960368696
10932,-0.027004682896620946
10933,-0.1379802451246115
10934,-0.02912188674251817
10935,-0.11967459715609177
10936,-0.016216654911981918
10937,-0.04077651765875956
10938,-0.028778503548633677
10939,-0.276485843312253
10940,-0.07493282157667602
10941,-0.03167681091223895
10942,-0.1729181203431467
10943,-0.2036502294164909
10944,-0.005188787658042676
10945,-0.00108862410326146
10946,-0.41784278470368275
10947,-0.27386666396356674
10948,-0.07466916371465704
10949,-0.02946776584677782
10950,-0.06804864467038563
10951,-0.1195364872791651
10952,-0.5082072523354371
10953,-0.004069074860382493
10954,-0.12456108507113761
10955,-0.14595032766090535
10956,-0.021199389767526222
10957,-0.03194968640583273
10958,-0.02591199326559146
10959,-0.20054731213932364
10960,-0.1371021757232307
10961,-0.06975541904829144
10962,-0.2047055792801804
10963,-0.11410663235399057
10964,-0.15751543602822915
10965,-0.1013623179145147
10966,-0.12704748134245494
10967,-0.051014505460563186
10968,-0.005023921791578179
10969,-0.11542022360467163
10970,-0.045313903719062854
10971,-0.09823727098624613
10972,-0.15643546057261126
10973,-0.11898326996307285
10974,-0.08202952860357107
10975,-0.10854706184187934
10976,-0.05456443224134111
10977,-0.06930006037981906
10978,-0.03654822814522163
10979,-0.08851479488878378
10980,-0.10297514458901436
10981,-0.11249836266811375
10982,-0.052915896620085334
10983,-0.2693196992382898
10984,-0.02508342690732826
10985,-0.04343852347064872
10986,-0.031863077660922556
10987,-0.008251943215323911
10988,-0.025833645352069112
10989,-0.00773348202700316
10990,-0.029552962305940428
10991,-0.20229456706675653
10992,-0.15578074913107856
10993,-0.12378584343933385
10994,-0.09335988444050328
10995,-0.23107946697287218
10996,-0.09066986801631732
10997,-0.020707510380842398
10998,-0.23247916289774695
10999,-0.03505373045346272
11000,-0.053550611202895865
11001,-0.05199689461369664
11002,-0.09102666109209112
11003,-0.07023645075279195
11004,-0.05941867083894127
11005,-0.013460557279340174
11006,-0.12144117885234085
11007,-0.4312442048986864
11008,-0.16688722510879322
11009,-0.13023617409955124
11010,-0.006235491777950027
11011,-0.03557880593435547
11012,-0.14920937832457293
11013,-0.052440998130897865
11014,-0.11953939966560734
11015,-0.0391495399984167
11016,-0.015617909695837456
11017,-0.10116495107454604
11018,-0.022528919516937723
11019,-0.019470999570146925
11020,-0.014137513783860772
11021,-0.0017380156256147933
11022,-0.08963162047825879
11023,-0.18663405248175202
11024,-0.0985889098627788
11025,-0.010056253781954738
11026,-0.07389513690394671
11027,-0.14191020521132858
11028,-0.21493600038305438
11029,-0.10412203122415109
11030,-0.19496436185899313
11031,-0.11685992406318146
11032,-0.06401200284654632
11033,-0.026835688187578643
11034,-0.016633703932641186
11035,-0.014854690957860692
11036,-0.03850227631121972
11037,-0.055329075635331404
11038,-0.02869638794151655
11039,-0.15372061102633428
11040,-0.19570959022500237
11041,-0.13638755603767772
11042,-0.14238998961355165
11043,-0.32761767260508284
11044,-0.09355462947259474
11045,-0.19260598493182934
11046,-0.0894712365677515
11047,-0.06369598324573514
11048,-0.20755436036655484
11049,-0.01972218938819856
11050,-0.021676967287965337
11051,-0.1036237765923094
11052,-0.006072983523740333
11053,-0.0031318214231597285
11054,-0.0737063269256254
11055,-0.13086647575068444
11056,-0.08781470095935276
11057,-0.011869273639821725
11058,-0.17792253234910263
11059,-0.013024561508214072
11060,-0.029490141810776582
11061,-0.08993293656531168
11062,-0.005655549864084293
11063,-0.17121525059498177
11064,-0.044817806943743155
11065,-0.43687486638045947
11066,-0.020240775207873485
11067,-0.23696947947969926
11068,-0.1581409217867682
11069,-0.1292316470762822
11070,-0.1202106578798473
11071,-0.025665073288704265
11072,-0.008049433599013889
11073,-0.11409374065824632
11074,-0.03392551854197923
11075,-0.016240314446503274
11076,-0.01772137590917347
11077,-0.20208303917256076
11078,-0.1267530758688601
11079,-0.09132164169865356
11080,-0.05439514438976374
11081,-0.07910541005935023
11082,-0.0845255387384456
11083,-0.2583616650070708
11084,-0.01391840724709515
11085,-0.01996387074054573
11086,-0.11386064078452751
11087,-0.02741226700541289
11088,-0.05713511688551923
11089,-0.04623044774257723
11090,-0.002103886171537237
11091,-0.13192696897385447
11092,-0.035265238341662536
11093,-0.15108236803978992
11094,-0.23821057075038432
11095,-0.05074809919809177
11096,-0.3349667969807132
11097,-0.08950814950292107
11098,-0.30066130965954097
11099,-0.1059617758632947
11100,-0.008343505466215408
11101,-0.008681111843957812
11102,-0.018743782939060344
11103,-0.14689325884426296
11104,-0.03236340298828333
11105,-0.0872969494292315
11106,-0.12462285191603728
11107,-0.17020077119353347
11108,-0.06191012826667189
11109,-0.1556774567854885
11110,-0.11609788663804424
11111,-0.09322254530750174
11112,-0.0017910464186886629
11113,-0.15873080392140942
11114,-0.12335177372503114
11115,-0.06600632674738183
11116,-0.11948686728279201
11117,-0.13402744767538
11118,-0.08473073091360764
11119,-0.015013532084281118
11120,-0.046566907647214634
11121,-0.012194053664822797
11122,-0.14755004116899118
11123,-0.014932740185138127
11124,-0.02506334896166118
11125,-0.0727087743771353
11126,-0.01632733237694875
11127,-0.009423697787839247
11128,-0.01846946447249323
11129,-0.05187952859773093
11130,-0.177865239026744
11131,-0.01709688259585919
11132,-0.008839251325967329
11133,-0.05171325917005909
11134,-0.09931298718912943
11135,-0.07074988483640299
11136,-0.07482965032843761
11137,-0.016517058029647674
11138,-0.3734460418383022
11139,-0.12691071711742596
11140,-0.030968181228188923
11141,-0.0632046326161411
11142,-0.1851983296845977
11143,-0.07396321047314025
11144,-0.3130785517732111
11145,-0.16827668577379606
11146,-0.1596314252192954
11147,-0.03204765795886688
11148,-0.14161089028222051
11149,-0.23574845695317406
11150,-0.001595979726935536
11151,-0.22624090675577557
11152,-0.0693983432131029
11153,-0.12528973590949777
11154,-0.03075162697867484
11155,-0.050354893136428935
11156,-0.0490941098171942
11157,-0.011758235123948524
11158,-0.038250567840182104
11159,-0.005446374958982397
11160,-0.0275583991620775
11161,-0.008646657727046968
11162,-0.11576955088349383
11163,-0.04043264132591384
11164,-0.03918899016915711
11165,-0.13948976378727496
11166,-0.008124924380545531
11167,-0.026096113384463493
11168,-0.1112624180705497
11169,-0.10980647185788464
11170,-0.1604228437044678
11171,-0.07908444482597066
11172,-0.03420250357175303
11173,-0.07897342201406288
11174,-0.001346092183117974
11175,-0.1716249045797813
11176,-0.07919002946248316
11177,-0.02824299314752088
11178,-0.2264355569591192
11179,-0.27748421686002667
11180,-0.12843427699474053
11181,-0.0054953485458713106
11182,-0.14716240376722256
11183,-0.07163785107553278
11184,-0.13734503331330583
11185,-0.15686866218470208
11186,-0.038316881536648584
11187,-0.13960438682227627
11188,-0.07497847363365118
11189,-0.1778344845938734
11190,-0.19421533991053253
11191,-0.0584150132069583
11192,-0.08071264831754424
11193,-0.3517754659814649
11194,-0.17158792533657607
11195,-0.015599866565667982
11196,-0.03882822237259238
11197,-0.19096526181108908
11198,-0.0016007618485444246
11199,-0.16323642835761465
11200,-0.04330772852897191
11201,-0.00288950377732148
11202,-0.12390924683527696
11203,-0.03693541015297744
11204,-0.03372226434626757
11205,-0.1494942421897657
11206,-0.03218852869165651
11207,-0.0034494494954543254
11208,-0.11188281902123809
11209,-0.08921561920020915
11210,-0.00780840446880475
11211,-0.3536878856104324
11212,-0.30782021100236756
11213,-0.13997087210761372
11214,-0.5145159026069206
11215,-0.30947167231806294
11216,-0.3786470322832258
11217,-0.19605618009705286
11218,-0.07761411990935274
11219,-0.010200230434310648
11220,-0.06257574418568357
11221,-0.06739466612281308
11222,-0.007939394883979227
11223,-0.24769862233863205
11224,-0.21286220297661096
11225,-0.10098518793431177
11226,-0.13508334981601644
11227,-0.013333474898936703
11228,-0.0941523849890119
11229,-0.14968114569399507
11230,-0.03491170664508248
11231,-0.04127814329676238
11232,-0.04905374423899296
11233,-6.211992878532796e-05
11234,-0.06678495708241394
11235,-0.17401878574778218
11236,-0.028400641439519952
11237,-0.003809575853854802
11238,-0.02918675256650005
11239,-0.0374806045356918
11240,-0.25166649936299923
11241,-0.16243140456950655
11242,-0.08797889743937326
11243,-0.068195528082168
11244,-0.010216460202276399
11245,-0.07315620753568419
11246,-0.22096593267315434
11247,-0.5038047130434262
11248,-0.18852940819141795
11249,-0.16210082768486744
11250,-0.03938260865998944
11251,-0.36836144276936367
11252,-0.2270011286405832
11253,-0.0804220913584559
11254,-0.031152905383244445
11255,-0.00030409138591144325
11256,-0.06796373698832181
11257,-0.0019977066864014584
11258,-0.03895343507058538
11259,-0.033346730716203005
11260,-0.4691807918618345
11261,-0.3315376658858532
11262,-0.09324858077788978
11263,-0.01165209494119171
11264,-0.23374153245565665
11265,-0.013976289740575187
11266,-0.11811700536523873
11267,-0.11439045413287341
11268,-0.05115486110332593
11269,-0.06530281582775224
11270,-0.12616270331603918
11271,-0.14892861635643628
11272,-0.13863696345654208
11273,-0.03557402223417283
11274,-0.22196538144482425
11275,-0.04222851941720096
11276,-0.08002934755312244
11277,-0.2866443523406481
11278,-0.06095547760945508
11279,-0.06985741954487867
11280,-0.05428161202960369
11281,-0.5059578497582096
11282,-0.02331604152074676
11283,-0.1776596614738405
11284,-0.11965914234964803
11285,-0.005842514522850367
11286,-0.06903358124514014
11287,-0.004708275794925165
11288,-0.19248002524482158
11289,-0.23021442783844925
11290,-0.043480376985507004
11291,-0.05688336432020713
11292,-0.08940757230513796
11293,-0.03264390931740547
11294,-0.0030765354906230336
11295,-0.06272745147164074
11296,-0.23962943286203497
11297,-0.0857762216202933
11298,-0.10503533288556646
11299,-0.08992731135486498
11300,-0.0955108470292787
11301,-0.1495269549959817
11302,-0.04851630922593886
11303,-0.14904938695128767
11304,-0.07457430590917735
11305,-0.11715399903875545
11306,-0.002046022609694083
11307,-0.548193268950584
11308,-0.11970178225173561
11309,-0.31100864144084506
11310,-0.1753889628381896
11311,-0.3206134172595214
11312,-0.18782328132656012
11313,-0.17780657064926197
11314,-0.14258624446826085
11315,-0.1222639263680958
11316,-0.01711934927955639
11317,-0.09457379700708168
11318,-0.09456021734797959
11319,-0.06253776864755148
11320,-0.06025601026669561
11321,-0.009442903915733443
11322,-0.1595461372629381
11323,-0.004328753283623643
11324,-0.08826774836616791
11325,-0.12553870319037055
11326,-0.22888860103928055
11327,-0.06642987405265055
11328,-0.01450561459166666
11329,-0.20491426531186008
11330,-0.05525927020223931
11331,-0.004557251814908438
11332,-0.15029824132289374
11333,-0.2090503474358152
11334,-0.057820068030695726
11335,-0.032812965346703665
11336,-0.04523316606447825
11337,-0.04555056268220898
11338,-0.30832831983782016
11339,-0.0434127017846005
11340,-0.049943949159144574
11341,-0.03600804180908812
11342,-0.007050577184269741
11343,-0.02594714632633277
11344,-0.26062058039168257
11345,-0.15527266562466924
11346,-0.09167294732827402
11347,-0.12362845231677122
11348,-0.007820358974856223
11349,-0.09828594247502956
11350,-0.1479135034773016
11351,-0.15209027551183596
11352,-0.09933693870266586
11353,-0.10248933594587628
11354,-0.11525585950127606
11355,-0.03533133647608022
11356,-0.04627455929056723
11357,-0.13406414561340307
11358,-0.036915674454428324
11359,-0.03445532937078277
11360,-0.0641582820507588
11361,-0.0449662604317016
11362,-0.04720590824236681
11363,-0.24188529952775406
11364,-0.05806982097031954
11365,-0.13784674403669472
11366,-0.07353612198941706
11367,-0.055777457908191885
11368,-0.04522372910725836
11369,-0.25655205952361837
11370,-0.15677051722781288
11371,-0.14076839932479013
11372,-0.15425845943562522
11373,-0.3252052548995299
11374,-0.2137272611904284
11375,-0.010815607593454575
11376,-0.003295704783155386
11377,-0.17613417110319052
11378,-0.09238897721736554
11379,-0.14944858281805695
11380,-0.1940141790446832
11381,-0.1683063674565486
11382,-0.03345810994726934
11383,-0.3822237764577068
11384,-0.04526119857495292
11385,-0.07062299574131181
11386,-0.28346066885635857
11387,-0.12806101566833308
11388,-0.02798775215885041
11389,-0.15134164612067957
11390,-0.156172664245389
11391,-0.07386586956054567
11392,-0.003422379467292347
11393,-0.023882702860962716
11394,-0.1492384748492932
11395,-0.00889257206157279
11396,-0.06384926973711302
11397,-0.043971773400454994
11398,-0.11620795262236527
11399,-0.2607043460655972
11400,-0.08133136673609365
11401,-0.14131721914830042
11402,-0.022100074751273565
11403,-0.03395285940512971
11404,-0.23627620302192842
11405,-0.03784480542097146
11406,-0.0454018021517727
11407,-0.32500560686184565
11408,-0.16456081212558585
11409,-0.1406976475984643
11410,-0.11612146490245578
11411,-0.1227916333877066
11412,-0.1531966031330083
11413,-0.03983984686642117
11414,-0.023703364469811583
11415,-0.3059637528343462
11416,-0.17283658999575602
11417,-0.014075486293736034
11418,-0.07134899545417739
11419,-0.06830923462893115
11420,-0.01745155819495134
11421,-0.03478494713135272
11422,-0.11009818468660051
11423,-0.24853075495133803
11424,-0.0215466741602115
11425,-0.04020622780928229
11426,-0.003169528434316733
11427,-0.2862181547322695
11428,-0.10923866550322103
11429,-0.25622401388266214
11430,-0.06349909034951384
11431,-0.1921381753723876
11432,-0.0820914929440818
11433,-0.07731959615817985
11434,-0.3447209813619754
11435,-0.10705047268765766
11436,-0.052515755578173506
11437,-0.05926577356556528
11438,-0.11772482821451583
11439,-0.022843393087472852
11440,-0.2538608802069575
11441,-0.09138945750816863
11442,-0.10112612178098568
11443,-0.0566760693223225
11444,-0.04915725428992446
11445,-0.26088162975147533
11446,-0.34518106169454665
11447,-0.08117265123117834
11448,-0.16946465257246546
11449,-0.13565462275430396
11450,-0.03947015526127931
11451,-0.15499510068160938
11452,-0.11150207091185482
11453,-0.04264365109580959
11454,-0.07646502046979231
11455,-0.10648922029149965
11456,-0.10083707260942643
11457,-0.058917891381739196
11458,-0.00362533122121882
11459,-0.14834432326812597
11460,-0.02840105584468966
11461,-0.2698188956886267
11462,-0.25983871864734853
11463,-0.009798018597236065
11464,-0.14068155736497445
11465,-0.120110100635765
11466,-0.1844979928234758
11467,-0.0913127261388974
11468,-0.16882802402961972
11469,-0.0012103345652737536
11470,-0.10774909301992991
11471,-0.10039405336623464
11472,-0.0014842526113695732
11473,-0.46474825656447827
11474,-0.11550250119032501
11475,-0.13721972141156336
11476,-0.13612909250951377
11477,-0.2742102965838996
11478,-0.16445652231528962
11479,-0.262059829523301
11480,-0.028741778556483077
11481,-0.20128822171808114
11482,-0.07250165815970977
11483,-0.018209397681043134
11484,-0.0003996558832405632
11485,-0.41256787907701353
11486,-0.0030918004889440853
11487,-0.42131827432704405
11488,-0.18233730558885108
11489,-0.1315889550564038
11490,-0.19400053099039072
11491,-0.06566080633029892
11492,-0.009643199728198854
11493,-0.4604301986262894
11494,-0.004662772203302003
11495,-0.04172925632746627
11496,-0.0027321611978619142
11497,-0.05078500539340958
11498,-0.0942799891137458
11499,-0.11422154335974943
11500,-0.21568335133091665
11501,-0.08084292876360444
11502,-0.11261302641104656
11503,-0.12679802729704973
11504,-0.18480673043416873
11505,-0.3326919554310752
11506,-0.14375752972582356
11507,-0.07556956600126175
11508,-0.3329683195238933
11509,-0.1853865891902573
11510,-0.10854372346429855
11511,-0.18211213755250144
11512,-0.002406899702456125
11513,-0.20686587471361773
11514,-0.17207345240790994
11515,-0.2582941885369672
11516,-0.3206127039286
11517,-0.3034764690462399
11518,-0.29743255531733803
11519,-0.15638689814013595
11520,-0.014951355905154728
11521,-0.12228930470861812
11522,-0.024002908709751858
11523,-0.0350498360221545
11524,-0.07622063763289377
11525,-0.06467963357900608
11526,-0.1498083734845529
11527,-0.5250521604150737
11528,-0.21623322910761283
11529,-0.039867212583570955
11530,-0.01596480321699567
11531,-0.5039079169301353
11532,-0.011077727007345356
11533,-0.2966389034236522
11534,-0.01165072008291071
11535,-0.033017936804495496
11536,-0.009785198198342952
11537,-0.03733484971241447
11538,-0.1170417385503999
11539,-0.08719186629507114
11540,-0.03582382137975426
11541,-0.3895352743242384
11542,-0.015168189779483782
11543,-0.0008025523474249559
11544,-0.1414799297635927
11545,-0.18282036200000207
11546,-0.67453404056638
11547,-0.023425090386872932
11548,-0.21582137024666714
11549,-0.13260351700050466
11550,-0.3104347467806363
11551,-0.3240412887116584
11552,-0.06651128804485484
11553,-0.09814635593176924
11554,-0.0944778509812011
11555,-0.1847758573806193
11556,-0.06112461762620669
11557,-0.04645656331419723
11558,-0.2240791215404834
11559,-0.08986171736708226
11560,-0.06135538737594404
11561,-0.04181678602392802
11562,-0.09304933751798794
11563,-0.07341776571435199
11564,-0.016879897204825856
11565,-0.11736006916414432
11566,-0.16467538377272029
11567,-0.27683628655751313
11568,-0.036843539289651894
11569,-0.03694107087799925
11570,-0.15594630485702865
11571,-0.05039559756686851
11572,-0.026542259698416837
11573,-0.27639079291607094
11574,-0.15128854657009727
11575,-0.0039556763591420685
11576,-0.2554588208096906
11577,-0.2771905980452929
11578,-0.06451139478158509
11579,-0.40395356497360524
11580,-0.17955291436808807
11581,-0.10117856002778772
11582,-0.06713689630198738
11583,-0.038478979977230154
11584,-0.2770123190026281
11585,-0.16545836871712005
11586,-0.21353194169982948
11587,-0.06925052030710813
11588,-0.1740833558446095
11589,-0.009861290330289875
11590,-0.22997237934361303
11591,-0.1311606277134243
11592,-0.10819606257263903
11593,-0.0859796356638938
11594,-0.017760523000811244
11595,-0.07047108672397773
11596,-0.011887159677090593
11597,-0.06783971202178707
11598,-0.0023342595219404284
11599,-0.19819366738248512
11600,-0.013291403014937926
11601,-0.09317338189956148
11602,-0.09936357106315052
11603,-0.016179122591029667
11604,-0.0716023107227054
11605,-0.21587593664656624
11606,-0.3394406857086101
11607,-0.029301751002155374
11608,-0.03878326137472638
11609,-0.07498472348751728
11610,-0.12175965284439387
11611,-0.4130486406982872
11612,-0.045286852216375184
11613,-0.04957107322736068
11614,-0.1531640048853547
11615,-0.130046493787209
11616,-0.13856639542968166
11617,-0.05390793541668362
11618,-0.09680023435812962
11619,-0.13622577639423733
11620,-0.09232578404798109
11621,-0.1089883184122784
11622,-0.03775075110119497
11623,-0.10315524053297775
11624,-0.014452440931719851
11625,-0.017230347211222297
11626,-0.11214179743330721
11627,-0.047082999878405474
11628,-0.016502969627043146
11629,-0.060310113428880485
11630,-0.0938538636495001
11631,-0.05876523699761904
11632,-0.07669249746083873
11633,-0.09410746401649028
11634,-0.14982014786680953
11635,-0.03836575315896276
11636,-0.21438985160192603
11637,-0.06634683297731714
11638,-0.01588000811062973
11639,-0.20970673901500314
11640,-0.01472212101986628
11641,-0.012533159530137478
11642,-0.10646511542817594
11643,-0.03616248574411188
11644,-0.23475809248055082
11645,-0.012265886925856423
11646,-0.11145843587898122
11647,-0.031107130175338615
11648,-0.17744168508798674
11649,-0.16539957026643481
11650,-0.017356813102469622
11651,-0.048028234244737456
11652,-0.040526842797332235
11653,-0.14845819875475286
11654,-0.07742230696064256
11655,-0.01364543889370573
11656,-0.14850932035887254
11657,-0.0662742611813294
11658,-0.24197037903074403
11659,-0.13785968176240504
11660,-0.28636661552987264
11661,-0.015266175400804133
11662,-0.15603397309201228
11663,-0.10637910605811118
11664,-0.2264681795449306
11665,-0.1478359758303478
11666,-0.15395906314473962
11667,-0.3595693097805963
11668,-0.12566348647981318
11669,-0.08711380412238212
11670,-0.40437124976834327
11671,-0.01622786562720205
11672,-0.4128351552523921
11673,-0.531405207807794
11674,-0.04186257007128005
11675,-0.04814435271014775
11676,-0.1558100359996044
11677,-0.3635041901486571
11678,-0.08989889487890779
11679,-0.2607536471261886
11680,-0.027497241725725208
11681,-0.1178488958633791
11682,-0.13330370192296004
11683,-0.062322701516902335
11684,-0.06077835548729793
11685,-0.09262586600714429
11686,-0.29488792887940296
11687,-0.21286340389424518
11688,-0.1868832498437729
11689,-0.05312159767100921
11690,-0.29752868642100516
11691,-0.1485334431159884
11692,-0.12151989371767558
11693,-0.06826440485517533
11694,-0.021046008505568155
11695,-0.15297822816501772
11696,-0.22881324082704646
11697,-0.08041290883791223
11698,-0.08700320401971423
11699,-0.0020252728062879794
11700,-0.010262303595232641
11701,-0.07089765506272538
11702,-0.08587978928678297
11703,-0.3687442233388236
11704,-0.13972001553330585
11705,-0.012311354467416498
11706,-0.060609059799679926
11707,-0.2974015523053086
11708,-0.04946910913406258
11709,-0.10281814374580422
11710,-0.023618487943686484
11711,-0.056173203041303243
11712,-0.044056126606796586
11713,-0.015212950989509366
11714,-0.046178081692961115
11715,-0.05762989703536958
11716,-0.12262812010033208
11717,-0.18591826675088544
11718,-0.19013482319925012
11719,-0.09032039326406505
11720,-0.11583060566021652
11721,-0.06417620911043276
11722,-0.05519066879081594
11723,-0.0267464227743629
11724,-0.038631670050516154
11725,-0.19337416104012609
11726,-0.04272633153393823
11727,-0.05364158290321786
11728,-0.17656574154355908
11729,-0.02168616675931312
11730,-0.3148824682279743
11731,-0.07427001400778188
11732,-0.02481734244474887
11733,-0.025678632036973542
11734,-0.07221359519963333
11735,-0.06224080132399168
11736,-0.2887238066679547
11737,-0.0349259866468723
11738,-0.2676720076067576
11739,-0.15528397787770487
11740,-0.10739559058798254
11741,-0.33832696354499525
11742,-0.009944442305610542
11743,-0.30827497289803496
11744,-0.09200736245354613
11745,-0.5684046869863781
11746,-0.1548950162078211
11747,-0.2167005431713247
11748,-0.02805393308091164
11749,-0.02304102252869955
11750,-0.12773900716904807
11751,-0.01619120626573267
11752,-0.16246996965524874
11753,-0.2136752184036923
11754,-0.12219651897135325
11755,-0.10065221168565908
11756,-0.14346812306498313
11757,-0.1795967779501968
11758,-0.09919475100678854
11759,-0.34720371904358593
11760,-0.1421987385963388
11761,-0.009592892179035944
11762,-0.2243815965329522
11763,-0.0757300571946603
11764,-0.08563323331077169
11765,-0.001988876476186098
11766,-0.0008709883344960537
11767,-0.04818547585109034
11768,-0.13532950539646274
11769,-0.073392105103813
11770,-0.052724601583837134
11771,-0.1670296470915944
11772,-0.04344548485815125
11773,-0.05648744864142252
11774,-0.028007156369602715
11775,-0.04606082409822479
11776,-0.055236823963122905
11777,-0.2847209705813203
11778,-0.07369742426201942
11779,-0.1593722986556969
11780,-0.07084015154146073
11781,-0.023017031818981515
11782,-0.0023675976352302464
11783,-0.00865809400757461
11784,-0.03615373162450486
11785,-0.12775556262993115
11786,-0.049731776302814
11787,-0.012599486028028739
11788,-0.11720099623202929
11789,-0.0025888064658239913
11790,-0.006572122442843255
11791,-0.03994685839147272
11792,-0.029218284940327188
11793,-0.07715701585024581
11794,-0.05835673364225165
11795,-0.12735023532534173
11796,-0.017011177914380567
11797,-0.01188241935071302
11798,-0.008119821620175945
11799,-0.0735926234123011
11800,-0.0006117553784464996
11801,-0.04729132793718316
11802,-0.0015447842601340762
11803,-0.049346923755253624
11804,-0.004295054211977019
11805,-0.2441821063575671
11806,-0.018759700954001285
11807,-0.11357688883587086
11808,-0.08039637971018809
11809,-0.22450591578207524
11810,-0.024509930377972694
11811,-0.014616616164209839
11812,-0.005048295917055495
11813,-0.058692736970158595
11814,-0.027414505003365425
11815,-0.00482665466608604
11816,-0.16802572248706626
11817,-0.0917599235086658
11818,-0.16582916621757704
11819,-0.0569406037982102
11820,-0.1921008715907826
11821,-0.08461307408753616
11822,-0.09400861484640055
11823,-0.14666873627932775
11824,-0.0035611640511272764
11825,-0.06644559448839937
11826,-0.051227595015831295
11827,-0.1385569752237625
11828,-0.023697729758986097
11829,-0.11241516112395822
11830,-0.016653675429780468
11831,-0.19611673862576495
11832,-0.047769363959893174
11833,-0.08066405274583355
11834,-0.01126181196045295
11835,-0.01615929876818037
11836,-0.007780809918980643
11837,-0.33360393414480605
11838,-0.016372067949259606
11839,-0.03931678031453057
11840,-0.058630623521828795
11841,-0.12160151975790479
11842,-9.583676853106542e-06
11843,-0.0701547753782858
11844,-0.06869427602170808
11845,-0.22243490317428638
11846,-0.019588435291910095
11847,-0.005717374526877657
11848,-0.036788726430920904
11849,-0.05453121058211219
11850,-0.001356511529472478
11851,-0.10702659763306566
11852,-0.21996282879914908
11853,-0.02035296845446681
11854,-0.018312285512482013
11855,-0.03271421541072894
11856,-0.05533803737923515
11857,-0.05422148764572013
11858,-0.1302799535368493
11859,-0.010566106671979943
11860,-0.08682055923706511
11861,-0.034384054211025195
11862,-0.08001963230382814
11863,-0.1036419423629309
11864,-0.06310535813358742
11865,-0.03329044248302762
11866,-0.04056253252112943
11867,-0.022655493078250016
11868,-0.04841262787475842
11869,-0.0937654684842886
11870,-0.12369213696426365
11871,-0.03316029493972242
11872,-0.10961174990443512
11873,-0.027726218548584286
11874,-0.002636627597432835
11875,-0.035453141514241726
11876,-0.007190959018573473
11877,-0.07999807285309873
11878,-0.10488004783616056
11879,-0.045543252994981964
11880,-0.005484983336359899
11881,-0.006196251984223605
11882,-0.00747500614247848
11883,-0.06952626632675152
11884,-0.11944710430134453
11885,-0.27371790083783765
11886,-0.13079535293331057
11887,-0.017786414226984015
11888,-0.08667715187121619
11889,-0.6102247790538673
11890,-0.06104437434235743
11891,-0.02149907556128384
11892,-0.227482145979499
11893,-0.011558242413736104
11894,-0.09419248973850447
11895,-0.03155637029486057
11896,-0.16422202494769558
11897,-0.20399427290035746
11898,-0.03427697832673318
11899,-0.17380510445245978
11900,-0.013549420370076004
11901,-0.0987070652780333
11902,-0.11855845490702288
11903,-0.4110836146749597
11904,-0.015420261972199506
11905,-0.14525950467980764
11906,-0.05241059925842862
11907,-0.0879248591411681
11908,-0.04202221872653711
11909,-0.1275814749387344
11910,-0.11650815829717479
11911,-0.05250546102465725
11912,-0.13930635594214202
11913,-0.06096527925350784
11914,-0.00014503716585624344
11915,-0.18498660027473912
11916,-0.004622530484883286
11917,-0.0766668776684816
11918,-0.12676018632599417
11919,-0.14419509564805866
11920,-0.0289398858747415
11921,-0.2307126887105011
11922,-0.27477043323216677
11923,-0.015306350010115044
11924,-0.028590330588988744
11925,-0.013535957828281459
11926,-0.01979600034080875
11927,-0.14935503320017698
11928,-0.06721030702866893
11929,-0.07875491811342006
11930,-0.04903014610503201
11931,-0.17865430239825877
11932,-0.06625092289441215
11933,-0.07731616626303509
11934,-0.1420348555594786
11935,-0.007457696847233103
11936,-0.01593195987104079
11937,-0.12391693440229634
11938,-0.054837075758388816
11939,-0.026112568070975062
11940,-0.060784933815467554
11941,-0.01274296558622981
11942,-0.0701172093717034
11943,-0.026089744873167425
11944,-0.0836594762595877
11945,-0.06392817122109806
11946,-0.007649966702967498
11947,-0.0985559240504813
11948,-0.0015190400582849178
11949,-0.14031624635376086
11950,-0.04930945720385271
11951,-0.10765703387453707
11952,-0.114967160413607
11953,-0.10406974576139405
11954,-0.250068009094369
11955,-0.025937518474554833
11956,-0.03765183715256415
11957,-0.013211511884001298
11958,-0.23089873534598582
11959,-0.01038445743395195
11960,-0.14762760164863178
11961,-0.2874061323134818
11962,-0.034982930191454105
11963,-0.012466168909282899
11964,-0.06305308647599761
11965,-0.1936819510824006
11966,-0.09745637780282941
11967,-0.0061252881940242546
11968,-0.14117757748194182
11969,-0.024591309619058643
11970,-0.07496518584702239
11971,-0.060716771218276566
11972,-0.016765604133266443
11973,-0.05311539353316386
11974,-0.004366070858767767
11975,-0.10937837109732629
11976,-0.016655531404500157
11977,-0.054668833573569775
11978,-0.010430573168184326
11979,-0.06848515615725326
11980,-0.07375121577508151
11981,-0.08104312457654439
11982,-0.05467197865752116
11983,-0.06642213903844241
11984,-0.02445217407203748
11985,-0.21941703415793157
11986,-0.02137878657945358
11987,-0.1191974934518073
11988,-0.05108396739676346
11989,-0.054853363264926736
11990,-0.11699545966837921
11991,-0.10183836675622404
11992,-0.32375815946354813
11993,-0.07943801794892469
11994,-0.12359573107773958
11995,-0.10189848841492699
11996,-0.06789053956548452
11997,-0.07714619341706141
11998,-0.05843076891658072
11999,-0.21310575333477466
12000,-0.006897108191705338
12001,-0.01261175772024842
12002,-0.2186252250824361
12003,-0.054829959390396255
12004,-0.2844956229925657
12005,-0.02735668969540555
12006,-0.03560881188577725
12007,-0.1471420399842456
12008,-0.12825411129778264
12009,-0.13348652071472142
12010,-0.0049050408748444255
12011,-0.014835953109814698
12012,-0.10414626042323238
12013,-0.1427738381855499
12014,-0.04561562155587773
12015,-0.16359936326878577
12016,-0.023692934089100448
12017,-0.17137082868080178
12018,-0.02403892032603716
12019,-0.08371938841102156
12020,-0.11155628812333163
12021,-0.23452726770741894
12022,-0.05428019373994619
12023,-0.09501964756617731
12024,-0.1445398580899142
12025,-0.06438816008761272
12026,-0.008716486734925984
12027,-0.5455782340567996
12028,-0.01116129386136497
12029,-0.3273815061030749
12030,-0.07209872289356112
12031,-0.04305331909796728
12032,-0.03343741728325735
12033,-0.07714349922873665
12034,-0.10011706946752252
12035,-0.017624841563862043
12036,-0.07577801690553265
12037,-0.12902270906032454
12038,-0.17293321108857107
12039,-0.08901799767863539
12040,-0.08834655604100983
12041,-0.026488790302142823
12042,-0.11942954085282789
12043,-0.49533267759582955
12044,-0.30123932612738935
12045,-0.029668571631102512
12046,-0.19380339506296096
12047,-0.02434255925068765
12048,-0.22196609208262263
12049,-0.032320743414984365
12050,-0.47504597575781204
12051,-0.10965742102019549
12052,-0.2349519830228888
12053,-0.035344354931600847
12054,-0.023068999964614534
12055,-0.013417537379054184
12056,-0.07642512435730275
12057,-0.15625667636205165
12058,-0.08352263592290055
12059,-0.025258357924347004
12060,-0.01687615528832101
12061,-0.049713603297868225
12062,-0.04590913334968205
12063,-0.11891907587442407
12064,-0.017149651932205967
12065,-0.1199938819829609
12066,-0.031918698808162255
12067,-0.1542433916958973
12068,-0.171870386918489
12069,-0.08577471522473923
12070,-0.07674430594330817
12071,-0.05155463748477472
12072,-0.05385201309635271
12073,-0.10234784476627112
12074,-0.0343824297250217
12075,-0.004383985048223682
12076,-0.02228819377577354
12077,-0.01626387780144356
12078,-0.03760089294647884
12079,-0.23181167370699862
12080,-0.22918396117968998
12081,-0.001479004864180157
12082,-0.01432211056302369
12083,-0.058823934303323916
12084,-0.09354957226808125
12085,-0.1547211234790784
12086,-0.07274940550296283
12087,-0.177019307280176
12088,-0.007604215876365866
12089,-0.13648930360733136
12090,-0.2621653405973571
12091,-0.05446871835009248
12092,-0.03553223567005326
12093,-0.06368427959978817
12094,-0.06706381834250388
12095,-0.05281196794309673
12096,-0.1791921453165185
12097,-0.1901666901571346
12098,-0.016332920305186877
12099,-0.12876089701789972
12100,-0.0030253592412134035
12101,-0.26820468443037315
12102,-0.20257526546722116
12103,-0.017935319551309108
12104,-0.2552581839820651
12105,-0.0053456122738125295
12106,-0.049215832542851445
12107,-0.16652003955735495
12108,-0.03196244552817563
12109,-0.017423341708751545
12110,-0.10784077528607927
12111,-0.03662039010940932
12112,-0.00202463672173301
12113,-0.021018425110460814
12114,-0.10521976577050118
12115,-0.0159852970903483
12116,-0.0431641202110791
12117,-0.03382568386562668
12118,-0.2890237330142349
12119,-0.22233263477849086
12120,-0.15544365681144656
12121,-0.0025644807354954224
12122,-0.02156755692720192
12123,-0.06504659783562738
12124,-0.46576644048801863
12125,-0.5370829087691757
12126,-0.04048423903007148
12127,-0.19715261086855396
12128,-0.46487566722112916
12129,-0.053851419449600375
12130,-0.2030298806426547
12131,-0.19587611023075413
12132,-0.007305406470426462
12133,-0.07573897888278183
12134,-0.10283111876528839
12135,-0.4733915826569728
12136,-0.29908660213039084
12137,-0.040452719410712934
12138,-0.10418799143612212
12139,-0.061913206326018155
12140,-0.11157663187893133
12141,-0.25581931024315807
12142,-0.09601163937341786
12143,-0.03428931586154982
12144,-0.04127661870618572
12145,-0.030941298225021382
12146,-0.06824187361739442
12147,-0.019712890964132673
12148,-0.15271507999114187
12149,-0.1972052336860317
12150,-0.022024328680674055
12151,-0.13662208768059614
12152,-0.04558926186471357
12153,-0.022664915156982775
12154,-0.055806752753958855
12155,-0.05012824806521755
12156,-0.050937128500920914
12157,-0.031267183423080464
12158,-0.08142897850991426
12159,-0.009909348993200617
12160,-0.16297514434099414
12161,-0.011990887563073344
12162,-0.10019347761629271
12163,-0.013872234560301785
12164,-0.02389012831753734
12165,-0.2846608464235687
12166,-7.208414018176998e-05
12167,-0.0465929981179414
12168,-0.3387534065220952
12169,-0.018300621325992646
12170,-0.053980470998491015
12171,-0.04934180263055213
12172,-0.0582805132530593
12173,-0.3203385240387093
12174,-0.017137773580431177
12175,-0.05641976464335485
12176,-0.002164289751514205
12177,-0.023059384194249438
12178,-0.18617875013927732
12179,-0.01067973964823457
12180,-0.02013681264796674
12181,-0.0339430848942714
12182,-0.0381580439303926
12183,-0.02035213658371688
12184,-0.0004436289409958092
12185,-2.2896841811732483e-06
12186,-0.11550754372515393
12187,-0.22625221541277007
12188,-0.08714241641103529
12189,-0.10636100277542859
12190,-0.021378246909172782
12191,-0.03236768092578768
12192,-0.06043671871829448
12193,-0.14399827383326746
12194,-0.018145406515698292
12195,-0.13530459562529729
12196,-0.03309980461672668
12197,-0.13100234376652198
12198,-0.12401274600630119
12199,-0.130896880075499
12200,-0.32768153130128974
12201,-0.005333672440726689
12202,-0.07602632760718334
12203,-0.045531899285747746
12204,-0.016402186395369722
12205,-0.02732319037315925
12206,-0.10784364964880044
12207,-0.2873522416696268
12208,-0.027908346582571925
12209,-0.0075799549677202475
12210,-0.11755696575755303
12211,-0.04581780742513486
12212,-0.0718321965608526
12213,-0.3634427349437215
12214,-0.04609748873377173
12215,-0.11633272340361644
12216,-0.2844544050465285
12217,-0.041256821765775276
12218,-0.21876604667772392
12219,-0.02362925284119813
12220,-0.003207192614998807
12221,-0.12272378541544882
12222,-0.031416878731120035
12223,-0.037925672692794565
12224,-0.06652830877627425
12225,-0.007022102946265152
12226,-0.0726954263805866
12227,-0.04368780232895535
12228,-0.00799904911052654
12229,-0.051805445574192754
12230,-0.009842896291223396
12231,-0.017282643541586956
12232,-0.15658415950364857
12233,-0.24800275654655438
12234,-0.02321832534852497
12235,-0.06571485008798593
12236,-0.23174636334591447
12237,-0.08814710811526583
12238,-0.23996945391295313
12239,-0.02054176858584182
12240,-0.0662691130792391
12241,-0.008641452462889498
12242,-0.0004994266859879339
12243,-0.005759002696947901
12244,-0.07763480067788636
12245,-0.028838173259308153
12246,-0.004716852363768705
12247,-0.14405803799852646
12248,-0.02067223930427231
12249,-0.09198326597875586
12250,-0.015798067214988
12251,-0.08609032694549601
12252,-0.23564406857030784
12253,-0.06823677766618685
12254,-0.02322685708309935
12255,-0.06994290654243585
12256,-0.07574767907416069
12257,-0.09875837931140774
12258,-0.05766919889228339
12259,-0.034706402035335815
12260,-0.03203482686970649
12261,-0.035272610856878495
12262,-0.12328561564144369
12263,-0.07782808010770406
12264,-0.0026881890532472197
12265,-0.061131541927176514
12266,-0.014266207839224276
12267,-0.1800593194797404
12268,-0.015374426787545858
12269,-0.00295102528150272
12270,-0.06107988124930248
12271,-0.051053339296107336
12272,-0.04502009562199849
12273,-0.03371603387265243
12274,-0.01177702723190166
12275,-0.04695692651673122
12276,-0.1667078986388817
12277,-0.1356059880211478
12278,-0.12480794634815995
12279,-0.19579349632008602
12280,-0.10282375104835106
12281,-0.025958462168900187
12282,-0.30884112864680846
12283,-0.005304608326821697
12284,-0.06116943065903557
12285,-0.14881529348535816
12286,-0.08179263945281579
12287,-0.1895624824677867
12288,-0.009202380829425039
12289,-0.02180093185923588
12290,-0.2158011598477697
12291,-0.0693421139665297
12292,-0.2679637034760223
12293,-0.0968611866526026
12294,-0.03167228873286923
12295,-0.07708255301722922
12296,-0.06010469152621101
12297,-0.2444606903994515
12298,-0.047576288766269986
12299,-0.050149194173700895
12300,-0.16013656220805972
12301,-0.08808171190371772
12302,-0.01638018917953823
12303,-0.2118524923981121
12304,-0.22138615064797318
12305,-0.030476637083217573
12306,-0.18977112971350785
12307,-0.12384273864137407
12308,-0.04223903365435844
12309,-0.25509897367418866
12310,-0.20800401437842453
12311,-0.06227134058092915
12312,-0.00031821301312958924
12313,-0.04470390961078374
12314,-0.10978995638672595
12315,-0.026759167353599844
12316,-0.03656217287770425
12317,-0.044446476789609
12318,-0.10599492067753571
12319,-0.32716534522095664
12320,-0.11660911386846529
12321,-0.02664216740290659
12322,-0.0549508638662749
12323,-0.09596337679024547
12324,-0.047116463931955455
12325,-0.04332458216150295
12326,-0.4111016267586951
12327,-0.04034203902707592
12328,-0.011732420771642993
12329,-0.23928948506160452
12330,-0.022730777343625608
12331,-0.012488682158057325
12332,-0.041846729499380314
12333,-0.0815159735176359
12334,-0.04891984079479939
12335,-0.04887060562281301
12336,-0.38972846368961145
12337,-0.12810670796415247
12338,-0.07646332789913235
12339,-0.042909582055245823
12340,-0.02146411894066181
12341,-0.014463559240492085
12342,-0.0032404521232500053
12343,-0.04934918194854278
12344,-0.08854026219434674
12345,-0.031630911073217804
12346,-0.24093991809765491
12347,-0.09664598142558634
12348,-0.00023516408341685453
12349,-0.030515062938731546
12350,-0.005682416846662763
12351,-0.06920999976245885
12352,-0.009264954485312171
12353,-0.3545648428624606
12354,-0.10945279514527506
12355,-0.1376431521511995
12356,-0.06901218061715009
12357,-0.039004576653990264
12358,-0.2096122482495013
12359,-0.1401416948457113
12360,-0.20610705361210382
12361,-0.060969647904145496
12362,-0.015358429916476735
12363,-0.06540591298917031
12364,-0.014346563025296716
12365,-0.005479709167178215
12366,-0.0032326754732560376
12367,-0.07034262750572673
12368,-0.07936570034719995
12369,-0.2435831695069659
12370,-0.15937051652478573
12371,-0.25689666066474104
12372,-0.006231653888257228
12373,-0.02250798405431298
12374,-0.08116379195903446
12375,-0.09183565640192715
12376,-0.07462076289731501
12377,-0.07704881329757729
12378,-0.04345196923538419
12379,-0.002519918933787434
12380,-0.022990286715305452
12381,-0.019974197660675347
12382,-0.0009831187449883053
12383,-0.04219135244332842
12384,-0.07421665753248308
12385,-0.09835382548868188
12386,-0.1218621619726834
12387,-0.15984647386604012
12388,-0.23272205734429718
12389,-0.023266795238436583
12390,-0.05288756425158536
12391,-0.13072568990313416
12392,-0.043821278791649765
12393,-0.031695110272155436
12394,-0.047808582445644565
12395,-0.1308327086138844
12396,-0.006172001922801033
12397,-0.016085342240576242
12398,-0.28950975591887484
12399,-0.044032166923124755
12400,-0.002645537279117956
12401,-0.06100168321667366
12402,-0.25222084787698407
12403,-0.25043759864836446
12404,-0.06423281274252857
12405,-0.05625505167082598
12406,-0.14778258195710414
12407,-0.01259001269680704
12408,-0.05413382647437029
12409,-0.09001619504589338
12410,-0.283747784616839
12411,-0.047646742392548735
12412,-0.015582977093914013
12413,-0.46598972136674655
12414,-0.03354514790402274
12415,-0.12823381214585128
12416,-0.0221164670733357
12417,-0.07398963429641958
12418,-0.04416110001723794
12419,-0.049329423153636864
12420,-0.005474470349348004
12421,-0.008089160101561084
12422,-0.05141706509334856
12423,-0.01609961072775168
12424,-0.15336025651765262
12425,-0.15412746411781175
12426,-0.08995558164892892
12427,-0.007971838728448533
12428,-0.008811683983172364
12429,-0.01527065258921359
12430,-0.2168257245786709
12431,-0.07747204437891471
12432,-0.18212284965048875
12433,-0.04759219978403195
12434,-0.13080344521945275
12435,-0.15228249777644365
12436,-0.06387529775308834
12437,-0.029716537133144816
12438,-0.3528021486776485
12439,-0.030618712191557984
12440,-0.10368365859147544
12441,-0.12215128928009689
12442,-0.00719454609601658
12443,-0.1340006648469566
12444,-0.06135737361942584
12445,-0.14069920823634563
12446,-0.48836355570878176
12447,-0.1334263543457968
12448,-0.13015075326431547
12449,-0.2318604114570011
12450,-0.3212432417955746
12451,-0.005749468826678213
12452,-0.004579900831056447
12453,-0.07473524832791734
12454,-0.19205545173611252
12455,-0.2805685417636714
12456,-0.1629875274697259
12457,-0.018651938710348565
12458,-0.005218301721290987
12459,-0.03785983870286336
12460,-0.10188527582918872
12461,-0.04643881650281367
12462,-0.019912943082814022
12463,-0.024447315843327933
12464,-0.02883323589571385
12465,-0.06515634725669717
12466,-0.15444624973380616
12467,-0.11705381806010051
12468,-0.045150543660729126
12469,-0.014831479047509262
12470,-0.19014442459567826
12471,-0.06065595153581427
12472,-0.020938730947865053
12473,-0.1602861285641968
12474,-0.01748710901875339
12475,-0.0469516413435957
12476,-0.05530656931743787
12477,-0.10669690836958612
12478,-0.015243093548756637
12479,-0.01208769705347685
12480,-0.058412073748697085
12481,-0.015160504051894261
12482,-0.11675173035490127
12483,-0.09142079666802205
12484,-0.0679961852313018
12485,-0.08066204422430753
12486,-0.08878272354310868
12487,-0.29074476435202
12488,-0.10240312236723037
12489,-0.2871666364995368
12490,-0.10155239048664427
12491,-0.012646536332856978
12492,-0.4613205884190603
12493,-0.19207511463275886
12494,-0.03249093830742997
12495,-0.09013588548420515
12496,-0.008766266550758114
12497,-0.04380132696913286
12498,-0.20078044078353807
12499,-0.07081001098936657
12500,-0.1852072603423367
12501,-0.1287578077270526
12502,-0.008978172343409058
12503,-0.08690941493986992
12504,-0.18407005879560773
12505,-0.08834920094576848
12506,-0.15503949033215847
12507,-0.05719016656962179
12508,-0.09154052859397813
12509,-0.1633789505852007
12510,-0.1342990024038273
12511,-0.01493676364352528
12512,-0.018681312121275884
12513,-0.05269254677232844
12514,-0.04755252851168468
12515,-0.05764073293556618
12516,-0.3862050549871938
12517,-0.051840209304991114
12518,-0.16375275343060303
12519,-0.01705030878988273
12520,-0.1063950822621651
12521,-0.04039693763803087
12522,-0.008718940983550978
12523,-0.05532943641724686
12524,-0.24083524121665256
12525,-0.020491128683435975
12526,-0.11413950624856162
12527,-0.06166217649527328
12528,-0.2695556863946269
12529,-0.14469603689938326
12530,-0.052804775541287374
12531,-0.07681353288843731
12532,-0.11438794485043069
12533,-0.20475118331202868
12534,-0.03302765419786005
12535,-0.04515032015610168
12536,-0.017503468870295635
12537,-0.16795042279586392
12538,-0.08926252147937364
12539,-0.04314961397268366
12540,-0.01598293393610951
12541,-0.1663879565452664
12542,-0.01918858709305682
12543,-0.06476623087401448
12544,-0.006871531827900602
12545,-0.010651484896151975
12546,-0.03749437654803267
12547,-0.03467469126002301
12548,-0.010196231273305042
12549,-0.3916515529652562
12550,-0.03127276669169557
12551,-0.13735983554958242
12552,-0.362570079214926
12553,-0.05671567183382964
12554,-0.057959896805367284
12555,-0.0737711386940263
12556,-0.2106967000131026
12557,-0.06963751587844283
12558,-0.046090963296411935
12559,-0.009105433063679752
12560,-0.07299784018701738
12561,-0.19376644102421114
12562,-0.024163056860240784
12563,-0.06651319216988638
12564,-0.005016146594721056
12565,-0.22877973209097846
12566,-0.06378273279900715
12567,-0.02814513192966661
12568,-0.045168957399084775
12569,-0.018081926444642224
12570,-0.030633838328702173
12571,-0.09662322074992646
12572,-0.04221760884050951
12573,-0.03210363434420049
12574,-0.03550706565860327
12575,-0.16354327040216177
12576,-0.23165332963243657
12577,-0.006901472883488025
12578,-0.0715225655540147
12579,-0.0020168044850640554
12580,-0.009462658600861065
12581,-0.018019415906614045
12582,-0.10480331418747285
12583,-0.26194970350201885
12584,-0.04111950299524603
12585,-0.027667678523239037
12586,-0.06844900370398335
12587,-0.14779525672278426
12588,-0.009902080071505753
12589,-0.024821974148836023
12590,-0.007518814776554979
12591,-0.0701983756785528
12592,-0.14555861046168309
12593,-0.050129122302490225
12594,-0.04314235248037923
12595,-0.2819888468307319
12596,-0.01756062004115458
12597,-0.18235247722387715
12598,-0.01107361705606924
12599,-0.0185243551432301
12600,-0.012356472622753217
12601,-0.044131585975310667
12602,-0.013952368740682869
12603,-0.02040078783420407
12604,-0.14690927334028325
12605,-0.052928208578824076
12606,-0.034530740214064055
12607,-0.07748480457469364
12608,-0.07502398626076012
12609,-0.07607543795305816
12610,-0.06635659004585784
12611,-0.030504300931391448
12612,-0.015078082562103856
12613,-0.02216635282598356
12614,-0.05544627073931902
12615,-0.12167325850919619
12616,-0.14759299720171448
12617,-0.11948179323436892
12618,-0.08735531126943741
12619,-0.06612155770093597
12620,-0.22298301824841937
12621,-0.06311120890941746
12622,-0.031303493263020093
12623,-0.16306099720989778
12624,-0.007379791175869803
12625,-0.05639924219872727
12626,-0.17171346662476994
12627,-0.08849811373474625
12628,-0.16708353989004338
12629,-0.014584156419035765
12630,-0.047209395189116155
12631,-0.015170859749168611
12632,-0.047644914210874356
12633,-0.02358637385918394
12634,-0.06203230941266258
12635,-0.04244487582779133
12636,-0.05324656309631648
12637,-0.47003884837364596
12638,-0.06502861067169913
12639,-0.0366816328442221
12640,-0.021387022882443235
12641,-0.001088564689622389
12642,-0.1406245864794884
12643,-0.0363222234192582
12644,-0.14480406387233025
12645,-0.05342747826971861
12646,-0.13195380226598274
12647,-0.053776332803093116
12648,-0.13055158892142293
12649,-0.004609237055992765
12650,-0.010088204626301
12651,-0.06680443275335124
12652,-0.09097163583444162
12653,-0.0725324699022594
12654,-0.045249286568207925
12655,-0.10649493580406189
12656,-0.07981059749668162
12657,-0.23390905311487842
12658,-0.007345655860751983
12659,-0.03476481958748446
12660,-0.0958564955046356
12661,-0.058683795906152914
12662,-0.10654016064772709
12663,-0.007681702945073844
12664,-0.18584190713130377
12665,-0.08993256037018194
12666,-0.02569914685593888
12667,-0.10948153587249942
12668,-0.037736611657175595
12669,-0.20718820149917727
12670,-0.0238562765028677
12671,-0.05885437054960008
12672,-0.04823319699937123
12673,-0.22158628281460552
12674,-0.16359371778902457
12675,-0.21706532697997938
12676,-0.12132106897282097
12677,-0.5252177079118532
12678,-0.10317025606383368
12679,-0.07854074843414338
12680,-0.038033933506651185
12681,-0.27592497188856635
12682,-0.3739673651025712
12683,-0.2201844308123495
12684,-0.03204948840758774
12685,-0.03390631808348321
12686,-0.14073874660710597
12687,-0.08608857970858777
12688,-0.05242380523318249
12689,-0.011988935773814657
12690,-0.023749273996601095
12691,-0.12322661666997092
12692,-0.04737361056076639
12693,-0.08065405250327196
12694,-0.0020832368699292116
12695,-0.005019775610300536
12696,-0.061000479988902345
12697,-0.04239483576876213
12698,-0.12658312891552664
12699,-0.028967257550406328
12700,-0.015462910230079126
12701,-0.14128893859850145
12702,-0.05023894729212514
12703,-0.010935550439602287
12704,-0.10649312804746203
12705,-0.16544925744682937
12706,-0.23921521897753906
12707,-0.03634197422015096
12708,-0.018137606513108306
12709,-0.06647433156060145
12710,-0.13806638661073567
12711,-0.0021605159801611276
12712,-0.09356612296253619
12713,-0.004627232438568947
12714,-0.010578005212993902
12715,-0.06292871813850376
12716,-0.1611116947945037
12717,-0.040834303819445084
12718,-0.08617740889467429
12719,-0.10916233013407439
12720,-0.08257653179165672
12721,-0.07710991814051349
12722,-0.02602640722769825
12723,-0.0755072242618805
12724,-0.2679906014389178
12725,-0.1841892556110114
12726,-0.107978208227554
12727,-0.0264426852586489
12728,-0.0005727872352411447
12729,-0.14018816827705305
12730,-0.20758397182268284
12731,-0.03946260058670659
12732,-0.0701974589137877
12733,-0.01930602802866277
12734,-0.07609962353422484
12735,-0.07395773673518538
12736,-0.006968809324471803
12737,-0.06918951757914293
12738,-0.13871899360613427
12739,-0.048946293197296216
12740,-0.26817331023406554
12741,-0.07778606951854616
12742,-0.11547193173421322
12743,-0.28444951577200706
12744,-0.05072146723615856
12745,-0.05491626023342555
12746,-0.03532792184264422
12747,-0.029919872400842706
12748,-0.0024112361565985577
12749,-0.031182172232897765
12750,-0.15915892816283872
12751,-0.030285278866855198
12752,-0.2134931320754725
12753,-0.2925710972512783
12754,-0.010663841597967134
12755,-0.025080393585751204
12756,-0.18128459743461012
12757,-0.0410547167504306
12758,-0.10112717366848223
12759,-0.48451670223889076
12760,-0.0871870044536639
12761,-0.12808839213111967
12762,-0.03215448864448283
12763,-0.27071566245003176
12764,-0.09474359671694232
12765,-0.0822363801545567
12766,-0.05663275594471362
12767,-0.036036147292706905
12768,-0.004360766005569006
12769,-0.13065804391477664
12770,-0.012982588470344494
12771,-0.3125400224706554
12772,-0.07806297894598169
12773,-0.019467676321674454
12774,-0.19261777779895484
12775,-0.010800180393410214
12776,-0.049959526134379595
12777,-0.0444211108955815
12778,-0.04589091593217298
12779,-0.07967668922654239
12780,-0.1385417303742753
12781,-0.2603489046399119
12782,-0.11645535807213436
12783,-0.16799862652368136
12784,-0.00918520842815796
12785,-0.010015882942462612
12786,-0.07820285579322617
12787,-0.05152468299752469
12788,-0.34963037426511967
12789,-0.067884966385103
12790,-0.01594881660650707
12791,-0.07304331883213282
12792,-0.10046176658113046
12793,-0.05636684336881225
12794,-0.17158680025141626
12795,-0.0026031579456995482
12796,-0.243278615511763
12797,-0.09831592090947305
12798,-0.1110909459252345
12799,-0.034382662060199465
12800,-0.2469984244419039
12801,-0.0034756353190631695
12802,-0.039895196660273
12803,-0.009914388898018045
12804,-0.008527932397951306
12805,-0.0037424599320772522
12806,-0.11397120777332115
12807,-0.18047037088174145
12808,-0.011340838991304843
12809,-0.08357018783023173
12810,-0.047081357452391864
12811,-0.005574864581565642
12812,-0.11631882498566981
12813,-0.1260472650045391
12814,-0.033106454094357085
12815,-0.13995646380514393
12816,-0.04487371292454023
12817,-0.02307865659781838
12818,-0.07572180869430589
12819,-0.0935504034620327
12820,-0.026333983556121338
12821,-0.021049013332986283
12822,-0.10138241560526229
12823,-0.15467042476267823
12824,-0.12866966831616422
12825,-0.22535596664204974
12826,-0.06609309690537593
12827,-0.02273524154605744
12828,-0.005930886013480775
12829,-0.010231701691561457
12830,-0.020246067171861455
12831,-0.010174767093707087
12832,-0.04465103633858941
12833,-0.0008657895135887831
12834,-0.38621404152599625
12835,-0.03996446148394812
12836,-0.05029372151560685
12837,-0.14231114127895417
12838,-0.07675607041515387
12839,-0.31243779954838047
12840,-0.00643690148593401
12841,-0.12808394881168583
12842,-0.03223020098212326
12843,-0.017351053937828716
12844,-0.24456914314043
12845,-0.08987738662527756
12846,-0.40070844069050077
12847,-0.04552015721035696
12848,-0.10648358137624314
12849,-0.09108765451256673
12850,-0.05124592308913048
12851,-0.002897993800638814
12852,-0.03726918297091979
12853,-0.2804579095289051
12854,-0.02285794708713358
12855,-0.1549091235565374
12856,-0.04184449568555016
12857,-0.030910610587851495
12858,-0.037497436425366404
12859,-0.028518880202096364
12860,-0.08630984001681308
12861,-0.03985941353828898
12862,-0.07168189286611304
12863,-0.03486598996837182
12864,-0.01844754587451425
12865,-0.09553088929052667
12866,-0.1000274443818907
12867,-0.08579499215192812
12868,-0.002245082384421289
12869,-0.09513303460591382
12870,-0.09996824737072929
12871,-0.0696720249851657
12872,-0.19965971322067413
12873,-0.2070279711563252
12874,-0.023599369396699772
12875,-0.09388527762005738
12876,-0.08869500084964133
12877,-0.003385063540881368
12878,-0.13288942123256542
12879,-0.013972568839940386
12880,-0.021969293095725484
12881,-0.12257052888717546
12882,-0.047131150244753006
12883,-0.08329306165791375
12884,-0.17419031942235289
12885,-0.023054545734036355
12886,-0.042585326827382475
12887,-0.011533743577839872
12888,-0.02483144779543392
12889,-0.19904053172810743
12890,-0.027930575803641
12891,-0.06043170210331461
12892,-0.037880682452253844
12893,-0.19183235807602728
12894,-0.06576423496009745
12895,-0.011165137859319857
12896,-0.011312698796381153
12897,-0.034776918215862374
12898,-0.0483740721588411
12899,-0.005450072454630729
12900,-0.08057871477678186
12901,-0.06786036627953573
12902,-0.06296574152509227
12903,-0.004500570155442115
12904,-0.04451024306545437
12905,-0.017659584503346322
12906,-0.1274358718734055
12907,-0.044101268110892655
12908,-0.025140208154401017
12909,-0.14894861791505765
12910,-0.09411350196587875
12911,-0.05391605996327442
12912,-0.22088309927746608
12913,-0.07611879868408755
12914,-0.1315297776791127
12915,-0.0807383074164183
12916,-0.07603067262731189
12917,-0.1331482543647966
12918,-0.0032539711100883564
12919,-0.017386469733438843
12920,-0.010676697325327889
12921,-0.05377599941424241
12922,-0.0001506213352928561
12923,-0.19347059900545283
12924,-0.059298880669278464
12925,-0.02783897137091218
12926,-0.19977679955120398
12927,-0.12112308451062256
12928,-0.18458568742121928
12929,-0.07715708627734374
12930,-0.14676300404485199
12931,-0.016558244239499094
12932,-0.07128837576116978
12933,-0.08347587833828829
12934,-0.4749923393827765
12935,-0.009294394270533801
12936,-0.10187721928307536
12937,-0.07012674748127401
12938,-0.25262932769447777
12939,-0.005672859915959817
12940,-0.12821489667445907
12941,-0.4163665220178281
12942,-0.013939195725819364
12943,-0.3705469832411209
12944,-0.10750771475547538
12945,-0.0441047371901494
12946,-0.04179663796731384
12947,-0.011200040287959847
12948,-0.18403909230625584
12949,-0.030377986879318586
12950,-0.03414571703554987
12951,-0.11697079771896357
12952,-0.0005729926670723363
12953,-0.13076081971961806
12954,-0.22878625552459875
12955,-0.01837411865371863
12956,-0.19421930139580867
12957,-0.04403894702209694
12958,-0.005146889589490507
12959,-0.07450829686487152
12960,-0.039881403927646615
12961,-0.037292200952271704
12962,-0.009539594866666841
12963,-0.18072996113915984
12964,-0.0021279295868638706
12965,-0.15104805918525033
12966,-0.005234663515106668
12967,-0.02363487291260713
12968,-0.03313656857489023
12969,-0.007018522453391117
12970,-0.10304438922511538
12971,-0.0024759575239878817
12972,-0.018315112927596473
12973,-0.04355641455632764
12974,-0.04972654603747095
12975,-0.06784623373980825
12976,-0.1019697846060548
12977,-0.07637506962395281
12978,-0.16998638882878148
12979,-0.00405290954728907
12980,-0.07720386269878476
12981,-0.11656633335779265
12982,-0.0688042389015383
12983,-0.06326796473639817
12984,-0.14144009989654116
12985,-0.11283293976656594
12986,-0.16098267384572276
12987,-0.20323650937465854
12988,-0.13659736729610472
12989,-0.5699429413567714
12990,-0.04090447889284124
12991,-0.0332475189370586
12992,-0.16124945745982988
12993,-0.022139214473886892
12994,-0.1472905451743789
12995,-0.16005039967238277
12996,-0.006236073912844309
12997,-0.06727441407538226
12998,-0.11366897395972675
12999,-0.15125153834618932
13000,-0.07125604845563027
13001,-0.20647392335740955
13002,-0.06205621419350196
13003,-0.27370159463001364
13004,-0.024541301276143956
13005,-0.025653456748218312
13006,-0.04926320600300649
13007,-3.2482049622220095e-05
13008,-0.1377012477885154
13009,-0.05704165026858121
13010,-0.06473948344082159
13011,-0.093329521323398
13012,-0.010473657029246353
13013,-0.12242566533521215
13014,-0.10229381872313661
13015,-0.052531617370578876
13016,-0.087028367913638
13017,-0.04473320159990424
13018,-0.09577783455357583
13019,-0.017612060987564244
13020,-0.010103762941115486
13021,-0.1476321383556916
13022,-0.0476745833407467
13023,-0.01747220978329836
13024,-0.0841702347155302
13025,-0.004797634098789062
13026,-0.0048005062311689065
13027,-0.05802652944557558
13028,-0.0036508638862045584
13029,-0.06031402176936121
13030,-0.03665528773920759
13031,-0.043763131876678796
13032,-0.27281000870517325
13033,-0.24583038212498431
13034,-0.07137706281832834
13035,-0.041522927754677696
13036,-0.07351290579070613
13037,-0.1944075111575484
13038,-0.05468543540463611
13039,-0.18301071487944576
13040,-0.030324422378414956
13041,-0.062439060392867174
13042,-0.05211146547961801
13043,-0.07048941373365825
13044,-0.08581476720983128
13045,-0.3045535615856996
13046,-0.09890478691436622
13047,-0.020772172083456726
13048,-0.14450854328900853
13049,-0.10230750857650239
13050,-0.07058265689242005
13051,-0.036216680565879344
13052,-0.34939686975639894
13053,-0.011830585387090808
13054,-0.05255891808299082
13055,-0.0588561288066441
13056,-0.04036467589639983
13057,-0.0920843083043672
13058,-0.2621135287719909
13059,-0.005490417071174515
13060,-0.12062740616796663
13061,-0.35918557565218096
13062,-0.050278672169267125
13063,-0.023378183631013863
13064,-0.01608926969266969
13065,-0.03718175223348264
13066,-0.033081580372363306
13067,-0.006083709667407261
13068,-0.09283116976315942
13069,-0.033895476532230046
13070,-0.06256328812654743
13071,-0.007847829579074095
13072,-0.28437182073360434
13073,-0.05480970470532534
13074,-0.02169520785897705
13075,-0.11402170915328702
13076,-0.19385627101155656
13077,-0.10792943376192143
13078,-0.007816460805069037
13079,-0.010740926535664929
13080,-0.04127599440526375
13081,-0.0607244070062585
13082,-0.1426595852688064
13083,-0.3127831035202977
13084,-0.06063325634894756
13085,-0.15040128205681802
13086,-0.15006687092676255
13087,-0.0721864973363836
13088,-0.13314051882076308
13089,-0.292427900946564
13090,-0.09524850922654299
13091,-0.027508906085227824
13092,-0.035946161587862346
13093,-0.007423471900428837
13094,-0.20655144643398993
13095,-0.31836710558083325
13096,-0.21798520543031374
13097,-0.02677056066768757
13098,-0.00435434803015493
13099,-0.13493448066881128
13100,-0.039552329745786215
13101,-0.01716177901342708
13102,-0.011367780915756076
13103,-0.11444578282612128
13104,-0.1445965500295543
13105,-0.17377949095259718
13106,-0.10508679345765914
13107,-0.019779048538239863
13108,-0.06512780198667985
13109,-0.07446192178723157
13110,-0.09814507430691066
13111,-0.3372728108575771
13112,-0.08515403385994039
13113,-0.06781106060010755
13114,-0.3247845848418055
13115,-0.11765507358561189
13116,-0.1644548030454961
13117,-0.06695619724703195
13118,-0.12876132927481512
13119,-0.045441890744805105
13120,-0.05153997999780957
13121,-0.01797377566299052
13122,-0.008951083070881279
13123,-0.10921960903328953
13124,-0.14783573683114568
13125,-0.13754287660075343
13126,-0.04551337807828393
13127,-0.03375757385524203
13128,-0.12923136282678094
13129,-0.08888117060827361
13130,-0.09666230979442592
13131,-0.26576021825352847
13132,-0.06212656923383897
13133,-0.29482194135026596
13134,-0.070088397011137
13135,-0.008025575472607174
13136,-0.16812533265080287
13137,-0.0026290428077358347
13138,-1.4561897446106706e-05
13139,-0.4882493528116011
13140,-0.0010998451106381327
13141,-0.10929618721888135
13142,-0.028250131032578896
13143,-0.04892996842355224
13144,-0.02923418290367982
13145,-0.08584571541710295
13146,-0.13755334403057384
13147,-0.558752932505895
13148,-0.13203618517921445
13149,-0.04302017042120166
13150,-0.026327829208147486
13151,-0.04633582788511614
13152,-0.16166984358194025
13153,-0.011037247919341575
13154,-0.028945075452298963
13155,-0.0577920961433237
13156,-0.10475731054641824
13157,-0.009602302621934206
13158,-0.07301090137639202
13159,-0.24891780598879087
13160,-0.13489312388848207
13161,-0.0361672153744782
13162,-0.09308409040558274
13163,-0.03487188483988541
13164,-0.1936083088888214
13165,-0.0029504983296065115
13166,-0.03307612549894014
13167,-0.05501653619593061
13168,-0.031166424584974206
13169,-0.16143949753541342
13170,-0.08413034291190691
13171,-0.09876913956875158
13172,-0.15165302497878452
13173,-0.29470319693265357
13174,-0.04850724372574977
13175,-0.040798572043431874
13176,-0.17066760495205557
13177,-0.24505818548433256
13178,-0.04657359236387638
13179,-0.04993610920906777
13180,-0.09389630278120054
13181,-0.17693794984496372
13182,-0.20665387061608162
13183,-0.24113927371142596
13184,-0.1211351983833997
13185,-0.25039650567791094
13186,-0.15802986144041542
13187,-0.01527830190557928
13188,-0.15108282239963566
13189,-0.14327012871594613
13190,-0.10421652868082276
13191,-0.18714274128280017
13192,-0.0731508491569649
13193,-0.04480592529233329
13194,-0.15809333317223784
13195,-0.15291999731958095
13196,-0.18783346778122578
13197,-0.004664093873436755
13198,-0.10165033679881585
13199,-0.14127280906383
13200,-0.17620723776468372
13201,-0.1129612899345922
13202,-0.030029403781118735
13203,-0.08799108432875657
13204,-0.3279074817788534
13205,-0.14696535382371678
13206,-0.11205632989964132
13207,-0.007167719704171405
13208,-0.0896614072846931
13209,-0.14398558382886506
13210,-0.15199978739272035
13211,-0.13441380535998082
13212,-0.1846824794781856
13213,-0.19521005863529162
13214,-0.1347204660002821
13215,-0.05274884558629378
13216,-0.27965349771503334
13217,-0.23845309539012982
13218,-0.20959619444833955
13219,-0.11619041690041687
13220,-0.05043820063381111
13221,-0.3381630380492613
13222,-0.09344503551923627
13223,-0.06758542308240545
13224,-0.1851114648047969
13225,-0.06706427524857128
13226,-0.15372242439510764
13227,-0.08432373747613386
13228,-0.18281331122435418
13229,-0.3174045062151998
13230,-0.19682918695602192
13231,-0.028051409760087354
13232,-0.013179078351327452
13233,-0.006593310079742315
13234,-0.5086190321448663
13235,-0.05424102669490083
13236,-0.026102406017014773
13237,-0.04618358377713572
13238,-0.2751647542432587
13239,-0.008173467231528155
13240,-0.041609408958873245
13241,-0.011791577436287035
13242,-0.004021615110685413
13243,-0.09083410080920029
13244,-0.16371476916700178
13245,-0.06632044581194096
13246,-0.019669073155051398
13247,-0.10917792406379911
13248,-0.09452864229304803
13249,-0.013074383269653274
13250,-0.027504802285301944
13251,-0.014574408878519136
13252,-0.1927020127779323
13253,-0.11639292508178814
13254,-0.06575123141805683
13255,-0.11880514897616212
13256,-0.07490512250443493
13257,-0.5469780799462431
13258,-0.13001759954807968
13259,-0.07919553652282618
13260,-0.0889738851760673
13261,-0.021514108263854165
13262,-0.04982878468501007
13263,-0.14381508452413538
13264,-0.18621423258918357
13265,-0.13838879726508324
13266,-0.00544029085508782
13267,-0.016395221550746603
13268,-0.025572108753387585
13269,-0.08234155130695564
13270,-0.09541303879843233
13271,-0.05012640061228757
13272,-0.05262060305734195
13273,-0.09269393938945661
13274,-0.11233739362205952
13275,-0.049994121481786724
13276,-0.05391721183716047
13277,-0.03278186315260101
13278,-0.1270763419418813
13279,-0.009900101745615314
13280,-0.0862369620327158
13281,-0.3819455205466884
13282,-0.10114404481151398
13283,-0.06233966447087511
13284,-0.05459862625196846
13285,-0.003585038765251826
13286,-0.054393944741986805
13287,-0.10829606077221021
13288,-0.025170987223204766
13289,-0.244803153177529
13290,-0.0232615223556282
13291,-0.21991832827185975
13292,-0.1887069841197686
13293,-0.22705243682185738
13294,-0.1977170649792919
13295,-0.052237565568262756
13296,-0.3587019475962383
13297,-0.5211469639481994
13298,-0.006526891446760115
13299,-0.2970951795003157
13300,-0.0967732555964691
13301,-0.007943341896385016
13302,-0.20634531164095948
13303,-0.059987671063997716
13304,-0.04099915329134485
13305,-0.15449906633301014
13306,-0.0181776993687829
13307,-0.2867234150242314
13308,-0.03923189965915308
13309,-0.32066260493444965
13310,-0.0016997191317062099
13311,-0.04417836018218735
13312,-0.019189748009378338
13313,-0.028067183698340714
13314,-0.031808057506785455
13315,-0.01730018625705676
13316,-0.01717693793571673
13317,-0.049092779278821615
13318,-0.11754427485256436
13319,-0.1427532283706593
13320,-0.06944643706197784
13321,-0.114144042528157
13322,-0.11373732214103294
13323,-0.04971548426541397
13324,-0.07192420836277208
13325,-0.07427752248313985
13326,-0.016463388489812776
13327,-0.030764411040436285
13328,-0.1358666335213532
13329,-0.027092586654655304
13330,-0.16957596372409434
13331,-0.1694874594806156
13332,-0.1014747340078701
13333,-0.012336194707256803
13334,-0.03240567092632185
13335,-0.09535988548647881
13336,-0.16142260783120976
13337,-0.06888501730534902
13338,-0.2197139175985126
13339,-0.05727800779230652
13340,-0.11892315860441594
13341,-0.36318947970903404
13342,-0.23639216456748402
13343,-0.08949849670246879
13344,-0.23404200891039295
13345,-0.035659871416676266
13346,-0.19846998340743618
13347,-0.43787125497126766
13348,-0.04726867919375266
13349,-0.3092523699880889
13350,-0.21915376350099283
13351,-0.008071034742483857
13352,-0.038941199705377905
13353,-0.061060494430790535
13354,-0.4458485999787811
13355,-0.3984881784707923
13356,-0.09377716541958253
13357,-0.0730887158438348
13358,-0.2618802727874258
13359,-0.0778902787023874
13360,-0.001939631067576367
13361,-0.1467130394154494
13362,-0.06813252190684427
13363,-0.012787073100871044
13364,-0.11782027555957075
13365,-0.06411968958251413
13366,-0.02767214327194023
13367,-0.2893080385642186
13368,-0.057228324029738875
13369,-0.03616370197954219
13370,-0.009783155912419005
13371,-0.07932014616893623
13372,-0.030454621367494834
13373,-0.17183167621790751
13374,-0.04674764701460534
13375,-0.0978566456106951
13376,-0.19652326808849818
13377,-0.20294739236565354
13378,-0.029520307309609257
13379,-0.12550303597982548
13380,-0.00913745579952066
13381,-0.10832522870586425
13382,-0.06670813280450985
13383,-0.3395617415908436
13384,-0.0783510555809871
13385,-0.02426244866117902
13386,-0.06818707141867586
13387,-0.08834564832662217
13388,-0.018935233158718617
13389,-0.2499083490228955
13390,-0.026097891724241262
13391,-0.11084975970951849
13392,-0.07123825296171749
13393,-0.03367377779705678
13394,-0.007213565162833934
13395,-0.011248669875080441
13396,-0.0035151514518092786
13397,-0.06600524572994759
13398,-0.24133762415623083
13399,-0.049404754732219947
13400,-0.011598437209278334
13401,-0.05123349636844243
13402,-0.08655311891558215
13403,-0.1394462303207975
13404,-0.11227509853067488
13405,-0.09762936219598162
13406,-0.0047117565532226804
13407,-0.11876204454182693
13408,-0.21389825831504553
13409,-0.18283540948351462
13410,-0.051276572384225894
13411,-0.027980244734459037
13412,-0.08650821042921608
13413,-0.1744413962269853
13414,-0.24636101818802517
13415,-0.22158674147469215
13416,-0.1602311796108058
13417,-0.07534625019404884
13418,-0.10557929268263402
13419,-0.21996490153250825
13420,-0.25280460589731923
13421,-0.10454301975569535
13422,-0.16599640918473613
13423,-0.08362196963145954
13424,-0.03969028814948719
13425,-0.01636187735283956
13426,-0.40592736047243916
13427,-0.45368834236264277
13428,-0.18563465845218197
13429,-0.20695784980200926
13430,-0.005498956559632978
13431,-0.06041072582967122
13432,-0.33788902346468497
13433,-0.20218020831312522
13434,-0.2044198687637775
13435,-0.026341083790095362
13436,-0.27006342857891863
13437,-0.07235891382892057
13438,-0.04467791067351401
13439,-0.10097208271470581
13440,-0.026818919556505172
13441,-0.0887232140669757
13442,-0.09573577308559011
13443,-0.04343663049995983
13444,-0.04816328538551051
13445,-0.12574410999312713
13446,-0.03340216144556499
13447,-0.16750003089963217
13448,-0.06316152409383868
13449,-0.40906458429061887
13450,-0.03750379177857577
13451,-0.15108595163848648
13452,-0.024063874615235403
13453,-0.24281074951955484
13454,-0.13143219672822726
13455,-0.11954431628666402
13456,-0.017425853222225493
13457,-0.005838319010205439
13458,-0.3676960101528852
13459,-0.16818596832949817
13460,-0.11986146440300356
13461,-0.026096897883133297
13462,-0.38455210537247675
13463,-0.03449130912208109
13464,-0.03952290712673723
13465,-0.16585995959373534
13466,-0.15625328385334283
13467,-0.04506243903389573
13468,-0.10645759234669505
13469,-0.036078951344912964
13470,-0.011134659755685956
13471,-0.15491782054340675
13472,-0.20536207821773234
13473,-0.032005399671416024
13474,-0.5018284165434381
13475,-0.05475243089576276
13476,-0.18867761415312323
13477,-0.028291483528045114
13478,-0.004204555784733751
13479,-0.22469752416518005
13480,-0.11607581927918231
13481,-0.020384661348820665
13482,-0.16330137928345148
13483,-0.20571971843501702
13484,-0.15762982389473024
13485,-0.23258061948579334
13486,-0.12104264895748118
13487,-0.09932827166140534
13488,-0.06274785858877222
13489,-0.5971089701278132
13490,-0.15948390292471715
13491,-0.056487092143783446
13492,-0.020336611112199532
13493,-0.06522558345485463
13494,-0.09572234597359419
13495,-0.056279691741819016
13496,-0.2805369869402661
13497,-0.26488246640735413
13498,-0.377258852647417
13499,-0.05171300483901442
13500,-0.00808871294261536
13501,-0.36163578712796707
13502,-0.18760024615109797
13503,-0.09935057902507127
13504,-0.04340647200002634
13505,-0.014191656140222553
13506,-0.05300955989781431
13507,-0.03540191721743336
13508,-0.048433821497424256
13509,-0.0408297026246536
13510,-0.013219805299900522
13511,-0.055757432032666254
13512,-0.06331813697950908
13513,-0.010385159580469372
13514,-0.059986731339710664
13515,-0.22477828957200405
13516,-0.02044981711286281
13517,-0.10071078886480667
13518,-0.1435087841393572
13519,-0.11701386940750513
13520,-0.057546878448493044
13521,-0.07052957905850088
13522,-0.31139147515380755
13523,-0.04354845163261978
13524,-0.0651147678969364
13525,-0.0054801539647084604
13526,-0.22200650266984312
13527,-0.26916165966197036
13528,-0.0570601970330894
13529,-0.04224437974770859
13530,-0.024381224733658585
13531,-0.07596322125199606
13532,-0.08513887987094826
13533,-0.05824256912843063
13534,-0.10795641698166769
13535,-0.1023384975234443
13536,-0.0008443828149415928
13537,-0.08221037032638145
13538,-0.2843528069159551
13539,-0.01803062903897848
13540,-0.010040469014289483
13541,-0.009001878919947776
13542,-0.15199384709936403
13543,-0.03183066357621778
13544,-0.036953137865482155
13545,-0.32565395237566586
13546,-0.0027457895432174803
13547,-0.14752695853564868
13548,-0.019541564016828633
13549,-0.1072755436557693
13550,-0.03160039477631271
13551,-0.034698476092536734
13552,-0.11384894809647779
13553,-0.22092039275085718
13554,-0.07640558530889408
13555,-0.03788759064904104
13556,-0.0503844160699628
13557,-0.038655104977565885
13558,-0.10332018275917543
13559,-0.020190017905873277
13560,-0.00585939146071815
13561,-0.039513583658826734
13562,-0.08594036431322583
13563,-0.027162337787233343
13564,-0.03570521500428969
13565,-0.03194813530151497
13566,-0.049888865050579795
13567,-0.16343731090610228
13568,-0.25397904066522203
13569,-0.06493347656321283
13570,-0.09511074112753592
13571,-0.017564599226272737
13572,-0.09282273165928112
13573,-0.012381860848716626
13574,-0.24433860344251646
13575,-0.4148268972862983
13576,-0.4783732456632994
13577,-0.07676243087066092
13578,-0.16614836057279253
13579,-0.0984757690955047
13580,-0.00539680403892473
13581,-0.19534355238992607
13582,-0.04464824412855661
13583,-0.06709342646242414
13584,-0.19368414286486946
13585,-0.3133621220762084
13586,-0.09600675695778452
13587,-0.00707257138895126
13588,-0.08053504205998374
13589,-0.0820563724683474
13590,-0.07280856603008079
13591,-0.03204119220457083
13592,-0.013406403042126508
13593,-0.15191588659376443
13594,-0.2710836896315332
13595,-0.02741293332392858
13596,-0.01642522265773716
13597,-0.0971807059527543
13598,-0.025784995787108318
13599,-0.07266235360220555
13600,-0.003366361441293807
13601,-0.012179631517044598
13602,-0.07781078014143297
13603,-0.13476446821243215
13604,-0.24644204337148967
13605,-0.041061040188230646
13606,-0.09663468744168038
13607,-0.04449811077903931
13608,-0.15363433198501975
13609,-0.13015433472275095
13610,-0.0085446266722378
13611,-0.06084645676056688
13612,-0.05566457356918386
13613,-0.023216202152735677
13614,-0.2004819986128841
13615,-0.16345290002781399
13616,-0.02139439693862672
13617,-0.08262712529611493
13618,-0.06193348797517617
13619,-0.044893715408591994
13620,-0.019613501435011532
13621,-0.023010078871978923
13622,-0.1266506859979849
13623,-0.17583233027538026
13624,-0.05607121080939881
13625,-0.007408950371144779
13626,-0.03891224869970958
13627,-0.15895441216633416
13628,-0.008835529552114906
13629,-0.006720153364950937
13630,-0.013789307418994895
13631,-0.2042051010015542
13632,-0.02490071930761875
13633,-0.22859127741634921
13634,-0.09184030502987506
13635,-0.009667188515187615
13636,-0.009063688778563716
13637,-0.09075214288068978
13638,-0.05190573596949591
13639,-0.040663471513115584
13640,-0.18733052163792552
13641,-0.5219419520762618
13642,-0.0978761940423879
13643,-0.18625841890885164
13644,-0.014389704571272088
13645,-0.3491232124204978
13646,-0.16937596141275654
13647,-0.22217549756743615
13648,-0.2147489561082604
13649,-0.02762699965498169
13650,-0.02028238814694097
13651,-0.08375788132228701
13652,-0.12764426796205577
13653,-0.0018872047643610332
13654,-0.010922192046622925
13655,-0.04659739972118233
13656,-0.10652553608287055
13657,-0.01165771501985638
13658,-0.050072492140677216
13659,-0.03174819572787746
13660,-0.05133433457996939
13661,-0.09203734174603895
13662,-0.051366249364404926
13663,-0.01668797946974543
13664,-0.15628973815071026
13665,-0.26477172156281015
13666,-0.016751655341556454
13667,-0.11034344852155531
13668,-0.03738760239997954
13669,-0.17323287921553998
13670,-0.21665233403156858
13671,-0.13097899030255222
13672,-8.424473278423469e-05
13673,-0.1881583445477042
13674,-0.08511530191440352
13675,-0.18588504350518179
13676,-0.09811765552893084
13677,-0.47554489189134763
13678,-0.03259258228311401
13679,-0.046561885383342716
13680,-0.07965184032737688
13681,-0.0068915826765423085
13682,-0.1705080935368014
13683,-0.08820982701209434
13684,-0.04093983736916674
13685,-0.019963168938079708
13686,-0.09260148635702665
13687,-0.220933627686699
13688,-0.010476998707602908
13689,-0.17018623541992417
13690,-0.05494210811029688
13691,-0.05526458064200873
13692,-0.15828713316755927
13693,-0.09576423429750058
13694,-0.012382587082844926
13695,-0.0052428970909173325
13696,-0.11592426822538693
13697,-0.08735385019378805
13698,-0.013017895403637875
13699,-0.008613603965746626
13700,-0.006788186434964073
13701,-0.06161084400502237
13702,-0.07502320960264763
13703,-0.23461617891586828
13704,-0.017435867930704757
13705,-0.010335150995644422
13706,-0.07791980862956349
13707,-0.005896693648465081
13708,-0.30523965051289004
13709,-0.10452225872076706
13710,-0.31667232614027485
13711,-0.026060463808730838
13712,-0.535900666818538
13713,-0.06202884299634803
13714,-0.11058144155096672
13715,-0.18890914811748383
13716,-0.017791447566684604
13717,-0.07133002486001255
13718,-0.011477879755662961
13719,-0.17459761748563452
13720,-0.050367325986010236
13721,-0.23646453043386728
13722,-0.009219282158491778
13723,-0.02720610639056978
13724,-0.3908566321977891
13725,-0.1660109055086051
13726,-0.09977286783778627
13727,-0.1509709391207949
13728,-0.10224157199581985
13729,-0.1812250840812979
13730,-0.026694383218084927
13731,-0.0958458595989039
13732,-0.08246188652609254
13733,-0.04552416396278958
13734,-0.05483564167600055
13735,-0.15833687358623338
13736,-0.24280722252625653
13737,-0.4544625163137601
13738,-0.042096822850954424
13739,-0.046889554069253575
13740,-0.20186359486580763
13741,-0.06866556067762364
13742,-0.010311567601012372
13743,-0.11792814254832962
13744,-0.024222927178977345
13745,-0.09763789936818895
13746,-0.0196502362572534
13747,-0.02344950500829812
13748,-0.3551685121087367
13749,-0.03173585736068088
13750,-0.08478723316057035
13751,-0.2444353189252113
13752,-0.10823988313616528
13753,-0.05035338612712859
13754,-0.027331092595459655
13755,-0.011799100129751005
13756,-0.025753846032153693
13757,-0.14340023189282114
13758,-0.0005276249905820322
13759,-0.1783628042745634
13760,-0.013298241335751665
13761,-0.0023961017407390164
13762,-0.07989920293794894
13763,-0.062274349149277236
13764,-0.016551412625352042
13765,-0.15387202403778177
13766,-0.1061939937394093
13767,-0.06753663987846581
13768,-0.04052660165462471
13769,-0.026565230892532515
13770,-0.21382080792549019
13771,-0.027805439079697375
13772,-0.16514155952439724
13773,-0.0526847318712353
13774,-0.006569801842343077
13775,-0.07793248401080849
13776,-0.022948927114243373
13777,-0.14202885814860472
13778,-0.004767700072915604
13779,-0.08329719265696811
13780,-0.07402034250568382
13781,-0.05026705790792452
13782,-0.009217595912508814
13783,-0.09846314034493464
13784,-0.09355568904721423
13785,-0.04565257959610314
13786,-0.013442615873495378
13787,-0.16616918024416272
13788,-0.0016756877634163119
13789,-0.05217061652791388
13790,-0.1028314276700848
13791,-0.09917179749892292
13792,-0.17124145900997734
13793,-0.07631444950724744
13794,-0.05020761345881797
13795,-0.4476961175057603
13796,-0.04260483488426346
13797,-0.020661890463315
13798,-0.034108848978513295
13799,-0.03498343567846435
13800,-0.02615327271374615
13801,-0.09395769724037895
13802,-0.07291141423137804
13803,-0.07963429481569806
13804,-0.025543349620445577
13805,-0.017993905151074303
13806,-0.40459117817552803
13807,-0.20616126254142406
13808,-0.04735273046789623
13809,-0.1664465513479474
13810,-0.20187630341090224
13811,-0.002981446914135495
13812,-0.04367640771013592
13813,-0.20164202491940175
13814,-0.0883558878036621
13815,-0.17398224804221218
13816,-0.09073242145696003
13817,-0.06140273839817967
13818,-0.004792439720442389
13819,-0.04095601419493111
13820,-0.028706727806509055
13821,-0.41735365678694514
13822,-0.3077640759348865
13823,-0.09145013876017594
13824,-0.059695081019171536
13825,-0.06489665059116678
13826,-0.10994072309001512
13827,-0.04162287135373122
13828,-0.07752849261139094
13829,-0.16210808493672246
13830,-0.05729984265567867
13831,-0.012545238399287673
13832,-0.0035826840262683304
13833,-0.06796777587962113
13834,-0.15280291204414675
13835,-0.024569088815959345
13836,-0.11574198926846524
13837,-0.0014939521773378456
13838,-0.03262237628315967
13839,-0.02532466338887058
13840,-0.019289197642638478
13841,-0.3084117955048904
13842,-0.00015930800965614864
13843,-0.10379360333913079
13844,-0.012647599431256512
13845,-0.02197768624242938
13846,-0.008398196913259187
13847,-0.11068268739313394
13848,-0.10090235173998652
13849,-0.33087822575915027
13850,-0.018040812897026786
13851,-0.035834553200247976
13852,-0.04768713523490467
13853,-0.06469891652278348
13854,-0.1106760981064725
13855,-0.013498939000300442
13856,-0.04898783847979227
13857,-0.10924411936333955
13858,-0.03970514830652949
13859,-0.008516268320320208
13860,-0.10789940077004179
13861,-0.024611024993031028
13862,-0.1186921809965491
13863,-0.23375518547616292
13864,-0.005548416759719732
13865,-0.022021513875046368
13866,-0.10322666742527753
13867,-0.2204725248745607
13868,-0.02092287148589378
13869,-0.15843831594041113
13870,-0.047121882669533655
13871,-0.06390652732193092
13872,-0.5008793775714437
13873,-0.04853450381681279
13874,-0.032155027571598715
13875,-0.1289659138036061
13876,-0.1017541669303312
13877,-0.016873133587712363
13878,-0.040611162902671555
13879,-0.06530802938560898
13880,-0.0298545766456009
13881,-0.0008587063299522538
13882,-0.36867954844963435
13883,-0.06504310265260227
13884,-0.42485352940556886
13885,-0.08441694375225739
13886,-0.0688745222848959
13887,-0.0042827136996417825
13888,-0.10420317651729238
13889,-0.11380623036370097
13890,-0.010252054851620507
13891,-0.0024554105024349616
13892,-0.29429331926603375
13893,-0.1021259232542211
13894,-0.033972937480870644
13895,-0.03488625542981953
13896,-0.04540397542672325
13897,-0.09383095172220302
13898,-0.1532128744596517
13899,-0.02744646560826869
13900,-0.08350841833909417
13901,-0.051450034422706126
13902,-0.07262125625954496
13903,-0.018696776282929668
13904,-0.020478156652752322
13905,-0.1177349396157652
13906,-0.04651412752308748
13907,-0.23968394125759573
13908,-0.008243940000491877
13909,-0.05747680720515236
13910,-0.1249665543907717
13911,-0.09684064734026032
13912,-0.03149636168112804
13913,-0.16640590467638106
13914,-0.0031926116039636965
13915,-0.044670296565724216
13916,-0.2910355612023042
13917,-0.38851567591899006
13918,-0.05338276971079248
13919,-0.31998323155832864
13920,-0.03511478703687388
13921,-0.1553299908198254
13922,-0.2878256784374038
13923,-0.2798006252957528
13924,-0.0551795636400583
13925,-0.034796894218719794
13926,-0.24771161960160448
13927,-0.04865449715899029
13928,-0.10067028661122102
13929,-0.06756949851671668
13930,-0.48516928154004824
13931,-0.02689577979634787
13932,-0.46976825059949334
13933,-0.016984842592109084
13934,-0.014745602805469778
13935,-0.0972322753007645
13936,-0.005742194097962734
13937,-0.03385129287415245
13938,-0.009328892531665307
13939,-0.0064557113650732245
13940,-0.049291298019532026
13941,-0.07858957173059403
13942,-0.13967913376437346
13943,-0.10684958066226047
13944,-0.004457679905381347
13945,-0.07418571815387465
13946,-0.15940089153903614
13947,-0.017933470999124457
13948,-0.09988392154503434
13949,-0.0343924451441573
13950,-0.028381910639450197
13951,-0.21569895801188155
13952,-0.002846121339333822
13953,-0.03552579720838411
13954,-0.12025939328027413
13955,-0.023889478026083766
13956,-0.00907991269171618
13957,-0.002605572354179194
13958,-0.12537693732677024
13959,-0.02868796327293148
13960,-0.09030956020569095
13961,-0.02255377792892383
13962,-0.02587499110955807
13963,-0.05216234074677928
13964,-0.009514640969020438
13965,-0.04929544082216575
13966,-0.06256103289932824
13967,-0.12983538253056762
13968,-0.09418679360772586
13969,-0.09042219210019065
13970,-0.04584412083990996
13971,-0.06660772067646992
13972,-0.04353432162113524
13973,-0.033103714430466
13974,-0.04919855783843563
13975,-0.43102408611760623
13976,-0.19248721875346542
13977,-0.0009442612357761799
13978,-0.07644061712949624
13979,-0.07547004339096652
13980,-0.46592402033387237
13981,-0.028420018236323674
13982,-0.0107061294630805
13983,-0.34672450933673105
13984,-0.01613452200561527
13985,-0.08008609548809426
13986,-0.05701461986378045
13987,-0.07798772272647514
13988,-0.11798190003627163
13989,-0.001988111091176712
13990,-0.05535862795679103
13991,-0.20667530382503285
13992,-0.30821096649808155
13993,-0.1572577974784708
13994,-0.20401436860684186
13995,-0.011036557035349448
13996,-0.0011275060937663232
13997,-0.0024849084608693298
13998,-0.009581944236584823
13999,-0.00735624624213671
14000,-0.05028944946037672
14001,-0.0423710449082311
14002,-0.012802702752822255
14003,-0.01621549242253284
14004,-0.07119137610996518
14005,-0.07183098255444698
14006,-0.17820399847694526
14007,-0.04724797772363326
14008,-0.32550642705701627
14009,-0.03287897246905325
14010,-0.07467007028833905
14011,-0.035253675187732814
14012,-0.007189299543802381
14013,-0.10015431361191152
14014,-0.011193692356595621
14015,-0.03785980761617668
14016,-0.2365773848122359
14017,-0.021645439800269478
14018,-0.00816773303079878
14019,-0.012755898978663334
14020,-0.05174258118959418
14021,-0.18624682690174144
14022,-0.1234376693976622
14023,-0.030790130538026705
14024,-0.06455723397549784
14025,-0.012220848679191716
14026,-0.13133044379188208
14027,-0.04119991192906203
14028,-0.06802440563811629
14029,-0.06215139006458603
14030,-0.13332319113131108
14031,-0.1744966290157156
14032,-0.0348422454761978
14033,-0.13193751955507915
14034,-0.05159194294278413
14035,-0.1360213002186186
14036,-0.25775109004242225
14037,-0.04534432788602605
14038,-0.025408926720815295
14039,-0.14531775317229867
14040,-0.016211811762149038
14041,-0.021861100194153577
14042,-0.12871867448557683
14043,-0.039875121066817516
14044,-0.07143014630083358
14045,-0.05621470172711229
14046,-0.07503021795951315
14047,-0.022935968551941466
14048,-0.04268497554813788
14049,-0.028178896242345847
14050,-0.1314405263325904
14051,-0.03485951480920957
14052,-0.12650799871511875
14053,-0.026205590499202486
14054,-0.17751230522262162
14055,-0.01335106081195937
14056,-0.06361288307486435
14057,-0.025239398594972706
14058,-0.18155096361099732
14059,-0.04327304403872578
14060,-0.015571384161260058
14061,-0.03347449615530007
14062,-0.0046449653782594524
14063,-0.026078253817261587
14064,-0.3154306289054922
14065,-0.01920867669161122
14066,-0.009611096917985958
14067,-0.10570852787951157
14068,-0.043614142185528615
14069,-0.22692895678455838
14070,-0.05826720280028089
14071,-0.005126551131811603
14072,-0.09410792507462773
14073,-0.2607489049893812
14074,-0.1301062261418512
14075,-0.007408027526027494
14076,-0.0019195085060216685
14077,-0.14472202082059848
14078,-0.05575563196917339
14079,-0.15896305836244906
14080,-0.00283124145110282
14081,-0.021092941727089004
14082,-0.09146114107084158
14083,-0.011516377089391239
14084,-0.01000275853745558
14085,-0.024166719352846006
14086,-0.011247005345607103
14087,-0.13218951247852662
14088,-0.015201033911219547
14089,-0.03105502699674023
14090,-0.10250869099218352
14091,-0.04264227971938672
14092,-0.003520808742001587
14093,-0.02705663734827124
14094,-0.007762974294222791
14095,-0.04257082903985958
14096,-0.043103910780516785
14097,-0.31529021516981104
14098,-0.10050914048817872
14099,-0.043599577500339604
14100,-0.2628014307129263
14101,-0.2031381971599444
14102,-0.2035538944169435
14103,-0.10018336228728586
14104,-0.03636286528891164
14105,-0.0018791895653510748
14106,-0.15364861586323209
14107,-0.20413099240002452
14108,-0.12900702478054393
14109,-0.14166276383783208
14110,-0.0030959804871585617
14111,-0.07755713678733545
14112,-0.06365419590475696
14113,-0.00966711548149779
14114,-0.03226238033022466
14115,-0.06546106689310316
14116,-0.03294962913480526
14117,-0.05879717962945297
14118,-0.07719913410014811
14119,-0.003472352649403845
14120,-0.2205344001967493
14121,-0.2767430754983913
14122,-0.0398384186567465
14123,-0.18273698634497038
14124,-0.05813111167097985
14125,-0.020150295013444258
14126,-0.06375328625249088
14127,-0.01625341517023427
14128,-0.02117258898486818
14129,-0.04657498494875034
14130,-0.19087317186073455
14131,-0.4064561751412743
14132,-0.06962697876593815
14133,-0.07810174918362625
14134,-0.17991546242244638
14135,-0.06206253348210089
14136,-0.13705782295599933
14137,-0.04183121435213133
14138,-0.03988770325172933
14139,-0.001652154769376482
14140,-0.01567406138275937
14141,-0.022606072196373256
14142,-0.03175620316748265
14143,-0.023377222017706534
14144,-0.14441178238139418
14145,-0.1425291229348975
14146,-0.10152712393709784
14147,-0.13029199833056015
14148,-0.1540327544842444
14149,-0.19585592796949358
14150,-0.018052212485723692
14151,-0.15981034962682739
14152,-0.15718031754215833
14153,-0.17789045888053512
14154,-0.1254865771112863
14155,-0.10176310591057469
14156,-0.14270728817848877
14157,-0.008590115100627106
14158,-0.1412343192127712
14159,-0.13877675498406383
14160,-0.24383571101517731
14161,-0.12923737446972286
14162,-0.06816740984438685
14163,-0.47612252371050134
14164,-0.04440611012522666
14165,-0.04264645489991559
14166,-0.009644607052588627
14167,-0.1178264427099629
14168,-0.04726713072619848
14169,-0.03289874677746643
14170,-0.0019168520931182914
14171,-0.03539485966067191
14172,-0.0008282026704228649
14173,-0.00818419455328555
14174,-0.15271497191825079
14175,-0.02168539122936533
14176,-0.07352390715071255
14177,-0.10985399101228888
14178,-0.0058331059127843254
14179,-0.018520922341736107
14180,-0.17059940658481765
14181,-0.22541395777626372
14182,-0.0051919274817598185
14183,-0.2515556290791956
14184,-0.011172646400943426
14185,-0.023459367728122182
14186,-0.18504819059938749
14187,-0.11580905569597014
14188,-0.01671039631636584
14189,-0.0177154854039753
14190,-0.07092062286113221
14191,-0.06249963283126514
14192,-0.0005235952183653682
14193,-0.04569296151036295
14194,-0.012571466329321379
14195,-0.09804418898265166
14196,-0.0026745167809210813
14197,-0.04639641648445747
14198,-0.05812393935499616
14199,-0.002392114457041213
14200,-0.028874071676828927
14201,-0.12354975742881269
14202,-0.014367020732514613
14203,-0.0466406266199515
14204,-0.19964273597269047
14205,-0.00144362598937419
14206,-0.03135933371799655
14207,-0.16485114764462327
14208,-0.11800101230962534
14209,-0.006205699736359526
14210,-0.008850112808094251
14211,-0.03888834217949333
14212,-0.04801327258495025
14213,-0.001535653247778494
14214,-0.01395283996966093
14215,-0.06601020597278906
14216,-0.14650402219107495
14217,-0.06214651813213301
14218,-0.05312467434377688
14219,-0.045115923932668195
14220,-0.10990925679471332
14221,-0.19717836090765717
14222,-0.12403931973106685
14223,-0.2360463013608669
14224,-0.3876391679799297
14225,-0.01755592528769867
14226,-0.3839778670330696
14227,-0.17710164319433952
14228,-0.05183406348945152
14229,-0.17869091662745895
14230,-0.17044388713312708
14231,-0.484119539312204
14232,-0.4462915208656004
14233,-0.4510244857741973
14234,-0.4288374644744626
14235,-0.23990870029679912
14236,-0.13886983253162336
14237,-0.16454733583528203
14238,-0.27946394722117773
14239,-0.5725620000649667
14240,-0.2803137507703699
14241,-0.19973573991491733
14242,-0.14705628299276408
14243,-0.19676254946601057
14244,-0.3459223110551357
14245,-0.5311627124194037
14246,-0.030849441454425947
14247,-0.022925891466373676
14248,-0.6589554711461609
14249,-0.20312389196394431
14250,-0.10498328462400597
14251,-0.014245306902181842
14252,-0.1337914910417367
14253,-0.06703584035237542
14254,-0.6458861525331376
14255,-0.05485364171708235
14256,-0.10512337842869049
14257,-0.016036344577825906
14258,-0.16858074040478946
14259,-0.01865354715258996
14260,-0.054657597270737046
14261,-0.0352331810953902
14262,-0.1165321717921941
14263,-0.019330449147233253
14264,-0.20711974800848632
14265,-0.04478318800174888
14266,-0.008811808548891437
14267,-0.2085306062747745
14268,-0.19978842533201036
14269,-0.11356546393115297
14270,-0.14479123422996054
14271,-0.3569544147844419
14272,-0.007661502646078927
14273,-0.07966472990220333
14274,-0.0696635887621242
14275,-0.10214413042734771
14276,-0.1879128425279739
14277,-0.09978861253848337
14278,-0.0436785351303495
14279,-0.39754861548101594
14280,-0.01044359149658694
14281,-0.2543060040612346
14282,-0.2610048331938045
14283,-0.3048045613912116
14284,-0.09246554984406297
14285,-0.4697721786737593
14286,-0.004067857494438958
14287,-0.1577231210265002
14288,-0.06555011373034832
14289,-0.16465796904692578
14290,-0.04482101343324196
14291,-0.11432797000738848
14292,-0.4061699962937908
14293,-0.0003638815322384322
14294,-0.005161402862507438
14295,-0.021431656244900177
14296,-0.07635391103036415
14297,-0.10295349241557317
14298,-0.16743679040941883
14299,-0.14728403088319741
14300,-0.15146856865438885
14301,-0.13696911525139355
14302,-0.1294674302279849
14303,-0.10433521792368339
14304,-0.4637057880662727
14305,-0.15090698454519963
14306,-0.01387835785483793
14307,-0.08972718695352835
14308,-0.2661229011348194
14309,-0.15958137785554216
14310,-0.16417377350441642
14311,-0.134999381274286
14312,-0.3270167601500962
14313,-0.32319599902533724
14314,-0.019220762626932758
14315,-0.016903614134238798
14316,-0.06686858073977364
14317,-0.1395636135393047
14318,-0.07801990890553334
14319,-0.024828559844727538
14320,-0.08080274496039996
14321,-0.17094745806566916
14322,-0.10104019618060711
14323,-0.043186977608451915
14324,-0.139282049707385
14325,-0.2684545618225589
14326,-0.04531919843949098
14327,-0.003945588705573516
14328,-0.08352623741114565
14329,-0.052505042932633916
14330,-0.03626094949381789
14331,-0.0035008444555130816
14332,-0.046243693982179986
14333,-0.021326626641993612
14334,-0.04547292957572749
14335,-0.011073951693083145
14336,-0.06204060328457217
14337,-0.05896941815930401
14338,-0.03546669652490289
14339,-0.1635421765573915
14340,-0.06439238470490824
14341,-0.05645580582401666
14342,-0.0421713206524893
14343,-0.0005130890504444381
14344,-0.03843129744113094
14345,-0.05321810877492575
14346,-0.018738944515712147
14347,-0.02524036499283666
14348,-0.01855447032465385
14349,-0.22687610832163507
14350,-0.04548869677734768
14351,-0.0021883317708118067
14352,-0.008980040798821653
14353,-0.1014307134071104
14354,-0.068585189539077
14355,-0.02597506909033845
14356,-0.03126982662065814
14357,-0.009970400274717212
14358,-0.023072087034855
14359,-0.10930650587736368
14360,-0.14717911777799356
14361,-0.1071419676200881
14362,-0.0758191551636328
14363,-0.051994826612983935
14364,-0.280500972592991
14365,-0.05188436084310166
14366,-0.05558772150452363
14367,-0.08283467748451878
14368,-0.5017548491811699
14369,-0.11484150559448425
14370,-0.16981969092521476
14371,-0.2468676528228162
14372,-0.03045661316874171
14373,-0.007860751390170118
14374,-0.05728928907696235
14375,-0.03359759213191382
14376,-0.09172886993656448
14377,-0.06724320695231667
14378,-0.13215551612213305
14379,-0.003323827714883272
14380,-0.03066864617164436
14381,-0.020525766390563055
14382,-0.016545366162223803
14383,-0.014229965189749977
14384,-0.12518095476391666
14385,-0.07381504520560078
14386,-0.08696837763245857
14387,-0.05726162180583183
14388,-0.2573282995384467
14389,-0.12552808159962237
14390,-0.08821953108422068
14391,-0.0751013846253703
14392,-0.03694612490342186
14393,-0.12371139334665998
14394,-0.010797116676072638
14395,-0.15185058072225566
14396,-0.0567183067872179
14397,-0.032518034833134785
14398,-0.016846654421427437
14399,-0.01878843383034845
14400,-0.04925020349317928
14401,-0.3411885535540229
14402,-0.07220240250187482
14403,-0.20020272194063438
14404,-0.09540631467442824
14405,-0.08822362630097746
14406,-0.005684441493117337
14407,-0.058489622446216506
14408,-0.0028483182477716806
14409,-0.05906712753935908
14410,-0.014724367067354756
14411,-0.019429734350964734
14412,-0.043535646053920574
14413,-0.16028404064736046
14414,-0.10528851265258021
14415,-0.0006612154680659746
14416,-0.03740274154643519
14417,-0.058625618682981995
14418,-0.33599943275348565
14419,-0.05188947562341728
14420,-0.04089192455025859
14421,-0.049704790093612755
14422,-0.22600008744846825
14423,-0.06890526044027522
14424,-0.15877108499747597
14425,-0.1327448645718371
14426,-0.004277282370595494
14427,-0.19100231485082375
14428,-0.039884672915909136
14429,-0.0032696521448832006
14430,-0.018227537224090325
14431,-0.008176007401618675
14432,-0.03825207240838768
14433,-0.13029049627144262
14434,-0.08928160592346182
14435,-0.002605891713906551
14436,-0.1278299243107526
14437,-0.06822303507400809
14438,-0.12588650745943486
14439,-0.12890696910069943
14440,-0.1369461007729229
14441,-0.04908074531195575
14442,-0.04220825130660488
14443,-0.050500433577689297
14444,-0.08013484536851856
14445,-0.10705813232830863
14446,-0.02433607894343935
14447,-0.0023644308210623716
14448,-0.04938178087259759
14449,-0.0353710049897428
14450,-0.009293821597290003
14451,-0.15872773365656956
14452,-0.004624096553345787
14453,-0.04517852053763911
14454,-0.0076759411200840524
14455,-0.07807733378554721
14456,-0.23570299905789582
14457,-0.012572913006179805
14458,-0.02542420408988824
14459,-0.11963932058677973
14460,-0.0717923925657904
14461,-0.0030912804755835258
14462,-0.051945487425716586
14463,-0.036801679095654016
14464,-0.020924569890833064
14465,-0.1328908165526017
14466,-0.027009631081668234
14467,-0.20925767043719834
14468,-0.037834225969961166
14469,-0.1122870768774607
14470,-0.004925194526649614
14471,-0.004532979401920323
14472,-0.023160124807677856
14473,-0.1851206946268893
14474,-0.11727033723725813
14475,-0.009611879780688476
14476,-0.01694456394576707
14477,-0.0036682965095116427
14478,-0.027233066503922126
14479,-0.10469794430632096
14480,-0.00035731467339778476
14481,-9.996439468018536e-05
14482,-0.042022114828521584
14483,-0.03714180211056585
14484,-0.04723823968642605
14485,-0.04209605778322578
14486,-0.12834171885589296
14487,-0.012447153676068677
14488,-0.021565317156712865
14489,-0.010930253251495436
14490,-0.06484121923027708
14491,-0.12257680712751673
14492,-0.1701513574775655
14493,-0.10276552938330896
14494,-0.07479335217700778
14495,-0.13529965871346805
14496,-0.10247489339976934
14497,-0.05858363690484092
14498,-0.04479281184818851
14499,-0.001030919421880599
14500,-0.024588042164757185
14501,-0.005404950707298096
14502,-0.08078826491535332
14503,-0.0299663722415221
14504,-0.1930954290937894
14505,-0.010384702717286094
14506,-0.04178049295146392
14507,-0.0686073837820027
14508,-0.1711399898610968
14509,-0.21831776102552602
14510,-0.06266321558013244
14511,-0.18809736696660417
14512,-0.10340135778842907
14513,-0.21908496869183525
14514,-0.032365390261450466
14515,-0.12688556729587397
14516,-0.11519701853713515
14517,-0.007175519115914519
14518,-0.07138858807611115
14519,-0.011473296863167948
14520,-0.023580399209171793
14521,-0.151672652378416
14522,-0.05801590625902808
14523,-0.12338514012886925
14524,-0.24144965182606626
14525,-0.2449300652048625
14526,-0.05706038506728642
14527,-0.07577053116330223
14528,-0.06262120880027958
14529,-0.015081131899026629
14530,-0.11393891435322726
14531,-0.006730093158576958
14532,-0.028715318226558484
14533,-0.1212937825743694
14534,-0.01106010341403841
14535,-0.08468840866088956
14536,-0.008798239552690997
14537,-0.15171074580922017
14538,-0.022513225632619996
14539,-0.03255785449682258
14540,-0.0320459220429391
14541,-0.038052944400719935
14542,-0.1737890316433277
14543,-0.0012060910277086512
14544,-0.05314555692849554
14545,-0.1158886402230408
14546,-0.060890629756173986
14547,-0.01339741617828222
14548,-0.027286593026855828
14549,-0.008415685506156999
14550,-0.03900378953273809
14551,-0.051682809182250544
14552,-0.08069263749123048
14553,-0.05606482182064154
14554,-0.15662968787965642
14555,-0.26253978167513026
14556,-0.04977553744961605
14557,-0.052114941727987585
14558,-0.019474713838532193
14559,-0.0241953511686909
14560,-0.12997772244425976
14561,-0.2725082397321388
14562,-0.2886826804966953
14563,-0.028118972186987112
14564,-0.01921768076336173
14565,-0.06741819097068197
14566,-0.08255690295641926
14567,-0.5113530899352448
14568,-0.04118138203113075
14569,-0.1939643553172669
14570,-0.021551170616189635
14571,-0.19194334148031267
14572,-0.08901476379034312
14573,-0.008919043344701262
14574,-0.07520925747921503
14575,-0.016438536397162307
14576,-0.10239092048319742
14577,-0.1166457394756586
14578,-0.054560931825525995
14579,-0.04845832879185663
14580,-0.0851288341776063
14581,-0.044973113102240725
14582,-0.024740180883388613
14583,-0.08484451532326753
14584,-0.03711719682257775
14585,-0.13471803247349737
14586,-0.0455245747159716
14587,-0.09526054408697693
14588,-0.09353169477498169
14589,-0.12713863519970492
14590,-0.004348392911829758
14591,-0.01543226004868073
14592,-0.012442054053970503
14593,-0.06998265764390554
14594,-0.04159996281552536
14595,-0.013684650527173093
14596,-0.2082220520919207
14597,-0.01019731557185485
14598,-0.02953952357799619
14599,-0.14809051586890165
14600,-0.07516912437604495
14601,-0.06711409717921113
14602,-0.030529020417207287
14603,-0.025152437813643652
14604,-0.005629561895047722
14605,-0.15002188597561172
14606,-0.10149326121296355
14607,-0.07603817520890122
14608,-0.011483010780492742
14609,-0.047876201301243815
14610,-0.009744567171616897
14611,-0.07687040102626519
14612,-0.061665460908384984
14613,-0.07075747284196829
14614,-0.004163159815702493
14615,-0.04933993179522178
14616,-0.04171697682668987
14617,-0.01828588894583938
14618,-0.01398282326307327
14619,-0.212507505445247
14620,-0.010401032968925389
14621,-0.022381530655090437
14622,-0.09992463312751998
14623,-0.0416072465292914
14624,-0.08157264897705296
14625,-0.06855817741439414
14626,-0.20106889138996298
14627,-0.3813693569736252
14628,-0.0006945803258857218
14629,-0.23799277108430375
14630,-0.0734262132456509
14631,-0.008608385337264157
14632,-0.0803852113436917
14633,-0.1556929041659494
14634,-0.15559354585891905
14635,-0.04067793665527581
14636,-0.011389556215685936
14637,-0.0031433314124466316
14638,-0.029036524858200186
14639,-0.027788026064851867
14640,-0.12753604067803082
14641,-0.01610553787815819
14642,-0.014301774024636445
14643,-0.1460916578380651
14644,-0.2633120307789092
14645,-0.24777701793464368
14646,-0.004511361232656087
14647,-0.1366951419345022
14648,-0.0020529821584109945
14649,-0.13335558447696771
14650,-0.04759641482570809
14651,-0.3168110742933459
14652,-0.024741802905738908
14653,-0.18265980963743766
14654,-0.0019061668202826985
14655,-0.031346866934690576
14656,-0.054027878358676173
14657,-0.277624045191184
14658,-0.16309051510026862
14659,-0.11729416602989284
14660,-0.0922216073861244
14661,-0.20332646440051072
14662,-0.14117629049304847
14663,-0.07774109253158601
14664,-0.024917897942725427
14665,-0.17706708036097796
14666,-0.07219298465889479
14667,-0.4415890353901464
14668,-0.12393483109163217
14669,-0.01089813268910009
14670,-0.17728677202236343
14671,-0.05650801461722754
14672,-0.13769748530636505
14673,-0.04093873258117009
14674,-0.07926206063405672
14675,-0.11275918437178278
14676,-0.10588887270100367
14677,-0.020061735237787322
14678,-0.3937364679396379
14679,-0.02411594325108471
14680,-0.18894338581554848
14681,-0.2121670003397913
14682,-0.03673706730207116
14683,-0.2290500144391862
14684,-0.14763440545423023
14685,-0.053108775522574536
14686,-0.11799976801497225
14687,-0.13516533549333376
14688,-0.07002987830954055
14689,-0.2248569471927384
14690,-0.028780137166705716
14691,-0.0697328538812976
14692,-0.02969073190136498
14693,-0.09531757323162016
14694,-0.038338682615884356
14695,-0.06790039320536723
14696,-0.043897938144761735
14697,-0.10850044096531253
14698,-0.26462624421172276
14699,-0.07633330672283112
14700,-0.09459988427350396
14701,-0.16237225510040476
14702,-0.011373544950441294
14703,-0.06411356696282144
14704,-0.11060867630632701
14705,-0.11808074044369343
14706,-0.012405390178012343
14707,-0.012524175182130462
14708,-0.031893180917082375
14709,-0.06957653621817983
14710,-0.02858237852465209
14711,-0.029599032341590115
14712,-0.29709719535143464
14713,-0.03588045009738095
14714,-0.013809713667064268
14715,-0.06356045429545054
14716,-0.009307514989908854
14717,-0.09460576154889877
14718,-0.21158207473049773
14719,-0.156567714910447
14720,-0.00596970162380603
14721,-0.1702617272333634
14722,-0.03310006815912117
14723,-0.03889705632364182
14724,-0.01735413625356443
14725,-0.1784248297007629
14726,-0.17335049030789174
14727,-0.008098473383178512
14728,-0.050717862820231635
14729,-0.2317859575134974
14730,-0.18771180879967986
14731,-0.010899688955411185
14732,-0.14975876424184345
14733,-0.17458538089429607
14734,-0.025836777754807444
14735,-0.10295213073265419
14736,-0.053686926147458736
14737,-0.2753998834874971
14738,-0.16130517995170068
14739,-0.2671127565065553
14740,-0.025216511683164466
14741,-0.04102489965571435
14742,-0.09205663553892274
14743,-0.02501691334117953
14744,-0.08605277556218471
14745,-0.035591459040716616
14746,-0.0369745801958894
14747,-0.010895154105677901
14748,-0.0420060836803209
14749,-0.07993001586914694
14750,-0.00666304885582486
14751,-0.025543742130356595
14752,-0.0920464078945914
14753,-0.07056560746439988
14754,-0.08586812123085544
14755,-0.03624669322419749
14756,-0.11508182078650586
14757,-0.030947785042344418
14758,-0.09227152072108116
14759,-0.04105847700699372
14760,-0.082860014196811
14761,-0.2289001815942498
14762,-0.021575847625862843
14763,-0.08820032737672626
14764,-0.17748120497564068
14765,-0.25537260430811215
14766,-0.3732676109463142
14767,-0.08505572547104112
14768,-0.1730567146772799
14769,-0.1888134044787031
14770,-0.05012813217795342
14771,-0.20870566038734673
14772,-0.11371129218693611
14773,-0.03882130468566258
14774,-0.09975215741969112
14775,-0.009850929859301256
14776,-0.13358461670445454
14777,-0.07711272750885567
14778,-0.039573548031205386
14779,-0.3561487822717737
14780,-0.00021481280915450738
14781,-0.2628082957552639
14782,-0.16885161193119294
14783,-0.07705734331494885
14784,-0.049038974878618746
14785,-0.02756413916645653
14786,-0.3593306273364938
14787,-0.21654419606245634
14788,-0.1508817363743753
14789,-0.05759594673505408
14790,-0.19864650792535077
14791,-0.05218011037483434
14792,-0.14403127025641327
14793,-0.07345438211978039
14794,-0.03292561941488321
14795,-0.15192044466089616
14796,-0.00023784938518637414
14797,-0.12578250371156452
14798,-0.23122752353368847
14799,-0.05873909624796459
14800,-0.150017732217393
14801,-0.04199277610127905
14802,-0.1252597996710283
14803,-0.2167912278423706
14804,-0.07988675250162247
14805,-0.18992573560787485
14806,-0.1663836425809545
14807,-0.010499455709063299
14808,-0.05685017559253142
14809,-0.2304647945279668
14810,-0.06470121417145869
14811,-0.4749971265762589
14812,-0.009574079841116245
14813,-0.1407750840771933
14814,-0.0034540877975241246
14815,-0.15931543253753322
14816,-0.13030754374820686
14817,-0.13525724224389146
14818,-0.10826725026079576
14819,-0.061409311353601836
14820,-0.0026880557771053054
14821,-0.24582892476930818
14822,-0.014932035694015418
14823,-0.20428919755822728
14824,-0.03717619273041731
14825,-0.13712536353262594
14826,-0.06212045426503109
14827,-0.0728163935819045
14828,-0.27842490963760236
14829,-0.047223363955837705
14830,-0.011432832558287115
14831,-0.038976886541644995
14832,-0.001655087848443683
14833,-0.05410123646616061
14834,-0.1687841681842449
14835,-0.045122042541897694
14836,-0.05033067977333272
14837,-0.00044524754098173094
14838,-0.22277421852636536
14839,-0.3111307747411196
14840,-0.09490862775314482
14841,-0.013919273161267509
14842,-0.09199975533842608
14843,-0.07113828723393792
14844,-0.04878042066730684
14845,-0.008653058149297748
14846,-0.032475729901678824
14847,-0.029919865018706582
14848,-0.19534652259159913
14849,-0.09527989306521391
14850,-0.04692632514149267
14851,-0.005963482244027658
14852,-0.40491977757417885
14853,-0.09263571970796283
14854,-0.04401142986786022
14855,-0.06593821200354871
14856,-0.051247457084738796
14857,-0.06166885745004594
14858,-0.09272343966934438
14859,-0.03740480225348522
14860,-0.06933146167410931
14861,-0.14399223129808547
14862,-0.05091307933964828
14863,-0.012495364003723593
14864,-0.08595238965544505
14865,-0.09724459678212449
14866,-0.04257351086116978
14867,-0.10361719250190982
14868,-0.08726882586499907
14869,-0.26013536933915304
14870,-0.09980680952692911
14871,-0.06614778546944422
14872,-0.061216174258549305
14873,-0.021781198030444426
14874,-0.04992476569861681
14875,-0.02636953827339404
14876,-0.01774242142578189
14877,-0.2685024241468885
14878,-0.01670418751751193
14879,-0.3725943057351131
14880,-0.04547181738749813
14881,-0.18733015114858464
14882,-0.1430529527928771
14883,-0.2700378459858116
14884,-0.019495122334369813
14885,-0.19428622675782592
14886,-0.1702025983019209
14887,-0.23423463804394418
14888,-0.013976389506142994
14889,-0.052343847146563705
14890,-0.07403474303694857
14891,-0.021262520180187483
14892,-0.0700611471562268
14893,-0.021481791998494454
14894,-0.27256623288679416
14895,-0.02470674490431357
14896,-0.10906650535029261
14897,-0.015181189579733051
14898,-0.04147075987763799
14899,-0.0830212455924314
14900,-0.10281040330431049
14901,-0.003594125927121855
14902,-0.03171977429811401
14903,-0.15490540014967025
14904,-0.15165901893003753
14905,-0.1168158778866264
14906,-0.044785853166103645
14907,-0.10727883459988607
14908,-0.11721404194570006
14909,-0.025079246512798976
14910,-0.040907928921278175
14911,-0.057393389916924
14912,-0.023108054518280637
14913,-0.1779837982287913
14914,-0.07860392874768654
14915,-0.037503788966967405
14916,-0.06743316211615202
14917,-0.09362962173552491
14918,-0.008441144599771244
14919,-0.08062086886946906
14920,-0.06512852911218403
14921,-0.24310142384158387
14922,-0.030564225675718593
14923,-0.1107961159478088
14924,-0.2390822325111656
14925,-0.020252414611933528
14926,-0.1462127745323003
14927,-0.021294301357014267
14928,-0.2238038746207458
14929,-0.03465758719233161
14930,-0.06696595804028027
14931,-0.0262787635558841
14932,-0.16468780632631663
14933,-0.062137795955977265
14934,-0.23068495765319952
14935,-0.3725623860934705
14936,-0.014724451162875352
14937,-0.21705222545337663
14938,-0.039196322704187936
14939,-0.01878575589578614
14940,-0.07205904970326893
14941,-0.22000997047918425
14942,-0.23805762905940478
14943,-0.08414721888124532
14944,-0.1714680563649299
14945,-0.11091155176418432
14946,-0.1752043945528392
14947,-0.0772969106905963
14948,-0.12190834454435528
14949,-0.007522219255486524
14950,-0.15422574822609125
14951,-0.03595611058913628
14952,-0.02443530078553305
14953,-0.026889521936419032
14954,-0.10766879623867576
14955,-0.06746839928233606
14956,-0.18302867727381233
14957,-0.003695310453383671
14958,-0.06613496833287658
14959,-0.1474696889103214
14960,-0.09582862838641282
14961,-0.006983179631717112
14962,-0.4403689844834635
14963,-0.11987368851745162
14964,-0.3626282850345408
14965,-0.03699792680897096
14966,-0.078054597520987
14967,-0.05781940611885805
14968,-0.13413802917771456
14969,-0.11106386304986116
14970,-0.026819231181788306
14971,-0.04791738540483476
14972,-0.02855749671986208
14973,-0.03520612899887299
14974,-0.213302341747447
14975,-0.11312156664880124
14976,-0.0600982608781907
14977,-0.0028242223377160248
14978,-0.06785411123901952
14979,-0.25407090099438534
14980,-0.19099309652859553
14981,-0.10817739478453148
14982,-0.029187815141747404
14983,-0.004431613202306069
14984,-0.050166464464853296
14985,-0.04536029354758242
14986,-0.01039861505214934
14987,-0.008254188704734829
14988,-0.12834083914537608
14989,-0.0632966268124836
14990,-0.007206489395308914
14991,-0.08092816078057341
14992,-0.22626484860363583
14993,-0.03079486149227706
14994,-0.02036991626527096
14995,-0.006980015787784066
14996,-0.2921474698846507
14997,-0.04891827871600185
14998,-0.014161184685996907
14999,-0.00467940663063985
15000,-0.13034625237511582
15001,-0.04163939407957873
15002,-0.15054163955745992
15003,-0.044567616338899455
15004,-0.10995221278389755
15005,-0.1478013866768615
15006,-0.015201992310150875
15007,-0.01999113665959354
15008,-0.1926436108912668
15009,-0.0029338876614888945
15010,-0.12922604822023676
15011,-0.01881235874714282
15012,-0.011924438958080513
15013,-0.04332138249583631
15014,-0.02966572360828157
15015,-0.02206844455001636
15016,-0.05674316617014785
15017,-0.15756860312534038
15018,-0.12629007434923034
15019,-0.2655269405843925
15020,-0.016443321917815973
15021,-0.08703111021765297
15022,-0.14811586689439515
15023,-0.07619382684320986
15024,-0.04427138368147999
15025,-0.025405099782924268
15026,-0.05197136493521903
15027,-0.015240936798694676
15028,-0.33452397985979676
15029,-0.10547158813659951
15030,-0.08740576729566829
15031,-0.015514937026479686
15032,-0.004513133271283755
15033,-0.2126846860781928
15034,-0.25106650447341616
15035,-0.1756288450710901
15036,-0.14779186894682406
15037,-0.04133721976528115
15038,-0.08579170006501749
15039,-0.03352982080605967
15040,-0.031995747838683225
15041,-0.07063949100495093
15042,-0.0022878299037041583
15043,-0.030148601950275578
15044,-0.28062977028996716
15045,-0.08515303409743036
15046,-0.07428357830301602
15047,-0.01112738904931368
15048,-0.06516615179178589
15049,-0.051618038167859925
15050,-0.02468800009225769
15051,-0.06746950545379263
15052,-0.048844066288529664
15053,-0.01578484620000986
15054,-0.05303727454820406
15055,-0.0901661240724182
15056,-0.07363341547528449
15057,-0.2677619978996071
15058,-0.10746536523295136
15059,-0.009906344183555849
15060,-0.16058647576435536
15061,-0.11421589887072381
15062,-0.00346752984341242
15063,-0.07649691145484375
15064,-0.016114335346431266
15065,-0.021283933899604042
15066,-0.09409510096900464
15067,-0.11102947853323263
15068,-0.07961254860207453
15069,-0.33431384056929403
15070,-0.01755446321482268
15071,-0.5115149701199795
15072,-0.07147643757606092
15073,-0.33583638247466086
15074,-0.005746415555225731
15075,-0.010616263119524821
15076,-0.07384629366049345
15077,-0.2098961130328849
15078,-0.09422884948723231
15079,-0.0062712630597022995
15080,-0.2469504382199137
15081,-0.19722625281972483
15082,-0.14296422605434778
15083,-0.009602174446447127
15084,-0.012773360278059559
15085,-0.01260824532502014
15086,-0.07314475030517154
15087,-0.14927183702879532
15088,-0.04594510614507119
15089,-0.08909846604561455
15090,-0.004104676723003765
15091,-0.10032982969863902
15092,-0.014988361781794746
15093,-0.12130557475821258
15094,-0.019364534729715006
15095,-0.07246727275428277
15096,-0.18001256420841205
15097,-0.11721619764442526
15098,-0.17461057509033573
15099,-0.04370665822807551
15100,-0.08630634157683525
15101,-0.09275690479689092
15102,-0.02946408888163627
15103,-0.03043399923243742
15104,-0.15775706368596712
15105,-0.1935047902716952
15106,-0.07482006700909308
15107,-0.07767830686006921
15108,-0.07805569105477161
15109,-0.16842595045457154
15110,-0.07271856157089174
15111,-0.1016251912647741
15112,-0.02536045411830623
15113,-0.13995290333014465
15114,-0.04202632573368792
15115,-0.1837207857050953
15116,-0.158795497272394
15117,-0.06398729522072921
15118,-0.24214671091885842
15119,-0.3100835994578137
15120,-0.39378701576670805
15121,-0.08947882402624785
15122,-0.16303108298855662
15123,-0.04794975165896853
15124,-0.09236840213371256
15125,-0.08041355237941028
15126,-0.14233851409526155
15127,-0.016446887272508787
15128,-0.07193490886377107
15129,-0.05285761680096368
15130,-0.04799538331751185
15131,-0.028230896582394034
15132,-0.028179462652880405
15133,-0.06305569445160586
15134,-0.039277245901570446
15135,-0.0589319479183108
15136,-0.017544195424400777
15137,-0.06218882632926359
15138,-0.04844558004894195
15139,-0.1315519001075427
15140,-0.17946923489670086
15141,-0.2247874094079414
15142,-0.29018988046080985
15143,-0.10122218362033708
15144,-0.0016936820479880746
15145,-0.2654297486092966
15146,-0.07176516348391548
15147,-0.004386697405424106
15148,-0.2295751311432028
15149,-0.2734859413874813
15150,-0.18189704101624216
15151,-0.01613788632216162
15152,-0.03551232046482611
15153,-0.18371686985829883
15154,-0.1696523980422051
15155,-0.22920281542031518
15156,-0.22879561489667966
15157,-0.10477750350527806
15158,-0.018723794756967616
15159,-0.16425938978181875
15160,-0.05345379898767689
15161,-0.04643359626485888
15162,-0.08998868161105111
15163,-0.03075018928010742
15164,-0.017944303381020044
15165,-0.04122302446389561
15166,-0.004875923918087034
15167,-0.16231572992408738
15168,-0.06918665458517426
15169,-0.26360408287817727
15170,-0.2445688100628396
15171,-0.4672897361206364
15172,-0.08470140159495543
15173,-0.0716279408961662
15174,-0.004233111501340099
15175,-0.06994904071712194
15176,-0.002384476979072847
15177,-0.021000704925116357
15178,-0.2861656126492065
15179,-0.04660225187728273
15180,-0.18756209525643364
15181,-0.13712872020534173
15182,-0.03974335389185457
15183,-0.06802945297154261
15184,-0.1016576835060734
15185,-0.013080180766087413
15186,-0.09930490397469349
15187,-0.08141699655741963
15188,-0.030010668501790905
15189,-0.1484350726244945
15190,-0.038489406576785595
15191,-0.10223885390962517
15192,-0.011417942914528162
15193,-0.0027326922516183252
15194,-0.07366683001226448
15195,-0.0765530448866808
15196,-0.1617389784624229
15197,-0.037092024087243686
15198,-0.06258539663225848
15199,-0.034751164359608566
15200,-0.13269358770151607
15201,-0.051517520506890985
15202,-0.07278811454026268
15203,-0.01267998707230536
15204,-0.07671324035023086
15205,-0.04108114314511771
15206,-0.019689689213720524
15207,-0.02865359402614734
15208,-0.027015574350686827
15209,-0.09898676391821917
15210,-0.028711161485472984
15211,-0.017207151697927636
15212,-0.23590601499964992
15213,-0.2105009033026386
15214,-0.05399359800965531
15215,-0.14067206157102463
15216,-0.07238941339958294
15217,-0.12196754833750223
15218,-0.015574978063770291
15219,-0.021339023735551632
15220,-0.08539278684985396
15221,-0.46978829049789717
15222,-0.2211253578049992
15223,-0.036631621018961696
15224,-0.08281812169560476
15225,-0.04520746394688316
15226,-0.029047195135188525
15227,-0.030487728635444356
15228,-0.06371221246567782
15229,-0.01389126814477415
15230,-0.05551037343691778
15231,-0.2392916322137375
15232,-0.11119256297397806
15233,-0.039489445117513206
15234,-0.20616934701849887
15235,-0.3822214505004613
15236,-0.0008098566797517803
15237,-0.3607909589915881
15238,-0.06962054629936931
15239,-0.06878211040447058
15240,-0.0675662209084611
15241,-0.06664307362089694
15242,-0.021749201733868524
15243,-0.05351892755468379
15244,-0.0038401651542426807
15245,-0.047580336394865363
15246,-0.5150085530578554
15247,-0.025962359734174822
15248,-0.12121136331163074
15249,-0.23377172829211768
15250,-0.083126216629582
15251,-0.08317991109944467
15252,-0.06168591525934097
15253,-0.03466844757821044
15254,-0.03839769835601825
15255,-0.030608929246079275
15256,-0.18006146183884342
15257,-0.0031799361266816872
15258,-0.033726020249713606
15259,-0.00011439576408916368
15260,-0.06925724610298462
15261,-0.019616109524227904
15262,-0.11762255452906789
15263,-0.14625738450772888
15264,-0.11122183491263815
15265,-0.037158409131975725
15266,-0.06053854208969889
15267,-0.035549527887120985
15268,-0.0062612478386038575
15269,-0.35936837434835944
15270,-0.05096643976151016
15271,-0.22092365314508244
15272,-0.13703307082881422
15273,-0.02727810562588967
15274,-0.020637263177353656
15275,-0.22464065461740915
15276,-0.004523549335934407
15277,-0.03664165791861951
15278,-0.1838536529268464
15279,-0.0015145939983881099
15280,-0.14119888404148506
15281,-0.009179255978878836
15282,-0.0584988977497094
15283,-0.057257692949646444
15284,-0.1197861346762008
15285,-0.024727682239064658
15286,-0.018016488475519427
15287,-0.003123573571624544
15288,-0.10767184208449021
15289,-0.010826850991305897
15290,-0.073045968082357
15291,-0.039244267187877664
15292,-0.016321564405160638
15293,-0.05705984932573605
15294,-0.031170789627792857
15295,-0.005932323977369709
15296,-0.0017149371602975844
15297,-0.1875907412713418
15298,-0.04083626037786958
15299,-0.01165845143619937
15300,-0.15078987489049356
15301,-0.10896248085043192
15302,-0.005524642470896901
15303,-0.10007254591183656
15304,-0.024306735225112508
15305,-0.008480831811180922
15306,-0.07788286704393288
15307,-0.0856424181642681
15308,-0.1809054018067049
15309,-0.2485114982833676
15310,-0.17850946777494459
15311,-0.180450210361347
15312,-0.06766599603390322
15313,-0.2079820160869642
15314,-0.1996241032357682
15315,-0.056436610243458946
15316,-0.004524980677751894
15317,-0.24213977406925302
15318,-0.142942497082736
15319,-0.009665460323564261
15320,-0.034712945270270135
15321,-0.06178629666278912
15322,-0.22416715935628595
15323,-0.007950087063189337
15324,-0.10151784895827934
15325,-0.32678511459784865
15326,-0.6236122542083056
15327,-0.17965483792440473
15328,-0.06297946571051272
15329,-0.04528600249708539
15330,-0.05390460476368597
15331,-0.18426307919526164
15332,-0.1102717431293897
15333,-0.056445546481336706
15334,-0.033746931036424094
15335,-0.06837833329482823
15336,-0.18889875470059003
15337,-0.08804905453864054
15338,-0.00295449785815996
15339,-0.051941293057897804
15340,-0.26101109200370276
15341,-0.33420860506819317
15342,-0.22106020691859563
15343,-0.02839755055527604
15344,-0.09633848010036639
15345,-0.44135237372782266
15346,-0.10725188277888487
15347,-0.05031694949142462
15348,-0.1400966155867538
15349,-0.0015512647296120896
15350,-0.06491176249577679
15351,-0.0562416869071658
15352,-0.13783494278585195
15353,-0.0907185914488543
15354,-0.057491503144178946
15355,-0.001444261491989009
15356,-0.021284779377683916
15357,-0.0968815886090213
15358,-0.10126902356809925
15359,-0.014434680145033518
15360,-0.028654082637197154
15361,-0.16535799721147315
15362,-0.02812852472300964
15363,-0.12501428277432725
15364,-0.15868217776905524
15365,-0.09685110815522258
15366,-0.006921471032319564
15367,-0.1189265505206688
15368,-0.17203895121362223
15369,-0.06401357711452696
15370,-0.049729371038775394
15371,-0.015652669749729772
15372,-0.10080163238576789
15373,-0.06680324834714302
15374,-0.05180882766953776
15375,-0.22110778164171707
15376,-0.010433337915928508
15377,-0.08826107026402852
15378,-0.2408858694456808
15379,-0.03738726535932835
15380,-0.002950219245590635
15381,-0.08120160971201962
15382,-0.020957799546126865
15383,-0.04518511537011216
15384,-0.019325244362090044
15385,-0.10317284459801401
15386,-0.016801897729907395
15387,-0.21926983694933577
15388,-0.061617044582041654
15389,-0.06876641248675919
15390,-0.0017317849456598006
15391,-0.2695495121180582
15392,-0.006113972907355186
15393,-0.06239136364277531
15394,-0.04348387934598297
15395,-0.45298816375496687
15396,-0.046878222963684275
15397,-0.13385178552804478
15398,-0.026530749363194994
15399,-0.10221907505807096
15400,-0.09858166126073309
15401,-0.432035388603369
15402,-0.12142825602220697
15403,-0.039761706343632075
15404,-0.08086228999749256
15405,-0.03899050825615882
15406,-0.019569121614326335
15407,-0.11122517899564643
15408,-0.17128468282218656
15409,-0.062408755732827004
15410,-0.014724599619385633
15411,-0.036456277969731166
15412,-0.0236018170534881
15413,-0.08113065146405418
15414,-0.01266312621181298
15415,-0.027082797796689567
15416,-0.05652364286633422
15417,-0.043305697533918
15418,-0.41117283127563553
15419,-0.0990267034113611
15420,-0.10776543853995912
15421,-0.01210298333279064
15422,-0.12541348841959424
15423,-0.00915212377260611
15424,-0.10326276459895567
15425,-0.10994001320700875
15426,-0.07754427546616435
15427,-0.05010630527189289
15428,-0.08396807693695729
15429,-0.1305562925698851
15430,-0.15315958249723582
15431,-0.007581043882806714
15432,-0.20747167817959644
15433,-0.0010113138173691374
15434,-0.025981023021078298
15435,-0.17239938984682546
15436,-0.0763534341090887
15437,-0.02402729506949053
15438,-0.18961646905323443
15439,-0.04674624362877872
15440,-0.150043022241793
15441,-0.3178769394062648
15442,-0.20301606428062025
15443,-0.08066744548621685
15444,-0.11999748388747955
15445,-0.19934382406712992
15446,-0.14659947462251255
15447,-0.10299850869907701
15448,-0.03280391146948891
15449,-0.0646370783029987
15450,-0.11336853716089668
15451,-0.10022575539663459
15452,-0.04960056218317324
15453,-0.01327231722385594
15454,-0.0729698397154519
15455,-0.06647988644203112
15456,-6.720503777301045e-05
15457,-0.1167920557895058
15458,-0.005233414049067214
15459,-0.061406253269758744
15460,-0.010609316810548997
15461,-0.056058798538529686
15462,-0.0637692020047248
15463,-0.002098906266798546
15464,-0.04412054793208997
15465,-0.0750099250709454
15466,-0.029179570031845348
15467,-0.02556273833669742
15468,-0.23869520306184455
15469,-0.01175122978262861
15470,-0.11928701452974622
15471,-0.10560563681818652
15472,-0.20376956546725866
15473,-0.007924571065571005
15474,-0.18093131862548306
15475,-0.00887821536262573
15476,-0.017323379434846964
15477,-0.00016055541635183774
15478,-0.12514485245510176
15479,-0.004624622086371405
15480,-0.18527198807255532
15481,-0.11995102965341486
15482,-0.01189890857174418
15483,-0.15643718056421188
15484,-0.048895627235507555
15485,-0.06994418432074767
15486,-0.2595019254621872
15487,-0.0076050863711610295
15488,-0.013914523769494758
15489,-4.445918405294973
15490,-0.0898651213805495
15491,-0.07737199528529581
15492,-0.009586371951801629
15493,-0.071394978607636
15494,-0.17956291491483478
15495,-0.0507187962183524
15496,-0.03742440815555639
15497,-0.017401848769256087
15498,-0.1163576312615704
15499,-0.40952050823892183
15500,-0.15820497340502293
15501,-0.016287417046812497
15502,-0.08177438865076436
15503,-0.009376865970339321
15504,-0.10508787711479076
15505,-0.14354333816466225
15506,-0.0916272964115259
15507,-0.040163152063132035
15508,-0.038858043046439805
15509,-0.016626699558321217
15510,-0.09836206700615924
15511,-0.11737346544406593
15512,-0.006222575845683616
15513,-0.01853741434700354
15514,-0.08196062764888709
15515,-0.08399869150702347
15516,-0.04026586498330653
15517,-0.047470162126768134
15518,-0.044285233458200346
15519,-0.10106065485540672
15520,-0.16324292505266857
15521,-0.008159714474769604
15522,-0.045758151380521306
15523,-0.06886571268042596
15524,-0.037233614082781585
15525,-0.026902654477039607
15526,-0.019009287512119943
15527,-0.08198582443342106
15528,-0.14473508840092963
15529,-0.12214442945870774
15530,-0.0764705054189756
15531,-0.2259643856852849
15532,-0.007322915298701577
15533,-0.08412234040567068
15534,-0.27665273330109585
15535,-0.10622067330370166
15536,-0.14626134913166888
15537,-0.029686634357659614
15538,-0.16471937492401922
15539,-0.0163242155658146
15540,-0.06307865774282873
15541,-0.006176131882976776
15542,-0.12666616881922943
15543,-0.08255409812938286
15544,-0.12573383816123773
15545,-0.0690882656718102
15546,-0.12944844422073054
15547,-0.03740709087532601
15548,-0.03541561518858641
15549,-0.026702011064691174
15550,-0.05986057785270041
15551,-0.17270938909079103
15552,-0.15825980300784181
15553,-0.07418648473796319
15554,-0.024570165768298957
15555,-0.22572077717829275
15556,-0.09598179302185628
15557,-0.21407462413553205
15558,-0.014237599530007694
15559,-0.20744728299840887
15560,-0.04110378947880433
15561,-0.07361321104408802
15562,-0.005217711190434005
15563,-0.31185721979383096
15564,-0.12620870043404953
15565,-0.07499975320190666
15566,-0.04459763579143986
15567,-0.07784786424012857
15568,-0.023727252331825044
15569,-0.04876697473025726
15570,-0.03954345802505532
15571,-0.0946186165513826
15572,-0.26330115575692803
15573,-0.08285474111689872
15574,-0.21720649425445204
15575,-0.2182611970352788
15576,-0.21010904686422738
15577,-0.12438963019647531
15578,-0.1277186155516583
15579,-0.05567730950314065
15580,-0.1938169252705838
15581,-0.08327505914151356
15582,-0.06902055847644606
15583,-0.0646106936829196
15584,-0.3040179741374036
15585,-0.07484375656112235
15586,-0.0013017787266489892
15587,-0.0903398748919435
15588,-0.05024805694674095
15589,-0.17340065215903344
15590,-0.020524406690092728
15591,-0.1724293791396452
15592,-0.14396477086093828
15593,-0.06069888652893288
15594,-0.22938550576393624
15595,-0.06385377687074723
15596,-0.11839521170680822
15597,-0.037857551682895944
15598,-0.022247175630831784
15599,-0.11090662090734726
15600,-0.05213600559760778
15601,-0.13607609351742156
15602,-0.027074227394170203
15603,-0.02861493335799517
15604,-0.04832175285491547
15605,-0.17921544870805495
15606,-0.04015113618089824
15607,-0.13064710334846757
15608,-0.07913470710715631
15609,-0.2785308066153931
15610,-0.1381708105916637
15611,-0.04155946505481678
15612,-0.012179419788535123
15613,-0.06470912506209829
15614,-0.09299691006771374
15615,-0.23167092849590354
15616,-0.01501835069692492
15617,-0.005348820428645595
15618,-0.22563494177757992
15619,-0.13871254446009562
15620,-0.15248290516594268
15621,-0.22596834025346846
15622,-0.11662014977012991
15623,-0.23033788697999036
15624,-0.011616426876790015
15625,-0.009630795771053635
15626,-0.11064922824549106
15627,-0.031543263034672364
15628,-0.22027346436661377
15629,-0.07516257211802158
15630,-0.12192118278643893
15631,-0.151010869679852
15632,-0.23725484027274035
15633,-0.09523170592713603
15634,-0.20156857132446682
15635,-0.0826067859960472
15636,-0.12711344711909778
15637,-0.10107650157539926
15638,-0.010419561157088558
15639,-0.01427825170631875
15640,-0.024948462655587263
15641,-0.05413723635873613
15642,-0.06427858516633478
15643,-0.20103777697108632
15644,-0.018766174581486612
15645,-0.036084816483032106
15646,-0.009922281001022104
15647,-0.06356105605738563
15648,-0.2826156116896077
15649,-0.033159192760846
15650,-0.021533221324885027
15651,-0.10437401794331658
15652,-0.021730813885077915
15653,-0.10577580438436607
15654,-0.02862494914818761
15655,-0.03872270800716485
15656,-0.000628857986199223
15657,-0.047037571503216996
15658,-0.11450122851991434
15659,-0.11977938828771473
15660,-0.03003105197852407
15661,-0.07391075972722128
15662,-0.003079525642649017
15663,-0.026836301950018737
15664,-0.07175607515714422
15665,-0.06516175568569979
15666,-0.035525712749939986
15667,-0.03969248666747014
15668,-0.1284342619018837
15669,-0.18146507547916724
15670,-0.0020872631173159753
15671,-0.04997270759147446
15672,-0.1443910084365161
15673,-0.013888622328964845
15674,-0.1441701205799203
15675,-0.034453559702765646
15676,-0.09859570068105983
15677,-0.01573968418197369
15678,-0.13745249709189666
15679,-0.047762265716216334
15680,-0.03634282853825477
15681,-0.06503657536746532
15682,-0.05440866261379407
15683,-0.13247733277517984
15684,-0.09711854758490379
15685,-0.03266287306190341
15686,-0.12514045469529858
15687,-0.12397754355937884
15688,-0.3727877929950285
15689,-0.11579483020200465
15690,-0.052915009334946195
15691,-0.0038945682951391503
15692,-0.2540497019821353
15693,-0.16848827593894708
15694,-0.06455927669720474
15695,-0.0389260242446815
15696,-0.041521437405234174
15697,-0.16063202409315125
15698,-0.139537710930152
15699,-0.05401474641205262
15700,-0.01801261352143771
15701,-0.11110446428073406
15702,-0.052499663413819175
15703,-0.16992988588725
15704,-0.1276224578124424
15705,-0.038056862012211146
15706,-0.1353941007665771
15707,-0.055797442770080724
15708,-0.026969501953949676
15709,-0.009537711691801573
15710,-0.09135440981670984
15711,-0.35730058446296065
15712,-0.5732673684270129
15713,-0.23064314300546984
15714,-0.0265511420784057
15715,-0.042045285644659036
15716,-0.28129583005160663
15717,-0.3693946425281479
15718,-0.18286228581556552
15719,-0.043894711751762294
15720,-0.01918037714821625
15721,-0.03191710834832951
15722,-0.01347770835350029
15723,-0.02483379089656959
15724,-0.10420822384509554
15725,-0.08251828178593046
15726,-0.09033220817174226
15727,-0.38106143780238
15728,-0.05865398247140163
15729,-0.008590632602864662
15730,-0.08815848483004951
15731,-0.08620912796568947
15732,-0.08130037347791108
15733,-0.09055966415024574
15734,-0.18893011843705676
15735,-0.10342962538620493
15736,-0.0013234920398846831
15737,-0.03829362718259023
15738,-0.04711735550432128
15739,-0.06043768279854567
15740,-0.09249817760320145
15741,-0.0926758481197939
15742,-0.328071711364403
15743,-0.05808982418991626
15744,-0.08220318629370604
15745,-0.04307423289527379
15746,-0.033836130587689334
15747,-0.10089826270651692
15748,-0.2468738082545383
15749,-0.03590606434542176
15750,-0.009874792111143338
15751,-0.010712308933499677
15752,-0.06352388750014415
15753,-0.012548184747029123
15754,-0.06449498104892815
15755,-0.005567495400518735
15756,-0.06279466229373892
15757,-0.3127827570980887
15758,-0.007876745190868902
15759,-0.014988457081672847
15760,-0.005298483646372337
15761,-0.040597557727607314
15762,-0.1659667249664043
15763,-0.14282952046838127
15764,-0.05941043925719924
15765,-0.01805670764906267
15766,-0.1357915296376806
15767,-0.14318462562480658
15768,-0.13646691982984738
15769,-0.0029309871083833053
15770,-0.08369563876235953
15771,-0.08908838774121096
15772,-0.14511036313924722
15773,-0.021060864807753488
15774,-0.02982800417671911
15775,-0.05418960821066687
15776,-0.21840460531699657
15777,-0.1080097997052798
15778,-0.03392906555469267
15779,-0.07757828296543723
15780,-0.05871110419018566
15781,-0.03437490718638303
15782,-0.10879491031907644
15783,-0.031209155690465895
15784,-0.10768096067548161
15785,-0.002514849073581616
15786,-0.007477228022669162
15787,-0.075167505894348
15788,-0.019225051847061914
15789,-0.11963119398999977
15790,-0.08382537130042009
15791,-0.077043496733679
15792,-0.047556083780878056
15793,-0.02713098863542221
15794,-0.19021103118533
15795,-0.09526363936280591
15796,-0.0447060432902574
15797,-0.06813067850018317
15798,-0.2046127782653291
15799,-0.017006928837354107
15800,-0.008437717838112934
15801,-0.1336055290147784
15802,-0.026804106551200357
15803,-0.09228654339617448
15804,-0.015085473828349572
15805,-0.03904745568675708
15806,-0.01931620910401835
15807,-0.075792025640012
15808,-0.20141502640967923
15809,-0.030439771252491005
15810,-0.1935753783993529
15811,-0.20220659073686578
15812,-0.12222767188730746
15813,-0.0014030322745463052
15814,-0.0193552604515157
15815,-0.06764665731738129
15816,-0.13309556671203282
15817,-0.04303709616075819
15818,-0.03185968519170235
15819,-0.13367332768360685
15820,-0.04336527454192052
15821,-0.0070664290310944525
15822,-0.1562101774190171
15823,-0.0025416133848632644
15824,-0.02699801759226994
15825,-0.044841700864820755
15826,-0.06325219766107637
15827,-0.15295471353562906
15828,-0.05915778403228078
15829,-0.07741975035519255
15830,-0.003724231294879983
15831,-0.17528035876265102
15832,-0.021002916848420622
15833,-0.010455474600786219
15834,-0.2670168924464811
15835,-0.0987165031522619
15836,-0.06925701795878203
15837,-0.4389845566044883
15838,-0.015334318307127504
15839,-0.0038670079854536566
15840,-0.04586785400648055
15841,-0.3308930455903649
15842,-0.1319557089054061
15843,-0.03952032490525628
15844,-0.030506025970146955
15845,-0.08497293947657136
15846,-0.19750160801258554
15847,-0.15973026953950153
15848,-0.045099154352687965
15849,-0.13947490712131574
15850,-0.4817269986083823
15851,-0.12589384994227437
15852,-0.5367573822520946
15853,-0.05884922601085307
15854,-0.005954946355140628
15855,-0.060607865033189184
15856,-0.007401099825607481
15857,-0.02384358075798032
15858,-0.20867923457680881
15859,-0.008723339631902645
15860,-0.025112957316978407
15861,-0.15707470379408495
15862,-0.2186824230609875
15863,-0.15543864798268547
15864,-0.05913085654490324
15865,-0.08332079331921671
15866,-0.1436796670492059
15867,-0.11196515477544455
15868,-0.025304039372507053
15869,-0.16051258305761573
15870,-0.009989350557850885
15871,-0.008715631030153832
15872,-0.06536330249955705
15873,-0.22209079182052882
15874,-0.024581227933613455
15875,-0.12777416209935144
15876,-0.19887565590612732
15877,-0.02725249352808723
15878,-0.01792224811011034
15879,-0.12019700053504023
15880,-0.01119245505395234
15881,-0.04419745129329223
15882,-0.03322369167840314
15883,-0.10508713186484633
15884,-0.002958255773007075
15885,-0.034027227879074924
15886,-0.04761420318858803
15887,-0.001689356443193575
15888,-0.14231818222966597
15889,-0.15287230782554895
15890,-0.05077145960924112
15891,-0.29519272160563803
15892,-0.02540425341950569
15893,-0.10495706091876596
15894,-0.04946775444235091
15895,-0.10450314824916707
15896,-0.07723569063289348
15897,-0.020571397388000734
15898,-0.06049824737194287
15899,-0.04126407689658537
15900,-0.0378266589363051
15901,-0.036312174335556675
15902,-0.4747130268644373
15903,-0.1543513290224845
15904,-0.13923210343573533
15905,-0.0030725850884021633
15906,-0.10289787176449405
15907,-0.011508335638215322
15908,-0.039788296295282743
15909,-0.11802433442084226
15910,-0.060336601926087585
15911,-0.07829983583634814
15912,-0.08773285729903435
15913,-0.010221593272849605
15914,-0.16034761423737542
15915,-0.21160796853357278
15916,-0.06072208356685538
15917,-0.02981122011891646
15918,-0.05560680318154987
15919,-0.03309854332611043
15920,-0.004500934679578019
15921,-0.06439611901262454
15922,-0.021243584774694353
15923,-0.022664440119742932
15924,-0.08780403773541368
15925,-0.015994228043160717
15926,-0.05699386942852114
15927,-0.03568360727226952
15928,-0.014066228934066866
15929,-0.1222198853096157
15930,-0.10568615148139537
15931,-0.11011479768927135
15932,-0.0036704441744687833
15933,-0.04935317729277691
15934,-0.18070511830682168
15935,-0.20239671111734836
15936,-0.052545127044387324
15937,-0.022227458510016534
15938,-0.018652331678992967
15939,-0.03659330594351362
15940,-0.003686563415100652
15941,-0.08939528816814146
15942,-0.13091997287276114
15943,-0.08175843279854833
15944,-0.02461124915265922
15945,-0.24352425481550455
15946,-0.0027797408144229208
15947,-0.020220430094538725
15948,-0.011257446642540421
15949,-0.0286232085208199
15950,-0.08018807769758673
15951,-0.049095638711916384
15952,-0.23483974878028796
15953,-0.15561173050659427
15954,-0.060715902656533594
15955,-0.2176880487539723
15956,-0.00033834896955615214
15957,-0.3118127522364419
15958,-0.06059997675485207
15959,-0.007839566282193157
15960,-0.07794097827849811
15961,-0.023210660208465517
15962,-0.020758727947339378
15963,-0.1354604148318228
15964,-0.03325225130976795
15965,-0.23531493836889184
15966,-0.20745716178574014
15967,-0.12559790728538633
15968,-0.12410852350829876
15969,-0.16580273573533022
15970,-0.009588448606018362
15971,-0.16916462637712837
15972,-0.1787992021730873
15973,-0.08226880895530231
15974,-0.039051590898618316
15975,-0.008447026255174381
15976,-0.08387740299140223
15977,-0.04385954913300261
15978,-0.012891856902224608
15979,-0.25536247949443913
15980,-0.14639366630678197
15981,-0.0039323879010634555
15982,-0.07684142669126992
15983,-0.06043142043711136
15984,-0.00827943666186315
15985,-0.3208219727555926
15986,-0.0135540640342178
15987,-0.09067478444207977
15988,-0.06292463248200131
15989,-0.1272462223474946
15990,-0.19575755618676294
15991,-0.21496325415249207
15992,-0.03803870778389451
15993,-0.029180315386807126
15994,-0.4060655161280682
15995,-0.11966332353781306
15996,-0.24922402758635442
15997,-0.08205547441582306
15998,-0.09249519302707176
15999,-0.13390252110306536
16000,-0.06673313740090092
16001,-0.21525032064312388
16002,-0.0550151629989393
16003,-0.09711973810116963
16004,-0.44707420747419646
16005,-0.006089898760726882
16006,-0.6380071616684422
16007,-0.16005940428789495
16008,-0.04832017639558617
16009,-0.13817451486142618
16010,-0.02999909767388987
16011,-0.05149008000653968
16012,-0.1293147133200147
16013,-0.087525755091582
16014,-0.028953704008786857
16015,-0.01345497743863356
16016,-0.031943031438771224
16017,-0.17166068810958457
16018,-0.1696493239819845
16019,-0.14429189574212853
16020,-0.08538557418901568
16021,-0.027652358708956548
16022,-0.09389730031314514
16023,-0.004312716259929801
16024,-0.13365435893611277
16025,-0.016798176306660147
16026,-0.07300630786796436
16027,-0.023150803598960046
16028,-0.12386618063652975
16029,-0.2476255639670435
16030,-0.056972932159007894
16031,-0.050821748105727045
16032,-0.016471180586615813
16033,-0.14698857160739554
16034,-0.06890777159988606
16035,-0.03422090473105699
16036,-0.18048592074112868
16037,-0.22179266525379784
16038,-0.07154162752617224
16039,-0.06282216214212588
16040,-0.025263126801329906
16041,-0.01182676762664761
16042,-0.1108995831902182
16043,-0.26768791507762346
16044,-0.017861044805990822
16045,-0.0224319200633728
16046,-0.02347716244532827
16047,-0.06799373405397802
16048,-0.044876653763319396
16049,-0.07458379240114058
16050,-0.05187898079872855
16051,-0.09759934982867782
16052,-0.021001843396249692
16053,-0.0337841808449868
16054,-0.059988287152511255
16055,-0.1606196520641352
16056,-0.08280860584996363
16057,-0.05483643226737884
16058,-0.07114644144640414
16059,-0.25847898563955995
16060,-0.1340768381548405
16061,-0.4856568630856444
16062,-0.20505011289587927
16063,-0.20703180652721376
16064,-0.1718021548213109
16065,-0.24180816974395924
16066,-0.05723761942380634
16067,-0.07018532221900645
16068,-0.0534882562983215
16069,-0.006518668111067744
16070,-0.08910435414485385
16071,-0.2045544986795349
16072,-0.19082014713563078
16073,-0.13831117871012788
16074,-0.03237087697682217
16075,-0.0014709145653508063
16076,-0.07544169082764968
16077,-0.25455775843891637
16078,-0.1424796296572587
16079,-0.08303190341586245
16080,-0.03921405873737041
16081,-0.14795078000678974
16082,-0.028433814963314763
16083,-0.05708632581797879
16084,-0.03493828167932301
16085,-0.04422683286530005
16086,-0.18490749722223443
16087,-0.17803920696536446
16088,-0.14198226803481184
16089,-0.05469534092513342
16090,-0.10623077354581734
16091,-0.1653620712457382
16092,-0.12199750207251264
16093,-0.10068834958529127
16094,-0.12178229540144025
16095,-0.11127966119987287
16096,-0.028074690862009755
16097,-0.07663298158656018
16098,-0.009427199629126748
16099,-0.3642729026521909
16100,-0.033962850195223604
16101,-0.04056490469944063
16102,-0.017347864522996637
16103,-0.010775717752307679
16104,-0.02335579857036607
16105,-0.020580757016922968
16106,-0.1914218708441685
16107,-0.15807691000982918
16108,-0.3582675450829911
16109,-0.1380192779884111
16110,-0.19725441880781347
16111,-0.0359881571413814
16112,-0.22954787129416632
16113,-0.16504446416596297
16114,-0.10119356604786425
16115,-0.02667578488393052
16116,-0.2538448000768092
16117,-0.048182398081940137
16118,-0.026240998298998758
16119,-0.029710824980785505
16120,-0.008078947560402928
16121,-0.23408848297385987
16122,-0.13760497955490836
16123,-0.01430949878404289
16124,-0.17189738385009523
16125,-0.3677156242992581
16126,-0.1410180110875211
16127,-0.02719669593064611
16128,-0.15584505206431665
16129,-0.11471725749644135
16130,-0.1710161329696991
16131,-0.059086832202888795
16132,-0.13493337764637972
16133,-0.16684659540044616
16134,-0.21159396307406908
16135,-0.006009015635884213
16136,-0.07637288134846765
16137,-0.005856857421088352
16138,-0.00179849778354404
16139,-0.007749802256289441
16140,-0.07772550734882103
16141,-0.11009751221052488
16142,-0.45468738378970386
16143,-0.024920474899176925
16144,-0.0032471345181884007
16145,-0.09471194847677111
16146,-0.008789774092686282
16147,-0.10715865606739987
16148,-0.11078889290949157
16149,-0.2187868103907995
16150,-0.45064121221059006
16151,-0.08867170934909885
16152,-0.031936371641272054
16153,-0.03295054222680993
16154,-0.08106981884943787
16155,-0.029841364836520556
16156,-0.015381346392254802
16157,-0.13242859891860193
16158,-0.12373511366614098
16159,-0.47596777253333444
16160,-0.07381575474406432
16161,-0.026668284722032483
16162,-0.04953368201327912
16163,-0.31190718870553624
16164,-0.01205127967611122
16165,-0.11931202715486716
16166,-0.24089243699028273
16167,-0.020260320586357322
16168,-0.009851819731086453
16169,-0.1012099072285029
16170,-0.04811328348642541
16171,-0.15732604596743027
16172,-0.10955214425592619
16173,-0.1760853876538323
16174,-0.01277172493655146
16175,-0.11028400816467117
16176,-0.5002147941140103
16177,-0.4664816278078727
16178,-0.07007885447076101
16179,-0.21090407695378177
16180,-0.024378914177840667
16181,-0.0543197718806377
16182,-0.03310995572576181
16183,-0.0298657625946942
16184,-0.016826917098684058
16185,-0.04851270118280694
16186,-0.0021354590804127747
16187,-0.12326294550344219
16188,-0.11431788970264778
16189,-0.12763582149658304
16190,-0.04030054113660919
16191,-0.02957166455496485
16192,-0.062420373720553646
16193,-0.008454546602047532
16194,-0.17115036904577652
16195,-0.16132913767060675
16196,-0.05010772611672357
16197,-0.06831480619805286
16198,-0.11456905636881576
16199,-0.009335165860945793
16200,-0.05654972532790581
16201,-0.05286424063441681
16202,-0.06774123706231583
16203,-0.19916392128572014
16204,-0.020856069517758202
16205,-0.01996632971450263
16206,-0.15513583619652227
16207,-0.02860708855927019
16208,-0.19609178470892819
16209,-0.07276206365139004
16210,-0.06569331612198426
16211,-0.0412109196270494
16212,-0.14047103907003422
16213,-0.05578311324114171
16214,-0.013069532742573227
16215,-0.1029347507330387
16216,-0.07430652528726037
16217,-0.02023894410324667
16218,-0.051717786172460374
16219,-0.06507204074925606
16220,-0.16046787381335836
16221,-0.001513859885607977
16222,-0.13908644741163956
16223,-0.027233255091132613
16224,-0.319264250152973
16225,-0.1890400446858812
16226,-0.2966948693066698
16227,-0.1265854017786401
16228,-0.05559769571712714
16229,-0.2866493555938221
16230,-0.022684916567788288
16231,-0.02055420133306154
16232,-0.025603169531118606
16233,-0.03743440216273819
16234,-0.1035727267072426
16235,-0.11918211002075596
16236,-0.08023299279831789
16237,-0.15148063223611263
16238,-0.023950747804032398
16239,-0.019979287947039653
16240,-0.007618137915233608
16241,-0.0009189987392201424
16242,-0.17977588291257451
16243,-0.043511731713768126
16244,-0.22924735982071676
16245,-0.22507618434444246
16246,-0.0025956959814472935
16247,-0.07774504109237246
16248,-0.06256784339160681
16249,-0.02232336619001629
16250,-0.00481503747174955
16251,-0.26135446301805176
16252,-0.3690218478881069
16253,-0.052524905780385045
16254,-0.05721470342352622
16255,-0.10085926954998492
16256,-0.11651737851150756
16257,-0.036703155305335494
16258,-0.0933217724512474
16259,-0.03200882018737023
16260,-0.26082247750022924
16261,-0.0015789677933158233
16262,-0.36501043840615255
16263,-0.003930020382018208
16264,-0.020744006605279766
16265,-0.04306001070986201
16266,-0.10596719422803005
16267,-0.004282896139971661
16268,-0.04941665379542581
16269,-0.48552554070889375
16270,-0.0681200175191439
16271,-0.031704083183694554
16272,-0.29636792173777426
16273,-0.12508153215937945
16274,-0.11945922226332728
16275,-0.24304776998878497
16276,-0.2156548897341506
16277,-0.03521399339866904
16278,-0.42377095381008134
16279,-0.013788570081050673
16280,-0.03570325349930514
16281,-0.13442107385074076
16282,-0.015558643109481102
16283,-0.1605017745030094
16284,-0.02136747468501627
16285,-0.03924407606004099
16286,-0.0039097806835513855
16287,-0.07165485498338156
16288,-0.04846216465771669
16289,-0.04413132791775409
16290,-0.028720993108401344
16291,-0.007701671703320284
16292,-0.028330265894989555
16293,-0.07726711141772571
16294,-0.1029554967657278
16295,-0.017779267757459666
16296,-0.06224747277589949
16297,-0.01783846912695977
16298,-0.05195796118186824
16299,-0.21344474951601058
16300,-0.06522298210306998
16301,-0.0007444239022565175
16302,-0.11713796046803016
16303,-0.061756709174739854
16304,-0.12050449081717668
16305,-0.022125627149426126
16306,-0.12697930148940995
16307,-0.0111353330475297
16308,-0.053684534390305405
16309,-0.05879765067213635
16310,-0.1604554315215556
16311,-0.10252388983428107
16312,-0.1591433881196913
16313,-0.45632677786174414
16314,-0.04240470415041442
16315,-0.0034044339222522035
16316,-0.03468874695634239
16317,-0.011317976858072544
16318,-0.10724711412156518
16319,-0.24579170267611916
16320,-0.11120520422130742
16321,-0.013410480517788426
16322,-0.07276427634324911
16323,-0.029328145097887642
16324,-0.08674290954872976
16325,-0.04272234704733941
16326,-0.051645246382585164
16327,-0.3055286155286474
16328,-0.20325971039498214
16329,-0.07830249170123971
16330,-0.01871114456420689
16331,-0.02172145779657611
16332,-0.03760373092734821
16333,-0.10003097598890742
16334,-0.30632911958426456
16335,-0.024659066901864812
16336,-0.20254633044568537
16337,-0.044042666358646274
16338,-0.08076237455551061
16339,-0.04313201787538112
16340,-0.020181662060181904
16341,-0.09572287614612067
16342,-0.2118516642974411
16343,-0.10654035519457228
16344,-0.14820506357247662
16345,-0.027943949916630406
16346,-0.07614478052856244
16347,-0.22028536798755805
16348,-0.19052235070072968
16349,-0.11905340809500453
16350,-0.2981114524961983
16351,-0.019861620366281058
16352,-0.06299129906758572
16353,-0.022131947167697286
16354,-0.03454929062422896
16355,-0.04550525707177577
16356,-0.003318914353540318
16357,-0.029008802614657353
16358,-0.025391211939235547
16359,-0.06916206252588397
16360,-0.06294411178161011
16361,-0.07884944408786779
16362,-0.09380157016767936
16363,-0.011843985187320494
16364,-0.08655740306427795
16365,-0.3606427362484883
16366,-0.007350389035053036
16367,-0.4316427161443759
16368,-0.23699347054956466
16369,-0.04807828941832781
16370,-0.06651920421570212
16371,-0.022272047876223652
16372,-0.021908249196054386
16373,-0.4129981351708456
16374,-0.007805392461191163
16375,-0.008453401247433129
16376,-0.05541520851869028
16377,-0.009191534947499642
16378,-0.08896554174501753
16379,-0.02947031574279608
16380,-0.05278780688954535
16381,-0.05200727961180807
16382,-0.06289890619604377
16383,-0.04529933995585436
16384,-0.3625943803399593
16385,-0.049269847915833886
16386,-0.014981606794381569
16387,-0.04451269518385249
16388,-0.031434394082352046
16389,-0.03299230524936514
16390,-0.1517326227662822
16391,-0.11043826023604542
16392,-0.07353793048425053
16393,-0.15770261230618488
16394,-0.04651619970764742
16395,-0.34416963979664894
16396,-0.0620778132625751
16397,-0.15199603677381923
16398,-0.055520474863357094
16399,-0.3067136487794261
16400,-0.0015664957260758255
16401,-0.05057199222483678
16402,-0.1816036609924534
16403,-0.004043272324391516
16404,-0.1572653992475087
16405,-0.06298056865052581
16406,-0.016327819209400518
16407,-0.09132276899850433
16408,-0.14822826530927216
16409,-0.07115542104338957
16410,-0.15205479508665043
16411,-0.0808486744787591
16412,-0.007900233040149317
16413,-0.1196440231630973
16414,-0.06013281537400819
16415,-0.11109199997501173
16416,-0.13334175390142677
16417,-0.05135330334050903
16418,-0.00828035000997343
16419,-0.08397632675841271
16420,-0.06620689690132764
16421,-0.02056085348625017
16422,-0.09837631749115339
16423,-0.08750973802143236
16424,-0.1575891228016958
16425,-0.0033744999043526587
16426,-0.16315999950345672
16427,-0.09418607923639621
16428,-0.1241354240042081
16429,-0.007553060140609802
16430,-0.296755225113819
16431,-0.11608516167197769
16432,-0.28941608675633956
16433,-0.026667058851995495
16434,-0.002482662898599299
16435,-0.018461487939725574
16436,-0.1284094538633096
16437,-0.009113132178039024
16438,-0.1775650408561238
16439,-0.13016376061178686
16440,-0.21867340535886237
16441,-0.2232925172345438
16442,-0.014652915257976767
16443,-0.13864796055939188
16444,-0.009312240933157856
16445,-0.038312221339884656
16446,-0.02439074027313526
16447,-0.37828532370186396
16448,-0.10117754014016933
16449,-0.03390738551400718
16450,-0.06242847389529674
16451,-0.35262074010629807
16452,-0.005126962212105603
16453,-0.01149524773260302
16454,-0.14447597539279589
16455,-0.05455279758759313
16456,-0.022733312875309136
16457,-0.001780685906728462
16458,-0.062277760572422985
16459,-0.18715694771039518
16460,-0.13244805004061
16461,-0.011604322677082323
16462,-0.011299909216983
16463,-0.01816577182730353
16464,-0.0018609796291000225
16465,-0.05049494543620872
16466,-0.048668023312761655
16467,-0.01136925566397995
16468,-0.03194277080376285
16469,-0.010670259135559412
16470,-0.0072628032324475456
16471,-0.02966043442112576
16472,-0.033942642772152753
16473,-0.013266107929091527
16474,-0.03892702334777676
16475,-0.006574706733485258
16476,-0.48876403943988267
16477,-0.013635854549551409
16478,-0.0026178799205167427
16479,-0.08431230675168122
16480,-0.019323659623975087
16481,-0.0196286402109436
16482,-0.07322022336049042
16483,-0.039686948817444834
16484,-0.10228077852931075
16485,-0.02593030181870848
16486,-0.10558923594207814
16487,-0.1372224554726068
16488,-0.02105298681199763
16489,-0.13835780673895437
16490,-0.03412260910501292
16491,-0.18262533114064627
16492,-0.31688904468051726
16493,-0.08342298731795639
16494,-0.028312818078920943
16495,-0.08746851045473852
16496,-0.04968236078645649
16497,-0.03964341810906505
16498,-0.011087228813688526
16499,-0.08419522589640388
16500,-0.06497346373045731
16501,-0.07976914595405737
16502,-0.011422111135204274
16503,-0.0027776374764898718
16504,-0.15895626469359492
16505,-0.06364702482446974
16506,-0.06416027457972762
16507,-0.02420180850283596
16508,-0.07119129880121111
16509,-0.2196286988443319
16510,-0.023820467761029307
16511,-0.16442603571270642
16512,-0.01747124088762831
16513,-0.13065352175501221
16514,-0.07076361480032711
16515,-0.07523171534018191
16516,-0.13798609387812955
16517,-0.021297327592786908
16518,-0.07487920055637709
16519,-0.09058159172111724
16520,-0.19219256480319302
16521,-0.037149655582287694
16522,-0.023293535488791234
16523,-2.0602661005256448e-06
16524,-0.02539661780417049
16525,-0.06176650042153676
16526,-0.04252244722020271
16527,-0.00024309025548522635
16528,-0.061915297076335814
16529,-0.014202809661115895
16530,-0.15418292713996085
16531,-0.06071639168016019
16532,-0.06590017369445811
16533,-0.0037418686721344754
16534,-0.023831804376677153
16535,-0.008028009005158349
16536,-0.01967080444448646
16537,-0.031307254232158965
16538,-0.31494300960743127
16539,-0.031534024209123546
16540,-0.03789401573114226
16541,-0.022859886111750743
16542,-0.07571628187987536
16543,-0.060118722338440275
16544,-0.02014185304302424
16545,-0.037788569457116755
16546,-0.015869814323780627
16547,-0.22407288560334138
16548,-0.009306565819467594
16549,-0.08101418774972216
16550,-0.07936570199025716
16551,-0.008112975710104529
16552,-0.0396150156481917
16553,-0.04111540664446567
16554,-0.020362817013612707
16555,-0.008755118975072036
16556,-0.07559438623466763
16557,-0.0016214237801335453
16558,-0.00758224565242676
16559,-0.24401249500551403
16560,-0.22297771823086876
16561,-0.05296371590494475
16562,-0.16728397742604706
16563,-0.027216392428937475
16564,-0.048524597419215554
16565,-0.12943025028602229
16566,-0.06495847507122365
16567,-0.05144634801573578
16568,-0.0066256580687321445
16569,-0.017375565397093062
16570,-0.22685906458832394
16571,-0.07358408444423248
16572,-0.022593839112232672
16573,-0.08825128360781287
16574,-0.04171702190524451
16575,-0.037908952621073855
16576,-0.012755316176458004
16577,-0.020609530574208917
16578,-0.18321899874680847
16579,-0.062093060286250196
16580,-0.07910263334003986
16581,-0.04822278902434411
16582,-0.03424130908637804
16583,-0.06275220111595736
16584,-0.1124217488602729
16585,-0.10577298704289007
16586,-0.05568765212009119
16587,-0.19065329089807515
16588,-0.19786174257416367
16589,-0.018925711378138588
16590,-0.03652992362039271
16591,-0.0038171980083812063
16592,-0.021805830632242312
16593,-0.035459280778580765
16594,-0.3428114071025221
16595,-0.09917803252882651
16596,-0.005433150129008753
16597,-0.03880830263462481
16598,-0.18779894334478453
16599,-0.2965395686008093
16600,-0.03592991709958415
16601,-0.059957924930927414
16602,-0.10488202026613413
16603,-0.07206748063539914
16604,-0.1594570130875046
16605,-0.25776095613817535
16606,-0.2148608676100725
16607,-0.021928092944876187
16608,-0.010584771293028651
16609,-0.08278180163540666
16610,-0.003676708189305791
16611,-0.019746355146624935
16612,-0.03707315783503451
16613,-0.0926113888004757
16614,-0.12022312726522877
16615,-0.03017118472925953
16616,-0.09597016146967008
16617,-0.015170641341429564
16618,-0.027785241874932427
16619,-0.19716628176590456
16620,-0.13827759696936903
16621,-0.2445943446160073
16622,-0.02810796252312564
16623,-0.10991529242094622
16624,-0.013421383787511815
16625,-0.025716019188390088
16626,-0.210907979263375
16627,-0.42882395390994255
16628,-0.009852400673940338
16629,-0.11722749575366187
16630,-0.0509979844125259
16631,-0.10673766433807297
16632,-0.014352581834126799
16633,-0.003963954383325204
16634,-0.15370606642891638
16635,-0.02239509583960432
16636,-0.030800347414506324
16637,-0.001168147100623043
16638,-0.03583995244130117
16639,-0.009438825433975895
16640,-0.0888981451704347
16641,-0.13829690510739712
16642,-0.08587964867453213
16643,-0.057288297583660275
16644,-0.08132341632386819
16645,-0.05591761111396254
16646,-0.20758189888237855
16647,-0.15103962076964905
16648,-0.0009611379030735698
16649,-0.12728500866300874
16650,-0.016739946837577388
16651,-0.01288303437409799
16652,-0.07744182017538437
16653,-0.19991519736793828
16654,-0.07666095702641151
16655,-0.011741860195000148
16656,-0.01884670260250998
16657,-0.02662968101891927
16658,-0.20710620903835286
16659,-0.010303405988429278
16660,-0.14193524979879868
16661,-0.037384239634345784
16662,-0.1189535198592618
16663,-0.04923340382724329
16664,-0.3794979799283613
16665,-0.042307964375991824
16666,-0.14540207111085224
16667,-0.002982250663684948
16668,-0.11297716769246346
16669,-0.1852695098118482
16670,-0.022101001400614453
16671,-0.006474978844889512
16672,-0.049774964470215455
16673,-0.024769212112082557
16674,-0.13265254972425033
16675,-0.06158929384605785
16676,-0.24191673513931988
16677,-0.1792401853777026
16678,-0.09916849056649513
16679,-0.0968406967282438
16680,-0.019526789089405527
16681,-0.48855209796177335
16682,-0.2940341174173273
16683,-0.21620543211257173
16684,-0.017976404764263938
16685,-0.21466331778565373
16686,-0.10935645550402218
16687,-0.1597016230311974
16688,-0.04786764740258154
16689,-0.16072647932233552
16690,-0.3084479011024328
16691,-0.08775427973908473
16692,-0.01226089109773848
16693,-0.19060757226756886
16694,-0.17504326498639078
16695,-0.03956212002228494
16696,-0.019713131151572805
16697,-0.06768772022867856
16698,-0.06700885605196161
16699,-0.11686833268736958
16700,-0.020675083513868486
16701,-0.021997302822080345
16702,-0.030902416480537043
16703,-0.16159410601573265
16704,-0.19151161622745327
16705,-0.002704219495452855
16706,-0.08624506589917136
16707,-0.023432073288943506
16708,-0.08779784125036916
16709,-0.1579335869009677
16710,-0.22753887265128236
16711,-0.03417012044186862
16712,-0.047089931896327486
16713,-0.1108704504492142
16714,-0.020114788171373132
16715,-0.11656847386263769
16716,-0.06567658065415716
16717,-0.034390736454819604
16718,-0.06192717821481766
16719,-0.0021372746817262273
16720,-0.07368164749153971
16721,-0.12264484542950849
16722,-0.08687947779022043
16723,-0.05157451408599956
16724,-0.0077869477960615385
16725,-0.10146439200111956
16726,-0.0006129636331254355
16727,-0.0607039634174088
16728,-0.09539532610995005
16729,-0.028794841539279137
16730,-0.003067432195181241
16731,-0.038471922214436405
16732,-0.15383049801668536
16733,-0.0010716308214783477
16734,-0.20577981841936677
16735,-0.07831672158620684
16736,-0.026766286190866434
16737,-0.044534221826104475
16738,-0.03810606153165097
16739,-0.017338509761379434
16740,-0.2031762341496255
16741,-0.013441767771275488
16742,-0.17522947753230433
16743,-0.21783321453974658
16744,-0.01526940289795109
16745,-0.355315694343566
16746,-0.11832942800473047
16747,-0.10099377955270938
16748,-0.1825711258772853
16749,-0.050696216055235443
16750,-0.03716962291156278
16751,-0.07486948839946095
16752,-0.020055386901511492
16753,-0.20349566935760904
16754,-0.07444488402429927
16755,-0.031814528769918415
16756,-0.16622174597852002
16757,-0.16221677440038207
16758,-0.056236591660466684
16759,-0.006645100001659993
16760,-0.11103603854882638
16761,-0.15502874498597755
16762,-0.12570531261086337
16763,-0.09517510771962634
16764,-0.14477931963887025
16765,-0.12253738519795265
16766,-0.06943760396017895
16767,-0.20503040217083604
16768,-0.019262618652371173
16769,-0.017580703242497525
16770,-0.2503309623175287
16771,-0.24782500494222193
16772,-0.13799067994160918
16773,-0.008182760460365833
16774,-0.042158950366605996
16775,-0.0021680409711944404
16776,-0.016343422138800023
16777,-0.05280430591792851
16778,-0.12174771731928369
16779,-0.01658213173270709
16780,-0.07059674769514401
16781,-0.018895637546761823
16782,-0.07683707818723917
16783,-0.035675047218171226
16784,-0.06724878803798587
16785,-0.04717975794194376
16786,-0.0009393039214311148
16787,-0.10985225432288548
16788,-0.30912982133995826
16789,-0.025975303618854056
16790,-0.1249483058648673
16791,-0.056443031447770964
16792,-0.05865242380997415
16793,-0.03188271230270416
16794,-0.03215731440695936
16795,-0.2285165398117468
16796,-0.24249436629856547
16797,-0.21456696457688065
16798,-0.018530362150679963
16799,-0.14572083623243748
16800,-0.46607808064363354
16801,-0.025672052066969125
16802,-0.31811031374640564
16803,-0.0019903705772821856
16804,-0.03312782335820266
16805,-0.1479191175636263
16806,-0.007282598827208872
16807,-0.058812984729413015
16808,-0.08628773167571158
16809,-0.08165607569084887
16810,-0.03310440543001631
16811,-0.20400271627030364
16812,-0.06658024959198608
16813,-0.1379702468010784
16814,-0.05548015312654298
16815,-0.1680977857660051
16816,-0.35132456465531314
16817,-0.08189228465342957
16818,-0.04756725896827854
16819,-0.19623173749540357
16820,-0.027123758937214193
16821,-0.051985068972008504
16822,-0.13448252088932755
16823,-0.023741040774144517
16824,-0.027094350126576683
16825,-0.06508248977402206
16826,-0.18159477880379205
16827,-0.10168229270051521
16828,-0.012122533188103551
16829,-0.10235532927313518
16830,-0.1466629667720117
16831,-0.004239580448641383
16832,-0.45496838598710454
16833,-0.025658250705456798
16834,-0.04178470407502524
16835,-0.01868483420941998
16836,-0.006897442759784563
16837,-0.04936232318900402
16838,-0.04458590017123232
16839,-0.0008831745567468058
16840,-0.15445109280975977
16841,-0.0705421738266776
16842,-0.0031416685505449645
16843,-0.07706893688154581
16844,-0.03143331887595169
16845,-0.055185108242319036
16846,-0.08333421997384718
16847,-0.04414960244909738
16848,-0.15430574460900504
16849,-0.2636882848532043
16850,-0.09022699319924898
16851,-0.06953872058090704
16852,-0.06572234086492168
16853,-0.0063482375476825725
16854,-0.0019353584507991132
16855,-0.5283726038667713
16856,-0.013356287341471491
16857,-0.1733036809029897
16858,-0.004513759724520734
16859,-0.13015214918007922
16860,-0.14363159999924457
16861,-0.06316449829390436
16862,-0.11418403818859568
16863,-0.06289426249093835
16864,-0.005034865538059707
16865,-0.05203276252286004
16866,-0.1295772275473306
16867,-0.16084845207992204
16868,-0.12528616986324526
16869,-0.14682477292115736
16870,-0.05205281106523629
16871,-0.07191487944718633
16872,-0.16007825416738378
16873,-0.18633601976887704
16874,-0.0011841873999927643
16875,-0.0247557931717799
16876,-0.2503286368540216
16877,-0.04805362894300391
16878,-0.4263004834036863
16879,-0.03770107873670325
16880,-0.18027675828934164
16881,-0.07061791313775523
16882,-0.08711222213536207
16883,-0.07211969799854945
16884,-0.35962461676420254
16885,-0.08463793771313821
16886,-0.09676793809897266
16887,-0.09160936437759837
16888,-0.04717111892105852
16889,-0.005944720285286927
16890,-0.020779302920129306
16891,-0.16557489643081613
16892,-0.05268021333224138
16893,-0.07515051383764437
16894,-0.00059189468817843
16895,-0.03362300575310373
16896,-0.07861667369073366
16897,-0.21104154353292737
16898,-0.16239948594221065
16899,-0.0397230754661724
16900,-0.0620183086085252
16901,-0.10106530463691954
16902,-0.18821473612297135
16903,-0.013829602504168037
16904,-0.053152776497242815
16905,-0.0008485124763914567
16906,-0.10093029409301923
16907,-0.015982873667498954
16908,-0.041307908810871326
16909,-0.053140528542612406
16910,-0.04371090386837809
16911,-0.25293204492438726
16912,-0.07542709921699484
16913,-0.10167038188148064
16914,-0.011085808603215999
16915,-0.057697632250326425
16916,-0.008819236303766048
16917,-0.048668156595297773
16918,-0.12480961858299666
16919,-0.1236731210168438
16920,-0.12951547828696564
16921,-0.11791564726172554
16922,-0.0898096554540766
16923,-0.15827972349160335
16924,-0.04287763275563518
16925,-0.007072859242501339
16926,-0.221633597130948
16927,-0.08510692508664963
16928,-0.2391682598202327
16929,-0.010952342520797447
16930,-0.023553143755468242
16931,-0.33300466860663747
16932,-0.2984066104880103
16933,-0.041245591385426
16934,-0.02014431144390315
16935,-0.03161464503830636
16936,-0.25650722287208794
16937,-0.30885042216835723
16938,-0.12509079666468736
16939,-0.010456815098360883
16940,-0.07424441497201117
16941,-0.15383630205253163
16942,-0.17827788931041788
16943,-0.1856186568058149
16944,-0.1578698961230166
16945,-0.024052357834680738
16946,-0.11325037537991312
16947,-0.059199266797415745
16948,-0.20169163514488497
16949,-0.08001411675013559
16950,-0.17836595881797734
16951,-0.07386511439073365
16952,-0.058423121893388004
16953,-0.227349582376013
16954,-0.10118258132555547
16955,-0.19397629621112433
16956,-0.049212987503226224
16957,-0.092865184953285
16958,-0.03901461137307411
16959,-0.21470457913888574
16960,-0.19631012414801152
16961,-0.23923309090031708
16962,-0.20426137979794312
16963,-0.016761367672435634
16964,-0.06259492080966755
16965,-0.004933377416219582
16966,-0.3883366476966774
16967,-0.025870278314186423
16968,-0.037307867477710865
16969,-0.020062075255742468
16970,-0.09097631829227171
16971,-0.12632772255163793
16972,-0.005255075737839628
16973,-0.1526414630779933
16974,-0.0022136824240034034
16975,-0.0006670201737630933
16976,-0.03746642035054437
16977,-0.28031526126981454
16978,-0.16834111907573426
16979,-0.012423312259388669
16980,-0.013237822640752907
16981,-0.029770129405406714
16982,-0.14482076979077307
16983,-0.09063894292067609
16984,-0.015619417078992087
16985,-0.04250224559969473
16986,-0.03368232614030753
16987,-0.13421213280233657
16988,-0.05970213111313838
16989,-0.06584437249301381
16990,-0.001062568386833919
16991,-0.009289562363458919
16992,-0.011307531795294645
16993,-0.3046356255155964
16994,-0.03060863440312034
16995,-0.09135312799948148
16996,-0.055158832870267245
16997,-0.18897429447949243
16998,-0.013418237379312466
16999,-0.12542359434038908
17000,-0.03580171835340673
17001,-0.1124919278203973
17002,-0.0015016007914552612
17003,-0.02717724936198085
17004,-0.1545520295620807
17005,-0.02797400122982699
17006,-0.08541634629476519
17007,-0.09370839738220538
17008,-0.009536990111410794
17009,-0.10249440148973402
17010,-0.03630599940631485
17011,-0.030107495703918935
17012,-0.06843176000949802
17013,-0.15241113406374396
17014,-0.015379260543855865
17015,-0.04525457672734934
17016,-0.11480701502431334
17017,-0.03955830923532158
17018,-0.19621918821361328
17019,-0.04358253370491039
17020,-0.000418690330363474
17021,-0.017410895536427412
17022,-0.17438046016033937
17023,-0.23595008436195564
17024,-0.10968625379278452
17025,-0.05121812850604224
17026,-0.034844353257444505
17027,-0.030585500867891496
17028,-0.06817202819538937
17029,-0.09478499527728979
17030,-0.05940098163873353
17031,-0.07851068634299832
17032,-0.026468836278747077
17033,-0.10644956025325003
17034,-0.06328787943745695
17035,-0.0062421476040591985
17036,-0.008929598070502892
17037,-0.07085178318427732
17038,-0.14311519347602275
17039,-0.05862579142554994
17040,-0.04796405813612259
17041,-0.010876744884060902
17042,-0.012039510082142685
17043,-0.08709180920925219
17044,-0.04131448421002304
17045,-0.10950065652457044
17046,-0.34555183035380965
17047,-0.13317507570167963
17048,-0.1774629968011432
17049,-0.154676692818994
17050,-0.14934077578092186
17051,-0.06408519615162422
17052,-0.0008566949991397417
17053,-0.16177500844992565
17054,-0.11708524318895464
17055,-0.01553258962420545
17056,-0.002341627935754237
17057,-0.005988845817255818
17058,-0.00494534246736681
17059,-0.021669663801910932
17060,-0.053731554492158495
17061,-0.10309623012593594
17062,-0.022379547344228007
17063,-0.00506024221580606
17064,-0.06415121099576249
17065,-0.14988170525700284
17066,-0.04243562288404144
17067,-0.05317220503393316
17068,-0.2504165838775365
17069,-0.07239457866680432
17070,-0.3307356322056254
17071,-0.07811928757431295
17072,-0.010654555572404911
17073,-0.04533812890075753
17074,-0.03864690596901044
17075,-0.4000980951782851
17076,-0.05194291099022419
17077,-0.11529993236352232
17078,-0.12317132506337147
17079,-0.01527749771555565
17080,-0.050733342775302614
17081,-0.14993408153842544
17082,-0.1920991329772357
17083,-0.06583292233069082
17084,-0.034899607301286384
17085,-0.2779952196104034
17086,-0.06829316698924837
17087,-0.05873438591100666
17088,-0.09614414818998762
17089,-0.008736999673907758
17090,-0.01324692567788946
17091,-0.10749378381508912
17092,-0.0025484339596931888
17093,-0.48069724388406065
17094,-0.1251061685023265
17095,-0.05578595451259449
17096,-0.2364325569403185
17097,-0.20580141079482317
17098,-0.072659436071457
17099,-0.002538284021428544
17100,-0.09321999833699302
17101,-0.20398510729847177
17102,-0.16128838626527742
17103,-0.24542061183349875
17104,-0.06871573393199393
17105,-0.020551889022583314
17106,-0.025725665795869053
17107,-0.003072913681486135
17108,-0.08250774280563977
17109,-0.005047111324784897
17110,-0.4127351980588756
17111,-0.11300394536399799
17112,-0.20366091921549967
17113,-0.07322932810187102
17114,-0.05033937086238674
17115,-0.15976767962080335
17116,-0.016056855529246655
17117,-0.0917587634300916
17118,-0.046412928794410835
17119,-0.10999538493544725
17120,-0.061259384331084576
17121,-0.005968528799368135
17122,-0.12013092111021884
17123,-0.032918520149054054
17124,-0.05460347910242469
17125,-0.025114395854426985
17126,-0.19508175136152198
17127,-0.2376505204533147
17128,-0.23942871106680919
17129,-0.5659265381131822
17130,-0.025835582108346085
17131,-0.011439170314589853
17132,-0.013971475649980497
17133,-0.06731057366063012
17134,-0.035569667082170686
17135,-0.04867633703916299
17136,-0.027308070118372114
17137,-0.05835460931189085
17138,-0.02055001128589007
17139,-0.012142607524005682
17140,-0.008112408329657263
17141,-0.061058801107520044
17142,-0.023785274681376596
17143,-0.08020425299761696
17144,-0.005658854365508947
17145,-0.031108262634185757
17146,-0.34398389690063036
17147,-0.0695166288630441
17148,-0.07469194634705645
17149,-0.03191079703563818
17150,-0.11238422834819994
17151,-0.03073057188386885
17152,-0.05297701326248405
17153,-0.5003908572738625
17154,-0.158184385810904
17155,-0.02375735632130835
17156,-0.03464129511804803
17157,-0.05032960391720587
17158,-0.09726762117962018
17159,-0.431054942707052
17160,-0.042079863505109644
17161,-0.2344643749676141
17162,-0.06208690995373545
17163,-0.008994382178795224
17164,-0.010960879703644039
17165,-0.027317391160661814
17166,-0.2638210144081037
17167,-0.011645361921758697
17168,-0.07313285059034946
17169,-0.03157474608124178
17170,-0.3067056580765595
17171,-0.1142574799401446
17172,-0.03286627010994381
17173,-0.17525793150008662
17174,-0.12362860022007283
17175,-0.03298161912532083
17176,-0.03932187376875615
17177,-0.05196144069107256
17178,-0.1760251854044843
17179,-0.2217754217407859
17180,-0.04945678187318869
17181,-0.019189617783584745
17182,-0.020740796166688398
17183,-0.10944229457987234
17184,-0.13984194778243364
17185,-0.25999250225869774
17186,-0.1722368676655367
17187,-0.30699047408447067
17188,-0.002323552827312364
17189,-0.08303702486146428
17190,-0.041921199314149615
17191,-0.0044781088568006736
17192,-0.07788544087358007
17193,-0.04370859187394411
17194,-0.0384657281605405
17195,-0.01979640229308624
17196,-0.07080886051498902
17197,-0.050607001611518876
17198,-0.0025371146530881673
17199,-0.0525449927974494
17200,-0.010021521755016756
17201,-0.08140059983783765
17202,-0.26345587289797034
17203,-0.2043738182550935
17204,-0.09237586291198241
17205,-0.15549007458787759
17206,-0.04857034369029922
17207,-0.03388305443946893
17208,-0.04983645243295393
17209,-0.04397056913853081
17210,-0.25805612634827435
17211,-0.009919101063090881
17212,-0.08081263530887384
17213,-0.26055914080573217
17214,-0.03341894601696582
17215,-0.03346984714848051
17216,-0.0437435126345781
17217,-0.008841357515390232
17218,-0.015265865830345615
17219,-0.24019621499625465
17220,-0.06064976823878121
17221,-0.024053209310860996
17222,-0.06880799140973573
17223,-0.16322275528215446
17224,-0.09240522885462055
17225,-0.009792950840944436
17226,-0.09025452482329621
17227,-0.047031753574624996
17228,-0.0006323117115582325
17229,-0.0007725393164455547
17230,-0.08433620546243
17231,-0.023595361002091142
17232,-0.02955356692909153
17233,-0.04022601835387296
17234,-0.00785125763928119
17235,-0.11593552412270824
17236,-0.0902529206509578
17237,-0.014356065692063387
17238,-0.1194409189974458
17239,-0.04025732544623595
17240,-0.08415825749515007
17241,-0.22130091904666616
17242,-0.2567432656438222
17243,-0.021699716915799444
17244,-0.06255968026094794
17245,-0.09328337927910457
17246,-0.0075535505729585894
17247,-0.056926672160450026
17248,-0.13314337073252824
17249,-0.014058513374293202
17250,-0.09028118148808567
17251,-0.1682261328347959
17252,-0.2268323184116037
17253,-0.0080509033265267
17254,-0.0969183898519903
17255,-0.29869864930768886
17256,-0.023202523641011576
17257,-0.010708722717628488
17258,-0.10275679621511025
17259,-0.007784271176998564
17260,-0.023998294430154776
17261,-0.030284953453284302
17262,-0.011623391631738006
17263,-0.05893279642164864
17264,-0.09520013465227573
17265,-0.13833437717116448
17266,-0.012915002923034276
17267,-0.03268265330018605
17268,-0.021159693785013367
17269,-0.006078606363833866
17270,-0.010138381007417206
17271,-0.055091160216238055
17272,-0.1544124822094206
17273,-0.01986278440216982
17274,-0.026156063561742188
17275,-1.2095480034062798e-05
17276,-0.03431637476548899
17277,-0.03854606679865091
17278,-0.07374183818996949
17279,-0.019209682461219235
17280,-0.028670687381572107
17281,-0.02237916459686133
17282,-0.18285734711136792
17283,-0.12044733268709695
17284,-0.003796560252534553
17285,-0.1023509258681532
17286,-0.04112345976033635
17287,-0.027304327422058794
17288,-0.11407395301358081
17289,-0.012511505397627798
17290,-0.04524130319200406
17291,-0.12520338807412223
17292,-0.058872242485075166
17293,-0.10417471438426507
17294,-0.011148728978602591
17295,-0.12132570825959466
17296,-0.019210093070999364
17297,-0.02133527986240033
17298,-0.047980363822807966
17299,-0.03827142216097468
17300,-0.00017228114479849073
17301,-0.049205344522054384
17302,-0.022384980698147428
17303,-0.18172303170623127
17304,-0.07360464664764235
17305,-0.12978137189728223
17306,-0.09567857871976104
17307,-0.18770570195652603
17308,-0.05693536732009858
17309,-0.06308799664192202
17310,-0.009175110631986512
17311,-0.027479817639012083
17312,-0.04227700492059283
17313,-0.035272819583741136
17314,-0.25602104234033307
17315,-0.08588671395489256
17316,-0.06692896989289443
17317,-0.20563363164742388
17318,-0.24080904059696095
17319,-0.0220579777386919
17320,-0.05778871617886461
17321,-0.05540356439508582
17322,-0.01716813410045495
17323,-0.03676763914113271
17324,-0.08345971225328175
17325,-0.024752307897627834
17326,-0.024901634637206294
17327,-0.002734331702070547
17328,-0.15787615493284027
17329,-0.04027723589994747
17330,-0.004372986175065548
17331,-0.054072792570203365
17332,-0.1771216073421985
17333,-0.051567093964746125
17334,-0.02694394743836776
17335,-0.02876692719527818
17336,-0.03646728734395713
17337,-0.012548025851736701
17338,-0.12977079054232554
17339,-0.10967570590308329
17340,-0.010688725146289354
17341,-0.10611703595185429
17342,-0.051515164883586664
17343,-0.028276086567864844
17344,-0.05993654700148676
17345,-0.02687394244092514
17346,-0.06470202509068781
17347,-0.037030703513373564
17348,-0.00830269011989307
17349,-0.13222862668804725
17350,-0.06614841173756014
17351,-0.00014106112005910724
17352,-0.035542283754240955
17353,-0.11831981732551222
17354,-0.2554567085975884
17355,-0.03617549913217888
17356,-0.15658136009133727
17357,-0.2661014853996235
17358,-0.11979542981431968
17359,-0.09594907122245022
17360,-0.016681942439757964
17361,-0.03924866144788919
17362,-0.07888054817564119
17363,-0.011317371029759889
17364,-0.0674154737165732
17365,-0.05432193283411113
17366,-0.0010392863472730857
17367,-0.01944865095453041
17368,-0.025370387881672916
17369,-0.07025986586688007
17370,-0.044865198666738104
17371,-0.15542707381318666
17372,-0.06181432516366547
17373,-0.10878490780258865
17374,-0.09744930402482765
17375,-0.18009093177898727
17376,-0.09628124448606501
17377,-0.054181955849181396
17378,-0.02152972848111246
17379,-0.03399041809528436
17380,-0.10163665083708034
17381,-0.022768009427565183
17382,-0.0035862183480217594
17383,-0.05180268332752924
17384,-0.037322347021887525
17385,-0.01610631209727345
17386,-0.1554878720673436
17387,-0.12420745482057363
17388,-0.09292811767208269
17389,-0.02641674770520977
17390,-0.03365663558333412
17391,-0.006362572458301831
17392,-0.0500048764846861
17393,-0.016542843670149937
17394,-0.011423683806243718
17395,-0.023596946589472673
17396,-0.0430224649528094
17397,-0.025973939308314375
17398,-0.030400446843938174
17399,-0.0130330158224366
17400,-0.13675008548188572
17401,-0.08635821686111322
17402,-0.019727072043740357
17403,-0.027328255018828768
17404,-0.30045181810177946
17405,-0.02116029090313079
17406,-0.08811246492021185
17407,-0.11736636873470818
17408,-0.1703846231275543
17409,-0.03893817257332177
17410,-0.11144985442003466
17411,-0.08312785127069999
17412,-0.021930130222210242
17413,-0.21638171777120307
17414,-0.10459849107011288
17415,-0.6085351153558705
17416,-0.0026724098142634923
17417,-0.05372909127795478
17418,-0.2664606292231292
17419,-0.063574097041488
17420,-0.2670205830633172
17421,-0.04493487119479858
17422,-0.04252757799010021
17423,-0.05694273607925974
17424,-0.08753830700210152
17425,-0.006252729904830778
17426,-0.035102718223565366
17427,-0.04564927765039964
17428,-0.02023415468498657
17429,-0.025960019941695306
17430,-0.04673969788691393
17431,-0.08490025512223953
17432,-0.026430102308543924
17433,-0.23425998445932272
17434,-0.05445059003003738
17435,-0.051638113374503636
17436,-0.03635648763858357
17437,-0.1751680528454519
17438,-0.0033396939749321813
17439,-0.017930378097938626
17440,-0.07541889693553516
17441,-0.14711292838549106
17442,-0.024279751717882214
17443,-0.015669680492750304
17444,-0.008210579746466135
17445,-0.00500506661729911
17446,-0.08417768655164481
17447,-0.01763504913020597
17448,-0.3788466716147596
17449,-0.2038608652196361
17450,-0.061842273415012916
17451,-0.022829288314072
17452,-0.006868264017277893
17453,-0.09403837862470832
17454,-0.30808586424300455
17455,-0.030019506702140042
17456,-0.08339445013687996
17457,-0.16265499783263815
17458,-0.19029003671360956
17459,-0.046986065749842904
17460,-0.05220444550658421
17461,-0.02178497794632872
17462,-0.047440639921032646
17463,-0.01419561054150198
17464,-0.13489829897755767
17465,-0.00485051012661112
17466,-0.1773721610314749
17467,-0.01260865650476786
17468,-0.03982037618462553
17469,-0.03356084530594153
17470,-0.09109692314423914
17471,-0.03981163464800597
17472,-0.03588909767433147
17473,-0.06976757609481743
17474,-0.03322821273303925
17475,-0.05582366068136013
17476,-0.028400419987290176
17477,-0.0745392757167479
17478,-0.03198947559495138
17479,-0.08301071534854376
17480,-0.07180755808228467
17481,-0.011689284789782733
17482,-0.22278455922426277
17483,-0.19321099155456745
17484,-0.22342821357210285
17485,-0.07122877683795786
17486,-0.12977878499837642
17487,-0.2125321508905973
17488,-0.218214331677844
17489,-0.2747596083163928
17490,-0.18955106764625917
17491,-0.30382658011232744
17492,-0.07038425734182863
17493,-0.06337423813844767
17494,-0.19702103893482814
17495,-0.029053093798839358
17496,-0.21378097729285672
17497,-0.1338078547389765
17498,-0.2179779684000298
17499,-0.15313450114735894
17500,-0.08011295640401672
17501,-0.021881691197919384
17502,-0.047605543526178656
17503,-0.13978237324712284
17504,-0.013716966022179151
17505,-0.20908756508877702
17506,-0.08877094234849174
17507,-0.1706180795614043
17508,-0.017766475595113573
17509,-0.06525648889771907
17510,-0.8271614397202615
17511,-0.016265972907350545
17512,-0.23684966006084227
17513,-0.5223417744174998
17514,-0.2995932881714176
17515,-0.0036792935970746676
17516,-0.06401003690068688
17517,-0.1865071106766938
17518,-0.04357455853285741
17519,-0.04577277399574042
17520,-0.14299357580644
17521,-0.053381395900378714
17522,-0.12580400835319638
17523,-0.03847003167163979
17524,-0.021756157571719226
17525,-0.01878206670873883
17526,-0.005680997737037036
17527,-0.03192930638544145
17528,-0.023149292475241112
17529,-0.11968379215793234
17530,-0.11223786006953758
17531,-0.22744234739547567
17532,-0.16162130955374934
17533,-0.33395735591108355
17534,-0.01557802315931378
17535,-0.03895920083194171
17536,-0.08701216863642891
17537,-0.005686313234930247
17538,-0.0017895677559104511
17539,-0.01154054815684094
17540,-0.008551700957046306
17541,-0.0449642183993737
17542,-0.027609470427577887
17543,-0.032899132447540974
17544,-0.06764314607469102
17545,-0.07312499448800802
17546,-0.04125136208305284
17547,-0.0769233462850516
17548,-0.02129861215104181
17549,-0.07199298363029183
17550,-0.2056760622652587
17551,-0.03269611070802328
17552,-0.10253909752845836
17553,-0.04655288385434064
17554,-0.05009184710870665
17555,-0.1940425345078457
17556,-0.14181837577506906
17557,-0.1731180669314103
17558,-0.0311164184635655
17559,-0.07150105047421976
17560,-0.13013974528494998
17561,-0.09157967800016253
17562,-0.0027808777823237762
17563,-0.04324966347178716
17564,-0.10294571055251556
17565,-0.06751285004864949
17566,-0.0493833039864402
17567,-0.022768617027192045
17568,-0.23649984951171987
17569,-0.0850898461834545
17570,-0.2206908326450111
17571,-0.05901033601110808
17572,-0.06483642692318847
17573,-0.1769649267494893
17574,-0.008717391472500557
17575,-0.09137856089165064
17576,-0.060897331481811486
17577,-0.03187996379676628
17578,-0.050397776435352815
17579,-0.006333863423572256
17580,-0.013479680487475304
17581,-0.039487038527655116
17582,-0.09486796549635201
17583,-0.2535842100742506
17584,-0.30838371305057777
17585,-0.0040082117474084245
17586,-0.07057470089344564
17587,-0.12263585126039145
17588,-0.243902902473401
17589,-0.0833530560343426
17590,-0.012139853571027204
17591,-0.0008256242932709601
17592,-0.007576997437102164
17593,-0.022743555561647175
17594,-0.2073914799262302
17595,-0.09286581505373537
17596,-0.07113552806108425
17597,-0.024848521779568894
17598,-0.07675276430442868
17599,-0.05051125047578009
17600,-0.07071599177734866
17601,-0.008422446259814427
17602,-0.07089499409728267
17603,-0.026010772663840442
17604,-0.02116771940370976
17605,-0.001411678948228752
17606,-0.11110943673763263
17607,-0.1094236716104473
17608,-0.07866703945123968
17609,-0.036784097525998094
17610,-0.029330175940054604
17611,-0.02347994915874063
17612,-0.016664239455604163
17613,-0.13472775323187136
17614,-0.12543323313101443
17615,-0.13764270616147378
17616,-0.08931051823208679
17617,-0.0017965629360816807
17618,-0.14196988544476774
17619,-0.13708841232111268
17620,-0.039552577891321605
17621,-0.07072391990972904
17622,-0.07845817285780357
17623,-0.033908116567836655
17624,-0.03232079340656347
17625,-0.2599726351647025
17626,-0.029282632582487006
17627,-0.11684126498920541
17628,-0.05802789150115917
17629,-0.027495663739639742
17630,-0.012015661593004517
17631,-0.09620847159995449
17632,-0.019034303636905614
17633,-0.1107605463229615
17634,-0.05041634797096375
17635,-0.023069156868458784
17636,-0.002058344538301846
17637,-0.13633477356692858
17638,-0.09649641959405486
17639,-0.033359080394057467
17640,-0.2728976530095918
17641,-0.0031714351253122955
17642,-0.14713779454358644
17643,-0.2993759120024092
17644,-0.2896615731049099
17645,-0.2570299228024453
17646,-0.02148557676188185
17647,-0.06618922275913874
17648,-0.021947248437837158
17649,-0.018921103412908452
17650,-0.040605152574317516
17651,-0.1485565118994635
17652,-0.029402272379607415
17653,-0.06573424228880542
17654,-0.01086354917257426
17655,-0.03372152341638482
17656,-0.01658039163974359
17657,-0.304842972336278
17658,-0.009385710531879816
17659,-0.2472225503054928
17660,-0.0866838900367678
17661,-0.009493093030074843
17662,-0.015668608957247532
17663,-0.1747085289887967
17664,-0.14643295091950126
17665,-0.04369174839723522
17666,-0.09533540293685194
17667,-0.08722341459287186
17668,-0.15495881983082044
17669,-0.035332838776508176
17670,-0.014719989911863657
17671,-0.13161912044581392
17672,-0.010154975759028302
17673,-0.07191679543800358
17674,-0.11655422327125997
17675,-0.025034302923674923
17676,-0.018462944702880887
17677,-0.00993906084635321
17678,-0.037015530014101766
17679,-0.05382202443518745
17680,-0.033804405050310155
17681,-0.054343326174718626
17682,-0.0075681219812279606
17683,-0.43963311369490465
17684,-0.0025695422218346767
17685,-0.2507073033280389
17686,-0.048539246688341225
17687,-0.0524216539923833
17688,-0.06591042115759649
17689,-0.01870051178272636
17690,-0.0028507878110071716
17691,-0.05501844644041576
17692,-0.22577342212362084
17693,-0.09164949123393898
17694,-0.15363199942274308
17695,-0.057117376010444615
17696,-0.0926201548929112
17697,-0.047572926652240895
17698,-0.07983483035203287
17699,-0.12263364919790753
17700,-0.007111269674251299
17701,-0.18230338928276624
17702,-0.09817411442560697
17703,-0.04463694915740127
17704,-0.21846494024124496
17705,-0.04188104720119645
17706,-0.04775190248560712
17707,-0.011039516540506784
17708,-0.12914933043173218
17709,-0.09591487899679452
17710,-0.25106314345780456
17711,-0.05069036336227273
17712,-0.04314500421720571
17713,-0.07035475058335638
17714,-0.1555397268463035
17715,-0.10547125771570132
17716,-0.011581553531098028
17717,-0.004738542088058607
17718,-0.23651677142869199
17719,-0.057524002493481136
17720,-0.040022211672124275
17721,-0.03174246472415057
17722,-0.14053762708336004
17723,-0.15510233906351534
17724,-0.023734600905774735
17725,-0.02373785400587869
17726,-0.13636620263685062
17727,-0.09330098042204796
17728,-0.03276336994264673
17729,-0.03765795052897383
17730,-0.1346130610920615
17731,-0.1567586993243424
17732,-0.10255182287427633
17733,-0.05620527844646761
17734,-0.20455490510685337
17735,-0.04241403904438812
17736,-0.11273808558791121
17737,-0.1363748346257947
17738,-0.005759599874476558
17739,-0.1003958930355382
17740,-0.14485620331900873
17741,-0.029770815493106006
17742,-0.0807142698237322
17743,-0.047101255425541694
17744,-0.06566755300853266
17745,-0.3325513460316589
17746,-0.007809621294112029
17747,-0.11541427284039887
17748,-0.07055364502236472
17749,-0.061219814478109424
17750,-0.1379722002539694
17751,-0.019321109722149964
17752,-0.09267358477932142
17753,-0.08475065282167416
17754,-0.015704863335306435
17755,-0.021360747658812906
17756,-0.16551022818471184
17757,-0.08927977690561353
17758,-0.10839091892565378
17759,-0.021327440378024365
17760,-0.07144372613518002
17761,-0.07685673341045496
17762,-0.008031854321399134
17763,-0.07410405740221293
17764,-0.01098330759729655
17765,-0.02794773019211611
17766,-0.02637860062975242
17767,-0.023417612936146193
17768,-0.06577393919905827
17769,-0.02882886860714709
17770,-0.0011707203403687337
17771,-0.12447473644907392
17772,-0.17106316003829836
17773,-0.028519023359477425
17774,-0.0037536661123291695
17775,-0.019583975757540256
17776,-0.06846919693077835
17777,-0.12231797934968203
17778,-0.0071629919804407985
17779,-0.14597067741958647
17780,-0.013769269952031793
17781,-0.23329043491384072
17782,-0.011194901192805085
17783,-0.06278060104056016
17784,-0.05461520680123544
17785,-0.1692642390921173
17786,-0.02807041943066038
17787,-0.008126388421220293
17788,-0.2477081665003955
17789,-0.10602957935596946
17790,-0.06404680295210463
17791,-0.014872918289677295
17792,-0.05360410666642859
17793,-0.21076987994655919
17794,-0.08914834218787349
17795,-0.008005446540269301
17796,-0.03184821455094111
17797,-0.04414918259651446
17798,-0.0014065123013262027
17799,-0.04439904164442268
17800,-0.00783246155471249
17801,-0.0577808318749079
17802,-0.003306115736022276
17803,-0.06766816904018003
17804,-0.12932412506203583
17805,-0.054916700164644006
17806,-0.11831314887810596
17807,-0.1536444082759
17808,-0.016344180950129156
17809,-0.10972969893748896
17810,-0.13281660851899435
17811,-0.05912053130293374
17812,-0.05977211936993321
17813,-0.014057405653858712
17814,-0.02387371667319907
17815,-0.022091494597930472
17816,-0.006486707759409516
17817,-0.4606331917138484
17818,-0.08718222478014552
17819,-0.2102818033987709
17820,-0.01772003093041597
17821,-0.0796480127980268
17822,-0.05390252951860097
17823,-0.21193411577365318
17824,-0.10137077495556535
17825,-0.17301411620232632
17826,-0.29237762021742997
17827,-0.03163754129949803
17828,-0.1883371244538381
17829,-0.12897241630406997
17830,-0.4570389643722472
17831,-0.07189229738453884
17832,-0.08543309522756354
17833,-0.4750909573242562
17834,-0.14470551967549428
17835,-0.076654392549247
17836,-0.0051979770308547
17837,-0.041641383767814705
17838,-0.04484766941704743
17839,-0.041694831661905046
17840,-0.0367406151665195
17841,-0.006697132412466585
17842,-0.07873516127566005
17843,-0.04940477607856453
17844,-0.09927434205581598
17845,-0.07815543676247583
17846,-0.004262993685517365
17847,-0.036334976678418035
17848,-0.10937034705735771
17849,-0.029077577456282144
17850,-0.12988627879747305
17851,-0.10268850824786968
17852,-0.06308734860289099
17853,-0.011183116067804155
17854,-0.12918085000894067
17855,-0.028492895914141045
17856,-0.03643053150556444
17857,-0.1909905035734334
17858,-0.1502675566995042
17859,-0.055196430600334634
17860,-0.04301041074328049
17861,-0.09997995287987083
17862,-0.033122900933977295
17863,-0.058421425955085496
17864,-0.03576809643480794
17865,-0.0326351256825578
17866,-0.10757829574418176
17867,-0.003931921561578684
17868,-0.3403734900255228
17869,-0.033244319968195796
17870,-0.006761415193575593
17871,-0.03266338635226185
17872,-0.009984788216148566
17873,-0.1739680839715989
17874,-0.4258813937771837
17875,-0.122443318157901
17876,-0.02573600605886312
17877,-0.007175939584623953
17878,-0.2362651566407089
17879,-0.04815740098457332
17880,-0.19892253697812556
17881,-0.06582032671622873
17882,-0.032998810411423496
17883,-0.020932588584706376
17884,-0.024408168090862332
17885,-0.07824900430674298
17886,-0.018671622144499134
17887,-0.49688272787578747
17888,-0.07056717988911637
17889,-0.12981534864481514
17890,-0.21510142935519028
17891,-0.025053881664353073
17892,-0.36802951551963936
17893,-0.03401101449866595
17894,-0.04769989234269023
17895,-0.05541789658295327
17896,-0.1417418179078923
17897,-0.21912734526137456
17898,-0.13672314052141354
17899,-0.08710854044850108
17900,-0.033274758017325407
17901,-0.25891193876635576
17902,-0.2764779510967319
17903,-0.00618661449024633
17904,-0.20296921218524322
17905,-0.22762332887709047
17906,-0.11559027159906066
17907,-0.05707196574194917
17908,-0.09882159411663916
17909,-0.11951751741656524
17910,-0.06170714133013622
17911,-0.2722161850249043
17912,-0.15120310156051045
17913,-0.10149436066090115
17914,-0.13916019719279804
17915,-0.0584983631752799
17916,-0.46684770107435364
17917,-0.0409675872268318
17918,-0.014131723348150271
17919,-0.11756726543915852
17920,-0.20495340340264123
17921,-0.33985593011806436
17922,-0.027275198257340927
17923,-0.275526815391983
17924,-0.09704117163134562
17925,-0.0850874213144337
17926,-0.017497867050194765
17927,-0.05891120124268869
17928,-0.14005711612471108
17929,-0.07508824264945435
17930,-0.0466016348283157
17931,-0.006012768945071372
17932,-0.00411714565621904
17933,-0.03752312228081634
17934,-0.002068117348107045
17935,-0.11374011897007336
17936,-0.04387221678237874
17937,-0.015726290635591306
17938,-0.10170082185236773
17939,-0.013421825280759553
17940,-0.10069057776777557
17941,-0.056194421402455785
17942,-0.06201216459756298
17943,-0.2365200629472639
17944,-0.01886240857060184
17945,-0.05644151919587559
17946,-0.014974160540499062
17947,-0.10450858800974927
17948,-0.0795932265966677
17949,-0.33414602502815827
17950,-0.14094058715589952
17951,-0.0754555557823654
17952,-0.0756675166887365
17953,-0.4774956616083253
17954,-0.037974802217594084
17955,-0.014731633156451346
17956,-0.25646556742491144
17957,-0.03205342987880333
17958,-0.04151821770959796
17959,-0.09233518090707893
17960,-0.18376851468343292
17961,-0.002346882364500331
17962,-0.012176237968491765
17963,-0.0620339538379292
17964,-0.03256470372608081
17965,-0.1723098774688553
17966,-0.11016828669170664
17967,-0.05765582806755662
17968,-0.13117367652277967
17969,-0.2012386699955404
17970,-0.014116535821758563
17971,-0.03782779199571708
17972,-0.3659205036264268
17973,-0.18684469370257617
17974,-0.2121703805200057
17975,-0.1965856521223075
17976,-0.06715014375121209
17977,-0.3876749273287903
17978,-0.23082957992772046
17979,-0.05150984888859614
17980,-0.20968245767727645
17981,-0.022100753110655354
17982,-0.108120067124991
17983,-0.36380178240172434
17984,-0.014546728189008038
17985,-0.04061460896423109
17986,-0.12226290894327807
17987,-0.11528816512694373
17988,-0.0271012947327538
17989,-0.3456023631130474
17990,-0.3045145465610304
17991,-0.11132153115572255
17992,-0.01988089640281132
17993,-0.020341012345430093
17994,-0.010712846391129904
17995,-0.06741142747078266
17996,-0.15036421751816853
17997,-0.0027078048498542368
17998,-0.020103857180251095
17999,-0.07466350375647901
18000,-0.040522134618308135
18001,-0.10623294630514249
18002,-0.15772111429579996
18003,-0.0922517501528497
18004,-0.15072870147769013
18005,-0.04421684062050753
18006,-0.006611977318462803
18007,-0.01384428217411085
18008,-0.0989379176134434
18009,-0.1545623994949996
18010,-0.06992113891543861
18011,-0.07138336991460437
18012,-0.20878818507371566
18013,-0.18857763330907495
18014,-0.05368924183396651
18015,-0.004376625413093173
18016,-0.027007974595019163
18017,-0.08858982656141823
18018,-0.13480158629496597
18019,-0.041347013418071295
18020,-0.023318849842912215
18021,-0.056458732125181155
18022,-0.009480589997553919
18023,-0.041081797110750114
18024,-0.03212203826338611
18025,-0.21593440474964964
18026,-0.10383731357344717
18027,-0.22390607838329946
18028,-0.0401015994306502
18029,-0.09816131322872804
18030,-0.049199235701030304
18031,-0.03982459000354155
18032,-0.012246481373625235
18033,-0.04420900630057492
18034,-0.04266433532780889
18035,-0.03398285294756845
18036,-0.03458296005126593
18037,-0.0431688201882018
18038,-0.1347982547082599
18039,-0.04062348619810907
18040,-0.04691986527657843
18041,-0.0879119817486016
18042,-0.1361314788833501
18043,-0.08138556698595867
18044,-0.005489328114842824
18045,-0.09776151342537934
18046,-0.07177754800022351
18047,-0.003086654629881648
18048,-0.04244672116834592
18049,-0.13067792440075188
18050,-0.13064138324397812
18051,-0.07872156752299064
18052,-0.46952397206500873
18053,-0.17533531606525266
18054,-0.012358564328902484
18055,-0.16518573643788814
18056,-0.00037708929310554433
18057,-0.0020295451856963517
18058,-0.09760102198067602
18059,-0.11870327964252161
18060,-0.0706931564029123
18061,-0.017909144228468593
18062,-0.039106190869028556
18063,-0.011431086942296248
18064,-0.04730929073609905
18065,-0.16086781776349746
18066,-0.27330043179818386
18067,-0.12478961279907796
18068,-0.005814696857246483
18069,-0.03772457033337168
18070,-0.15782902315255143
18071,-0.051972081296925765
18072,-0.13440997077536654
18073,-0.06577516194368593
18074,-0.07177145826453613
18075,-0.08053602992528958
18076,-0.0035231269366691924
18077,-0.09867833238428442
18078,-0.14804084018224462
18079,-0.11499532738062437
18080,-0.06856816468631516
18081,-0.0023551397507473176
18082,-0.003798244206594449
18083,-0.09725112093772526
18084,-0.017090775976685096
18085,-0.12083637146598125
18086,-0.09105638047668597
18087,-0.2469415623377813
18088,-0.2843128424949204
18089,-0.1430722721744078
18090,-0.07858310867914707
18091,-0.08003158566416112
18092,-0.3295680902815139
18093,-0.060554408750923105
18094,-0.03506943630620052
18095,-0.06708638637342904
18096,-0.010713216123782628
18097,-0.07531848137371462
18098,-0.21455491210814337
18099,-0.05138481211065183
18100,-0.022141372590786645
18101,-0.04303442014815462
18102,-0.11368289840740653
18103,-0.3918639355819704
18104,-0.10925040602694225
18105,-0.1421781539274748
18106,-0.12579686057622874
18107,-0.04560013986438308
18108,-0.154976498679135
18109,-0.19907626646468982
18110,-0.032514498008088255
18111,-0.17827795477488018
18112,-0.12270451372237057
18113,-0.0885066553225955
18114,-0.002216712798597656
18115,-0.008492227974493116
18116,-0.2396001784026397
18117,-0.026549416113071267
18118,-0.10977942865833967
18119,-0.07742403144210652
18120,-0.04687311470113831
18121,-0.07182302825322243
18122,-0.10450285196146192
18123,-0.01502292194239298
18124,-0.40073500742294144
18125,-0.146838303142117
18126,-0.07354330338160242
18127,-0.08234381454342898
18128,-0.010249393482658908
18129,-0.1756238827980754
18130,-0.16419860320103663
18131,-0.056850774863029536
18132,-0.25207893576294726
18133,-0.02384368952678842
18134,-0.08512985660609484
18135,-0.056532296885595135
18136,-0.23740671457112805
18137,-0.11475214772639555
18138,-0.2017406416220262
18139,-0.27456310676172047
18140,-0.27330808354665104
18141,-0.03662053165199514
18142,-0.0695898850427007
18143,-0.055276690351578256
18144,-0.048206969619494555
18145,-0.06303753001335588
18146,-0.14580461332909245
18147,-0.10213197870211113
18148,-0.06810630062422662
18149,-0.021932028004947868
18150,-0.009596510808638575
18151,-0.010746274535641948
18152,-0.028801417141599034
18153,-0.06404170944882959
18154,-0.18403006612472536
18155,-0.25212172919264664
18156,-0.08010408861060947
18157,-0.004969378408640646
18158,-0.10513949616454221
18159,-0.03430241660725397
18160,-0.08673403176795924
18161,-0.04479134479446334
18162,-0.2084284236079218
18163,-0.10106167065416341
18164,-0.043327151218499615
18165,-0.055889593523830605
18166,-0.05509565743752676
18167,-0.09351028279509427
18168,-0.021008506759058965
18169,-0.0014163192361729975
18170,-0.1364196370537672
18171,-0.1580949946540554
18172,-0.05692927163814743
18173,-0.1357153251033383
18174,-0.021852944366009958
18175,-0.029870515964908424
18176,-0.024382160525910808
18177,-0.004324121657468739
18178,-0.04130073204344642
18179,-0.06602172392313088
18180,-0.08432909167953062
18181,-0.05100747578767862
18182,-0.014939960789125628
18183,-0.06354615104238673
18184,-0.024101270025859045
18185,-0.08711216583630454
18186,-0.032230657165247846
18187,-0.024683562964313954
18188,-0.17647292934151093
18189,-0.07035998345344308
18190,-0.1302753189604361
18191,-0.11586237975259864
18192,-0.16173964764327886
18193,-0.013722615990242742
18194,-0.02329226544998808
18195,-0.056638038554805696
18196,-0.00457951677526975
18197,-0.019522736028967376
18198,-0.051486263752306805
18199,-0.0320315422041011
18200,-0.3796109049629265
18201,-0.011356986418867206
18202,-0.019035190397440865
18203,-0.03225845114926202
18204,-0.030831674311154744
18205,-0.03967257346398425
18206,-0.032570348384897946
18207,-0.039657933542562085
18208,-0.011536924183019564
18209,-0.0075721261961111
18210,-0.035962166760520775
18211,-0.12465907560654133
18212,-0.147169196440196
18213,-0.02264464413834011
18214,-0.4597944239162204
18215,-0.05386061641938478
18216,-0.1678017415333568
18217,-0.06332397233898945
18218,-0.11335968022909704
18219,-0.01854407426332852
18220,-0.026645448180800974
18221,-0.05106814550656624
18222,-0.1729409317729638
18223,-0.12880526340120782
18224,-0.058559387401655005
18225,-0.008356210709382618
18226,-0.04260700616958091
18227,-0.03982083314852247
18228,-0.2085236557123018
18229,-0.10869392013330759
18230,-0.03185982337012293
18231,-0.036406689454306945
18232,-0.35137424936736616
18233,-0.07114407968051117
18234,-0.10423956220899644
18235,-0.011225509906584996
18236,-0.19534150081715973
18237,-0.13777141653300062
18238,-0.10705730911952063
18239,-0.1855110763710801
18240,-0.08720738013146578
18241,-0.010526639510899938
18242,-0.1971517650317609
18243,-0.055149810939447264
18244,-0.1261932214852881
18245,-0.39410732091322176
18246,-0.15855734284702772
18247,-0.07868158620056065
18248,-0.108509391111445
18249,-0.045069298837078914
18250,-0.024836359192999535
18251,-0.026204327386877058
18252,-0.0924267812547166
18253,-0.05250937544321943
18254,-0.1754099040957855
18255,-0.0506102766031627
18256,-0.3625264184390731
18257,-0.1729773069352718
18258,-0.07175673385241854
18259,-0.14082302606112299
18260,-0.058199987741048426
18261,-0.0025799701431964764
18262,-0.39820450691901155
18263,-0.08977615040118714
18264,-0.19749421200499484
18265,-0.18927635161083112
18266,-0.0025374374246163525
18267,-0.1653294074059506
18268,-0.11020991782030135
18269,-0.07825064272308227
18270,-0.10051103621032731
18271,-0.08200590603253943
18272,-0.1200535398288585
18273,-0.2061678845149012
18274,-0.08650114227016108
18275,-0.04241550735748867
18276,-0.014286870685068509
18277,-0.1091014488899692
18278,-0.017862174200505843
18279,-0.032945454310482014
18280,-0.07183552028679552
18281,-0.13633846451264064
18282,-0.0015637195868806325
18283,-0.2318942240527755
18284,-0.0014172744225320801
18285,-0.0026128603044076955
18286,-0.15548886397872164
18287,-0.049051419994798895
18288,-0.16815795505036313
18289,-0.09798705333932548
18290,-0.014958239840789395
18291,-0.03201900602103003
18292,-0.07541505001589233
18293,-0.042591042833024284
18294,-0.0765172389178096
18295,-0.015242349222687412
18296,-0.05262097219679158
18297,-0.001284858821243393
18298,-0.2973881942732537
18299,-0.07475418763050179
18300,-0.09190469212865626
18301,-0.12314807277866485
18302,-0.0859328021159631
18303,-0.16225365571770548
18304,-0.08977801399117383
18305,-0.17227058167663678
18306,-0.013883678066942268
18307,-0.11325798974648116
18308,-0.18891545116055264
18309,-0.008175507876837296
18310,-0.023052878654991504
18311,-0.1000076580170739
18312,-0.017236964745441785
18313,-0.142060305723689
18314,-0.054653163178680075
18315,-0.08129026894464042
18316,-0.21837423671466993
18317,-0.10750895346961409
18318,-0.0035968020529865766
18319,-0.11770243405104622
18320,-0.03281589406322871
18321,-0.00837697621821401
18322,-0.06003499408056223
18323,-0.053538865585796264
18324,-0.0513259389137491
18325,-0.052964510827949174
18326,-0.008116761326468824
18327,-0.17506150539698487
18328,-0.4120393846616577
18329,-0.058162094833446254
18330,-0.09315731189204612
18331,-0.00014594954021148474
18332,-0.2572444234050987
18333,-0.06930248648190196
18334,-0.0795720888113367
18335,-0.2532077466198146
18336,-0.0193540083525523
18337,-0.05942011339561548
18338,-0.01700464664597945
18339,-0.004292565646172364
18340,-0.19901760078905184
18341,-0.034933261511539276
18342,-0.014282736419295589
18343,-0.03333529465166141
18344,-0.054428869528176
18345,-0.13386037736304335
18346,-0.06895077153840434
18347,-0.03690298108011883
18348,-0.0450785346962803
18349,-0.00668526674875386
18350,-0.05332743032729792
18351,-0.07094115572075668
18352,-0.0380677921668833
18353,-0.10731610520642576
18354,-0.27383810228160765
18355,-0.12279585015313277
18356,-0.1329340346616502
18357,-0.06868944926995024
18358,-0.08225613056052561
18359,-0.10832048705453337
18360,-0.012127988196042883
18361,-0.06505781499201824
18362,-0.1069131708404214
18363,-0.05462110362476347
18364,-0.0129018817677784
18365,-0.0726520538378096
18366,-0.11763617654184444
18367,-0.1738981007711189
18368,-0.14931153505159855
18369,-0.0002628828650361949
18370,-0.0024573934772470236
18371,-0.02396948421195877
18372,-0.13909477396246617
18373,-0.01812945043887873
18374,-0.013980575076463818
18375,-0.10793071154504175
18376,-0.1385990961442545
18377,-0.08320157566467812
18378,-0.08637828123627012
18379,-0.02892038270360659
18380,-0.056523740777948195
18381,-0.24931528652625118
18382,-0.09070066929268039
18383,-0.0466603352660977
18384,-0.07013797841364244
18385,-0.02665450963484993
18386,-0.051173826990751015
18387,-0.19022230555881814
18388,-0.0017838723163457193
18389,-0.23909065031770815
18390,-0.0007797347145564529
18391,-0.032575132676695984
18392,-0.06212151260170018
18393,-0.11626176837782609
18394,-0.22378550230195338
18395,-0.009766736390543623
18396,-0.04512655340044061
18397,-0.04735104388562228
18398,-0.0764915430990879
18399,-0.13115519518948665
18400,-0.04864850352310379
18401,-0.08816387175760776
18402,-0.07775616682771969
18403,-0.3225991825196193
18404,-0.01826769134762421
18405,-0.020389459096246676
18406,-0.03541494008136095
18407,-0.15911599888319916
18408,-0.014512560785059359
18409,-0.030371920865188168
18410,-0.09949163187009535
18411,-0.24361192614840377
18412,-0.34859890438164953
18413,-0.10543446580379057
18414,-0.14699776213524984
18415,-0.2995585469128432
18416,-0.2153459408048204
18417,-0.12152744626665113
18418,-0.026256029014679716
18419,-0.07245937686676751
18420,-0.08910579466267488
18421,-0.03142105411138929
18422,-0.004519702127286085
18423,-0.06235684297923483
18424,-0.09117353516704468
18425,-0.2344522685461775
18426,-0.040688519320045136
18427,-0.030569187993372715
18428,-0.0088459203345654
18429,-0.03485039239245413
18430,-0.02778498203988866
18431,-0.004843324404656235
18432,-0.05016426698507998
18433,-0.041756689454093276
18434,-0.08489324866638118
18435,-0.12458041179145285
18436,-0.007364917938913973
18437,-0.05381326564146394
18438,-0.06479425923718063
18439,-0.19080690364604383
18440,-0.0633387243986836
18441,-0.12226825881461803
18442,-0.008958970461815402
18443,-0.022512628426118342
18444,-0.05245046727927527
18445,-0.055550247407047615
18446,-0.023276876148301123
18447,-0.1194843911582173
18448,-0.3164130094102515
18449,-0.01357632255936448
18450,-0.10661501923822847
18451,-0.22918714262223228
18452,-0.00023184645774016778
18453,-0.16291559860997318
18454,-0.07152584839951948
18455,-0.16226655701947845
18456,-0.018717797154090193
18457,-0.033999341382642406
18458,-0.07522679510709063
18459,-0.13274788309571273
18460,-0.023523045355490643
18461,-0.014236469456532924
18462,-0.023042199725941598
18463,-0.1560725280001397
18464,-0.06756570683299323
18465,-0.07153707468488968
18466,-0.16284678016950638
18467,-0.1693677328362586
18468,-0.6229534144726134
18469,-0.07094646194673404
18470,-0.3048931246436428
18471,-0.1321416342620899
18472,-0.12768346697554778
18473,-0.3244312661812092
18474,-0.03434252610561972
18475,-0.06265168561202661
18476,-0.06418809378767876
18477,-0.04606872991502348
18478,-0.06290432790249101
18479,-0.07162681937900509
18480,-0.310858891643504
18481,-0.19754383843172552
18482,-0.02036044855174493
18483,-0.038920317853379044
18484,-0.05692640386709025
18485,-0.2037181912759003
18486,-0.07978918625754228
18487,-0.0019686204132871657
18488,-0.5605191500006939
18489,-0.027044270106000967
18490,-0.1993524680705763
18491,-0.004379257747532568
18492,-0.056055081196286355
18493,-0.02912076216450868
18494,-0.04909113088181849
18495,-0.036510695820680894
18496,-0.014397678825057852
18497,-0.04020109518205306
18498,-0.10157085709021674
18499,-0.013809186363780106
18500,-0.013265074462108395
18501,-0.01744784377125308
18502,-0.05656901585847507
18503,-0.03872900348982755
18504,-0.11066928114023833
18505,-0.03751499858221152
18506,-0.003124842370684229
18507,-0.029714876548682878
18508,-0.21076331761770029
18509,-0.032881433708942504
18510,-0.1572763846519445
18511,-0.08193476365326013
18512,-0.06385395210018396
18513,-0.04388235913443739
18514,-0.18442108850493533
18515,-0.1978624031329207
18516,-0.019545578205605235
18517,-0.02020607645956611
18518,-0.2566576679618291
18519,-0.3111581924970963
18520,-0.015265756644369799
18521,-0.17842768748174942
18522,-0.13841817563155168
18523,-0.06900838123773179
18524,-0.058396480181549415
18525,-0.17021920080143582
18526,-0.06662975753309741
18527,-0.016058562895421985
18528,-0.026273047894332047
18529,-0.0868275501268751
18530,-0.09038896523979212
18531,-0.12090350801365493
18532,-0.00845860570494053
18533,-0.06464517410330162
18534,-0.020515428196146664
18535,-0.05104195872366113
18536,-0.047095061793151816
18537,-0.07958943831124243
18538,-0.04343267325843336
18539,-0.018645199876916707
18540,-0.010408595892400403
18541,-0.08415616234957612
18542,-0.0502891379098869
18543,-0.15322818865258947
18544,-0.10423614747020737
18545,-0.12060642968776761
18546,-0.1035993179503909
18547,-0.23621217410760134
18548,-0.0574423857003028
18549,-0.03925962146635187
18550,-0.02856002695574214
18551,-0.0741291851373305
18552,-0.02137973564914486
18553,-0.13457824851087052
18554,-0.11072543381049771
18555,-0.146452908173504
18556,-0.22669490027743722
18557,-0.017401861221196357
18558,-0.0051347178811674
18559,-0.07645497342466889
18560,-0.0767201132022507
18561,-0.16586838647210017
18562,-0.014677136167290716
18563,-0.11198751280341807
18564,-0.008089718196279405
18565,-0.10706726960324575
18566,-0.13430134250237227
18567,-0.018801832913320632
18568,-0.12411682842458704
18569,-0.10431980873723046
18570,-0.027070684363021957
18571,-0.13761813335421158
18572,-0.04452030497303072
18573,-0.06247766199390847
18574,-0.34217280898075386
18575,-0.004987498216594555
18576,-0.02691904285079305
18577,-0.0384607638311949
18578,-0.005395985701788286
18579,-0.033980496975561936
18580,-0.28645944448348204
18581,-0.04071953361600536
18582,-0.12144152497088534
18583,-0.10736657801605987
18584,-0.063428812312983
18585,-0.0791996173906716
18586,-0.14818347149449984
18587,-0.09645466318336604
18588,-0.01802556879247011
18589,-0.17284914213549307
18590,-0.07378409904215122
18591,-0.01945314795572997
18592,-0.04423087009092885
18593,-0.004628463370627183
18594,-0.055468686947891754
18595,-0.058613071763860436
18596,-0.17008436888738043
18597,-0.008688207230068828
18598,-0.31414644882179765
18599,-0.007504861916628969
18600,-0.06898448889005662
18601,-0.009051670943799038
18602,-0.01699860842609216
18603,-0.03505419774943208
18604,-0.13094611275490298
18605,-0.011162637857797808
18606,-0.018842873222816636
18607,-0.009341179194676585
18608,-0.07690792404617475
18609,-0.11948781827768873
18610,-0.1486585993720433
18611,-0.046014544091642406
18612,-0.10071849507977063
18613,-0.020842468718964335
18614,-0.010124479009520876
18615,-0.04978136021589652
18616,-0.0014094202693896224
18617,-0.10580075885918705
18618,-0.06295560700554129
18619,-0.1366731191141728
18620,-0.05141619116605875
18621,-0.019674907900119415
18622,-0.19090710919743437
18623,-0.14884655471846475
18624,-0.2293772861013199
18625,-0.0013658167005114533
18626,-0.20034481648939284
18627,-0.04170947710266473
18628,-0.1094069112009467
18629,-0.01658879168846978
18630,-0.10135656851527786
18631,-0.005291897794233391
18632,-0.07395222254327738
18633,-0.3114602378928155
18634,-0.029071682986965275
18635,-0.08704216201842208
18636,-0.23716899317619777
18637,-0.27648559278390117
18638,-0.00741430961148995
18639,-0.021173841773325514
18640,-0.002274828417431901
18641,-0.044796545608341565
18642,-0.0861512099442191
18643,-0.03276079851724779
18644,-0.21657193214941917
18645,-0.06223129681698192
18646,-0.06707645441328314
18647,-0.0664610245512538
18648,-0.042447314849126117
18649,-0.15253386813086722
18650,-0.1554781118446904
18651,-0.03161390692440201
18652,-0.21347357102179387
18653,-0.014069799963264644
18654,-0.06215827689837567
18655,-0.10156239695661086
18656,-0.006335360052223078
18657,-0.01589725113969931
18658,-0.021958056724472395
18659,-0.15190051854869546
18660,-0.09340343655416605
18661,-0.044456700245286584
18662,-0.04720637111412326
18663,-0.3010883610550259
18664,-0.013343810164956477
18665,-0.04254855543456804
18666,-0.22698870023652562
18667,-0.050433141196434494
18668,-0.04180283638485194
18669,-0.023113555424097543
18670,-0.10676143530835625
18671,-0.005923189068804714
18672,-0.227611578819917
18673,-0.0029276712601409172
18674,-0.24467512113392687
18675,-0.024953389008529343
18676,-0.15738799573844098
18677,-0.029182067449529253
18678,-0.04239686505407869
18679,-0.05773264352333263
18680,-0.07766529668121169
18681,-0.004437345268678429
18682,-0.03977425975952642
18683,-0.2684632917400852
18684,-0.05013616358336137
18685,-0.26927584118908365
18686,-0.01999875630012716
18687,-0.031510408595248236
18688,-0.0411681869889389
18689,-0.05367864335593489
18690,-0.3495000479995021
18691,-0.04232993166232657
18692,-0.48728850804473645
18693,-0.05327093159201424
18694,-0.10674587560711268
18695,-0.30441502503462037
18696,-0.11144200827298267
18697,-0.02049008519225993
18698,-0.203911561906451
18699,-0.08833810515691098
18700,-0.08365601223339808
18701,-0.03327045169840388
18702,-0.03017743533989803
18703,-0.15587460111713236
18704,-0.0521508968212632
18705,-0.02886019212685012
18706,-0.10757962185254089
18707,-0.09845806367951448
18708,-0.08684906127388814
18709,-0.08292358334796646
18710,-0.0435766547033275
18711,-0.06501451955854753
18712,-0.12288486813619326
18713,-0.10530642216200947
18714,-0.044130960805039116
18715,-0.10193889610425055
18716,-0.13810072055915557
18717,-0.021684784758772842
18718,-0.14207121750643026
18719,-0.1350873137434303
18720,-0.0380145725808243
18721,-0.051320150420497535
18722,-0.1657542580527016
18723,-0.11754269056479474
18724,-0.06326013236325467
18725,-0.07226217906031085
18726,-0.02835879241006367
18727,-0.10945222341942096
18728,-0.1356614497652875
18729,-0.11853130885607482
18730,-0.020797656296279728
18731,-0.018729420433635242
18732,-0.02223820558915579
18733,-0.369508919207462
18734,-0.01623138883824482
18735,-0.008114831939923045
18736,-0.1006451938589761
18737,-0.035364549803602326
18738,-0.018170448406224643
18739,-0.045733733517445474
18740,-0.0076192561305498275
18741,-0.1701104969367262
18742,-0.09362469967334547
18743,-0.011756885877955044
18744,-0.12586898676971672
18745,-0.10836780481037625
18746,-0.02161710770151093
18747,-0.16159091733358366
18748,-0.000855357149584804
18749,-0.0710400010788157
18750,-0.049798028440710684
18751,-0.034001026091234454
18752,-0.06769178056250172
18753,-0.038463109672264295
18754,-0.015090112781502185
18755,-0.03503807067993159
18756,-0.08056820322729585
18757,-0.08409019514085309
18758,-0.0375822912958097
18759,-0.10167728830132106
18760,-0.04352369022148162
18761,-0.003841820160554489
18762,-0.05516725480069207
18763,-0.08616335607270445
18764,-0.04071413001493565
18765,-0.05107439723151863
18766,-0.11026424963999137
18767,-0.2342692865753424
18768,-0.19282249287531983
18769,-0.19880298257765006
18770,-0.30164293477326354
18771,-0.012054002894997251
18772,-0.03839007504151282
18773,-0.10859813725944178
18774,-0.04003154343603299
18775,-0.017701384415121042
18776,-0.25015234365977834
18777,-0.017491758444834193
18778,-0.051302606855099686
18779,-0.3852006572584461
18780,-0.04325908918781751
18781,-0.1246832855154989
18782,-0.024758983259473344
18783,-0.10358961631015129
18784,-0.08199032783028185
18785,-0.10060747284233573
18786,-0.0038470162769633776
18787,-0.03928596180725852
18788,-0.03717194970400701
18789,-0.19503654881564358
18790,-0.05670771275001569
18791,-0.0156575726021361
18792,-0.03557382025217226
18793,-0.04280349799066363
18794,-0.18657816317051257
18795,-0.09288030072561115
18796,-0.09419544264666602
18797,-0.017317751043989582
18798,-0.07093178369415265
18799,-0.06076836563369259
18800,-0.124055901765499
18801,-0.04544147050342684
18802,-0.06172300435327138
18803,-0.0792198732607865
18804,-0.1481278430390089
18805,-0.03583665653947676
18806,-0.14278873566584604
18807,-0.0357020167268203
18808,-0.10644165757232216
18809,-0.020699165366221184
18810,-0.015586043763255258
18811,-0.2533611492029042
18812,-0.017776348821880866
18813,-0.00448541740740277
18814,-0.10950899471850173
18815,-0.16131011831771197
18816,-0.04625534048281077
18817,-0.031538363080976684
18818,-0.09778337275252114
18819,-0.1567837611437799
18820,-0.14526006331117094
18821,-0.21474250842823395
18822,-0.13139883149611764
18823,-0.19786835278106987
18824,-0.015633992689117165
18825,-0.05417947860536246
18826,-0.010256757497545982
18827,-0.13825199908548752
18828,-0.0048893078906560306
18829,-0.030870096582058637
18830,-0.08328653094282368
18831,-0.03536565564038166
18832,-0.12770223740679087
18833,-0.017766703291668656
18834,-0.038286899687737574
18835,-0.038816339709699665
18836,-0.13673400198081298
18837,-0.07137024354129728
18838,-0.02482560469691189
18839,-0.27284367475775284
18840,-0.02792929073324457
18841,-0.007195680762017542
18842,-0.06960996526731489
18843,-0.03709310724720227
18844,-0.007523356901442402
18845,-0.021646253268336246
18846,-0.04552618598688718
18847,-0.05946131145952993
18848,-0.22844296377770945
18849,-0.3521848864873598
18850,-0.12808162563194436
18851,-0.012765869911047029
18852,-0.054296923620079235
18853,-0.049385070416798627
18854,-0.016222556373345798
18855,-0.08976760942156539
18856,-0.1900412651474377
18857,-0.5100549345181271
18858,-0.005308509111939981
18859,-0.040538672951934834
18860,-0.005978391342817012
18861,-0.12054773132577401
18862,-0.07193383835991399
18863,-0.04019572528596538
18864,-0.3480299049720098
18865,-0.15283324897276573
18866,-0.015814731437467505
18867,-0.01823682408337446
18868,-0.02737012690059404
18869,-0.1443530236488072
18870,-0.0185176786652598
18871,-0.14507208322090692
18872,-0.012660911771657297
18873,-0.13793424517729724
18874,-0.13194450721300213
18875,-0.31524525534505443
18876,-0.15412563534928314
18877,-0.16848068152919826
18878,-0.13306045675995648
18879,-0.16987941972494544
18880,-0.10695496197924614
18881,-0.16340790888609355
18882,-0.0660639001261939
18883,-0.22911712687847263
18884,-0.07720964116838624
18885,-0.008993832725793044
18886,-0.3118878827348581
18887,-0.060885536291437004
18888,-0.08326998774068176
18889,-0.3191476961148969
18890,-0.01644641090149948
18891,-0.008655132278289903
18892,-0.012735675338957947
18893,-0.033759114676124136
18894,-0.1016876513736844
18895,-0.03994710754152975
18896,-0.06914797557445462
18897,-0.22587289803515498
18898,-0.011183319329199476
18899,-0.005120377191475629
18900,-0.0942935380973502
18901,-0.19461442761064696
18902,-0.12096385560434142
18903,-0.0018308679253799189
18904,-0.02902701160011123
18905,-0.02129056599727286
18906,-0.21092206704902594
18907,-0.12144559081884054
18908,-0.06589026106612067
18909,-0.04468289054032193
18910,-0.06780082043629321
18911,-0.04358870254465508
18912,-0.025292190706702022
18913,-0.3009941221017165
18914,-0.2955598512058857
18915,-0.1979520193100398
18916,-0.029589715174991316
18917,-0.04162367715614502
18918,-0.4310323568350416
18919,-0.0538102737283033
18920,-0.11422948611854844
18921,-0.07465799267786288
18922,-0.1903443939980054
18923,-0.04007934797592805
18924,-0.0015834534632274203
18925,-0.568888933761265
18926,-0.006173309462240845
18927,-0.04400056454497561
18928,-0.14609563582414298
18929,-0.05331431715307217
18930,-0.06421782050936786
18931,-0.040007258660604283
18932,-0.25704523945294255
18933,-0.049033423896875046
18934,-0.29085571235667773
18935,-0.09599919180345129
18936,-0.47681231449274053
18937,-0.05027872771996045
18938,-0.21955777682225852
18939,-0.07047653181311342
18940,-0.007353844371094558
18941,-0.13658119457893436
18942,-0.19174099984021753
18943,-0.07770866841297641
18944,-0.08072090145714286
18945,-0.05040444554449459
18946,-0.41401952457028734
18947,-0.054662472648108196
18948,-0.15110374818029879
18949,-0.12061583472373849
18950,-0.10396099106628975
18951,-0.183778628239753
18952,-0.04665323464278537
18953,-0.1520949336656071
18954,-0.07104167860666666
18955,-0.05250359770908697
18956,-0.15611645373226857
18957,-0.133422353778351
18958,-0.14117918146112907
18959,-0.1191084549564706
18960,-0.2535040970614393
18961,-0.06996831224627842
18962,-0.13423121653308334
18963,-0.07136503438259523
18964,-0.09607461593441252
18965,-0.028341826907161832
18966,-0.06323798351986298
18967,-0.022209707162127806
18968,-0.042217232953970396
18969,-0.04436027497819309
18970,-0.03026509615817055
18971,-0.19534219011872134
18972,-0.04403280854552552
18973,-0.031154395072803376
18974,-0.046883516963328375
18975,-0.004264886841625625
18976,-0.3607261543065676
18977,-0.06011608778983524
18978,-0.036562066659774795
18979,-0.0027620344133083845
18980,-0.16587718023911624
18981,-0.055031168739986064
18982,-0.09605521384640087
18983,-0.12974672252402464
18984,-0.0412250315823629
18985,-0.013280149599410707
18986,-0.03953944689880397
18987,-0.00768359123518586
18988,-0.09106349574807426
18989,-0.28381601214037433
18990,-0.2238573049302066
18991,-0.019491562592468255
18992,-0.030937060609722455
18993,-0.21724566344728657
18994,-0.10674154228877564
18995,-0.0475887032402299
18996,-0.0006038155675564764
18997,-0.1192702123392354
18998,-0.013935021012463251
18999,-0.10123819839173098
19000,-0.011653136422525467
19001,-0.03313375328679735
19002,-0.1490295962831506
19003,-0.008516736866300313
19004,-0.0077138485446966165
19005,-0.0349989933798982
19006,-0.063684306208181
19007,-0.2442281039667371
19008,-0.07201089921758141
19009,-0.05047681154788475
19010,-0.08037090958800608
19011,-0.0026565741623086475
19012,-0.33615565346506315
19013,-0.037110868101990165
19014,-0.14190137765716593
19015,-0.0947440034292526
19016,-0.1279394827425333
19017,-0.2815417998397791
19018,-0.016508267030638922
19019,-0.19238157336074702
19020,-0.02239787555086581
19021,-0.006394075395399469
19022,-0.03349697368399962
19023,-0.09041262028522626
19024,-0.005353044318554823
19025,-0.14497934106836974
19026,-0.00799276508150299
19027,-0.04151641285601082
19028,-0.017028619594039403
19029,-0.00011591928006660839
19030,-0.06733095381503151
19031,-0.01129580926557705
19032,-0.027438529390347632
19033,-0.10933175610367407
19034,-0.01938197850220702
19035,-0.10138323948359806
19036,-0.03259540948931827
19037,-0.12228886138065187
19038,-0.020114861918657967
19039,-0.06408101180111986
19040,-0.011814324130539906
19041,-0.05917376997600643
19042,-0.16332861683998356
19043,-0.054889688859988746
19044,-0.04131185636019266
19045,-0.07434477386279836
19046,-0.03235739412085725
19047,-0.02814759280396953
19048,-0.16500453640769486
19049,-0.022809291177199237
19050,-0.0026991337296306
19051,-0.007790805329648487
19052,-0.01059206179937247
19053,-0.03114883949982053
19054,-0.05298899941058277
19055,-0.017287368713551104
19056,-0.02951030809005864
19057,-0.07611936021091698
19058,-0.09463947691831454
19059,-0.028895986724708167
19060,-0.001949930082077282
19061,-0.08832675148574376
19062,-0.06859654350346622
19063,-0.03641313758526055
19064,-0.0694165306492952
19065,-0.06620752117581397
19066,-0.11029757876264146
19067,-0.1806402010510776
19068,-0.005504909466819946
19069,-0.0018878852539544813
19070,-0.058867933599033084
19071,-0.022995975937519564
19072,-0.10678857463586822
19073,-0.010311707909087975
19074,-0.008195416365191015
19075,-0.41897924042296575
19076,-0.001549745944681805
19077,-0.12724913510309221
19078,-0.14574702452029875
19079,-0.010115976986712322
19080,-0.2857791853169971
19081,-0.025497827223667363
19082,-0.017155964813965002
19083,-0.10267380472699417
19084,-0.11646379075526347
19085,-0.07448734155851153
19086,-0.010309151384655074
19087,-0.05955522882827724
19088,-0.0686405249736457
19089,-0.028009341355892392
19090,-0.05186816328072014
19091,-0.06234532887481958
19092,-0.13610229608647906
19093,-0.012060383032338945
19094,-0.14643963435144558
19095,-0.0378292970884051
19096,-0.029877503720641574
19097,-0.01292139945897941
19098,-0.13739493136430525
19099,-0.035945704334856395
19100,-0.23291931028511792
19101,-0.014549180332397077
19102,-0.12754786498221282
19103,-0.21729740728540614
19104,-0.060817667033913954
19105,-0.05726812074688683
19106,-0.002131100620171739
19107,-0.2510325552476895
19108,-0.03987711803490568
19109,-0.09357176770349407
19110,-0.11003078593002602
19111,-0.063978083460004
19112,-0.08495968311731325
19113,-0.1260599007252302
19114,-0.05411445245600455
19115,-0.1843887100953766
19116,-0.05093227384159349
19117,-0.03128659603952644
19118,-0.01164748098378754
19119,-0.12212375265023923
19120,-0.25258213545987473
19121,-0.014511786952723406
19122,-0.11448461981452462
19123,-0.15434952433937932
19124,-0.009136122144318162
19125,-0.035784539128795645
19126,-0.0757544077498773
19127,-0.0625392965029713
19128,-0.027181946366493542
19129,-0.16107263285030093
19130,-0.04529131942683676
19131,-0.020741422515791585
19132,-0.09423161005851632
19133,-0.022175546731931922
19134,-0.05104053782356843
19135,-0.009715188364900151
19136,-0.023914083019866167
19137,-0.03875115862159746
19138,-0.014746858470537944
19139,-0.07707689161942088
19140,-0.06466135830652375
19141,-0.04211347766155926
19142,-0.03389103068809025
19143,-0.010338419620618128
19144,-0.009819603348773659
19145,-0.1469201607311921
19146,-0.017618642073886193
19147,-0.10274925094653542
19148,-0.028369243508574345
19149,-0.09494667163630943
19150,-0.11921462438928332
19151,-0.03276081415599752
19152,-0.06198641343602651
19153,-0.04743435865752077
19154,-0.14022531951181927
19155,-0.021043795520102222
19156,-0.055318576134731234
19157,-0.05087690224670822
19158,-0.09848430078668091
19159,-0.016562430452598115
19160,-0.18587029935971788
19161,-0.12251385005577713
19162,-0.10766046895941628
19163,-0.02190089094605796
19164,-0.11445250950503061
19165,-0.09102109014404869
19166,-0.006974472408313483
19167,-0.25629165767477824
19168,-0.08102692226272312
19169,-0.003163974107157193
19170,-0.03254739465974332
19171,-0.024669813330752383
19172,-0.23754861035815367
19173,-0.0033536451906922837
19174,-0.030518419965573258
19175,-0.0007162951192204951
19176,-0.037365728494028534
19177,-0.003174161975782158
19178,-0.03973318787623037
19179,-0.16354962206373003
19180,-0.0403723642640286
19181,-0.04473822668913763
19182,-0.04263258140950261
19183,-0.0743345955287098
19184,-0.12761724024327936
19185,-0.03282455126488795
19186,-0.08448949465548816
19187,-0.08807833675927279
19188,-0.0437164022308042
19189,-0.08000135655860513
19190,-0.043199887672265076
19191,-0.009539383894765071
19192,-0.02983059104976518
19193,-0.02324852044110773
19194,-0.0723845916267847
19195,-0.012355829123094325
19196,-0.13856576091899347
19197,-0.06259070054679763
19198,-0.16756412906704599
19199,-0.35334869836196825
19200,-0.15474713478977442
19201,-0.17975035906966896
19202,-0.01257188363564632
19203,-0.05992536738443255
19204,-0.2623415814728802
19205,-0.002038530380175244
19206,-0.04886586617953492
19207,-0.042807026714796526
19208,-0.2826973014236219
19209,-1.829294943556962e-05
19210,-0.08796931448231737
19211,-0.23615009877350923
19212,-0.07629979800793454
19213,-0.044930143106166054
19214,-0.033123434028635164
19215,-0.1262454208092807
19216,-0.32823933341877876
19217,-0.1008747917439945
19218,-0.0013329047910093511
19219,-0.09485399952191731
19220,-0.04926828172720443
19221,-0.14489386542617
19222,-0.11201813127921278
19223,-0.009293124006234903
19224,-0.07343957335205042
19225,-0.19315660290804992
19226,-0.008669349630924056
19227,-0.08632468516761642
19228,-0.03453753789455595
19229,-0.10804446594225026
19230,-0.06567132195203229
19231,-0.18018726476758395
19232,-0.11804915135421112
19233,-0.03365161484625928
19234,-0.04852622535746945
19235,-0.1940736193607684
19236,-0.0002587614176491755
19237,-0.147092094179194
19238,-0.3705886794849853
19239,-0.12544386807472607
19240,-0.014912981782482142
19241,-0.5583775395698911
19242,-0.030957477280043055
19243,-0.09599637664028826
19244,-0.14646581398289385
19245,-0.028101545634649956
19246,-0.07057379992429491
19247,-0.1170710374759737
19248,-0.03941140890395767
19249,-0.052919083855261735
19250,-0.09627993065544871
19251,-0.11686872891423405
19252,-0.014024822920471025
19253,-0.14872446176117338
19254,-0.12126766378880838
19255,-0.006125758135447273
19256,-0.037531479062043155
19257,-0.05736659524753954
19258,-0.17576174242023257
19259,-0.1330738440015411
19260,-0.16881001209854507
19261,-0.03154088200273952
19262,-0.14864074170061992
19263,-0.03043796303438387
19264,-0.1629684244395363
19265,-0.39529376322744847
19266,-0.022468822805231103
19267,-0.032847200119254905
19268,-0.38148588163891795
19269,-0.05346675179772131
19270,-0.03587032307472926
19271,-0.19612024161384056
19272,-0.024791266409136287
19273,-0.011335261090270228
19274,-0.014184299678261625
19275,-0.09043247064619253
19276,-0.10808927942324031
19277,-0.03359048649181185
19278,-0.05087299566973716
19279,-0.16754854779589268
19280,-0.054764509096584486
19281,-0.1435287124178154
19282,-0.12638321447714418
19283,-0.007174506791039065
19284,-0.42921637066847396
19285,-0.1892127943664879
19286,-0.06665613713311791
19287,-0.32490452978260365
19288,-0.20432672547734443
19289,-0.09548840434842598
19290,-0.058402983142777684
19291,-0.1164270876830521
19292,-0.2682125020136983
19293,-0.02019127460820405
19294,-0.030533499163468147
19295,-0.03568410679622913
19296,-0.11765058833415346
19297,-0.10831881749919214
19298,-0.04710046065251572
19299,-0.02500999071242127
19300,-0.0007519340963856452
19301,-0.007963868210102084
19302,-0.09705582002531843
19303,-0.025784267017538776
19304,-0.22183607866092858
19305,-0.050112352135913696
19306,-0.041045966014658514
19307,-0.1433649211469812
19308,-0.06651359817526806
19309,-0.05828844961689053
19310,-0.09336572448116875
19311,-0.021913225006574805
19312,-0.0038752890122028608
19313,-0.04301276516713415
19314,-0.039592245799192655
19315,-0.0630249005304262
19316,-0.012470132006883738
19317,-0.01565224983788511
19318,-0.09067782405087721
19319,-0.006713268529426247
19320,-0.0412434636674699
19321,-0.1753938371507613
19322,-0.010319039267547625
19323,-0.02384082395472737
19324,-0.10987857069013451
19325,-0.019167677335272915
19326,-0.009699381605059815
19327,-0.10154395078360778
19328,-0.006138969687533559
19329,-0.02657341285019843
19330,-0.057448714098616294
19331,-3.093284818780952e-05
19332,-0.049970283065697285
19333,-0.14439218331884718
19334,-0.026200390409350405
19335,-0.007276744620975391
19336,-0.026721492602571867
19337,-0.019021462035508814
19338,-0.01105732485578071
19339,-0.02069255526952914
19340,-0.02954947973478686
19341,-0.03575039689708348
19342,-0.052146425855611245
19343,-0.012093737013224831
19344,-0.016401159969312684
19345,-0.2818110612978053
19346,-0.025347329236777433
19347,-0.008166760966728248
19348,-0.14248505916721443
19349,-0.004168481615383086
19350,-0.011000256887433724
19351,-0.02228386646634295
19352,-0.0025712108507477544
19353,-0.035393104940254716
19354,-0.2796835014087091
19355,-0.05663755788486047
19356,-0.08572709643334919
19357,-0.018972547051075567
19358,-0.0523028858631851
19359,-0.1743509437685327
19360,-0.04343292006934407
19361,-0.005961126002112682
19362,-0.04468563064671571
19363,-0.18623088680509925
19364,-0.022648208086794193
19365,-0.0340856847337101
19366,-0.019005056487184757
19367,-0.01659701073567499
19368,-0.07944972202458134
19369,-0.10855831957662376
19370,-0.09352495013246889
19371,-0.03125309630745143
19372,-0.03325435869865123
19373,-0.18060412180997254
19374,-0.07490089722338988
19375,-0.08477642870765623
19376,-0.21596076767114747
19377,-0.11678902513310252
19378,-0.13293664835598198
19379,-0.14049525067249968
19380,-0.07028892211011997
19381,-0.003581368939276214
19382,-0.09034483724096631
19383,-0.07787697377986058
19384,-0.036004771775679796
19385,-0.45770339341993704
19386,-0.22703066216477197
19387,-0.018406627821030114
19388,-0.0929447918836055
19389,-0.061832240399451455
19390,-0.1438954525126438
19391,-0.022363952895671453
19392,-0.022066900534161715
19393,-0.1416305095644157
19394,-0.0267455395090056
19395,-0.11024677995013699
19396,-0.029034600347955797
19397,-0.013589479581264802
19398,-0.031417045558480045
19399,-0.15219883799692838
19400,-0.05943113004070366
19401,-0.029796690207556403
19402,-0.01999835234045961
19403,-0.07894407644516044
19404,-0.01183066517621391
19405,-0.26430973252605305
19406,-0.017074003727038378
19407,-0.029453730437611014
19408,-0.3596111933537146
19409,-0.01814864905386899
19410,-0.2539171568071801
19411,-0.15248725880926495
19412,-0.021941552335586617
19413,-0.2382031194076859
19414,-0.018426275082361276
19415,-0.2419224286878069
19416,-0.02368433942757356
19417,-0.04872855847635915
19418,-0.4130444619929077
19419,-0.14661289052226723
19420,-0.02429073152313821
19421,-0.05573200310738047
19422,-0.48961547421287266
19423,-0.0006550066751337836
19424,-0.4059957203943796
19425,-0.16343949500529498
19426,-0.3436850404687348
19427,-0.03850558672308968
19428,-0.06407992708606786
19429,-0.06966536963377697
19430,-0.3798370760130467
19431,-0.05663362517379256
19432,-0.2730582097168881
19433,-0.0060894202774271
19434,-0.05307253272352774
19435,-0.030750858217371224
19436,-0.12425610615522631
19437,-0.0767440453020396
19438,-0.061794333516383304
19439,-0.04338094931374406
19440,-0.02020642837283604
19441,-0.004342158493374458
19442,-0.11068334743604383
19443,-0.12415130219982595
19444,-0.028294960464347214
19445,-0.01594772165393988
19446,-0.016562817209551106
19447,-0.11567328064357163
19448,-0.1168241910553296
19449,-0.14812639214247497
19450,-0.04728488954398191
19451,-0.22858009342233754
19452,-0.0879306659976753
19453,-0.1912142262176051
19454,-0.057028837197381825
19455,-0.018325599013233232
19456,-0.007895363315641613
19457,-0.01972483432035988
19458,-0.01879324970132304
19459,-0.18480837208876943
19460,-0.279577847770073
19461,-0.04475917093761217
19462,-0.08238891485313593
19463,-0.1935848521093253
19464,-0.12768182546411222
19465,-0.2686728603129076
19466,-0.07003800869380472
19467,-0.120978721680979
19468,-0.21292962450084651
19469,-0.039026002653830445
19470,-0.05923101817032317
19471,-0.19754020032778755
19472,-0.03939390323216696
19473,-0.005033635023665663
19474,-0.054727544270474215
19475,-0.16283941347585776
19476,-0.06678816344671035
19477,-0.04664490568970546
19478,-0.010373065323353942
19479,-0.004880267980468429
19480,-0.008760564929235999
19481,-0.18303193426441178
19482,-0.5158077781487727
19483,-0.15518944252775135
19484,-0.04719629090335678
19485,-0.0024687431504481286
19486,-0.06009271718018727
19487,-0.20459824327266496
19488,-0.0164503637317679
19489,-0.01939779085904239
19490,-0.3044332644207338
19491,-0.03749652795160685
19492,-0.02322122498937995
19493,-0.023383960683059285
19494,-0.05657119290859791
19495,-0.03932279113972739
19496,-0.09192959364441855
19497,-0.2084510891007363
19498,-0.027250071972038548
19499,-0.02860089316807604
19500,-0.001963986448391958
19501,-0.014653387205757484
19502,-0.12106873856990019
19503,-0.01660655145967263
19504,-0.06156458389732977
19505,-0.06073946018607013
19506,-0.0020686214037255405
19507,-0.03027272347365842
19508,-0.06344819881964248
19509,-0.05483358866517074
19510,-0.025336057117265005
19511,-0.1275309402779854
19512,-0.04640156693177433
19513,-0.018809658451407474
19514,-0.04040225159441147
19515,-0.05892369939104869
19516,-0.05673993236612113
19517,-0.06037915904711533
19518,-0.11188003111797534
19519,-0.027663511356552824
19520,-0.12394864730804134
19521,-0.010601334420341418
19522,-0.020231893770143318
19523,-0.05434399586437488
19524,-0.1815521260555184
19525,-0.11345219961496378
19526,-0.2733811342680418
19527,-0.004932252522803278
19528,-0.1302460418967577
19529,-0.3520716607327081
19530,-0.1315374981494153
19531,-0.023183145987485526
19532,-0.03707664135002478
19533,-0.06686140609947211
19534,-0.12763459347236372
19535,-0.10328491666901177
19536,-0.08192412435119412
19537,-0.05267698473709914
19538,-0.037638570912637954
19539,-0.015554645843658538
19540,-0.07017083882137065
19541,-0.0224511091825031
19542,-0.012801289790010523
19543,-0.03860317558983634
19544,-0.09095456913085048
19545,-0.038642271863707285
19546,-0.05110113810157424
19547,-0.056502940525178236
19548,-0.0648506123669958
19549,-0.022357500453820373
19550,-0.00394419022066337
19551,-0.11163797595786351
19552,-0.0028604187606411924
19553,-0.07473755995215436
19554,-0.07522678627432855
19555,-0.2258884924647746
19556,-0.06625237305527243
19557,-0.015585418590888606
19558,-0.03480990788719507
19559,-0.0360835307133992
19560,-0.09171771881232837
19561,-0.00662353494734505
19562,-0.09060372115630111
19563,-0.2819639988984872
19564,-0.06466791965218377
19565,-0.155031777366757
19566,-0.07129677955624358
19567,-0.08514337498161384
19568,-0.17532232121884317
19569,-0.14986162747134202
19570,-0.08167255529816814
19571,-0.03834624851147118
19572,-0.12060120666373401
19573,-0.35442107368245424
19574,-0.008289227009581152
19575,-0.03155099216376312
19576,-0.02145170908505714
19577,-0.07162369419408743
19578,-0.027777535506219864
19579,-0.1554023239155437
19580,-0.19597923978476972
19581,-0.11498797759555382
19582,-0.052035021424998384
19583,-0.09592865727778432
19584,-0.055468770570167525
19585,-0.09311444485400333
19586,-0.07624373373378612
19587,-0.3294398189303661
19588,-0.026993146702000814
19589,-0.09303895270572271
19590,-0.2671961843378644
19591,-0.2100324389030246
19592,-0.0449571322673159
19593,-0.33320918149987344
19594,-0.03226065880213014
19595,-0.01680019908203636
19596,-0.12113243820512115
19597,-0.030786252386477142
19598,-0.018692844002507814
19599,-0.034490544223045455
19600,-0.06256626663815601
19601,-0.006818341603266637
19602,-0.07326395004753161
19603,-0.12874964757371377
19604,-0.2564659077374163
19605,-0.16857342933977115
19606,-0.43178336598641076
19607,-0.19424640746569155
19608,-0.2066424197793868
19609,-0.005164470111889696
19610,-0.03701161492863769
19611,-0.10802057250554775
19612,-0.44891523882634843
19613,-0.11281341064492922
19614,-0.037103704714140734
19615,-0.05862951133658445
19616,-0.2463437790649411
19617,-0.1442432477726716
19618,-0.1711881134506399
19619,-0.30522692207462576
19620,-0.09928747301190025
19621,-0.009205041525573384
19622,-0.03387028075559073
19623,-0.09952587612710895
19624,-0.20311926143307213
19625,-0.032519091477573175
19626,-0.006334310366631485
19627,-0.07551635180583685
19628,-0.054780620269623825
19629,-0.13442541419960197
19630,-0.012800933628079325
19631,-0.010206109239022883
19632,-0.10200209811053629
19633,-0.003615423023347832
19634,-0.05586334533538351
19635,-0.056027140247683765
19636,-0.006612234239738897
19637,-0.03542503912683914
19638,-0.006317929361369771
19639,-0.07094452062919965
19640,-0.05193189552391475
19641,-0.06572768305879348
19642,-0.0554348846998729
19643,-0.10817281428487535
19644,-0.19801691063727403
19645,-0.21500556598617004
19646,-0.19940704290376532
19647,-0.20810415123141113
19648,-0.3471409328984554
19649,-0.14928523649130476
19650,-0.10284367565203126
19651,-0.16039436602011747
19652,-0.22619621650182886
19653,-0.08874004983131645
19654,-0.014201937713947399
19655,-0.046543861906244044
19656,-0.07712386564193041
19657,-0.12994237800259598
19658,-0.0029698614131473417
19659,-0.15521826524411697
19660,-0.09583621357658167
19661,-0.18117930639228952
19662,-0.2955006253690631
19663,-0.09804290604462773
19664,-0.03837310893936796
19665,-0.1651741936680412
19666,-0.17854876862070412
19667,-0.21709312281736134
19668,-0.20343623804297442
19669,-0.0721994653551481
19670,-0.02217248294847073
19671,-0.062060134169956815
19672,-0.0061008466034795945
19673,-0.1818621607919929
19674,-0.02866758162066596
19675,-0.15145309923988126
19676,-0.2376130809149436
19677,-0.1395318382227253
19678,-0.2299353498507628
19679,-0.18738578836603104
19680,-0.2439067191611426
19681,-0.06752350800189849
19682,-0.18814617734285222
19683,-0.03302250698031206
19684,-0.14996150885265624
19685,-0.3637517484208641
19686,-0.24794204598920644
19687,-0.027392388281940017
19688,-0.40781151144519123
19689,-0.20752148594035313
19690,-0.016470045396839467
19691,-0.07480911987480587
19692,-0.027392408146593744
19693,-0.024718266061358407
19694,-0.076250158025998
19695,-0.03611712651816479
19696,-0.07310657653659236
19697,-0.2356090813301095
19698,-0.005487917984570894
19699,-0.10016805018071173
19700,-0.045261460031370555
19701,-0.22684952089139765
19702,-0.06978934721636254
19703,-0.2857419158950525
19704,-0.08356424663556083
19705,-0.23253530085877872
19706,-0.1598250937529877
19707,-0.03566699899118064
19708,-0.020235255358635032
19709,-0.012950557920774614
19710,-0.10507640982606994
19711,-0.027436041610495093
19712,-0.13183544196433294
19713,-0.1858602038114885
19714,-0.035100700433948445
19715,-0.031497891564049196
19716,-0.17973021293765967
19717,-0.067801187990187
19718,-0.29758821039417704
19719,-0.045109673809373314
19720,-0.08991354408236107
19721,-0.14215863531836925
19722,-0.14402408445672615
19723,-0.06882141726402938
19724,-0.38543185799031265
19725,-0.10002421942489281
19726,-0.15409066318792464
19727,-0.2534138540635986
19728,-0.1696825628256673
19729,-0.02496234544482851
19730,-0.1550529511473293
19731,-0.03429724852139382
19732,-0.11475115370442623
19733,-0.039794459005775114
19734,-0.07933202751399593
19735,-0.04361487932654524
19736,-0.13271523488553472
19737,-0.1061753437687748
19738,-0.021472681259548848
19739,-0.026195865888794863
19740,-0.2301122315680062
19741,-0.01377098183172016
19742,-0.018322502679691217
19743,-0.1462831961805211
19744,-0.13128514834063632
19745,-0.005369912148206292
19746,-0.13727657105447835
19747,-0.0821484122035665
19748,-0.1569933288170078
19749,-0.32188946717865363
19750,-0.23973953864972275
19751,-0.6121529662795684
19752,-0.13676972790941955
19753,-0.0760019175687382
19754,-0.12653980765383446
19755,-0.0026656458951541686
19756,-0.17730778703378686
19757,-0.05218700318112168
19758,-0.0025362366939950046
19759,-0.01446116750507287
19760,-0.16585771789253023
19761,-0.03830673883135216
19762,-0.1599359418534121
19763,-0.17918733629591133
19764,-0.4396787271347091
19765,-0.1668461080752729
19766,-0.17431037439033403
19767,-0.1504463603830866
19768,-0.1381834658373582
19769,-0.004229522058186443
19770,-0.15954445176476206
19771,-0.010124931396162589
19772,-0.11483855185022088
19773,-0.11264720189807953
19774,-0.011769423234294335
19775,-0.05207544888541096
19776,-0.16199915197627002
19777,-0.0481134344194345
19778,-0.005159034861911771
19779,-0.14787414624169104
19780,-0.13225967149986362
19781,-0.01277148953087915
19782,-0.07073408735795761
19783,-0.07254085187249334
19784,-0.03390758991743703
19785,-0.08600319822814939
19786,-0.06644037529375135
19787,-0.068945093528197
19788,-0.014479462925152037
19789,-0.016081088684630096
19790,-0.04900276786908034
19791,-0.11452451415916487
19792,-0.2815163235420788
19793,-0.11442225335289224
19794,-0.0683524371854567
19795,-0.026353334916347837
19796,-0.07434865940443569
19797,-0.022304439178405855
19798,-0.007699059369309654
19799,-0.07617225563353758
19800,-0.11780116869661983
19801,-0.03778590606266674
19802,-0.2661167356804146
19803,-0.06637112087168576
19804,-0.06884172235458852
19805,-0.1417075324216406
19806,-0.10332621096669214
19807,-0.10235809875692503
19808,-0.007658512618534119
19809,-0.07250129868097199
19810,-0.025285492190161414
19811,-0.12433331788788496
19812,-0.06074479078016463
19813,-0.08486506004046257
19814,-0.17484201617132003
19815,-0.20010077827634554
19816,-0.11004766424643098
19817,-0.02537073839613957
19818,-0.03884769454872883
19819,-0.002112958084830391
19820,-0.07198078396080876
19821,-0.07804524238438448
19822,-0.41382728521540457
19823,-0.020268059473680627
19824,-0.34906901107431487
19825,-0.010611681654154381
19826,-0.03846750090966078
19827,-0.02922399400482445
19828,-0.7596536144180579
19829,-0.15658287651036407
19830,-0.007242143454419802
19831,-0.16947335425915933
19832,-0.37032195828185843
19833,-0.0347055125869264
19834,-0.1199488498588197
19835,-0.3822970439398876
19836,-0.05256627482605147
19837,-0.08797610794222965
19838,-0.247349066179952
19839,-0.1258879843959516
19840,-0.0583753919061053
19841,-0.00515001918206779
19842,-0.12067671190243841
19843,-0.1460575272546869
19844,-0.09457993715346413
19845,-0.261664419678306
19846,-0.06507169338512989
19847,-0.12391208898194173
19848,-0.479204544920913
19849,-0.3488736839712949
19850,-0.26215447723718954
19851,-0.04753630922094576
19852,-0.05266001412880439
19853,-0.05297546084670757
19854,-0.03109666707562131
19855,-0.019289358961755973
19856,-0.25195375789354024
19857,-0.20366083485648234
19858,-0.15313568814264933
19859,-0.131912139343898
19860,-0.009873644530391775
19861,-0.03459258723935932
19862,-0.11673158982156873
19863,-0.1186099556940925
19864,-0.04760121013638008
19865,-0.02185962421752141
19866,-0.024514971499517563
19867,-0.056888318594677384
19868,-0.04314982224752642
19869,-0.051701816567645165
19870,-0.362317443469653
19871,-0.019301139676779454
19872,-0.07068281716114955
19873,-0.2702847957533373
19874,-0.17853827206283768
19875,-0.12429994843573022
19876,-0.008190836748427494
19877,-0.011718066558083336
19878,-0.12757712144870095
19879,-0.001317434103838666
19880,-0.030941257095735808
19881,-0.2469402275475563
19882,-0.09113805028703251
19883,-0.058412580888294596
19884,-0.00064169047366135
19885,-0.017047974217027195
19886,-0.02410564598069112
19887,-0.2668309483903375
19888,-0.26830552493180804
19889,-0.30900940925907894
19890,-0.051641593101302896
19891,-0.05338124710502401
19892,-0.00850310178454522
19893,-0.049990790396268886
19894,-0.08214158038789357
19895,-0.0006532308438681714
19896,-0.04857505471514678
19897,-0.022340143659085543
19898,-0.03648926757561899
19899,-0.16967767966784386
19900,-0.20756499986249288
19901,-0.14173413368932763
19902,-0.3030695738803364
19903,-0.034529564566745455
19904,-0.01647522622401834
19905,-0.05230887535655038
19906,-0.014012887789804696
19907,-0.12344159130980348
19908,-0.06516484719587143
19909,-0.07857214197337606
19910,-0.22910656682972785
19911,-0.019807363416819657
19912,-0.049260723706740624
19913,-0.16396710443902787
19914,-0.011124817600093123
19915,-0.027549760125053724
19916,-0.1903399262800054
19917,-0.0784700125492912
19918,-0.07500534912354251
19919,-0.06872368185395278
19920,-0.004575510418822128
19921,-0.011158419751922284
19922,-0.08366189538185609
19923,-0.04724378598705237
19924,-0.005876622540970837
19925,-0.16634832148214374
19926,-0.016812684002004558
19927,-0.04531197783887997
19928,-0.002859665725372289
19929,-0.011377238853665761
19930,-0.0004947329054021145
19931,-0.017061816553555986
19932,-0.12304012061081782
19933,-0.015780571233971807
19934,-0.018832602706552237
19935,-0.008272474265603319
19936,-0.057082847743415877
19937,-0.09176112359083977
19938,-0.05979308054271695
19939,-0.028517566166768038
19940,-0.18105520858498148
19941,-0.14308359350627609
19942,-0.29167247637166627
19943,-0.1052178751716536
19944,-0.003537882863408011
19945,-0.007848509900049927
19946,-0.10036328522775806
19947,-0.0423646896533314
19948,-0.06264828472171985
19949,-0.15029037297040748
19950,-0.12253936396970755
19951,-0.018261392864526223
19952,-0.02069572614365381
19953,-0.01730785667453638
19954,-0.054566377389204224
19955,-0.23740735224517673
19956,-0.033176362404831294
19957,-0.2721501275711322
19958,-0.11534820240240151
19959,-0.02436088464934394
19960,-0.032855733643476825
19961,-0.03602414174806445
19962,-0.08437418791441156
19963,-0.043113215457216914
19964,-0.2716575422433398
19965,-0.04417068394195145
19966,-0.09236938710056863
19967,-0.015499232034864502
19968,-0.07167343235470058
19969,-0.1195578711933325
19970,-0.008442165639752752
19971,-0.03564422543920864
19972,-0.010643631773963602
19973,-0.06892692720696972
19974,-0.006491376806886745
19975,-0.0006899037561976661
19976,-0.06044497652297187
19977,-0.416695199696017
19978,-0.20680331656266449
19979,-0.09249182705062427
19980,-0.02392153228522398
19981,-0.10385806144068299
19982,-0.01469006442255974
19983,-0.014391277671164516
19984,-0.11145082334820433
19985,-0.01713551124048876
19986,-0.01894409814314424
19987,-0.09130419634591738
19988,-0.12206445675668798
19989,-0.19384166975322803
19990,-0.002803686049384503
19991,-0.025745813242566223
19992,-0.0017027998099459832
19993,-0.02285050393036972
19994,-0.06328955305075912
19995,-0.06219503381143643
19996,-0.05956643276300799
19997,-0.11616148182751351
19998,-0.041685971137193994
19999,-0.20501586807814398
