,episode,reward
0,0,-0.935490257747655
1,1,-0.6462419056978608
2,2,-0.935490257747655
3,3,-0.935490257747655
4,4,-0.8099173317704567
5,5,-0.745290412491837
6,6,-0.8099471523376391
7,7,-0.8274250070503122
8,8,-0.935490257747655
9,9,-0.9114813643961217
10,10,-0.7597905305238865
11,11,-0.935490257747655
12,12,-0.935490257747655
13,13,-0.7272221158864114
14,14,-0.8522953639832707
15,15,-0.8262194803746976
16,16,-0.935490257747655
17,17,-0.7319040897745079
18,18,-0.935490257747655
19,19,-0.7786829449707799
20,20,-0.7580069770969581
21,21,-0.768728743801385
22,22,-0.9307571738992026
23,23,-0.8872253510416919
24,24,-0.935490257747655
25,25,-0.9344746837506577
26,26,-0.6361089378281453
27,27,-0.935490257747655
28,28,-0.935490257747655
29,29,-0.935490257747655
30,30,-0.6867058487718724
31,31,-0.935490257747655
32,32,-0.5408824722767491
33,33,-0.935490257747655
34,34,-0.935490257747655
35,35,-0.6629054952486888
36,36,-0.7023275174179533
37,37,-0.935490257747655
38,38,-0.5474123300139119
39,39,-0.8317244156823598
40,40,-0.7686635968065343
41,41,-0.935490257747655
42,42,-0.8775302440312391
43,43,-0.935490257747655
44,44,-0.7164751429354219
45,45,-0.6903347827119579
46,46,-0.935490257747655
47,47,-0.7202979049892175
48,48,-0.935490257747655
49,49,-0.8869887643201269
50,50,-0.6696037446555209
51,51,-0.643767877587587
52,52,-0.7072496829460704
53,53,-0.6850127708307925
54,54,-0.7788158244903338
55,55,-0.382795645777663
56,56,-0.6550024048120238
57,57,-0.8436847980869149
58,58,-0.935490257747655
59,59,-0.3552901301637023
60,60,-0.935490257747655
61,61,-0.8653048220557735
62,62,-0.7929584135308781
63,63,-0.7293790645779767
64,64,-0.6696451370171785
65,65,-0.21782872838264428
66,66,-0.9213197695132969
67,67,-0.40718055513675305
68,68,-0.9022181505193207
69,69,-0.5118202918911702
70,70,-0.7365547825059655
71,71,-0.7298455194441131
72,72,-0.5397027928114201
73,73,-0.6827884980531208
74,74,-0.15602342171570882
75,75,-0.5149738720695525
76,76,-0.1618275130742678
77,77,-0.07525467586456824
78,78,-0.5321386071056731
79,79,-0.1962446665130918
80,80,-0.917654867635594
81,81,-0.6985734804855656
82,82,-0.20518332835074524
83,83,-0.8245087471613868
84,84,-0.37685847449633303
85,85,-0.895475384657142
86,86,-0.667414487661692
87,87,-0.935490257747655
88,88,-0.6976589231448389
89,89,-0.6007871720024357
90,90,-0.29401452444105725
91,91,-0.5322748261606787
92,92,-0.2914490716715212
93,93,-0.005021479343387211
94,94,-0.5819734021765132
95,95,-0.2135627592316306
96,96,-0.5013276551765863
97,97,-0.19155059109389042
98,98,-0.026321271598509798
99,99,-0.24171072469391275
100,100,-0.05908536757635377
101,101,-0.22691494624111844
102,102,-0.17919978944297013
103,103,-0.4445837319734265
104,104,-0.18708518471920949
105,105,-0.42800922904961974
106,106,-0.17163445237141145
107,107,-0.050723280913719374
108,108,-0.45057981454913865
109,109,-0.15147377160215475
110,110,-0.35267969675613464
111,111,-0.0162501489653924
112,112,-0.09131621061386205
113,113,-0.13509883097532277
114,114,-0.21571170634522718
115,115,-0.035699298845343626
116,116,-0.3474554309244414
117,117,-0.05153263088093548
118,118,-0.1422313324772479
119,119,-0.01521850630038695
120,120,-0.09656885120650843
121,121,-0.05155506028360671
122,122,-0.2389253548322266
123,123,-0.08614656904689785
124,124,-0.31391857936408774
125,125,-0.5498947994078882
126,126,-0.32720462654307947
127,127,-0.2066366354130536
128,128,-0.6040527348530109
129,129,-0.1648154167693953
130,130,-0.4287047468065647
131,131,-0.1380368868808727
132,132,-0.1436670637696988
133,133,-0.06693959218120302
134,134,-0.19041157196440897
135,135,-0.3231748658076733
136,136,-0.06571911493164244
137,137,-0.023922012578142617
138,138,-0.13376518806392002
139,139,-0.2842663156836478
140,140,-0.18258394954735424
141,141,-0.05218799125770563
142,142,-0.17794909236916076
143,143,-0.7152375858136808
144,144,-0.12697691565167096
145,145,-0.1847007191341115
146,146,-0.25980756781159886
147,147,-0.645330731627284
148,148,-0.9049914507448846
149,149,-0.36148945673512384
150,150,-0.21971362871485894
151,151,-0.5184211535620885
152,152,-0.8627118876263085
153,153,-0.7978421943617444
154,154,-0.6098125188335322
155,155,-0.6573025991650933
156,156,-4.39122129394206
157,157,-0.24322011001715935
158,158,-0.4441394400538325
159,159,-0.5001605153570569
160,160,-0.5417151521619545
161,161,-0.7262703519277534
162,162,-0.41409085012475566
163,163,-0.7293294041500008
164,164,-0.723610732304083
165,165,-0.7797224365364491
166,166,-0.3991713655482463
167,167,-0.5598095203174023
168,168,-0.6201789092074642
169,169,-0.6065228693787955
170,170,-0.6175362190950822
171,171,-0.6897740030584777
172,172,-0.5989969478453795
173,173,-0.39933050275918835
174,174,-0.8576784155208691
175,175,-0.5178712654371274
176,176,-0.4492359028941295
177,177,-0.40309914183753465
178,178,-0.48586483557000787
179,179,-0.6850419628160135
180,180,-0.5222638479352337
181,181,-0.4162007584474354
182,182,-0.5684118596250844
183,183,-0.28463979970485304
184,184,-0.48163621957438135
185,185,-0.7606663840813178
186,186,-0.5416355041241946
187,187,-0.564111503822059
188,188,-0.4593878845716229
189,189,-0.5198123594404872
190,190,-6.049044041018604
191,191,-0.601818891343206
192,192,-0.4519670816454189
193,193,-0.843447903458806
194,194,-0.8460682892465099
195,195,-0.5390453792644883
196,196,-0.44805810938931434
197,197,-0.40810479647404596
198,198,-0.41685573340207305
199,199,-0.5045603695935408
200,200,-0.6196759197773835
201,201,-0.4518473306493489
202,202,-0.5794607399035488
203,203,-0.40056298097594656
204,204,-0.5406849862436434
205,205,-0.7322262643392671
206,206,-0.44395278425615925
207,207,-0.4130871985522848
208,208,-0.4532873960774988
209,209,-0.42784163869416825
210,210,-0.4162219354199106
211,211,-0.6098050254315897
212,212,-0.5256803189080888
213,213,-0.4008006196470044
214,214,-0.521388903674585
215,215,-0.4308436994534739
216,216,-0.5736748122195495
217,217,-0.6558106242964802
218,218,-0.39921244313404447
219,219,-0.47725593438294495
220,220,-0.43937223039073975
221,221,-0.4048550106759934
222,222,-0.44189050200976565
223,223,-0.4353412860405116
224,224,-0.6044239452302622
225,225,-0.4179905568443602
226,226,-0.41336015153141975
227,227,-0.4386925472519793
228,228,-4.422310446299492
229,229,-0.399853191250483
230,230,-0.5007687453684401
231,231,-0.40879852466474786
232,232,-0.47863931043202934
233,233,-0.40679409228439367
234,234,-0.5038541238150933
235,235,-0.42792734417745837
236,236,-0.4349272733505555
237,237,-0.45472094236449173
238,238,-0.5234836483588438
239,239,-4.483747586279304
240,240,-4.672895168989459
241,241,-0.5176168421224114
242,242,-0.409560099888727
243,243,-0.41958554584891977
244,244,-0.40567965019054397
245,245,-0.4092951219773515
246,246,-5.061648310822797
247,247,-0.4422631425295145
248,248,-0.3992349747944274
249,249,-0.3993626956797099
250,250,-0.4450166565396973
251,251,-0.43995236246437164
252,252,-0.4028344861843572
253,253,-0.5490875586664933
254,254,-0.48149139357035764
255,255,-0.373693658728621
256,256,-0.4222810091310458
257,257,-0.40174862808815937
258,258,-0.3989810196067928
259,259,-0.5234641565502489
260,260,-0.29027323527640303
261,261,-0.6114735905724634
262,262,-0.3992235321414884
263,263,-0.14998061567562593
264,264,-0.2732054399129668
265,265,-0.39256292172655916
266,266,-0.4819680084199376
267,267,-0.4819705955992923
268,268,-0.4005574544604711
269,269,-0.07300953054264644
270,270,-0.2605457289251728
271,271,-0.3125629585133043
272,272,-0.10480157953569487
273,273,-0.29916798118112337
274,274,-0.22251452293776497
275,275,-0.23296018545481992
276,276,-0.33007427816974627
277,277,-0.25140157493034554
278,278,-0.5145493299406227
279,279,-0.13896032618528856
280,280,-0.07329888372991132
281,281,-0.1905243363718908
282,282,-0.18093343015809257
283,283,-0.4955419195333008
284,284,-0.3839375947424641
285,285,-0.7323137646049084
286,286,-0.36616099368568933
287,287,-0.09902903184596798
288,288,-0.1860534351382254
289,289,-0.2926295991599604
290,290,-0.12673156621996093
291,291,-0.33016125321357515
292,292,-0.14707460152813698
293,293,-0.5782523705522976
294,294,-0.5353375156798
295,295,-0.4786030848733976
296,296,-0.1438732697964255
297,297,-0.3330049847450158
298,298,-0.028016231661955212
299,299,-0.40902179901699687
300,300,-0.34073922332619677
301,301,-0.48467857755087884
302,302,-0.563943037944386
303,303,-0.2632208788231648
304,304,-0.4552057558163081
305,305,-0.48406272903164543
306,306,-0.4327569254089497
307,307,-0.5024313766176779
308,308,-0.30967486862000576
309,309,-0.3822875701903744
310,310,-0.11799364142014768
311,311,-0.38247576430938884
312,312,-0.7318124188048517
313,313,-0.651044677414582
314,314,-0.02060310218982426
315,315,-0.6395327458279572
316,316,-0.4296743999869205
317,317,-0.2970698359428211
318,318,-0.9840329724389802
319,319,-0.4068179858518239
320,320,-0.5850974101877559
321,321,-0.002351278200174461
322,322,-0.06852470272853166
323,323,-0.4784336610964693
324,324,-0.4692501154159301
325,325,-0.13219960140775674
326,326,-0.23791160191219282
327,327,-0.5448627807834465
328,328,-0.15441883234855924
329,329,-0.3071978379150697
330,330,-0.3062983678297539
331,331,-0.7218600574513653
332,332,-0.4843276332049459
333,333,-0.5332235180866225
334,334,-0.26618681890581836
335,335,-0.12504303428172872
336,336,-0.6077421397166964
337,337,-0.5035230542383846
338,338,-0.6591165550807002
339,339,-0.5261386149321613
340,340,-0.4719769634063442
341,341,-0.6237659121820678
342,342,-0.17157844648199944
343,343,-0.23460076039774352
344,344,-0.23838442948284636
345,345,-0.15973972905881745
346,346,-0.18840447054107906
347,347,-0.4661384038036785
348,348,-0.1808803027402263
349,349,-0.048724956095640856
350,350,-0.04076819402560063
351,351,-0.2319911924560144
352,352,-0.07187468366746219
353,353,-0.6579302119427002
354,354,-0.10687584818628339
355,355,-0.48953562363662645
356,356,-0.043821370492118546
357,357,-0.20532841928998513
358,358,-0.03123230260756516
359,359,-0.506336821763856
360,360,-0.13255185342108158
361,361,-0.11309103568911773
362,362,-0.24302106173203825
363,363,-0.17597729424169378
364,364,-0.20145564344264405
365,365,-0.1763890038535928
366,366,-0.22138157938226385
367,367,-0.22443024303840203
368,368,-0.10148123627787352
369,369,-0.09869433806506862
370,370,-0.40745934615681934
371,371,-0.03877507030949276
372,372,-0.4263157746200912
373,373,-0.3299838692501121
374,374,-0.2829988946663153
375,375,-0.2790054467723264
376,376,-0.05524674700885696
377,377,-0.30289690260081564
378,378,-0.13010726263159866
379,379,-0.06657017235432428
380,380,-0.1951022607990998
381,381,-0.019545125576996197
382,382,-0.007436550305406624
383,383,-0.4566540670586279
384,384,-0.11894010628898509
385,385,-0.12677830370954174
386,386,-0.06383048997312683
387,387,-0.11216443503027783
388,388,-0.12024307237312083
389,389,-0.17383962367931452
390,390,-0.3311746207287693
391,391,-0.05236271518721915
392,392,-0.025200549031933916
393,393,-0.023986574975784644
394,394,-0.1578237563575384
395,395,-0.2355561551715391
396,396,-0.12089672812593652
397,397,-0.18027263690456266
398,398,-0.0059124118733400325
399,399,-0.05406078862486231
400,400,-0.01910306185002327
401,401,-0.17156567279171903
402,402,-0.037273203749675715
403,403,-0.03980189385259865
404,404,-0.1644227341605465
405,405,-0.030628500026929937
406,406,-0.029964300572101216
407,407,-0.08795459280985264
408,408,-0.23543230246423952
409,409,-0.03254301268718293
410,410,-0.19969858110011565
411,411,-0.046868088626705884
412,412,-0.07557224509039248
413,413,-0.035184563751983026
414,414,-0.004704014977951276
415,415,-0.1934218229762406
416,416,-0.4814915099384354
417,417,-0.07329762494927783
418,418,-0.08920478571783268
419,419,-0.2814854025947319
420,420,-0.34171121309431685
421,421,-0.01913336976326338
422,422,-0.10540190085971095
423,423,-0.04600231795921514
424,424,-0.1664946200827301
425,425,-0.0060723148478641535
426,426,-0.08150530691798971
427,427,-0.06773684185877064
428,428,-0.24162377143959485
429,429,-0.05559805574469444
430,430,-0.021118470992372865
431,431,-0.016207621766879957
432,432,-0.061620861112613994
433,433,-0.01014850107952711
434,434,-0.39922591398903257
435,435,-0.007648755019292615
436,436,-0.04194573580831739
437,437,-0.2502198083707875
438,438,-0.046463730961330135
439,439,-0.28518460408378704
440,440,-0.01395696505429514
441,441,-0.5840121876445759
442,442,-0.07081197671726065
443,443,-0.07907490309698442
444,444,-0.04546000582882505
445,445,-0.21068804777830308
446,446,-0.058838300007639344
447,447,-0.08156928367548368
448,448,-0.03646785240169713
449,449,-0.012698817436829803
450,450,-0.06028878711483711
451,451,-0.03384187194705886
452,452,-0.059870562237459825
453,453,-0.009668890248558916
454,454,-0.02612990632814631
455,455,-0.053098059987288226
456,456,-0.1821892389931906
457,457,-0.02326136402775636
458,458,-0.250626103949274
459,459,-0.0744799904962895
460,460,-0.12722975671393136
461,461,-0.1484800510034972
462,462,-0.03900128299672519
463,463,-0.14352259782690402
464,464,-0.08859106906135543
465,465,-0.038036774755149036
466,466,-0.21297540923368813
467,467,-0.014498329819955387
468,468,-0.3147330155986177
469,469,-0.08937341539061547
470,470,-0.1587221597589124
471,471,-0.28303343240844636
472,472,-0.15508494343483156
473,473,-0.2625019102633021
474,474,-0.13109989799763333
475,475,-0.0072145540479511055
476,476,-0.1277354423916141
477,477,-0.0010364489166768075
478,478,-0.17676039681384104
479,479,-0.25564054761669985
480,480,-0.11441452131324811
481,481,-0.06643030528977394
482,482,-0.0805235566000901
483,483,-0.08402762019457827
484,484,-0.02322844639418808
485,485,-0.015009760565216834
486,486,-0.08673881703460709
487,487,-0.11490176116285361
488,488,-0.05554085212126725
489,489,-0.15077939633621112
490,490,-0.4123265239668825
491,491,-0.025935637273633804
492,492,-0.035904666241352
493,493,-0.018575874526819736
494,494,-0.12891888623352238
495,495,-0.0338579113998296
496,496,-0.08955022945262756
497,497,-0.014064103248638623
498,498,-0.004681430962743495
499,499,-0.1740445832248757
500,500,-0.04170419113695834
501,501,-0.22305109074912413
502,502,-0.1879543924410063
503,503,-0.3441149851707216
504,504,-0.018692103624888084
505,505,-0.08410838022169488
506,506,-0.05599036832959386
507,507,-0.03427181603428082
508,508,-0.1570141614036158
509,509,-0.07978167794077251
510,510,-0.17610896445226457
511,511,-0.41282443154463944
512,512,-0.0769797586947822
513,513,-0.061070246610488835
514,514,-0.03587497425737031
515,515,-0.3035272864881068
516,516,-0.075347574895271
517,517,-0.03886975310681425
518,518,-0.2304078660843277
519,519,-0.18947979975203846
520,520,-0.00800464558440203
521,521,-0.10104237345008331
522,522,-0.05560283980242075
523,523,-0.13745488053785063
524,524,-0.0019150494310605612
525,525,-0.032031308758905794
526,526,-0.055663844811182084
527,527,-0.05726053490753206
528,528,-0.09638125273258868
529,529,-0.05993488465624264
530,530,-0.05085034452635766
531,531,-0.0017629537779844224
532,532,-0.12026649203618661
533,533,-0.017300405439769264
534,534,-0.1713948252709996
535,535,-0.13127479847758328
536,536,-0.16577384759643984
537,537,-0.0032857658866272672
538,538,-0.012074003986096277
539,539,-0.17074272845335536
540,540,-0.003070130158076118
541,541,-0.08280078491325367
542,542,-0.2034237442494078
543,543,-0.09798299189120661
544,544,-0.06489873913056358
545,545,-0.017734653478966897
546,546,-0.021096049676051973
547,547,-0.46353421925645033
548,548,-0.008556574925144451
549,549,-0.17778334032344317
550,550,-0.03543979679629238
551,551,-0.0009648868925546843
552,552,-0.13098936111180795
553,553,-0.07970790817653783
554,554,-0.10054523866740031
555,555,-0.14415369549044463
556,556,-0.3390908028691601
557,557,-0.009689188225604746
558,558,-0.029189996168785214
559,559,-0.1782963330946179
560,560,-0.1398272297195909
561,561,-0.00477272261462724
562,562,-0.06193740622751805
563,563,-0.05179125017109166
564,564,-0.006615852807626417
565,565,-0.07306372597083237
566,566,-0.037691567574083804
567,567,-0.1353713594363771
568,568,-0.0737277710363492
569,569,-0.25446714262164977
570,570,-0.06953927481843847
571,571,-0.20591813931018654
572,572,-0.014412939460159747
573,573,-0.08727335975825166
574,574,-0.02781165007166294
575,575,-0.14120704685428834
576,576,-0.023581905714437988
577,577,-0.2617178028494847
578,578,-0.1731823753775495
579,579,-0.2272940965711888
580,580,-0.04335229809902568
581,581,-0.18557746896893496
582,582,-0.017713241383528745
583,583,-0.10076198133491623
584,584,-0.1294325896856469
585,585,-0.09756779520860885
586,586,-0.1697843378366795
587,587,-0.4863159313248722
588,588,-0.06586306820196039
589,589,-0.14741425067714417
590,590,-0.04225556821272331
591,591,-0.2787125684002892
592,592,-0.4738151733757576
593,593,-0.008727843875304127
594,594,-0.17302085327477285
595,595,-0.0055666418829256985
596,596,-0.053922302415314795
597,597,-0.5068745036053718
598,598,-0.12430071960501957
599,599,-0.01732922152594859
600,600,-0.0360940418459813
601,601,-0.19365053104922084
602,602,-0.02424628321498325
603,603,-0.05880225143726697
604,604,-0.09826108307499633
605,605,-0.1124342522935338
606,606,-0.06849790748832037
607,607,-0.0036309670113739653
608,608,-0.02193071977374178
609,609,-0.046810952102946696
610,610,-0.06372029076278213
611,611,-0.031401452441054765
612,612,-0.14336597001035345
613,613,-0.009746184735164481
614,614,-0.07339734687675122
615,615,-0.014082721960388579
616,616,-0.0024737779216369694
617,617,-0.022126202564361423
618,618,-0.11058421225958598
619,619,-0.14432519319851664
620,620,-0.06889363101867717
621,621,-0.18399895724244048
622,622,-0.21823533789457286
623,623,-0.1325496241324013
624,624,-0.02154681251730262
625,625,-0.2048393059217571
626,626,-0.22154499370326158
627,627,-0.0010091052601247192
628,628,-0.022119295832427652
629,629,-0.30548766048473186
630,630,-0.0033692612297499575
631,631,-0.12212514839815584
632,632,-0.17965137623412653
633,633,-0.1310245687708746
634,634,-0.08828220211043647
635,635,-0.026620879475067583
636,636,-0.20485559951814641
637,637,-0.07579126225268067
638,638,-0.07802886614344329
639,639,-0.08516255495745444
640,640,-0.1893405380679842
641,641,-0.11872091202354597
642,642,-0.07040834819227347
643,643,-0.22098578964935028
644,644,-0.07606905739739928
645,645,-0.0008815034284968752
646,646,-0.0787178364672891
647,647,-0.10289069832254435
648,648,-0.163452690205705
649,649,-0.041684801801755246
650,650,-0.06236242341976924
651,651,-0.09462696322883901
652,652,-0.30122076960793503
653,653,-0.018506850582485256
654,654,-0.0011375875402480275
655,655,-0.016747925387454423
656,656,-0.06291161346221481
657,657,-0.055227118001155116
658,658,-0.09189353139692459
659,659,-0.05967451340357775
660,660,-0.21212794416125386
661,661,-0.0248187520216324
662,662,-0.12777314986254387
663,663,-0.03077635844588011
664,664,-0.01900099761242058
665,665,-0.025595186698147004
666,666,-0.03586397518048217
667,667,-0.0014976614914296244
668,668,-0.23487686576549344
669,669,-0.02932983495135996
670,670,-0.018888466881864824
671,671,-0.12081114023858383
672,672,-0.008952801640670029
673,673,-0.028689667532294016
674,674,-0.10877890957864421
675,675,-0.02513804416449151
676,676,-0.14139643246014424
677,677,-0.16928790226922935
678,678,-0.02123506583144497
679,679,-0.05277088628464254
680,680,-0.13738852854118305
681,681,-0.08424881501625182
682,682,-0.22395589970310548
683,683,-0.11372370694156621
684,684,-0.008544681867596863
685,685,-0.10426776597585309
686,686,-0.11648001720601765
687,687,-0.019248586275815653
688,688,-0.0027278966769451038
689,689,-0.010758364521839684
690,690,-0.02966830081336682
691,691,-0.07272274887723211
692,692,-0.06997238020044787
693,693,-0.052316409146788985
694,694,-0.022670919793929507
695,695,-0.16489452045242828
696,696,-0.04474089401495537
697,697,-0.34475648078206145
698,698,-0.0031952339575807803
699,699,-0.01917776722346688
700,700,-0.038168609223024896
701,701,-0.009458710682813206
702,702,-0.004841628999215383
703,703,-0.004375186255090455
704,704,-0.02346610121787291
705,705,-0.3263487904664999
706,706,-0.07093982189075085
707,707,-0.05591372298065088
708,708,-0.09693349729875748
709,709,-0.0464366724937667
710,710,-0.08333484067790621
711,711,-0.1302075134248082
712,712,-0.023667007558934115
713,713,-0.20642398726651354
714,714,-0.06363501472284346
715,715,-0.13307225475222528
716,716,-0.1197776232756301
717,717,-0.22917185679197133
718,718,-0.014602659700879149
719,719,-0.032464964154800324
720,720,-0.015981920814322315
721,721,-0.018935164973069657
722,722,-0.1260479026506472
723,723,-0.018316616048773864
724,724,-0.042620944992527846
725,725,-0.008536412531571756
726,726,-0.09369047301892422
727,727,-0.1564570088860475
728,728,-0.09477816890218738
729,729,-0.04557322668747085
730,730,-0.12798219197316374
731,731,-0.026828369980016514
732,732,-0.014994519509246493
733,733,-0.07815259722341686
734,734,-0.18276112938867345
735,735,-0.15429888915047385
736,736,-0.06855137801050766
737,737,-0.23961740324851272
738,738,-0.010565057711006114
739,739,-0.03420904620039754
740,740,-0.11184823746191322
741,741,-0.0716893205955233
742,742,-0.0526289249730513
743,743,-0.09730437508994436
744,744,-0.032084375521127265
745,745,-0.02689640983582909
746,746,-0.19980281013163623
747,747,-0.0069495912388971735
748,748,-0.09641474657392425
749,749,-0.014511536620100981
750,750,-0.051775543080331055
751,751,-0.1197672568155644
752,752,-0.044364543524325575
753,753,-0.07594811138596186
754,754,-0.10876225827010401
755,755,-0.07556850058874283
756,756,-0.04870110208237413
757,757,-0.2944269078986052
758,758,-0.14935831493090407
759,759,-0.024134686509358842
760,760,-0.14335551595261498
761,761,-0.06570272247704562
762,762,-0.020987749498393618
763,763,-0.14074624149436588
764,764,-0.17144018930197968
765,765,-0.06374114367419524
766,766,-0.07447880029435246
767,767,-0.04065810494551112
768,768,-0.000868416327480882
769,769,-0.1704569181034998
770,770,-0.05166040320664009
771,771,-0.28162649743733725
772,772,-0.06365515449350594
773,773,-0.00013651184420736436
774,774,-0.2205732729508761
775,775,-0.08100097231391096
776,776,-0.029711705817590573
777,777,-0.16897572641992836
778,778,-0.03860073103748967
779,779,-0.056658356588382905
780,780,-0.024568344143943637
781,781,-0.03665646817140133
782,782,-0.006840464063191934
783,783,-0.07995516556712057
784,784,-0.01495628975977556
785,785,-0.2015072142252809
786,786,-0.03238542570559454
787,787,-0.12538039369558635
788,788,-0.03178495222311062
789,789,-0.0016605126216560438
790,790,-0.08174870955291835
791,791,-0.14627393350532827
792,792,-0.42379030626670844
793,793,-0.11208415164289971
794,794,-0.13519896060018496
795,795,-0.01173138407464313
796,796,-0.051040666929580224
797,797,-0.20695767422753147
798,798,-0.23377341152857287
799,799,-0.04819610897208742
800,800,-1.9147168189025398e-05
801,801,-0.17187718021961285
802,802,-0.014868955479136102
803,803,-0.08289050065751732
804,804,-0.0657927150870842
805,805,-0.1710577711671442
806,806,-0.06566046155349121
807,807,-0.010826199021284028
808,808,-0.04589311013058063
809,809,-0.03178609652414509
810,810,-0.10823209234801728
811,811,-0.008985824316556755
812,812,-0.09400353718379102
813,813,-0.15903438471050751
814,814,-0.02406931432517467
815,815,-0.0833674174232662
816,816,-0.18524585889375111
817,817,-0.35945916210658646
818,818,-0.02548251786698763
819,819,-0.0635270968238422
820,820,-0.011226761450267004
821,821,-0.05256846044689409
822,822,-0.04691530341598925
823,823,-0.05492941897922463
824,824,-0.1675821992229122
825,825,-0.12668581407598645
826,826,-0.04087780796363061
827,827,-0.037107937704095255
828,828,-0.015164600004451346
829,829,-0.007454267095908055
830,830,-0.05990964908457257
831,831,-0.08206173825672403
832,832,-0.05122842808029065
833,833,-0.1829443437910061
834,834,-0.18194891007167807
835,835,-0.015167273842950683
836,836,-0.06100972069097919
837,837,-0.07805831666662585
838,838,-0.004653488174733647
839,839,-0.15325997729244306
840,840,-0.009048494495484264
841,841,-0.15462692832984581
842,842,-0.045487750575686395
843,843,-0.08912020848909213
844,844,-0.09194057356805689
845,845,-0.08254554872404979
846,846,-0.1857472083669652
847,847,-0.08024536024460563
848,848,-0.12476708683564036
849,849,-0.09323361021278631
850,850,-0.14011048404855084
851,851,-0.011619937859571322
852,852,-0.013474531328178156
853,853,-0.04709809435223728
854,854,-0.046367898056633064
855,855,-0.018044906044980533
856,856,-0.08562615767902215
857,857,-0.01813810709272634
858,858,-0.12549883592824726
859,859,-0.11882538904019704
860,860,-0.13423901286683879
861,861,-0.01378222810324819
862,862,-0.07682258527359968
863,863,-0.009359696291652616
864,864,-0.20334793399211465
865,865,-0.21997032824496415
866,866,-0.0754792057857839
867,867,-0.0559413477889796
868,868,-0.26669271428458546
869,869,-0.13135171999329606
870,870,-0.1594776243420017
871,871,-0.11738020783378164
872,872,-0.15829633973658397
873,873,-0.015545901353112134
874,874,-0.10833529040610168
875,875,-0.08755194291470829
876,876,-0.17625274227439014
877,877,-0.11921713819437
878,878,-0.033519788441381836
879,879,-0.0426335909011937
880,880,-0.0010436921272192288
881,881,-0.08387379101428805
882,882,-0.011654929810301164
883,883,-0.024736523144084734
884,884,-0.034927855538361884
885,885,-0.00726275676548495
886,886,-0.004318077374878146
887,887,-0.005268792191617418
888,888,-0.11042417153094441
889,889,-0.18462616847575644
890,890,-0.019234681412420955
891,891,-0.2407603334687055
892,892,-0.14437892790213144
893,893,-0.08048953961020487
894,894,-0.03653784203543344
895,895,-0.11528136874660462
896,896,-0.0083692207342809
897,897,-0.04865143084903646
898,898,-0.15938324745578758
899,899,-0.02853479992332783
900,900,-0.13002128132030882
901,901,-0.09693620889281379
902,902,-0.1723582404618441
903,903,-0.01720317990586918
904,904,-0.07586621556864127
905,905,-0.049896223034151435
906,906,-0.11701197496960491
907,907,-0.22013915111167062
908,908,-0.10229071517975495
909,909,-0.12257863083449023
910,910,-0.13266367083811878
911,911,-0.12384125946337915
912,912,-0.2014948466983391
913,913,-0.005984763330908777
914,914,-0.33073990452848945
915,915,-0.020797370828496486
916,916,-0.16961742682753686
917,917,-0.10024145040917146
918,918,-0.2624248660576901
919,919,-0.25829740420700215
920,920,-0.03207179329153414
921,921,-0.08395448469600335
922,922,-0.017721395137201154
923,923,-0.12394494513736673
924,924,-0.01284819810061876
925,925,-0.10305820203306976
926,926,-0.0018090270269186454
927,927,-0.015543407100025948
928,928,-0.11449349513139404
929,929,-0.07549206519264264
930,930,-0.0036016833685400523
931,931,-0.003669983297044152
932,932,-0.10266810457903866
933,933,-0.010203538728780685
934,934,-0.04005925376877627
935,935,-0.02908367067901822
936,936,-0.12486065769779368
937,937,-0.0846656371407107
938,938,-0.2180078538973431
939,939,-0.0564370057981374
940,940,-0.08893789475316197
941,941,-0.04773213304963923
942,942,-0.06840182248666865
943,943,-0.023351664401059596
944,944,-0.007082327822339378
945,945,-0.040057304789493486
946,946,-0.09053934159835605
947,947,-0.08134384926731295
948,948,-0.25616722906540434
949,949,-0.07026285216219107
950,950,-0.11689797404208715
951,951,-0.07088304321300301
952,952,-0.022782461646125955
953,953,-0.010919331180813986
954,954,-0.07240963831596407
955,955,-0.04218988310976814
956,956,-0.06142808189740367
957,957,-0.1048462021278013
958,958,-0.0019178642579432154
959,959,-0.2819227157369536
960,960,-0.18101664572085527
961,961,-0.027148273671033948
962,962,-0.02262131734724549
963,963,-0.027665015428754335
964,964,-0.28741783934341747
965,965,-0.005575658403089546
966,966,-0.011350224921375413
967,967,-0.002969674668659781
968,968,-0.010156843836956073
969,969,-0.11183941341225448
970,970,-0.01454760278560543
971,971,-0.008780299650615988
972,972,-0.05216074138441613
973,973,-0.007281080640387062
974,974,-0.09061705035312619
975,975,-0.07856443817213252
976,976,-0.1690613360491871
977,977,-0.10097117525333135
978,978,-0.01782502092925251
979,979,-0.0031308648355728823
980,980,-0.011730171700810543
981,981,-0.005588430724022958
982,982,-0.041119213367419215
983,983,-0.018902870279770577
984,984,-0.020227951491870507
985,985,-0.0339969581833375
986,986,-0.010136403546665866
987,987,-0.06876749306361629
988,988,-0.014052310854673972
989,989,-0.0018576385888520461
990,990,-0.12202275148798464
991,991,-0.21476818540339018
992,992,-0.036318614698585744
993,993,-0.07108054677015119
994,994,-0.018775582789179172
995,995,-0.17862929377337272
996,996,-0.20653438324803955
997,997,-0.2188318992614417
998,998,-0.10771083202201481
999,999,-0.05453293484815629
1000,1000,-0.022655058465686346
1001,1001,-0.030177170018448215
1002,1002,-0.10331894113614754
1003,1003,-0.08523311886076773
1004,1004,-0.008268504974761198
1005,1005,-0.07092309534139134
1006,1006,-0.016794884357247165
1007,1007,-0.052426300086345926
1008,1008,-0.1267312770206184
1009,1009,-0.11039746433115061
1010,1010,-0.07241055479630161
1011,1011,-0.008955210605601734
1012,1012,-0.023248476332883856
1013,1013,-0.10864449199944662
1014,1014,-0.00424668494673216
1015,1015,-0.04277662133863481
1016,1016,-0.02891206994607472
1017,1017,-0.00508562567999735
1018,1018,-0.055013582351391394
1019,1019,-0.0330065207409084
1020,1020,-0.27263410382231085
1021,1021,-0.15754655091565067
1022,1022,-0.007219767944504891
1023,1023,-0.200700014662252
1024,1024,-0.024774285463684313
1025,1025,-0.04257455714003846
1026,1026,-0.3066406206038462
1027,1027,-0.021645828549617413
1028,1028,-0.05930329670478724
1029,1029,-0.20841992443033336
1030,1030,-0.11125624764122394
1031,1031,-0.06374946195518993
1032,1032,-0.04198360945762471
1033,1033,-0.0862275755036921
1034,1034,-0.007035138957059624
1035,1035,-0.06551669517509331
1036,1036,-0.17601137528217514
1037,1037,-0.15059629314532924
1038,1038,-0.0894062470248499
1039,1039,-0.0011462101660027525
1040,1040,-0.07008423262647152
1041,1041,-0.04640670820302371
1042,1042,-0.18743649920099686
1043,1043,-0.2158757256999092
1044,1044,-0.06848731809448635
1045,1045,-0.0713637860104901
1046,1046,-0.0449238077374739
1047,1047,-0.05689064060261652
1048,1048,-0.05091292921284158
1049,1049,-0.05326804690588241
1050,1050,-0.043338519338416946
1051,1051,-0.1681304125104657
1052,1052,-0.017072305189460287
1053,1053,-0.04137885399377354
1054,1054,-0.06412431492302824
1055,1055,-0.016725915767150334
1056,1056,-0.3134859469832867
1057,1057,-0.15738810924378346
1058,1058,-0.0884356568998883
1059,1059,-0.24532401045992053
1060,1060,-0.014395721956385553
1061,1061,-0.027601645752025256
1062,1062,-0.18487130783731376
1063,1063,-0.06069677272507061
1064,1064,-0.06605727205742547
1065,1065,-0.04236510586392708
1066,1066,-0.04329437317444818
1067,1067,-0.0975986305542599
1068,1068,-0.24151951610230732
1069,1069,-0.0435720109479881
1070,1070,-0.05520825351666248
1071,1071,-0.11697847250681842
1072,1072,-0.06636273222106795
1073,1073,-0.0037277694668546714
1074,1074,-0.03545624509990599
1075,1075,-0.07426585480358985
1076,1076,-0.11824400146964281
1077,1077,-0.04940452473084363
1078,1078,-0.04592228330375877
1079,1079,-0.09818254307933372
1080,1080,-0.15042250392993503
1081,1081,-0.012298138060535556
1082,1082,-0.019333589156299468
1083,1083,-0.005340578057006636
1084,1084,-0.09625786400212483
1085,1085,-0.008340365479789186
1086,1086,-0.0023927406754709526
1087,1087,-0.3365799984693244
1088,1088,-0.21143680740810883
1089,1089,-5.55893350150317
1090,1090,-0.049090256758543546
1091,1091,-0.0858628983458323
1092,1092,-0.10030582588719006
1093,1093,-0.006415185205794826
1094,1094,-0.025747412835272373
1095,1095,-0.2266172060609773
1096,1096,-0.04903144405054774
1097,1097,-0.06261343281731273
1098,1098,-0.016915961969719413
1099,1099,-0.013183402856469377
1100,1100,-0.2169064763068706
1101,1101,-0.050490318217932414
1102,1102,-0.04740811664025729
1103,1103,-0.08239357114954993
1104,1104,-0.28023160666191366
1105,1105,-0.0063499233342616205
1106,1106,-0.040532088910260944
1107,1107,-0.20976435787735018
1108,1108,-0.005521283759333919
1109,1109,-0.07089711606560868
1110,1110,-0.017225549220149433
1111,1111,-0.04418437200355984
1112,1112,-0.06484770326877912
1113,1113,-0.27561378936388037
1114,1114,-0.012867134071676365
1115,1115,-0.3192003151131295
1116,1116,-0.10377883869516831
1117,1117,-0.041767939519854844
1118,1118,-0.12848158434715848
1119,1119,-0.044066244244129735
1120,1120,-0.28133651880402
1121,1121,-0.06777613968705895
1122,1122,-0.15158389510266504
1123,1123,-0.028215984935934777
1124,1124,-0.03077775943930748
1125,1125,-0.009712816245681136
1126,1126,-0.1957138160627399
1127,1127,-0.09210531103929226
1128,1128,-0.05472637686812293
1129,1129,-0.1933374191265909
1130,1130,-0.13738709725955817
1131,1131,-0.09404799287817737
1132,1132,-0.07107745064094714
1133,1133,-0.1004770090307917
1134,1134,-0.10214616842620271
1135,1135,-0.05888042025982301
1136,1136,-0.08088794112872619
1137,1137,-0.07168178885072625
1138,1138,-0.026738978798474415
1139,1139,-0.12875480871854839
1140,1140,-0.0641356188514911
1141,1141,-0.0368676847951928
1142,1142,-0.09558085213293575
1143,1143,-0.08539288951841895
1144,1144,-0.002626522571477815
1145,1145,-0.07692135234935105
1146,1146,-0.46298326388292776
1147,1147,-0.036193173064484226
1148,1148,-0.026773601836602698
1149,1149,-0.025540621099562608
1150,1150,-0.18824428429289436
1151,1151,-0.026769323697847604
1152,1152,-0.18625168527645056
1153,1153,-0.18782135868928534
1154,1154,-0.2132781565906165
1155,1155,-0.07001897090991999
1156,1156,-0.009003095279539264
1157,1157,-0.10835544693052813
1158,1158,-0.012052190257203665
1159,1159,-0.16215657857705804
1160,1160,-0.008918666953530618
1161,1161,-0.23339871167400775
1162,1162,-0.12163414505513598
1163,1163,-0.05666079694253399
1164,1164,-0.00656328868472901
1165,1165,-0.10639501167471113
1166,1166,-0.12104194563893396
1167,1167,-0.1734908372341508
1168,1168,-0.025511486889504522
1169,1169,-0.29183046402236973
1170,1170,-0.2697465281663481
1171,1171,-0.09695831123143993
1172,1172,-0.15630566176292032
1173,1173,-0.04730260219437212
1174,1174,-0.07655927870022651
1175,1175,-0.221580969683136
1176,1176,-0.061721973457774845
1177,1177,-0.11235018059015503
1178,1178,-0.09084961357232951
1179,1179,-0.08748013599921659
1180,1180,-0.017298740054259562
1181,1181,-0.009547684565699426
1182,1182,-0.0055497926369004556
1183,1183,-0.04476579841042725
1184,1184,-0.4194449214472208
1185,1185,-0.07420865510011615
1186,1186,-0.10891878173283971
1187,1187,-0.011776766558860445
1188,1188,-0.2744291219724273
1189,1189,-0.12621941920552107
1190,1190,-0.004162197283992183
1191,1191,-0.05932936285365701
1192,1192,-0.3263089199779824
1193,1193,-0.09952479850702667
1194,1194,-0.16843880879962683
1195,1195,-0.17811809851144828
1196,1196,-0.03407173875737642
1197,1197,-0.0362065779093068
1198,1198,-0.07748901113012496
1199,1199,-0.157253068792786
1200,1200,-0.1593572932659436
1201,1201,-0.017698254934665706
1202,1202,-0.003639414264111535
1203,1203,-0.11433992238271617
1204,1204,-0.02623773608616086
1205,1205,-0.0280072840300264
1206,1206,-0.08770447128280082
1207,1207,-0.1281278180402491
1208,1208,-0.0317456005731259
1209,1209,-0.14859102881014108
1210,1210,-0.30907729985197663
1211,1211,-0.07565457347144183
1212,1212,-0.04051620052741065
1213,1213,-0.05154854912612798
1214,1214,-0.11660794135390916
1215,1215,-0.038126681059371545
1216,1216,-0.03585567472620036
1217,1217,-0.10085894410099286
1218,1218,-0.012980530252475456
1219,1219,-0.046042368309956457
1220,1220,-0.005629146485778865
1221,1221,-0.002936790914763064
1222,1222,-0.2606651353653226
1223,1223,-0.005133371750600589
1224,1224,-0.0067063309477503625
1225,1225,-0.21560433322722633
1226,1226,-0.06371596828498871
1227,1227,-0.012346404345999883
1228,1228,-0.1646713488164448
1229,1229,-0.10986250206326277
1230,1230,-0.024459121340559123
1231,1231,-0.02615714231823909
1232,1232,-0.06476789317925788
1233,1233,-0.02048999281504946
1234,1234,-0.29262106037440344
1235,1235,-0.01936604634653511
1236,1236,-0.02730047565328843
1237,1237,-0.1486605948261895
1238,1238,-0.1690122586713842
1239,1239,-0.013119388308172861
1240,1240,-0.015259944467286232
1241,1241,-0.12314147540988715
1242,1242,-0.023567847015935763
1243,1243,-0.036915283170275925
1244,1244,-0.10648859030720104
1245,1245,-0.002100657645510623
1246,1246,-0.19366920755325542
1247,1247,-0.03877989928151025
1248,1248,-0.2008497224471822
1249,1249,-0.07836761225210603
1250,1250,-0.19821240970857573
1251,1251,-0.017792612707407462
1252,1252,-0.033931939645345556
1253,1253,-0.059777108763412856
1254,1254,-0.03864819917265113
1255,1255,-0.2799141339299493
1256,1256,-0.28177244260139367
1257,1257,-0.1625836031923247
1258,1258,-0.07243988610066114
1259,1259,-0.003485062614616968
1260,1260,-0.11041189080990557
1261,1261,-0.06040054849878471
1262,1262,-0.0325103317997446
1263,1263,-0.060248985373058055
1264,1264,-0.09161322579563508
1265,1265,-0.07471715484965742
1266,1266,-0.025580435421511227
1267,1267,-0.04169490470684976
1268,1268,-0.010174194834104353
1269,1269,-0.267082389191194
1270,1270,-0.37096952251980575
1271,1271,-0.24466595623488713
1272,1272,-0.09737981565699938
1273,1273,-0.02096813709518965
1274,1274,-0.039190170706747865
1275,1275,-0.059508668062185736
1276,1276,-0.06751973346786556
1277,1277,-0.06653089526770854
1278,1278,-0.12459972222094401
1279,1279,-0.27390708872868463
1280,1280,-0.08194574348078712
1281,1281,-0.003726728473919274
1282,1282,-0.04160718629358566
1283,1283,-0.1533028596828008
1284,1284,-0.40348326929486455
1285,1285,-0.2840558046763176
1286,1286,-0.12348636399853918
1287,1287,-0.004091590791790924
1288,1288,-0.24522312866309978
1289,1289,-0.11727746121836256
1290,1290,-0.08838541852437577
1291,1291,-0.11898486217940733
1292,1292,-0.018637445711293176
1293,1293,-0.015259226315730765
1294,1294,-0.41996147058959643
1295,1295,-0.21866120978370496
1296,1296,-0.0015872847973362667
1297,1297,-0.09148228016395073
1298,1298,-0.042881352463150266
1299,1299,-0.011944659425036757
1300,1300,-0.0021313084569560786
1301,1301,-0.46620873576289873
1302,1302,-0.20519552440331085
1303,1303,-0.00736816848427658
1304,1304,-0.01295369141982182
1305,1305,-0.14656036586091165
1306,1306,-0.42397590129561474
1307,1307,-0.04632738541442956
1308,1308,-0.03578339176834137
1309,1309,-0.03160173790064884
1310,1310,-0.09507245034894093
1311,1311,-0.12524346928047728
1312,1312,-0.07659986071057356
1313,1313,-0.005819563021111137
1314,1314,-0.09850531765536308
1315,1315,-0.029705273196165834
1316,1316,-0.00973241947210554
1317,1317,-0.14409456195231313
1318,1318,-0.1335659979949295
1319,1319,-0.04020309461953086
1320,1320,-0.14117979175473638
1321,1321,-0.12724182901900438
1322,1322,-0.16192170306917666
1323,1323,-0.07754266865254393
1324,1324,-0.0474150802001095
1325,1325,-0.14355189739244367
1326,1326,-0.17972673656908913
1327,1327,-0.140718525080822
1328,1328,-0.1255556560188576
1329,1329,-0.004159981177287044
1330,1330,-0.024079413594162744
1331,1331,-0.0016577519319355854
1332,1332,-0.010582720219184244
1333,1333,-0.015510095183158129
1334,1334,-0.2406806514871279
1335,1335,-0.004190955516405553
1336,1336,-0.28281561329015803
1337,1337,-0.15122137113820874
1338,1338,-0.10703662608115244
1339,1339,-0.07797873631752235
1340,1340,-0.01676892100675137
1341,1341,-0.3276590054035677
1342,1342,-0.03423007962825871
1343,1343,-0.14509160074466906
1344,1344,-0.1617928405866293
1345,1345,-0.07597823848157374
1346,1346,-0.03271126466087462
1347,1347,-0.1053544825004506
1348,1348,-0.03738033812283317
1349,1349,-0.04179991062041285
1350,1350,-0.06567206456845617
1351,1351,-0.0599686879615629
1352,1352,-0.036510681363259814
1353,1353,-0.2642964739126189
1354,1354,-0.2850060089197337
1355,1355,-0.23248960921450215
1356,1356,-0.029079585328758435
1357,1357,-0.02856024017324201
1358,1358,-0.07117132163138622
1359,1359,-0.00905077567178838
1360,1360,-0.06265338224378175
1361,1361,-0.06879086850948889
1362,1362,-0.02992599491781577
1363,1363,-0.28856042438964646
1364,1364,-0.04522267231056664
1365,1365,-0.008580996932513055
1366,1366,-0.11602905455170259
1367,1367,-0.08405964974335309
1368,1368,-0.1430080835740884
1369,1369,-0.24152234340035336
1370,1370,-0.30687210052260205
1371,1371,-0.28842951042956
1372,1372,-0.026099578281586294
1373,1373,-0.015495457474923594
1374,1374,-0.03180829180622102
1375,1375,-0.1962359591561992
1376,1376,-0.12121791666278472
1377,1377,-0.006212817931340918
1378,1378,-0.010215046061715896
1379,1379,-0.002238966509514925
1380,1380,-0.05995426668134232
1381,1381,-0.013518752658949956
1382,1382,-0.1377975362983481
1383,1383,-0.004226315831890972
1384,1384,-0.023927318439799228
1385,1385,-0.31869983188907447
1386,1386,-0.010550704276649565
1387,1387,-0.1057606147231215
1388,1388,-0.17489103988883256
1389,1389,-0.04499167739336986
1390,1390,-0.024325267322791538
1391,1391,-0.419327270582482
1392,1392,-0.004958355593611599
1393,1393,-0.012358648627524125
1394,1394,-0.10215402089585912
1395,1395,-0.09638216466631094
1396,1396,-0.0001626624773689327
1397,1397,-0.019384120915297558
1398,1398,-0.061663138278468504
1399,1399,-0.1051724402062497
1400,1400,-0.058704625337540214
1401,1401,-0.1065294995216684
1402,1402,-0.07405774621652142
1403,1403,-0.029719885851058468
1404,1404,-0.11749493935152924
1405,1405,-0.02526279138634643
1406,1406,-0.09036305639089251
1407,1407,-0.0524135755654496
1408,1408,-0.09654930233917816
1409,1409,-0.09282007593103861
1410,1410,-0.0411447452059143
1411,1411,-0.2595852747512661
1412,1412,-0.020489063909386117
1413,1413,-0.13354383520522978
1414,1414,-0.008988944444545188
1415,1415,-0.11291747013012672
1416,1416,-0.04551337788131579
1417,1417,-0.07423220181086876
1418,1418,-0.15441342998161492
1419,1419,-0.07757808162584653
1420,1420,-0.004046705340859714
1421,1421,-0.04157837923020637
1422,1422,-0.1597992728247106
1423,1423,-0.04422481984136778
1424,1424,-0.015573123590412477
1425,1425,-0.12875653995849923
1426,1426,-0.17680892246788987
1427,1427,-0.008478454955233295
1428,1428,-0.21058385648897263
1429,1429,-0.0053048098276757315
1430,1430,-0.033710985533784404
1431,1431,-0.03921740031701189
1432,1432,-0.06451408095763819
1433,1433,-0.18636222089166926
1434,1434,-0.3118415994530275
1435,1435,-0.02162585969831256
1436,1436,-0.09110537013021947
1437,1437,-0.06806717015433611
1438,1438,-0.1842698565820085
1439,1439,-0.002959297732855677
1440,1440,-0.07943399202991233
1441,1441,-0.09277906940404437
1442,1442,-0.1901130093921156
1443,1443,-0.05900143707930178
1444,1444,-0.060330367023223294
1445,1445,-0.05670780015648074
1446,1446,-0.16409472566060737
1447,1447,-0.1958617098963209
1448,1448,-0.20382372899790857
1449,1449,-0.2250871498766282
1450,1450,-0.33773285425076177
1451,1451,-0.020003944551780884
1452,1452,-0.18029434388729737
1453,1453,-0.24468130968310176
1454,1454,-0.032487311796677784
1455,1455,-0.10346084178101948
1456,1456,-0.04165222358708466
1457,1457,-0.052656894625667666
1458,1458,-0.04169153510293321
1459,1459,-0.14808523730867607
1460,1460,-0.025192933564150925
1461,1461,-0.04288221507923196
1462,1462,-0.07278321516745598
1463,1463,-0.11206131645647455
1464,1464,-0.08563968602626705
1465,1465,-0.011620562985908786
1466,1466,-0.018863960302422912
1467,1467,-0.03294415628004385
1468,1468,-0.031939811296420914
1469,1469,-0.005200339040462855
1470,1470,-0.018752331639042653
1471,1471,-0.04889575240021515
1472,1472,-0.120923407935601
1473,1473,-0.030706376343275624
1474,1474,-0.0038149696523234857
1475,1475,-0.0887112033240994
1476,1476,-0.07992823535676326
1477,1477,-0.46574811928448223
1478,1478,-0.09667061163282678
1479,1479,-0.09273843544946342
1480,1480,-0.09172699755626289
1481,1481,-0.025504213277435763
1482,1482,-0.07251838030663255
1483,1483,-0.01154398911726491
1484,1484,-0.07027887443093654
1485,1485,-0.26602115322986003
1486,1486,-0.03875529288298275
1487,1487,-0.1657638855867549
1488,1488,-0.11168960604125912
1489,1489,-0.08424787656538078
1490,1490,-0.15689136613161092
1491,1491,-0.06717703099595049
1492,1492,-0.06523982770859937
1493,1493,-0.15237864586586586
1494,1494,-0.11768423430861724
1495,1495,-0.18173525408840835
1496,1496,-0.017830891959511968
1497,1497,-0.005345512490705895
1498,1498,-0.06067486184235309
1499,1499,-0.008351331269162116
1500,1500,-0.017159783706505723
1501,1501,-0.012502973511972602
1502,1502,-0.006901398031629593
1503,1503,-0.21667539793669624
1504,1504,-0.4345515863521724
1505,1505,-0.010111138078855293
1506,1506,-0.5623669400501874
1507,1507,-0.038483442310812604
1508,1508,-0.10490542504886269
1509,1509,-0.02661480294762849
1510,1510,-0.15943511718068104
1511,1511,-0.1783183829525416
1512,1512,-0.17027186073725886
1513,1513,-0.02450509150235051
1514,1514,-0.05341306726001256
1515,1515,-0.3418812509717262
1516,1516,-0.17194954042732902
1517,1517,-0.18725611505373718
1518,1518,-0.06466707351906453
1519,1519,-0.09257067027219815
1520,1520,-0.09072752577769637
1521,1521,-0.019104424952841634
1522,1522,-0.005402321446509525
1523,1523,-0.07519411175664643
1524,1524,-0.024279319748772166
1525,1525,-0.0448938247249135
1526,1526,-0.10453297139817735
1527,1527,-0.1437318361154018
1528,1528,-0.02336029058894486
1529,1529,-0.12723418062684616
1530,1530,-0.024362240503268424
1531,1531,-0.007803386308342533
1532,1532,-0.10805533921190583
1533,1533,-0.01927565183349757
1534,1534,-0.035892072386147694
1535,1535,-0.020179111988254495
1536,1536,-0.16106026476074836
1537,1537,-0.013902854320347898
1538,1538,-0.4036125510110046
1539,1539,-0.04847101166483092
1540,1540,-0.056230635603679996
1541,1541,-0.3141794148312028
1542,1542,-0.005780675209923465
1543,1543,-0.04500132012379337
1544,1544,-0.0019444451790955645
1545,1545,-0.026087680055078298
1546,1546,-0.015260106696536085
1547,1547,-0.03230147739604727
1548,1548,-0.05040147214754723
1549,1549,-0.15166872199925688
1550,1550,-0.09404068480841933
1551,1551,-0.08023562454222749
1552,1552,-0.08218094382164437
1553,1553,-0.09850129987493296
1554,1554,-0.09727226346456419
1555,1555,-0.06389140849556672
1556,1556,-0.11309154388012758
1557,1557,-0.12800225017638112
1558,1558,-0.055717442031860714
1559,1559,-0.07942880186299658
1560,1560,-0.011012348226142136
1561,1561,-0.4811963708698006
1562,1562,-0.08553796360068772
1563,1563,-0.015062191415245318
1564,1564,-0.024774238199476672
1565,1565,-0.04164115245409274
1566,1566,-0.1623683976089149
1567,1567,-0.051965524007904336
1568,1568,-0.11095195031659244
1569,1569,-0.11062513791946436
1570,1570,-0.04730049584519204
1571,1571,-0.06092624733512202
1572,1572,-0.2848484199283435
1573,1573,-0.11600153925452628
1574,1574,-0.032520094744667626
1575,1575,-0.025761883363653346
1576,1576,-0.20880603142464643
1577,1577,-0.03652031904172583
1578,1578,-0.06822881363923367
1579,1579,-0.08264455271052092
1580,1580,-0.19377744527665727
1581,1581,-0.0012979348054281972
1582,1582,-0.018593657682841463
1583,1583,-0.04276952930502967
1584,1584,-0.07238790189884986
1585,1585,-0.08491912699739484
1586,1586,-0.08140113059439374
1587,1587,-0.0034465445903121695
1588,1588,-0.17938715880895226
1589,1589,-0.17615983146420913
1590,1590,-0.019884692989918375
1591,1591,-0.024950798101948838
1592,1592,-0.08725642938591079
1593,1593,-0.039801360603953215
1594,1594,-0.062087980956251954
1595,1595,-0.16796826295410874
1596,1596,-0.4707560578512094
1597,1597,-0.09470945725917852
1598,1598,-0.2745263545587784
1599,1599,-0.05075793255987427
1600,1600,-0.13014513224611945
1601,1601,-0.050092146388262544
1602,1602,-0.018886400234391938
1603,1603,-0.013532091869510134
1604,1604,-0.04231463057224517
1605,1605,-0.02541972747113975
1606,1606,-0.18887669718587016
1607,1607,-0.013482717886198363
1608,1608,-0.15865031987571407
1609,1609,-0.0376368064140205
1610,1610,-0.19962119532762942
1611,1611,-0.09234726787922906
1612,1612,-0.19199290540722622
1613,1613,-0.05436059579224034
1614,1614,-0.11954348635856714
1615,1615,-0.003696006849056436
1616,1616,-0.1555941454066549
1617,1617,-0.12641922010586285
1618,1618,-0.18168971895434213
1619,1619,-0.08490969640461458
1620,1620,-0.007692265439747631
1621,1621,-0.41032644345072594
1622,1622,-0.029185355823359575
1623,1623,-0.302138469560366
1624,1624,-0.30934998396606467
1625,1625,-0.0733198669272
1626,1626,-0.0484379914548376
1627,1627,-0.04171365666875238
1628,1628,-0.06169393173694894
1629,1629,-0.08165992689247376
1630,1630,-0.07892107483321463
1631,1631,-0.07838360464275608
1632,1632,-0.014974128324828301
1633,1633,-0.04603461857270633
1634,1634,-0.06849652421568032
1635,1635,-0.11454304322863731
1636,1636,-0.13221976386013792
1637,1637,-0.0012406510916555067
1638,1638,-0.1670170908297237
1639,1639,-0.05491058153645888
1640,1640,-0.10038569062528768
1641,1641,-0.17889722559108265
1642,1642,-0.30293034356223986
1643,1643,-0.23605986468871087
1644,1644,-0.21157988968284577
1645,1645,-0.07864286977624967
1646,1646,-0.018966722564361244
1647,1647,-0.003856430464043193
1648,1648,-0.012009214099455769
1649,1649,-0.024802758813160186
1650,1650,-0.01927728549730122
1651,1651,-0.21950020154167849
1652,1652,-0.012662053531957861
1653,1653,-0.0005207962899967068
1654,1654,-0.03282375188593097
1655,1655,-0.0769546434050993
1656,1656,-0.033716587812908864
1657,1657,-0.009647282866984026
1658,1658,-0.15547294344960116
1659,1659,-0.12176410139269314
1660,1660,-0.040611072813401705
1661,1661,-0.14931733543167505
1662,1662,-0.08290016523295107
1663,1663,-0.17623639801373658
1664,1664,-0.062438190232874
1665,1665,-0.015400579686930689
1666,1666,-0.10012071916565558
1667,1667,-0.03499652612936793
1668,1668,-0.09435986508119915
1669,1669,-0.1401146097517085
1670,1670,-0.06373331921944193
1671,1671,-0.07144797179274012
1672,1672,-0.0871108862150542
1673,1673,-0.05601498423152759
1674,1674,-0.16473429298419046
1675,1675,-0.16012394679437292
1676,1676,-0.1813209685018804
1677,1677,-0.20237664775389824
1678,1678,-0.1246202220464859
1679,1679,-0.14008579621229592
1680,1680,-0.11204156832110101
1681,1681,-0.24906162343967791
1682,1682,-0.09413147629975877
1683,1683,-0.024353656074995664
1684,1684,-0.17234606016307752
1685,1685,-0.02386163780458847
1686,1686,-0.12128443341837952
1687,1687,-0.05367329262607194
1688,1688,-0.20859307152645407
1689,1689,-0.057472211344393384
1690,1690,-0.060331557308338404
1691,1691,-0.0678587134174812
1692,1692,-0.015971786203662124
1693,1693,-0.0838571874070791
1694,1694,-0.042100339192164854
1695,1695,-0.12306100727064949
1696,1696,-0.056224596339392835
1697,1697,-0.05249562176214972
1698,1698,-0.08754349917555039
1699,1699,-0.0674425271653032
1700,1700,-0.060634036020882555
1701,1701,-0.05342712299683846
1702,1702,-0.12690672439267664
1703,1703,-0.11102950029863287
1704,1704,-0.01458234539318264
1705,1705,-0.0037800903093121825
1706,1706,-0.08946783077618917
1707,1707,-0.16956664476241115
1708,1708,-0.018080588647834416
1709,1709,-0.11731012622038658
1710,1710,-0.14097324360567556
1711,1711,-0.003785566882643289
1712,1712,-0.008991877514355266
1713,1713,-0.008452986318376576
1714,1714,-0.023498586444189156
1715,1715,-0.03568764119101825
1716,1716,-0.1639206031131879
1717,1717,-0.008097908006313137
1718,1718,-0.02017022302859632
1719,1719,-0.024484980096369548
1720,1720,-0.02291012790638211
1721,1721,-0.08932752094126267
1722,1722,-0.21962781920971478
1723,1723,-0.016931991368904095
1724,1724,-0.23810247635070922
1725,1725,-0.257615205502419
1726,1726,-0.016191588379336194
1727,1727,-0.16243962367254813
1728,1728,-0.1931128954493823
1729,1729,-0.06767264005513433
1730,1730,-0.35956746453212995
1731,1731,-0.04963071072564102
1732,1732,-0.014819084972722338
1733,1733,-0.08080628581088475
1734,1734,-0.038372340840937984
1735,1735,-0.09824990897114598
1736,1736,-0.0125432526143143
1737,1737,-0.08430265523216737
1738,1738,-0.01359991429169504
1739,1739,-0.2381507791631228
1740,1740,-0.08293021358092854
1741,1741,-0.30578451782349836
1742,1742,-0.014818388090817718
1743,1743,-0.22637438660390882
1744,1744,-0.10122488472276367
1745,1745,-0.05650008440573186
1746,1746,-0.04210765026000609
1747,1747,-0.07524974711645785
1748,1748,-0.05002785742263255
1749,1749,-0.1533490902097638
1750,1750,-0.14338860573955658
1751,1751,-0.05927447068527084
1752,1752,-0.20157483487965597
1753,1753,-0.11621112876812206
1754,1754,-0.021372688705338354
1755,1755,-0.25581441406298483
1756,1756,-0.296877127261881
1757,1757,-0.010684976313563015
1758,1758,-0.1895922356149143
1759,1759,-0.1584212873108233
1760,1760,-0.023337556772664556
1761,1761,-0.03322922225996401
1762,1762,-0.010514295544016956
1763,1763,-0.07745351034194393
1764,1764,-0.008201241360480602
1765,1765,-0.019320329713645695
1766,1766,-0.01863104033734619
1767,1767,-0.10344828029029239
1768,1768,-0.057660613068850994
1769,1769,-0.14463652634581403
1770,1770,-0.041408686981616094
1771,1771,-0.1947616712590279
1772,1772,-0.15441432783671527
1773,1773,-0.03898980536407699
1774,1774,-0.12967135960926546
1775,1775,-0.011292585015559428
1776,1776,-0.18996463692553014
1777,1777,-0.167892213084867
1778,1778,-0.06790646336072266
1779,1779,-0.10763529240847478
1780,1780,-0.2647823160676429
1781,1781,-0.1532727726812651
1782,1782,-0.0703796505821884
1783,1783,-0.11011989555359569
1784,1784,-0.042892988451320994
1785,1785,-0.04331354142426037
1786,1786,-0.10095281214792845
1787,1787,-0.041673760455169906
1788,1788,-0.11548067539581888
1789,1789,-0.025277742882163914
1790,1790,-0.15255370715514038
1791,1791,-0.018694469747788836
1792,1792,-0.010207983044996897
1793,1793,-0.0626033142323672
1794,1794,-0.21588279918129405
1795,1795,-0.20134638378613626
1796,1796,-0.12597478756898448
1797,1797,-0.036020885320650106
1798,1798,-0.13884798135309695
1799,1799,-0.16611964466930784
1800,1800,-0.0751881612111967
1801,1801,-0.0626641008587479
1802,1802,-0.030895486205746083
1803,1803,-0.052264871360198695
1804,1804,-0.27096870982348953
1805,1805,-0.2459074771494899
1806,1806,-0.09144516753063864
1807,1807,-0.005744590372561463
1808,1808,-0.02063011819743687
1809,1809,-0.10618640280099928
1810,1810,-0.020264385927044777
1811,1811,-0.05071644198479143
1812,1812,-0.16756810631314678
1813,1813,-0.24792084814464876
1814,1814,-0.41678772787324114
1815,1815,-0.08344118106087924
1816,1816,-0.04661534597604225
1817,1817,-0.06099673234344041
1818,1818,-0.030469151479471608
1819,1819,-0.08398686977291561
1820,1820,-0.13009573240004346
1821,1821,-0.13565736467634562
1822,1822,-0.0645291058978378
1823,1823,-0.026193320835740327
1824,1824,-0.18667563953525562
1825,1825,-0.06473049164335308
1826,1826,-0.10919232861386236
1827,1827,-0.009251276179524317
1828,1828,-0.0702730440979007
1829,1829,-0.022287761829912357
1830,1830,-0.0596107155372125
1831,1831,-0.2488201159316437
1832,1832,-0.016416588802266915
1833,1833,-0.028865020688451943
1834,1834,-0.03559420655299165
1835,1835,-0.002247829899688839
1836,1836,-0.022303864886937787
1837,1837,-0.1807553398513408
1838,1838,-0.05047372867114554
1839,1839,-0.012441376902039324
1840,1840,-0.3293907259591008
1841,1841,-0.0688142264048634
1842,1842,-0.1504269428106307
1843,1843,-0.07683546604656699
1844,1844,-0.03184700776363418
1845,1845,-0.07915223861253412
1846,1846,-0.012239464692739158
1847,1847,-0.043077810620353686
1848,1848,-0.027888660691154202
1849,1849,-0.06462218595161932
1850,1850,-0.11727036888820652
1851,1851,-0.5377628985876938
1852,1852,-0.1357327400990913
1853,1853,-0.011261142375306555
1854,1854,-0.09159591237010593
1855,1855,-0.060382680317204354
1856,1856,-0.2121912275228057
1857,1857,-0.009507010537420034
1858,1858,-0.15616717440986225
1859,1859,-0.014443735636446794
1860,1860,-0.23665611461010222
1861,1861,-0.0915945690102726
1862,1862,-0.048501331937376324
1863,1863,-0.1335245102849671
1864,1864,-0.02848722830963521
1865,1865,-0.09093653059261374
1866,1866,-0.06545384031277077
1867,1867,-0.08942391174714712
1868,1868,-0.12258482397534846
1869,1869,-0.021009908518245978
1870,1870,-0.03384371269007901
1871,1871,-0.0723436731210043
1872,1872,-0.1288201930067033
1873,1873,-0.040153337287665146
1874,1874,-0.056295722115900275
1875,1875,-0.10171474260485325
1876,1876,-0.05145303281122077
1877,1877,-0.04731000305250523
1878,1878,-0.11563446745524314
1879,1879,-0.08536423381566144
1880,1880,-0.16461854902617307
1881,1881,-0.05975591148649521
1882,1882,-0.0564630772407745
1883,1883,-0.08455829330242201
1884,1884,-0.06677323048904651
1885,1885,-0.37724203585587335
1886,1886,-0.2267040749380357
1887,1887,-0.025055781080145993
1888,1888,-0.12867092456041185
1889,1889,-0.008710885367974163
1890,1890,-0.0034430295773752017
1891,1891,-0.023116286902201594
1892,1892,-0.23687814489751324
1893,1893,-0.0801246866436166
1894,1894,-0.006100773481414855
1895,1895,-0.004641414874025228
1896,1896,-0.34726273505640526
1897,1897,-0.023620413031432988
1898,1898,-0.0059175588664352585
1899,1899,-0.192872043394608
1900,1900,-0.0700586928918505
1901,1901,-0.04294797439576038
1902,1902,-0.04812800779415355
1903,1903,-0.05678790414167356
1904,1904,-0.02717211391025549
1905,1905,-0.08358725423253276
1906,1906,-0.005699574382935001
1907,1907,-0.9280588687721751
1908,1908,-0.11980976714964398
1909,1909,-0.014415665027920497
1910,1910,-0.02158909338767101
1911,1911,-0.10640327192342405
1912,1912,-0.1875319101613488
1913,1913,-0.06611707988690763
1914,1914,-0.06063344562693643
1915,1915,-0.048988510807757
1916,1916,-0.013442959902636012
1917,1917,-0.14608433129642567
1918,1918,-0.08936398643004942
1919,1919,-0.010737354740400223
1920,1920,-0.03911251116595187
1921,1921,-0.12841417073028158
1922,1922,-0.15457483640158434
1923,1923,-0.05878050520511186
1924,1924,-0.061793263437049425
1925,1925,-0.05875564802429689
1926,1926,-0.13527155088421458
1927,1927,-0.06116837851149874
1928,1928,-0.022058893270000258
1929,1929,-0.046602338898517275
1930,1930,-0.034466036674907365
1931,1931,-0.04327553280406661
1932,1932,-0.024202787175624987
1933,1933,-0.009466008027231292
1934,1934,-0.009136123317785048
1935,1935,-0.023730596748089135
1936,1936,-0.00022342434725669173
1937,1937,-0.021200048378640514
1938,1938,-0.015468673581772273
1939,1939,-0.1244952944560839
1940,1940,-0.059472185888343465
1941,1941,-0.016706644128787678
1942,1942,-0.0691621998484995
1943,1943,-0.140724730876878
1944,1944,-0.08460392739998242
1945,1945,-0.26220473831761526
1946,1946,-0.011834411337780258
1947,1947,-0.09252706978596183
1948,1948,-0.15739841609495642
1949,1949,-0.011336501567181896
1950,1950,-0.04675317203813325
1951,1951,-0.05671055425491464
1952,1952,-0.004872670559612061
1953,1953,-0.10959145619306168
1954,1954,-0.28316781766808347
1955,1955,-0.08859809697601326
1956,1956,-0.13027071059456075
1957,1957,-0.30773984284805456
1958,1958,-0.16841397740833558
1959,1959,-0.025094585794413166
1960,1960,-0.07701348296150715
1961,1961,-0.04272844033042897
1962,1962,-0.0343830819299459
1963,1963,-0.1131140651740188
1964,1964,-0.00725105622036236
1965,1965,-0.1247142551230582
1966,1966,-0.040471170984846996
1967,1967,-0.006930447917640706
1968,1968,-0.025087973283158583
1969,1969,-0.004718857086760498
1970,1970,-0.027056575234444775
1971,1971,-0.006904385594679762
1972,1972,-0.05513990619829561
1973,1973,-0.019202981839105213
1974,1974,-0.10481692667305095
1975,1975,-0.0009291883104448191
1976,1976,-0.048371902727138316
1977,1977,-0.02206411898237972
1978,1978,-0.03243435722268743
1979,1979,-0.0027128646324599483
1980,1980,-0.03769951640161439
1981,1981,-0.08147572894518497
1982,1982,-0.008220304572392903
1983,1983,-0.09596383449115455
1984,1984,-0.11387044201709268
1985,1985,-0.002280690869270626
1986,1986,-0.06815730987755235
1987,1987,-0.3930957255407869
1988,1988,-0.016429106256650235
1989,1989,-0.18118958360776888
1990,1990,-0.12225224632193032
1991,1991,-0.09879006237231444
1992,1992,-0.10198126331261212
1993,1993,-0.2155690933069538
1994,1994,-0.11939704377969386
1995,1995,-0.007580203257933936
1996,1996,-0.06093697816213432
1997,1997,-0.20063173396291706
1998,1998,-0.025105027074262612
1999,1999,-0.038424771753796376
2000,2000,-0.1918812851315751
2001,2001,-0.023723569819611746
2002,2002,-0.011412751024547552
2003,2003,-0.24116445922160795
2004,2004,-0.23834750390986312
2005,2005,-0.023321898555146065
2006,2006,-0.04008196851766212
2007,2007,-0.011391406037615001
2008,2008,-0.13982044231200075
2009,2009,-0.2579242944961961
2010,2010,-0.02304007823965003
2011,2011,-0.02116412987760128
2012,2012,-0.024787328680384
2013,2013,-0.10069546894259618
2014,2014,-0.009820486566521607
2015,2015,-0.04582358473140124
2016,2016,-0.006615829296224904
2017,2017,-0.14455103687612078
2018,2018,-0.07837165911886969
2019,2019,-0.007166702196965176
2020,2020,-0.11070326122063417
2021,2021,-0.25206470530970093
2022,2022,-0.41018587644636756
2023,2023,-0.019410374814651066
2024,2024,-0.14587743815274096
2025,2025,-0.02886318287603021
2026,2026,-0.027559837885739756
2027,2027,-0.2600261254421132
2028,2028,-0.04520072178607311
2029,2029,-0.016145853619670917
2030,2030,-0.026046741673992093
2031,2031,-0.05317453605367892
2032,2032,-0.04427019387417572
2033,2033,-0.023669306010310982
2034,2034,-0.005414190506528565
2035,2035,-0.10019928617857035
2036,2036,-0.28922059978663495
2037,2037,-0.025789714087489424
2038,2038,-0.04428233562772481
2039,2039,-0.09035523187978037
2040,2040,-0.008613426618277235
2041,2041,-0.025064290581030553
2042,2042,-0.05873810238740553
2043,2043,-0.0651585139879082
2044,2044,-0.07923134212439917
2045,2045,-0.006359875554941133
2046,2046,-0.02768202885165458
2047,2047,-0.006402597872296786
2048,2048,-0.14447186965225536
2049,2049,-0.1413631873259802
2050,2050,-0.016060777421509142
2051,2051,-0.09626402106526276
2052,2052,-0.0018484837521906667
2053,2053,-0.08930910255052885
2054,2054,-0.09293577877222381
2055,2055,-0.266778523100819
2056,2056,-0.0531408200113009
2057,2057,-0.0071078152919701616
2058,2058,-0.05075603201271525
2059,2059,-0.07676160971475247
2060,2060,-0.06903916524471962
2061,2061,-0.15711029179521158
2062,2062,-0.014640454921898638
2063,2063,-0.022980585592622237
2064,2064,-0.06460760905140876
2065,2065,-0.024028969370120695
2066,2066,-0.15514013636961313
2067,2067,-0.03658266743165419
2068,2068,-0.016717772264334834
2069,2069,-0.06296013358864969
2070,2070,-0.06591475025428309
2071,2071,-0.01742745273086545
2072,2072,-0.02278405211587183
2073,2073,-0.04942274373355367
2074,2074,-0.02333615763793028
2075,2075,-0.10209835744419903
2076,2076,-0.1339080590683729
2077,2077,-0.06766112956812151
2078,2078,-0.3208736275055797
2079,2079,-0.04610063092591485
2080,2080,-0.40155535384338653
2081,2081,-0.004936500691765472
2082,2082,-0.10184989525505748
2083,2083,-0.045556159975081514
2084,2084,-0.23980049349072208
2085,2085,-0.07049475884200022
2086,2086,-0.006456111328045456
2087,2087,-0.03564912051226912
2088,2088,-0.1141911378874035
2089,2089,-0.10098109041839638
2090,2090,-0.11386578042894241
2091,2091,-0.10110660315452721
2092,2092,-0.12322517640614022
2093,2093,-0.10889805024858412
2094,2094,-0.03035653142202218
2095,2095,-0.0031643418517502504
2096,2096,-0.08142003416635402
2097,2097,-0.01739793892620178
2098,2098,-0.041022944380762295
2099,2099,-0.03378596752456775
2100,2100,-0.11176148717092366
2101,2101,-0.018401895124522262
2102,2102,-0.11420951291653081
2103,2103,-0.07360381457262344
2104,2104,-0.017782557368423216
2105,2105,-0.029001423875651182
2106,2106,-0.09391259068502761
2107,2107,-0.025857708150954083
2108,2108,-0.08109374436895753
2109,2109,-0.07757859187258515
2110,2110,-0.032593230301464896
2111,2111,-0.12581427656265018
2112,2112,-0.018374525592707712
2113,2113,-0.10175827771133181
2114,2114,-0.049338580526710946
2115,2115,-0.1725210576466612
2116,2116,-0.08990940009189935
2117,2117,-0.06358951462516975
2118,2118,-0.09032565747750973
2119,2119,-0.159319471627336
2120,2120,-0.02112581788418356
2121,2121,-0.027823886958930753
2122,2122,-0.011262549413914443
2123,2123,-0.2628240141778439
2124,2124,-0.015238021799027508
2125,2125,-0.08928617621481275
2126,2126,-0.11817891305188721
2127,2127,-0.07739268022483825
2128,2128,-0.13632269709341063
2129,2129,-0.04971886773604109
2130,2130,-0.04266366057909966
2131,2131,-0.020189912738618913
2132,2132,-0.1816151499340494
2133,2133,-0.16751183674692888
2134,2134,-0.0661224388729686
2135,2135,-0.005003171204459113
2136,2136,-0.004170751679547488
2137,2137,-0.08450837972237969
2138,2138,-0.014127008143822466
2139,2139,-0.1259649420430557
2140,2140,-0.017930737484659644
2141,2141,-0.03576741197827957
2142,2142,-0.11819782566403739
2143,2143,-0.02422937690074432
2144,2144,-0.050450520174066794
2145,2145,-0.0434769468355777
2146,2146,-0.024953754267250685
2147,2147,-0.03398900214281403
2148,2148,-0.32254412127872023
2149,2149,-0.053053234480487065
2150,2150,-0.01528568964040992
2151,2151,-0.18518024162936123
2152,2152,-0.01357080113927572
2153,2153,-0.10378014820722148
2154,2154,-0.169528213779799
2155,2155,-0.1264516767944087
2156,2156,-0.010346618072466457
2157,2157,-0.12074811933228617
2158,2158,-0.008319481192174679
2159,2159,-0.06630519476022918
2160,2160,-0.09180717053838634
2161,2161,-0.23493511743307144
2162,2162,-0.007119254109696002
2163,2163,-0.3287883233269881
2164,2164,-0.46981572368247465
2165,2165,-0.17401205187690896
2166,2166,-0.06330125950005512
2167,2167,-0.006706891200312526
2168,2168,-0.007478565154974467
2169,2169,-0.07498399793002539
2170,2170,-0.06285921133492675
2171,2171,-0.03910179886314663
2172,2172,-0.12956831373787192
2173,2173,-0.17180081404651937
2174,2174,-0.11400221483245623
2175,2175,-0.017790273079362647
2176,2176,-0.1979317951333715
2177,2177,-0.08901033064148593
2178,2178,-0.02198868556802787
2179,2179,-0.011682049129991224
2180,2180,-0.010698820236388967
2181,2181,-0.08938442954919475
2182,2182,-0.0384794832409249
2183,2183,-0.09464511077553031
2184,2184,-0.18815142509781557
2185,2185,-0.06422592965597805
2186,2186,-0.28641147290831775
2187,2187,-0.08907725451714534
2188,2188,-0.10731771877639262
2189,2189,-0.06842075595500774
2190,2190,-0.0035330276487712917
2191,2191,-0.06975317742250667
2192,2192,-0.28912514994612054
2193,2193,-0.20754955627587798
2194,2194,-0.057841448608694314
2195,2195,-0.015034510584637641
2196,2196,-0.08509621789284386
2197,2197,-0.06781211757612923
2198,2198,-0.0776790460550239
2199,2199,-0.12036601615094691
2200,2200,-0.1607113762742488
2201,2201,-0.03831755040560257
2202,2202,-0.006332411729357787
2203,2203,-0.11493582993169715
2204,2204,-0.25933366457987767
2205,2205,-0.07500930741497512
2206,2206,-0.07779140972721794
2207,2207,-0.08094138887650537
2208,2208,-0.10966706042643001
2209,2209,-0.0701954508067603
2210,2210,-0.02596078790655961
2211,2211,-0.19052518117283423
2212,2212,-0.21204096077593615
2213,2213,-0.09170906737088988
2214,2214,-0.09356018846294112
2215,2215,-0.6305410936068057
2216,2216,-0.0742268071522337
2217,2217,-0.01348033970908261
2218,2218,-0.07361411865001694
2219,2219,-0.051469557646142985
2220,2220,-0.04718163088442017
2221,2221,-0.058390119740166335
2222,2222,-0.04799588604437332
2223,2223,-0.2087279004405061
2224,2224,-0.21173887362532978
2225,2225,-0.06010729167596738
2226,2226,-0.15947922132358858
2227,2227,-0.06914986149898546
2228,2228,-0.011737519106534146
2229,2229,-0.006055371563640667
2230,2230,-0.20482657394311937
2231,2231,-0.0036397340126919564
2232,2232,-0.2784281150822172
2233,2233,-0.057160777582253575
2234,2234,-0.11084052598787855
2235,2235,-0.041843022386021014
2236,2236,-0.14819348097826648
2237,2237,-0.04109601793694713
2238,2238,-0.019104696176503122
2239,2239,-0.10084431256329335
2240,2240,-0.06555147079978903
2241,2241,-0.02203479796718323
2242,2242,-0.022892377205263652
2243,2243,-0.0808144284376089
2244,2244,-0.034874567012572355
2245,2245,-0.024221162884493816
2246,2246,-0.03618043706875992
2247,2247,-0.017868655575464736
2248,2248,-0.11108929586478042
2249,2249,-0.058571575590419214
2250,2250,-0.08870025221778559
2251,2251,-0.25127677901035705
2252,2252,-0.11834386496377586
2253,2253,-0.058881325989847653
2254,2254,-0.04177683436265302
2255,2255,-0.06448667042310575
2256,2256,-0.02595665201315046
2257,2257,-0.10295985572247192
2258,2258,-0.09831367435535839
2259,2259,-0.02234420381375331
2260,2260,-0.07587551597850677
2261,2261,-0.03547869184875406
2262,2262,-0.2660713460576322
2263,2263,-0.10795732825336714
2264,2264,-0.11848285843414
2265,2265,-0.06395444677559854
2266,2266,-0.07151189609026827
2267,2267,-0.10241400687733865
2268,2268,-0.01345988064402448
2269,2269,-0.3175685467418031
2270,2270,-0.019567219544971513
2271,2271,-0.004377528733183531
2272,2272,-0.08626631536014728
2273,2273,-0.009974470112671156
2274,2274,-0.01407304272770192
2275,2275,-0.003980789115778401
2276,2276,-0.0002755898572618957
2277,2277,-0.017075356671672523
2278,2278,-0.14460837726061615
2279,2279,-0.015675659006024446
2280,2280,-0.12577037127604543
2281,2281,-0.1459644057764566
2282,2282,-0.09769746101134197
2283,2283,-0.08081355633780751
2284,2284,-0.021426834997683854
2285,2285,-0.11657614914553238
2286,2286,-0.011188087453013456
2287,2287,-0.029601778510314553
2288,2288,-0.017714704556656764
2289,2289,-0.005323638009290865
2290,2290,-0.10168245982378016
2291,2291,-0.1157346361399919
2292,2292,-0.05016372513245518
2293,2293,-0.04313049599397694
2294,2294,-0.0478955566256225
2295,2295,-0.05358871434086209
2296,2296,-0.08086702809068602
2297,2297,-0.08480097334492487
2298,2298,-0.10862515610302892
2299,2299,-0.016582958581889996
2300,2300,-0.0771078415498618
2301,2301,-0.13805410373940305
2302,2302,-0.038990231577256354
2303,2303,-0.1490739183136288
2304,2304,-0.18665631822069792
2305,2305,-0.00975221946787802
2306,2306,-0.30597957172810886
2307,2307,-0.025338671525855866
2308,2308,-0.052587701874404064
2309,2309,-0.030040575918898173
2310,2310,-0.04218775859900726
2311,2311,-0.0422925467489958
2312,2312,-0.074545867541372
2313,2313,-0.017603610144689648
2314,2314,-0.00022996686237437895
2315,2315,-0.1623495531067629
2316,2316,-0.15750451774319263
2317,2317,-0.13934956157677786
2318,2318,-0.07379792207918723
2319,2319,-0.27432408474811987
2320,2320,-0.06062047405439193
2321,2321,-0.15971756614387306
2322,2322,-0.05050701601726631
2323,2323,-0.053769442708180834
2324,2324,-0.02869208360344685
2325,2325,-0.05889999476207846
2326,2326,-0.10115941554914677
2327,2327,-0.04757235463903736
2328,2328,-0.12284786664713108
2329,2329,-0.024134110091621138
2330,2330,-0.004606087692652329
2331,2331,-0.07399895651323066
2332,2332,-0.06460756415294976
2333,2333,-0.06479833405369807
2334,2334,-0.05761464208863512
2335,2335,-0.00044541368075719
2336,2336,-0.21373483389164186
2337,2337,-0.07504886763853232
2338,2338,-0.009858382685977145
2339,2339,-0.0754356510259871
2340,2340,-0.003662610821320821
2341,2341,-0.16196761752155442
2342,2342,-0.03730886865192571
2343,2343,-0.03451795757214584
2344,2344,-0.026835057888906316
2345,2345,-0.11759728003210439
2346,2346,-0.01344420078791645
2347,2347,-0.14786042743617814
2348,2348,-0.11521010103446289
2349,2349,-0.020704791182532392
2350,2350,-0.01528469403242432
2351,2351,-0.07210130135633493
2352,2352,-0.04459544966564105
2353,2353,-0.12176138195857429
2354,2354,-0.12304674344767134
2355,2355,-0.007892317641565798
2356,2356,-0.012533459666191231
2357,2357,-0.037670968508735365
2358,2358,-0.006632342768616805
2359,2359,-0.010562193967206781
2360,2360,-0.05186256297332633
2361,2361,-0.03241537866618416
2362,2362,-0.01773969033018296
2363,2363,-0.1540925530324726
2364,2364,-0.04734116158592497
2365,2365,-0.028944658249769516
2366,2366,-0.15364380084451457
2367,2367,-0.04314253068202049
2368,2368,-0.06241113886748245
2369,2369,-0.04365219989412483
2370,2370,-0.26771184067027926
2371,2371,-0.049920843880822685
2372,2372,-0.35237597802941156
2373,2373,-0.0031851168507216446
2374,2374,-0.059770004394066066
2375,2375,-0.04243023246200269
2376,2376,-0.2020420554123176
2377,2377,-0.010412178127442877
2378,2378,-0.05065109102477519
2379,2379,-0.05731990848163263
2380,2380,-0.0742382721208742
2381,2381,-0.08631615064572451
2382,2382,-0.0354758818529351
2383,2383,-0.06790190928177219
2384,2384,-0.012855945010218658
2385,2385,-0.06054307667300718
2386,2386,-0.001160518029629421
2387,2387,-0.48013125503856025
2388,2388,-0.18780474968145489
2389,2389,-0.08832550190353475
2390,2390,-0.15455966267174556
2391,2391,-0.0071125195546017424
2392,2392,-0.007441264958952873
2393,2393,-0.1034033893176554
2394,2394,-0.09531715834925056
2395,2395,-0.053069948162536365
2396,2396,-0.24832743829597329
2397,2397,-0.21461444624092352
2398,2398,-0.09310017362089287
2399,2399,-0.0001947177690394351
2400,2400,-0.06532170703321388
2401,2401,-0.0520211487576505
2402,2402,-0.030439953278047317
2403,2403,-0.004692250992340755
2404,2404,-0.04404265372058391
2405,2405,-0.08241826482005535
2406,2406,-0.08103316057558305
2407,2407,-0.2033807378150977
2408,2408,-0.007096325773783322
2409,2409,-0.02700627353499853
2410,2410,-0.06015399539091301
2411,2411,-0.003289747583289067
2412,2412,-0.03375745602093778
2413,2413,-0.1971723184796776
2414,2414,-0.06023940798617022
2415,2415,-0.22786383864277618
2416,2416,-0.1999542847639308
2417,2417,-0.015108439148937699
2418,2418,-0.0341540553264585
2419,2419,-0.1591010046750022
2420,2420,-0.12060685422309478
2421,2421,-0.1530256175811995
2422,2422,-0.11285662278318326
2423,2423,-0.03868004143209918
2424,2424,-0.008962974949435992
2425,2425,-0.14039158878209637
2426,2426,-0.16354075611536084
2427,2427,-0.4032365622439834
2428,2428,-0.03101514656134237
2429,2429,-0.03448419454279249
2430,2430,-0.08057656310511396
2431,2431,-0.06480574408703751
2432,2432,-0.10803805364345051
2433,2433,-0.011959484119208698
2434,2434,-0.05199702838426243
2435,2435,-0.03820717463149959
2436,2436,-5.3752532725788724e-05
2437,2437,-0.08440225152644676
2438,2438,-0.11469466424204039
2439,2439,-0.14371231519880712
2440,2440,-0.04230236526982936
2441,2441,-0.1817602183423363
2442,2442,-0.0029561960011566814
2443,2443,-0.21902083603131048
2444,2444,-0.24753169271228082
2445,2445,-0.01585820415105203
2446,2446,-0.023723853002261253
2447,2447,-0.19889598438976128
2448,2448,-0.09282652757546768
2449,2449,-0.03749097620780001
2450,2450,-0.032690433660068685
2451,2451,-0.046248629653763605
2452,2452,-0.017874091331748287
2453,2453,-0.05689641438914759
2454,2454,-0.15680719168688667
2455,2455,-0.009010985549236256
2456,2456,-0.05153835600983007
2457,2457,-0.024205102930003913
2458,2458,-0.009612431025790123
2459,2459,-0.11977095640974872
2460,2460,-0.1522102716921116
2461,2461,-0.022970656832910614
2462,2462,-0.05370320966823392
2463,2463,-0.11359345568587846
2464,2464,-0.05398173377731007
2465,2465,-0.20746238736315742
2466,2466,-0.14638372940954986
2467,2467,-0.013764523928214971
2468,2468,-0.01651126112278137
2469,2469,-0.0033768367293027022
2470,2470,-0.04396565761254577
2471,2471,-0.17675328316816807
2472,2472,-0.013184819755794852
2473,2473,-0.1627320249563433
2474,2474,-0.01582012291658385
2475,2475,-0.006656331401987156
2476,2476,-0.015180408013054349
2477,2477,-0.11594891072762127
2478,2478,-0.06530126919495816
2479,2479,-0.01485325811875947
2480,2480,-0.08410596225939387
2481,2481,-0.051133030303292006
2482,2482,-0.1803767509108007
2483,2483,-0.09968326272324271
2484,2484,-0.07812009353139762
2485,2485,-0.00796126636114438
2486,2486,-0.08581239657053617
2487,2487,-0.12430420876348283
2488,2488,-0.42399716787251324
2489,2489,-0.007980197649901457
2490,2490,-0.032481701863211185
2491,2491,-0.03476752841418758
2492,2492,-0.13152942883152885
2493,2493,-0.14665968136522264
2494,2494,-0.06551234435910108
2495,2495,-0.04332563847334195
2496,2496,-0.10428263102415312
2497,2497,-0.057987321035368376
2498,2498,-0.0406593082193899
2499,2499,-0.04915945732536896
2500,2500,-0.01114184173872311
2501,2501,-0.13852461339417244
2502,2502,-0.11952109882876216
2503,2503,-0.06964694607816105
2504,2504,-0.006248688168600152
2505,2505,-0.05385514805325095
2506,2506,-0.04542421471628068
2507,2507,-0.06220010336677668
2508,2508,-0.024802827527611187
2509,2509,-0.1502808235259559
2510,2510,-0.021355371635045042
2511,2511,-0.04480134099451304
2512,2512,-0.08227686088310329
2513,2513,-0.0422217079586558
2514,2514,-0.08492072000853534
2515,2515,-0.03129260428340445
2516,2516,-0.3203309213713029
2517,2517,-0.01989265753798855
2518,2518,-0.11339944822643451
2519,2519,-0.08550969704297105
2520,2520,-0.03784698261173921
2521,2521,-0.06394875271669714
2522,2522,-0.11935536628083893
2523,2523,-0.11748701096983162
2524,2524,-0.019922305621776593
2525,2525,-0.036244462437077477
2526,2526,-0.07851631151146826
2527,2527,-0.18096837592165982
2528,2528,-0.035674863245663845
2529,2529,-0.14920754902308186
2530,2530,-0.2354218374117171
2531,2531,-0.12080695175781263
2532,2532,-0.10126190024986509
2533,2533,-0.14464549901121826
2534,2534,-0.005652848295078885
2535,2535,-0.07723127312561132
2536,2536,-0.1017572896057049
2537,2537,-0.0266295612362707
2538,2538,-0.09778470261019594
2539,2539,-0.2465477225677587
2540,2540,-0.06115552970279883
2541,2541,-0.00021418561981278203
2542,2542,-0.006319544102883791
2543,2543,-0.007340835721725783
2544,2544,-0.12428133352259235
2545,2545,-0.1646233155706261
2546,2546,-0.3022428865288646
2547,2547,-0.029735671467060788
2548,2548,-0.08406188500571973
2549,2549,-0.05441677988442651
2550,2550,-0.0893645185724747
2551,2551,-0.11333350059461304
2552,2552,-0.23917888165522924
2553,2553,-0.026682002729643634
2554,2554,-0.14372712920639943
2555,2555,-0.21044707319502323
2556,2556,-0.03460708697436518
2557,2557,-0.006941645803363571
2558,2558,-0.010874826853751664
2559,2559,-0.001834888476700031
2560,2560,-0.08281599127158133
2561,2561,-0.14284564304334368
2562,2562,-0.005026504147524103
2563,2563,-0.01522508622375666
2564,2564,-0.04329866645408473
2565,2565,-0.06289008564595705
2566,2566,-0.1517505972879842
2567,2567,-0.14753792336028615
2568,2568,-0.10386751001083053
2569,2569,-0.0337775486067121
2570,2570,-0.0014729940689239265
2571,2571,-0.015333470730908573
2572,2572,-0.10454478679904569
2573,2573,-0.08032419400212769
2574,2574,-0.054905267659114076
2575,2575,-0.0010326224348627415
2576,2576,-0.09663585660249391
2577,2577,-0.0050436674720412055
2578,2578,-0.007203587741956741
2579,2579,-0.04695432971214417
2580,2580,-0.028555538010682883
2581,2581,-0.004818633979074096
2582,2582,-0.07809810504180724
2583,2583,-0.047471329019438444
2584,2584,-0.003262558257644823
2585,2585,-0.03277211229218565
2586,2586,-0.07711617163591444
2587,2587,-0.04881053127750664
2588,2588,-0.22074779319736695
2589,2589,-0.2994926791290702
2590,2590,-0.10140567901925736
2591,2591,-0.06677765971548554
2592,2592,-0.16667958344920733
2593,2593,-0.016125162518007385
2594,2594,-0.09486341478513804
2595,2595,-0.002664344868962625
2596,2596,-0.04987043093055603
2597,2597,-0.015088270503281724
2598,2598,-0.19994110526346934
2599,2599,-0.17235744734435407
2600,2600,-0.04728057562203423
2601,2601,-0.06514049607700875
2602,2602,-0.14448703038128113
2603,2603,-0.4467447368299581
2604,2604,-0.08913623245837096
2605,2605,-0.3993606200780677
2606,2606,-0.07777828979001843
2607,2607,-0.03342473626067749
2608,2608,-0.09651817915650758
2609,2609,-0.2829960023565723
2610,2610,-0.008640944993459635
2611,2611,-0.11900953909502729
2612,2612,-0.018033692917355938
2613,2613,-0.10639720616729169
2614,2614,-0.16657041645444676
2615,2615,-0.051693026990484045
2616,2616,-0.12605412831267124
2617,2617,-0.10969523623465385
2618,2618,-0.008494426739732004
2619,2619,-0.04170076474818897
2620,2620,-0.11685415243228624
2621,2621,-0.037769692685714326
2622,2622,-0.024642072587287987
2623,2623,-0.03781166893123139
2624,2624,-0.06271516009896358
2625,2625,-0.043545890676413124
2626,2626,-0.022365722895684136
2627,2627,-0.05086966672533293
2628,2628,-0.015176948047733452
2629,2629,-0.07645660283239498
2630,2630,-0.13364808337641962
2631,2631,-0.07781065108253869
2632,2632,-0.05177504116834556
2633,2633,-0.021394605500088593
2634,2634,-0.07584321012470453
2635,2635,-0.027785643122783605
2636,2636,-0.011510121331842642
2637,2637,-0.11840358222688449
2638,2638,-0.008241087985773323
2639,2639,-0.03717743759492106
2640,2640,-0.007853970494272425
2641,2641,-0.21670232048687443
2642,2642,-0.06525796759782883
2643,2643,-0.09683556703226634
2644,2644,-0.027324162852297895
2645,2645,-0.15744169507051858
2646,2646,-0.054506939317114235
2647,2647,-0.1893980011917989
2648,2648,-0.029899407949150518
2649,2649,-0.009572935492156058
2650,2650,-0.03396460912887869
2651,2651,-0.01888664483630417
2652,2652,-0.2881579023648628
2653,2653,-0.06722732631528261
2654,2654,-0.0987170205887609
2655,2655,-0.2763689986213564
2656,2656,-0.03539118283567769
2657,2657,-0.14919980012652923
2658,2658,-0.10447964461754158
2659,2659,-0.07751157993578127
2660,2660,-0.13640821006975185
2661,2661,-0.05661691359058335
2662,2662,-0.09147254587019271
2663,2663,-0.012745486678375485
2664,2664,-0.04110551060328679
2665,2665,-0.23848909987825057
2666,2666,-0.13797734274577805
2667,2667,-0.18399170552290803
2668,2668,-0.03497196670679701
2669,2669,-0.11897793145263054
2670,2670,-0.09171763147633678
2671,2671,-0.22417067039641778
2672,2672,-0.03750273458557341
2673,2673,-0.02889994913773409
2674,2674,-0.19527789268936954
2675,2675,-0.016692228554599182
2676,2676,-0.05542009889226524
2677,2677,-0.17859564264654237
2678,2678,-0.01099941335235544
2679,2679,-0.13058509048290323
2680,2680,-0.04478563630850554
2681,2681,-0.0527417703549968
2682,2682,-0.2425577718104289
2683,2683,-0.035948320434339535
2684,2684,-0.08888322570511197
2685,2685,-0.22373774511128508
2686,2686,-0.08912574595096534
2687,2687,-0.08183801773839726
2688,2688,-0.16845686590847608
2689,2689,-0.01072449331044162
2690,2690,-0.10712864755808514
2691,2691,-0.11803800900455778
2692,2692,-0.124833007234084
2693,2693,-0.03671525847839416
2694,2694,-0.06246692955522975
2695,2695,-0.05636275539006326
2696,2696,-0.027535390332932883
2697,2697,-0.038669383024099016
2698,2698,-0.054757900752977554
2699,2699,-0.08594612888127762
2700,2700,-0.064976943355077
2701,2701,-0.043642560843752974
2702,2702,-0.07256553711447573
2703,2703,-0.010898786031132252
2704,2704,-0.0821606202904011
2705,2705,-0.19829241260088976
2706,2706,-0.05025660603934746
2707,2707,-0.021405203754366414
2708,2708,-0.025596379578302887
2709,2709,-0.06297898321739508
2710,2710,-0.041986437230830044
2711,2711,-0.05084943411308371
2712,2712,-0.014260934850824298
2713,2713,-0.03177437964403587
2714,2714,-0.013801008997935646
2715,2715,-0.03284031356002231
2716,2716,-0.05631167927028417
2717,2717,-0.1931929093070225
2718,2718,-0.016448242460908473
2719,2719,-0.007088110238766939
2720,2720,-0.07943724179497882
2721,2721,-0.33634014554550257
2722,2722,-0.1020986397182447
2723,2723,-0.09088594359372217
2724,2724,-0.08481295773181821
2725,2725,-0.029911872757225677
2726,2726,-0.03597504276877536
2727,2727,-0.07365880051988437
2728,2728,-0.23877410275634708
2729,2729,-0.08678003466201287
2730,2730,-0.004411779114712015
2731,2731,-0.1324645955863155
2732,2732,-0.20002228280067488
2733,2733,-0.2101559631314128
2734,2734,-0.009752781433258122
2735,2735,-0.002854756897361305
2736,2736,-0.12820005243331647
2737,2737,-0.054721140144570336
2738,2738,-0.02898858372197096
2739,2739,-0.032787001670547745
2740,2740,-0.07984319444565424
2741,2741,-0.06587236158561681
2742,2742,-0.04618572573792442
2743,2743,-8.868342282776475e-05
2744,2744,-0.06846431056100127
2745,2745,-0.19777000385087476
2746,2746,-0.23916112001547352
2747,2747,-0.103932776026717
2748,2748,-0.061461677932830534
2749,2749,-0.18966947863597172
2750,2750,-0.018191210119666106
2751,2751,-0.22892400666190968
2752,2752,-0.0024249927374007953
2753,2753,-0.07115589409873052
2754,2754,-0.09246395740600792
2755,2755,-0.24538935855808086
2756,2756,-0.007092230728340436
2757,2757,-0.3072510919915159
2758,2758,-0.28360324776568546
2759,2759,-0.15714826417862066
2760,2760,-0.16189780471933754
2761,2761,-0.07424083061817181
2762,2762,-0.026570679761618445
2763,2763,-0.007976327488026645
2764,2764,-0.12167969028999118
2765,2765,-0.033547129450155956
2766,2766,-0.10928054963253316
2767,2767,-0.05000129225230343
2768,2768,-0.02507182419978136
2769,2769,-0.010636084316329772
2770,2770,-0.10803852786434905
2771,2771,-0.1246773012520752
2772,2772,-0.012538811588192757
2773,2773,-0.083738293136289
2774,2774,-0.07162159603836438
2775,2775,-0.15644635884894217
2776,2776,-0.03573947979843564
2777,2777,-0.33234457378704274
2778,2778,-0.06422772188382438
2779,2779,-0.014721700516928535
2780,2780,-0.19641731183062225
2781,2781,-0.047236809389582635
2782,2782,-0.0018383635736554974
2783,2783,-0.01106901120244527
2784,2784,-0.06653580487371145
2785,2785,-0.015500178650140993
2786,2786,-0.016111706618331084
2787,2787,-0.008064413377544353
2788,2788,-0.2670404972632706
2789,2789,-0.10432590028537425
2790,2790,-0.011404646451391626
2791,2791,-0.158292959850441
2792,2792,-0.0002766401101608313
2793,2793,-0.21857657654371038
2794,2794,-0.011647272301630894
2795,2795,-0.0487136993101906
2796,2796,-0.06692623794151975
2797,2797,-0.18748459302632792
2798,2798,-0.073027576998928
2799,2799,-0.13077896090227575
2800,2800,-0.16472691953704766
2801,2801,-0.012288217340214137
2802,2802,-0.08625338051827601
2803,2803,-0.06626170077345998
2804,2804,-0.04156406377415057
2805,2805,-0.00013370728405805087
2806,2806,-0.024017216156406767
2807,2807,-0.11876683358282022
2808,2808,-0.05301066925165674
2809,2809,-0.01742500604972033
2810,2810,-0.0910483267020369
2811,2811,-0.00617354006829431
2812,2812,-0.24763989517050536
2813,2813,-0.009592206583746456
2814,2814,-0.05280010898705932
2815,2815,-0.023214209152749753
2816,2816,-0.05534830786309853
2817,2817,-0.04915948068454241
2818,2818,-0.07103223190297181
2819,2819,-0.0080331858221481
2820,2820,-0.015741964842624332
2821,2821,-0.02326821398294652
2822,2822,-0.25514073650952196
2823,2823,-0.039119399043600414
2824,2824,-0.06727280849967034
2825,2825,-0.06377819652543806
2826,2826,-0.023468445994244382
2827,2827,-0.11191682254751223
2828,2828,-0.2294079211247586
2829,2829,-0.02506421685388764
2830,2830,-0.03187328528026999
2831,2831,-0.01872394007261137
2832,2832,-0.1779250673241273
2833,2833,-0.02862947562062329
2834,2834,-0.025644755901784683
2835,2835,-0.16066903770377455
2836,2836,-0.05514668548895271
2837,2837,-0.029991479500343723
2838,2838,-0.10998422127497143
2839,2839,-0.02151399884916461
2840,2840,-0.1517478329494756
2841,2841,-0.007197053255133651
2842,2842,-0.028486270991831864
2843,2843,-0.013792075431270812
2844,2844,-0.08897437844529009
2845,2845,-0.23111252341029198
2846,2846,-0.06700939345769943
2847,2847,-0.20915423090723106
2848,2848,-0.02269248250690986
2849,2849,-0.009940462694969373
2850,2850,-0.01814922259698703
2851,2851,-0.051380964518200574
2852,2852,-0.08313839630099834
2853,2853,-0.08950681161586926
2854,2854,-0.025340529692428147
2855,2855,-0.026934222203724458
2856,2856,-0.1808591084276735
2857,2857,-0.13307765869929414
2858,2858,-0.010901344579544024
2859,2859,-0.14095573051633667
2860,2860,-0.08402589600072587
2861,2861,-0.01801315319924251
2862,2862,-0.003596241858459095
2863,2863,-0.05343438286117047
2864,2864,-0.026130409177223275
2865,2865,-0.0018386715425865638
2866,2866,-0.35970798018134825
2867,2867,-0.05557477419510887
2868,2868,-0.04690467483624294
2869,2869,-0.01607157504926751
2870,2870,-0.004776818066622717
2871,2871,-0.04690358253031471
2872,2872,-0.17988433535733592
2873,2873,-0.03748297403611921
2874,2874,-0.10561742446046596
2875,2875,-0.032523826969028204
2876,2876,-0.1201851239441995
2877,2877,-0.15262882508908035
2878,2878,-0.11011336807839306
2879,2879,-0.12496760866602738
2880,2880,-0.10736355066449356
2881,2881,-0.13918696099780412
2882,2882,-0.03511601699335492
2883,2883,-0.06053297659318155
2884,2884,-0.06856992463652538
2885,2885,-0.11674292061326076
2886,2886,-0.06636227706206133
2887,2887,-0.054794723243444074
2888,2888,-0.16311800994605857
2889,2889,-0.06200447533531032
2890,2890,-0.17576792524224188
2891,2891,-0.01344538647015003
2892,2892,-0.0614350896921875
2893,2893,-0.02494230640808448
2894,2894,-0.1556145533207693
2895,2895,-0.11409486990823424
2896,2896,-0.009283281925063978
2897,2897,-0.0014108502558496515
2898,2898,-0.22254106965788037
2899,2899,-0.19946820389237493
2900,2900,-0.054626407728543616
2901,2901,-0.03994374460615531
2902,2902,-0.09730394212480654
2903,2903,-0.0018261312933049094
2904,2904,-0.036103474471245976
2905,2905,-0.05377253231382503
2906,2906,-0.03292769579871257
2907,2907,-0.004476245345896631
2908,2908,-0.3252094606495374
2909,2909,-0.10619965357595992
2910,2910,-0.006767518661947658
2911,2911,-0.019234444026792086
2912,2912,-0.07776931859949036
2913,2913,-0.03241984195145914
2914,2914,-0.117479183399212
2915,2915,-0.05304735765192179
2916,2916,-0.11138606675979351
2917,2917,-0.1483020674912315
2918,2918,-0.028480000536126916
2919,2919,-0.12936080238945613
2920,2920,-0.17927629464808292
2921,2921,-0.04759174292777679
2922,2922,-0.014388961688232005
2923,2923,-0.06839165176251286
2924,2924,-0.010959772729180695
2925,2925,-0.20347531853198547
2926,2926,-0.10018345460213463
2927,2927,-0.1125823570662248
2928,2928,-0.1495083896540862
2929,2929,-0.0506778841300744
2930,2930,-0.036131442405911256
2931,2931,-0.01489382172770204
2932,2932,-0.2583408302600879
2933,2933,-0.15503858319456149
2934,2934,-0.00393968118417294
2935,2935,-0.10063418585970282
2936,2936,-0.06414763756045766
2937,2937,-0.14930334050420568
2938,2938,-0.08649110321280294
2939,2939,-0.01826622867065017
2940,2940,-0.02019479935423278
2941,2941,-0.022319359983881654
2942,2942,-0.2328151033187052
2943,2943,-0.1256263177056685
2944,2944,-0.014869601825372036
2945,2945,-0.037901943413061065
2946,2946,-0.03140411327828173
2947,2947,-0.05313460871022721
2948,2948,-0.014656825378073994
2949,2949,-0.040784916059568216
2950,2950,-0.043697909141316396
2951,2951,-0.03924618541084321
2952,2952,-0.030539368291020677
2953,2953,-0.05979510852242656
2954,2954,-0.01251655076543727
2955,2955,-0.06647476052821527
2956,2956,-0.07846755347122412
2957,2957,-0.19775331676896163
2958,2958,-0.262737667488196
2959,2959,-0.011388698618327668
2960,2960,-0.007634027695092157
2961,2961,-0.044675833557751204
2962,2962,-0.1632946954696008
2963,2963,-0.3002974010948673
2964,2964,-0.017251947428185036
2965,2965,-0.024501563265378997
2966,2966,-0.1126093538545427
2967,2967,-0.09543058459309053
2968,2968,-0.1319105872038383
2969,2969,-0.09876275430412394
2970,2970,-0.01125646258877978
2971,2971,-0.05493213115773467
2972,2972,-0.07996303732073033
2973,2973,-0.055312259335650316
2974,2974,-0.026968260503313968
2975,2975,-0.1310209878437335
2976,2976,-0.007156027363883108
2977,2977,-0.09712488051882678
2978,2978,-0.07722833762647907
2979,2979,-0.009272654175251752
2980,2980,-0.14068552042487922
2981,2981,-0.030538277682570586
2982,2982,-0.01836264317374998
2983,2983,-0.006493972420650764
2984,2984,-0.07296795574755477
2985,2985,-0.02190170865162953
2986,2986,-0.14661893433837545
2987,2987,-0.10747143192664174
2988,2988,-0.02375123933865886
2989,2989,-0.1449623223769586
2990,2990,-0.02687137451046579
2991,2991,-0.06707017839272192
2992,2992,-0.016889172205586223
2993,2993,-0.09703949949661102
2994,2994,-0.02215511458876633
2995,2995,-0.18488878515228963
2996,2996,-0.04106543713481327
2997,2997,-0.09503226179733743
2998,2998,-0.13114115745845695
2999,2999,-0.20004831598343206
3000,3000,-0.055379556527685864
3001,3001,-0.12376758920167621
3002,3002,-0.0026113344114799012
3003,3003,-0.2530660763530859
3004,3004,-0.01794255568125413
3005,3005,-0.043556370444755514
3006,3006,-0.0449978328323348
3007,3007,-0.08894557981195211
3008,3008,-0.006550781889305208
3009,3009,-0.08483168101534364
3010,3010,-0.10556080593592075
3011,3011,-0.13429747690082733
3012,3012,-0.0025858182867361896
3013,3013,-0.024045347315856953
3014,3014,-0.36870972673197494
3015,3015,-0.005382340410732341
3016,3016,-0.02580955458902507
3017,3017,-0.16656248938278856
3018,3018,-0.06301689813715639
3019,3019,-0.0685917697035468
3020,3020,-0.29897152462256144
3021,3021,-0.019733289542613483
3022,3022,-0.046273754253875116
3023,3023,-0.13838997792680985
3024,3024,-0.05363294053229523
3025,3025,-0.053244626553734895
3026,3026,-0.003900404496429744
3027,3027,-0.28496912249656187
3028,3028,-0.0516529949033862
3029,3029,-0.17410398218599335
3030,3030,-0.016219740752548114
3031,3031,-0.06805281607699926
3032,3032,-0.10292748940730542
3033,3033,-0.10496522841289238
3034,3034,-0.05774163045643894
3035,3035,-0.006873162848901596
3036,3036,-0.13482526091383257
3037,3037,-0.0760483728103325
3038,3038,-0.02365717065917205
3039,3039,-0.02661460429286048
3040,3040,-0.059005474966077824
3041,3041,-0.05599227881889186
3042,3042,-0.03576841860702131
3043,3043,-0.19114817433757417
3044,3044,-0.19938319868147125
3045,3045,-0.2441257762544995
3046,3046,-0.16208452646282517
3047,3047,-0.198640569830583
3048,3048,-0.27075665135601257
3049,3049,-0.007221118315480779
3050,3050,-0.01723757536703872
3051,3051,-0.022515343298102248
3052,3052,-0.0891429204240125
3053,3053,-0.0046658448381276365
3054,3054,-0.04961358297521387
3055,3055,-0.06867775253368988
3056,3056,-0.23246214743170163
3057,3057,-0.019975897504280728
3058,3058,-0.030949769801694966
3059,3059,-0.00020605590604567197
3060,3060,-0.010032569479941921
3061,3061,-0.2011649703553589
3062,3062,-0.015522773433398534
3063,3063,-0.05016895191813424
3064,3064,-0.06166761580907079
3065,3065,-0.02283237721796076
3066,3066,-0.02947207179803107
3067,3067,-0.11782958768422419
3068,3068,-0.29038574144261453
3069,3069,-0.16797503004740133
3070,3070,-0.017959103755021796
3071,3071,-0.29368132848910666
3072,3072,-0.1000755383676533
3073,3073,-0.02947991771513421
3074,3074,-0.017118042428649456
3075,3075,-0.028604283668921412
3076,3076,-0.04293263113625255
3077,3077,-0.13192946547280324
3078,3078,-0.19685710957425961
3079,3079,-0.034356638202537176
3080,3080,-0.141154210709094
3081,3081,-0.006778965250308518
3082,3082,-0.09297309048346802
3083,3083,-0.05335113333440508
3084,3084,-0.02756314511991309
3085,3085,-0.015384839884614842
3086,3086,-0.16732210940177655
3087,3087,-0.018346855083423368
3088,3088,-0.009562684094582401
3089,3089,-0.005656584183115879
3090,3090,-0.09203668741633304
3091,3091,-0.1841247407824082
3092,3092,-0.06345974700699958
3093,3093,-0.18573245013923526
3094,3094,-0.12219294007967266
3095,3095,-0.008605815584513463
3096,3096,-0.015785050390114214
3097,3097,-0.05564692534308089
3098,3098,-0.004156006717454912
3099,3099,-0.04631791853407261
3100,3100,-0.20821479812267754
3101,3101,-0.11474771142093318
3102,3102,-0.04136078994885585
3103,3103,-0.0021616641311757536
3104,3104,-0.08011525001084396
3105,3105,-0.1777977352786261
3106,3106,-0.012312645427086264
3107,3107,-0.0012030382972748358
3108,3108,-0.04659241235177322
3109,3109,-0.16612989853913715
3110,3110,-0.008220756383025008
3111,3111,-0.19241598112208913
3112,3112,-0.05832273262182991
3113,3113,-0.04360127702223049
3114,3114,-0.3093118849445553
3115,3115,-0.024485936781064897
3116,3116,-0.19444699526070966
3117,3117,-0.06346593781289177
3118,3118,-0.030182715082135103
3119,3119,-0.05325104958907589
3120,3120,-0.01500578324000656
3121,3121,-0.06955036417676869
3122,3122,-0.038668054581791275
3123,3123,-0.20145776111146693
3124,3124,-0.041398857795398564
3125,3125,-0.2950883298619499
3126,3126,-0.09614583791101548
3127,3127,-0.0002248255797872559
3128,3128,-0.039191055234296245
3129,3129,-0.11108204789405453
3130,3130,-0.01576200090483034
3131,3131,-0.10164207556786962
3132,3132,-0.05095771661171588
3133,3133,-0.14390409184078073
3134,3134,-0.08012390116513239
3135,3135,-0.13794382989406465
3136,3136,-0.16987382993388336
3137,3137,-0.01388139357800267
3138,3138,-0.19944016969390474
3139,3139,-0.05736432959539062
3140,3140,-0.06701245180290755
3141,3141,-0.06377612382814014
3142,3142,-0.07585926575746309
3143,3143,-0.009456539852581738
3144,3144,-0.010769861487442543
3145,3145,-0.04089080303543604
3146,3146,-0.0623227880508044
3147,3147,-0.14090600605623443
3148,3148,-0.04767936780720576
3149,3149,-0.018294705032371957
3150,3150,-0.07568905548371575
3151,3151,-0.06900599673582442
3152,3152,-0.0230262344588126
3153,3153,-0.033931065272786325
3154,3154,-0.012123991865667458
3155,3155,-0.06314334622492135
3156,3156,-0.02053337584455262
3157,3157,-0.47461262640255997
3158,3158,-0.10608432926711323
3159,3159,-0.0001490846470142022
3160,3160,-0.09406880751609445
3161,3161,-0.06295260560009296
3162,3162,-0.009948426393503183
3163,3163,-0.12066054818597283
3164,3164,-0.08712046333784643
3165,3165,-0.0359373993427578
3166,3166,-0.0901469551419978
3167,3167,-0.18946915352432459
3168,3168,-0.23424057244829044
3169,3169,-0.13451606406480607
3170,3170,-0.03831605878455879
3171,3171,-0.0036865046553918733
3172,3172,-0.07046361344795078
3173,3173,-0.10173495413533348
3174,3174,-0.06253401158767016
3175,3175,-0.022439849703123682
3176,3176,-0.0007401087565507712
3177,3177,-0.0796309277400869
3178,3178,-0.0021537142244569705
3179,3179,-0.00027419960288933837
3180,3180,-0.05552620093561069
3181,3181,-0.04447776567321156
3182,3182,-0.04082341020026504
3183,3183,-0.2573677037019981
3184,3184,-0.03113614500138448
3185,3185,-0.14418298893285308
3186,3186,-0.09416572937679804
3187,3187,-0.07061351189223307
3188,3188,-0.060718915297799374
3189,3189,-0.06829283156144555
3190,3190,-0.045880780149855374
3191,3191,-0.09558355140976375
3192,3192,-0.0963719695654851
3193,3193,-0.013180023297774561
3194,3194,-0.0014844938982867676
3195,3195,-0.015900399549185686
3196,3196,-0.0021471933004718015
3197,3197,-0.3171813493660679
3198,3198,-0.09178851181433301
3199,3199,-0.10130770837005568
3200,3200,-0.01339275508368026
3201,3201,-0.07412878003640375
3202,3202,-0.015299939758272407
3203,3203,-0.012973024137265298
3204,3204,-0.41829233108509073
3205,3205,-0.12224920555352752
3206,3206,-0.22373740449370805
3207,3207,-0.17582321658919414
3208,3208,-0.08497843701780022
3209,3209,-0.12821474017383136
3210,3210,-0.15032518010737514
3211,3211,-0.06645634801147426
3212,3212,-0.0744809271993348
3213,3213,-0.20824111128032738
3214,3214,-0.127017857450335
3215,3215,-0.014388912007021462
3216,3216,-0.1709793421160093
3217,3217,-0.0226107392156835
3218,3218,-0.11115897267367285
3219,3219,-0.18662180152744462
3220,3220,-0.0017406348118434707
3221,3221,-0.026908331565424496
3222,3222,-0.06475567247352096
3223,3223,-0.03658760838046699
3224,3224,-0.022830089351626066
3225,3225,-0.05253466652560549
3226,3226,-0.08009512978357619
3227,3227,-0.1342430673080654
3228,3228,-0.12107588107364321
3229,3229,-0.04487937331246542
3230,3230,-0.023356212874316124
3231,3231,-0.020900685324843023
3232,3232,-0.04728457532374365
3233,3233,-0.02381225904891225
3234,3234,-0.06302071070171852
3235,3235,-0.005236819838714639
3236,3236,-0.11801445883092282
3237,3237,-0.21397494472907583
3238,3238,-0.05064467313919897
3239,3239,-0.04541335005289273
3240,3240,-0.005103343693318158
3241,3241,-0.15052173108799116
3242,3242,-0.0709911894784063
3243,3243,-0.09949854092702201
3244,3244,-0.049293763551625965
3245,3245,-0.19090789700990335
3246,3246,-0.4037268922669362
3247,3247,-0.06271150692120073
3248,3248,-0.22969261104259747
3249,3249,-0.17158099699162035
3250,3250,-0.338468488934845
3251,3251,-0.22002726508482037
3252,3252,-0.04620089201319721
3253,3253,-0.12194130555535629
3254,3254,-0.03899699437139038
3255,3255,-0.4221925396568228
3256,3256,-0.015084619252634567
3257,3257,-0.20986763513959036
3258,3258,-0.0471836936287335
3259,3259,-0.057087178748719124
3260,3260,-0.026222287047061192
3261,3261,-0.2279166576036014
3262,3262,-0.14431578384234495
3263,3263,-0.042457726671412545
3264,3264,-0.011160122291018343
3265,3265,-0.02312308379582288
3266,3266,-0.009389532759109196
3267,3267,-0.04334111923198671
3268,3268,-0.06012249095513914
3269,3269,-0.068069148605964
3270,3270,-0.004808411808449492
3271,3271,-0.10856725048188037
3272,3272,-0.02691469491635652
3273,3273,-0.009327449220575088
3274,3274,-0.09966499305426518
3275,3275,-0.017483412882396982
3276,3276,-0.021598028351004255
3277,3277,-0.16779946205230514
3278,3278,-0.05938858223061481
3279,3279,-0.08348363264114028
3280,3280,-0.004067830122511221
3281,3281,-0.03243987830807393
3282,3282,-0.12664139235222205
3283,3283,-0.017689625670626916
3284,3284,-0.023163298939223424
3285,3285,-0.008233894483717705
3286,3286,-0.06377865476516276
3287,3287,-0.0978913023853923
3288,3288,-0.03152317441793683
3289,3289,-0.15584085161758218
3290,3290,-0.05477566012857332
3291,3291,-0.03017849077807339
3292,3292,-8.608661768214716e-05
3293,3293,-0.02251078220915945
3294,3294,-0.060178064480793284
3295,3295,-0.0037933896365430044
3296,3296,-0.047497778791533905
3297,3297,-0.1568152345867586
3298,3298,-0.09124303872818883
3299,3299,-0.0379395367255976
3300,3300,-0.05430593428487816
3301,3301,-0.017293806004218152
3302,3302,-0.25832865472603306
3303,3303,-0.04984361565938817
3304,3304,-0.016757920144012412
3305,3305,-0.04476195263271267
3306,3306,-0.19585323442574828
3307,3307,-0.10227941267537907
3308,3308,-0.03894559255447636
3309,3309,-0.020570160380704
3310,3310,-0.0074961872006410754
3311,3311,-0.06817629586031966
3312,3312,-0.12657899671531314
3313,3313,-0.0014697845265423367
3314,3314,-0.0813698469299006
3315,3315,-0.007906698623082973
3316,3316,-0.04236998873327584
3317,3317,-0.09689312029962052
3318,3318,-0.006869481574946107
3319,3319,-0.09760400473279965
3320,3320,-0.1335615567341042
3321,3321,-0.04821446016144831
3322,3322,-0.3419401285721654
3323,3323,-0.0060023874623092634
3324,3324,-0.04500114896547812
3325,3325,-0.003878061810281904
3326,3326,-0.033769266843187526
3327,3327,-0.0815033730277919
3328,3328,-0.059913979641898596
3329,3329,-0.044005060119933465
3330,3330,-0.0011862055728668924
3331,3331,-0.10350665519397909
3332,3332,-0.25766597373903527
3333,3333,-0.019553402473747636
3334,3334,-0.23774256814419154
3335,3335,-0.054430276940564244
3336,3336,-0.003080952583652369
3337,3337,-0.034758082712072556
3338,3338,-0.1542737559920151
3339,3339,-0.015048619654455591
3340,3340,-0.07937767644209014
3341,3341,-0.011565963821851004
3342,3342,-0.029783711151790578
3343,3343,-0.07288344079901389
3344,3344,-0.002350253283823687
3345,3345,-0.15642883684326728
3346,3346,-0.001340849532625767
3347,3347,-0.08754501895538469
3348,3348,-0.08014585736507969
3349,3349,-0.12972037005919496
3350,3350,-0.08875054797516228
3351,3351,-0.019061670704258862
3352,3352,-0.015223707777138468
3353,3353,-0.02729834318119855
3354,3354,-0.12269586352060435
3355,3355,-0.010533054416796247
3356,3356,-0.07638532046732194
3357,3357,-0.02471297943312056
3358,3358,-0.08176271218506787
3359,3359,-0.09215572332068137
3360,3360,-0.23279603359203396
3361,3361,-0.15671121293569523
3362,3362,-0.4188783054299856
3363,3363,-0.05058150170806556
3364,3364,-0.07348316744368333
3365,3365,-0.02270684139535771
3366,3366,-0.03358563622159628
3367,3367,-0.017740217055856627
3368,3368,-0.2412996585819434
3369,3369,-0.14041329794856186
3370,3370,-0.02489256167258739
3371,3371,-0.07822807212396335
3372,3372,-0.0070774185255042445
3373,3373,-0.10442498890523186
3374,3374,-0.07276768383528885
3375,3375,-0.28967016805820867
3376,3376,-0.09678898455963443
3377,3377,-0.03560010006156278
3378,3378,-0.0023642831826925365
3379,3379,-0.17535718742617995
3380,3380,-0.22271564865492707
3381,3381,-0.17095558542044692
3382,3382,-0.13834274650462103
3383,3383,-0.2292687437738669
3384,3384,-0.3489393481751031
3385,3385,-0.02882444990615937
3386,3386,-0.030125851692787104
3387,3387,-0.04353589110630519
3388,3388,-0.04555790497641968
3389,3389,-0.022981642921265696
3390,3390,-0.03342918247339595
3391,3391,-0.03246139550398596
3392,3392,-0.16108747604004922
3393,3393,-0.02168910266586092
3394,3394,-0.04737105579618102
3395,3395,-0.02400636050680108
3396,3396,-0.006266472869711634
3397,3397,-0.028758094516813913
3398,3398,-0.12578959331710649
3399,3399,-0.03828981987702842
3400,3400,-0.06727529292014515
3401,3401,-0.16682665384292011
3402,3402,-0.029771141011558956
3403,3403,-0.041724224186477296
3404,3404,-0.019709033070310612
3405,3405,-0.10304043559951936
3406,3406,-0.10344366634045116
3407,3407,-0.22419363235065815
3408,3408,-0.07046759363580345
3409,3409,-0.037249182423039165
3410,3410,-0.04911598033722511
3411,3411,-0.09010998591440247
3412,3412,-0.11227728992276088
3413,3413,-0.2696385148063173
3414,3414,-0.024541681143237105
3415,3415,-0.022773491508527213
3416,3416,-0.16575961157995464
3417,3417,-0.2355967189350866
3418,3418,-0.4729789567065304
3419,3419,-0.08452396414043453
3420,3420,-0.028753287147126008
3421,3421,-0.05039462823964593
3422,3422,-0.012615998556715004
3423,3423,-0.015740296189668226
3424,3424,-0.04638983853550615
3425,3425,-0.1002976703374487
3426,3426,-0.015487882490748492
3427,3427,-0.4222288507002651
3428,3428,-0.015209989940165945
3429,3429,-0.14452976201908024
3430,3430,-0.0182615605205575
3431,3431,-0.08291738559227349
3432,3432,-0.02029506184441505
3433,3433,-0.02129926361113775
3434,3434,-0.250365974867683
3435,3435,-0.10894260291918384
3436,3436,-0.024301931049684086
3437,3437,-0.09321635579062511
3438,3438,-0.013957108294678219
3439,3439,-0.018990710094570554
3440,3440,-0.19077510194512373
3441,3441,-0.02034704061733112
3442,3442,-0.1572401304017772
3443,3443,-0.01645840782005164
3444,3444,-0.09689745605202509
3445,3445,-0.08099187439437308
3446,3446,-0.25120982087842614
3447,3447,-0.01881004675712462
3448,3448,-0.11089868125066521
3449,3449,-0.10564463990643663
3450,3450,-0.10001392329564386
3451,3451,-0.007015998350044798
3452,3452,-0.2657967445999816
3453,3453,-0.1772619215947157
3454,3454,-0.011418401663568292
3455,3455,-0.014068575942051685
3456,3456,-0.21285659184375005
3457,3457,-0.016585789025679434
3458,3458,-0.2182902540687131
3459,3459,-0.13139160464062466
3460,3460,-0.0010716734844248227
3461,3461,-0.05343117729840516
3462,3462,-0.04108975692583072
3463,3463,-0.2587752119697903
3464,3464,-0.0986608352981346
3465,3465,-0.25736177495092866
3466,3466,-0.06977538425276628
3467,3467,-0.23256199022404922
3468,3468,-0.1468119190334662
3469,3469,-0.10976913811010762
3470,3470,-0.05458410677880694
3471,3471,-0.21460973182612836
3472,3472,-0.09188802597053047
3473,3473,-0.0018517101734208492
3474,3474,-0.06769539831404162
3475,3475,-0.04726982006484508
3476,3476,-0.07882899532540634
3477,3477,-0.029872254732343582
3478,3478,-0.0038663494612982685
3479,3479,-0.0013266910389798587
3480,3480,-0.2282752337710994
3481,3481,-0.07016154915551637
3482,3482,-0.010304883317499581
3483,3483,-0.06822392727939001
3484,3484,-0.02625521110590215
3485,3485,-0.017337418036256574
3486,3486,-0.14169672263773764
3487,3487,-0.017096022167876403
3488,3488,-0.23722615436255856
3489,3489,-0.02185129613405713
3490,3490,-0.027015141453641898
3491,3491,-0.011988365463735846
3492,3492,-0.08940838470506333
3493,3493,-0.035310500910760316
3494,3494,-0.07489280131751666
3495,3495,-0.05897600580901827
3496,3496,-0.025930383770534957
3497,3497,-0.18369030975526085
3498,3498,-0.016469463731860066
3499,3499,-0.046459371712244166
3500,3500,-0.11150091755535921
3501,3501,-0.00921173839228751
3502,3502,-0.47697105666423295
3503,3503,-0.10116202071261464
3504,3504,-0.035137776213179345
3505,3505,-0.020935903817552812
3506,3506,-0.07906790096795717
3507,3507,-0.17485226962253902
3508,3508,-0.20873180699914534
3509,3509,-0.08945549702251357
3510,3510,-0.045334268929279345
3511,3511,-0.02925378866487002
3512,3512,-0.009822916112610897
3513,3513,-0.033562202691313936
3514,3514,-0.1496684064856421
3515,3515,-0.0330762660104433
3516,3516,-0.03187580908740229
3517,3517,-0.03403475705932249
3518,3518,-0.023501168267903765
3519,3519,-0.015523260746723914
3520,3520,-0.0489006029003186
3521,3521,-0.00545687523721905
3522,3522,-0.08384196307626243
3523,3523,-0.02694663949628478
3524,3524,-0.02185448717412017
3525,3525,-0.09020740616202456
3526,3526,-0.14277958764506776
3527,3527,-0.028505576299620528
3528,3528,-0.03292934523758592
3529,3529,-0.03610001812727615
3530,3530,-0.16780817578308296
3531,3531,-0.03884926525947775
3532,3532,-0.10736048589938407
3533,3533,-0.004442748558834695
3534,3534,-0.03834156360748553
3535,3535,-0.09374935670354018
3536,3536,-0.074274280823002
3537,3537,-0.0018801255197941332
3538,3538,-0.17400452524137666
3539,3539,-0.027648482549268938
3540,3540,-0.0554298449144863
3541,3541,-0.060631017983692574
3542,3542,-0.002952800280254994
3543,3543,-0.014393751779364963
3544,3544,-0.04832920497202087
3545,3545,-0.14446448747223234
3546,3546,-0.010075118970933515
3547,3547,-0.09505926013576753
3548,3548,-0.03879494420253157
3549,3549,-0.12310472407649235
3550,3550,-0.16101886753042116
3551,3551,-0.03153489141424293
3552,3552,-0.022100485070728815
3553,3553,-0.21772528756428472
3554,3554,-0.11906131670055793
3555,3555,-0.20214211832519838
3556,3556,-0.06256930575362983
3557,3557,-0.00808364930163326
3558,3558,-0.20390195159405816
3559,3559,-0.005976769671232948
3560,3560,-0.12501525376775963
3561,3561,-0.0066716461072666095
3562,3562,-0.1046840501627446
3563,3563,-0.14518048791583535
3564,3564,-0.06942376090739097
3565,3565,-0.16486910134256666
3566,3566,-0.0038836783439726652
3567,3567,-0.020607492814649495
3568,3568,-0.1178655359219638
3569,3569,-0.013735498793263738
3570,3570,-0.14706493344839772
3571,3571,-0.057583943782699126
3572,3572,-0.005090537573610878
3573,3573,-0.04668842723884455
3574,3574,-0.01695159550171056
3575,3575,-0.03214561603677845
3576,3576,-0.12117105201168807
3577,3577,-0.019794266233138468
3578,3578,-0.0012198880468361603
3579,3579,-0.11756561909712604
3580,3580,-0.09842702566726028
3581,3581,-0.13203645471887035
3582,3582,-0.009660594422224198
3583,3583,-0.03189721009126303
3584,3584,-0.026452325914790176
3585,3585,-0.03106735524097781
3586,3586,-0.27586211569788754
3587,3587,-0.1775418616226772
3588,3588,-0.017817958374084886
3589,3589,-0.020934516088314967
3590,3590,-0.0005562577554411496
3591,3591,-0.17813071813150907
3592,3592,-0.08676825380003808
3593,3593,-0.04882726311106268
3594,3594,-0.032936336966608734
3595,3595,-0.03493684199304259
3596,3596,-0.021236395125716914
3597,3597,-0.08125780921586254
3598,3598,-0.03577654084351709
3599,3599,-0.0348009875326934
3600,3600,-0.10875304132796712
3601,3601,-0.09575452425514766
3602,3602,-0.0005656716390994374
3603,3603,-0.10294080827451811
3604,3604,-0.006605616922111847
3605,3605,-0.06301658960727537
3606,3606,-0.0022023264898976846
3607,3607,-0.24221322613120957
3608,3608,-0.24619394850770426
3609,3609,-0.11040021422718646
3610,3610,-0.043006283591444
3611,3611,-0.09654478087960046
3612,3612,-0.3180299515642854
3613,3613,-0.04555534699562848
3614,3614,-0.12842142920935945
3615,3615,-0.004057453291937653
3616,3616,-0.03270343649477806
3617,3617,-0.023779976808724547
3618,3618,-0.15346177686912918
3619,3619,-0.03028652462910531
3620,3620,-0.15976380747791494
3621,3621,-0.0534854166083667
3622,3622,-0.12021004243518872
3623,3623,-0.18607413720042612
3624,3624,-0.0427718752712855
3625,3625,-0.018083445528462604
3626,3626,-0.036441397025022595
3627,3627,-0.006036251016077568
3628,3628,-0.10084751927744912
3629,3629,-0.048442215609526114
3630,3630,-0.08944009119965254
3631,3631,-0.005177207144404938
3632,3632,-0.07051861564683073
3633,3633,-0.018761558738568423
3634,3634,-0.19522699828680548
3635,3635,-0.09006830019573833
3636,3636,-0.10544096040608605
3637,3637,-0.092623509999052
3638,3638,-0.594465971946756
3639,3639,-0.1593162548563639
3640,3640,-0.019427763544639345
3641,3641,-0.1563449966933849
3642,3642,-0.08643549358627539
3643,3643,-0.0002333477388341935
3644,3644,-0.03254759845405289
3645,3645,-0.06275685926960298
3646,3646,-0.039694263522594
3647,3647,-0.14716320053723436
3648,3648,-0.01756931366078307
3649,3649,-0.011007730514600968
3650,3650,-0.01932302499883992
3651,3651,-0.026017611520043178
3652,3652,-0.010539020045119729
3653,3653,-0.22353172095147858
3654,3654,-0.10195523649847428
3655,3655,-0.02965754370866436
3656,3656,-0.16318401837022542
3657,3657,-0.1994354723084614
3658,3658,-0.02445936481565198
3659,3659,-0.08507585904315612
3660,3660,-0.0695680761373681
3661,3661,-0.0325407135348893
3662,3662,-0.17758678613424353
3663,3663,-0.1608206370681676
3664,3664,-0.09154553227243306
3665,3665,-0.03699637673298381
3666,3666,-0.3014360744850459
3667,3667,-0.002411897971769087
3668,3668,-0.14070390366703783
3669,3669,-0.1892880982928985
3670,3670,-0.19241852547499655
3671,3671,-0.0667225344231694
3672,3672,-0.30818506580922705
3673,3673,-0.004770098474224534
3674,3674,-0.027513521339068484
3675,3675,-0.04102908359736727
3676,3676,-0.019724261653003446
3677,3677,-0.016376396440512475
3678,3678,-0.1945620144560929
3679,3679,-0.0014846735040004034
3680,3680,-0.06521683624814349
3681,3681,-0.05859403503541985
3682,3682,-0.06159729026362876
3683,3683,-0.09736510336185045
3684,3684,-0.06454322793338148
3685,3685,-0.10313943878256775
3686,3686,-0.011239904990411678
3687,3687,-0.01086555541233973
3688,3688,-0.14383754575961727
3689,3689,-0.1844017004793651
3690,3690,-0.12828175890302912
3691,3691,-0.10888145558514584
3692,3692,-0.012230037505291376
3693,3693,-0.14160298441233418
3694,3694,-0.0392699629307136
3695,3695,-0.004544861860515099
3696,3696,-0.48683355519643023
3697,3697,-0.25041144103447177
3698,3698,-0.1234444313220307
3699,3699,-0.11742569830865168
3700,3700,-0.008069471571710158
3701,3701,-0.06772212256916704
3702,3702,-0.015853904467413638
3703,3703,-0.21040053499655378
3704,3704,-0.17283002355306945
3705,3705,-0.020644102678692475
3706,3706,-0.1365048612641982
3707,3707,-0.13016791840917402
3708,3708,-0.25965665456008136
3709,3709,-0.009926136211838679
3710,3710,-0.09379309408817332
3711,3711,-0.07899945654648048
3712,3712,-0.20685516185912453
3713,3713,-0.00020834126070447877
3714,3714,-0.11443383941198855
3715,3715,-0.01978877912791404
3716,3716,-0.3411321431470798
3717,3717,-0.027489762476337186
3718,3718,-0.0336379236245931
3719,3719,-0.010962627952574001
3720,3720,-0.06903958010670366
3721,3721,-0.10918910754384405
3722,3722,-0.10748826281453164
3723,3723,-0.015325712846047243
3724,3724,-0.013716780220989544
3725,3725,-0.06798038816695895
3726,3726,-0.3397285752806823
3727,3727,-0.020852750388932858
3728,3728,-0.13218221569788413
3729,3729,-0.025455676891291946
3730,3730,-0.014039421009896063
3731,3731,-0.06354977585554306
3732,3732,-0.2389423792435279
3733,3733,-0.2031634491632419
3734,3734,-0.04572908575897189
3735,3735,-0.6426104559990757
3736,3736,-0.13123732657888804
3737,3737,-0.2772224435343117
3738,3738,-0.03789194206908128
3739,3739,-0.024450743676280317
3740,3740,-0.15461477749298372
3741,3741,-0.45884211266824276
3742,3742,-0.07572234593510971
3743,3743,-0.06291975145961687
3744,3744,-0.11077232719828292
3745,3745,-0.021316988664209748
3746,3746,-0.013811185050385926
3747,3747,-0.06190184244621215
3748,3748,-0.0715323483527681
3749,3749,-0.12727522871389493
3750,3750,-0.024408118980360036
3751,3751,-0.0029437577064169596
3752,3752,-0.0806717802575891
3753,3753,-0.016412761837964175
3754,3754,-0.20915795594275713
3755,3755,-0.22292426594815945
3756,3756,-0.05625172259969917
3757,3757,-0.02074380331437874
3758,3758,-0.013019771180568412
3759,3759,-0.030097605542460444
3760,3760,-0.017706827019820702
3761,3761,-0.0008753432532385951
3762,3762,-0.09456170968383566
3763,3763,-0.04727587736457579
3764,3764,-0.05365999993845265
3765,3765,-0.03167258096992728
3766,3766,-0.06092549207474588
3767,3767,-0.2523708643313728
3768,3768,-0.1365247507554849
3769,3769,-0.10364006082139095
3770,3770,-0.0038550098451534585
3771,3771,-0.11488597522324792
3772,3772,-0.08305507887700599
3773,3773,-0.5067029960889073
3774,3774,-0.02698934284872829
3775,3775,-0.007809345009253311
3776,3776,-0.44244998661256374
3777,3777,-0.012595259112762333
3778,3778,-0.005455295749289459
3779,3779,-0.023357268163553824
3780,3780,-0.009549926249690395
3781,3781,-0.047630789877502716
3782,3782,-0.11776462671006634
3783,3783,-0.02850615373850763
3784,3784,-0.061293454201924905
3785,3785,-0.19961972947494946
3786,3786,-0.24851297518141147
3787,3787,-0.30227821956432355
3788,3788,-0.04731449507109934
3789,3789,-0.06320223836935315
3790,3790,-0.03424739104468234
3791,3791,-0.014450258024641024
3792,3792,-0.019820416713588973
3793,3793,-0.17433331571807484
3794,3794,-0.1360851916497472
3795,3795,-0.09344519402605125
3796,3796,-0.00174292018065614
3797,3797,-0.06833669672471059
3798,3798,-0.11017935948718528
3799,3799,-0.1677762566883797
3800,3800,-0.03794448097097525
3801,3801,-0.05189176605919611
3802,3802,-0.012678834055388364
3803,3803,-0.09804068792557795
3804,3804,-0.005595521555803825
3805,3805,-0.009257750000216633
3806,3806,-0.048149012879718484
3807,3807,-0.3462216656036176
3808,3808,-0.08785969272151939
3809,3809,-0.03913918551339414
3810,3810,-0.19440149851631205
3811,3811,-0.22275988608913694
3812,3812,-0.11341886332700025
3813,3813,-0.20689610821351156
3814,3814,-0.053968117968258386
3815,3815,-0.16302596484517135
3816,3816,-0.07590889925946814
3817,3817,-0.009057243189949445
3818,3818,-0.03593255400401754
3819,3819,-0.17230293422042414
3820,3820,-0.02884319604274507
3821,3821,-0.1275049069430498
3822,3822,-0.22385191306614216
3823,3823,-0.06161359760619188
3824,3824,-0.05391061875470699
3825,3825,-0.008950397467904997
3826,3826,-0.05341997064379148
3827,3827,-0.013733807284442665
3828,3828,-0.07892933544939185
3829,3829,-0.12183533639068753
3830,3830,-0.12738000165322805
3831,3831,-0.057044722173083214
3832,3832,-0.12317903224352623
3833,3833,-0.058357423396875094
3834,3834,-0.03391425637300885
3835,3835,-0.15027989639340894
3836,3836,-0.07145541669777711
3837,3837,-0.1275899657808271
3838,3838,-0.15229122432632156
3839,3839,-0.006232170991994869
3840,3840,-0.015179784871067505
3841,3841,-0.005926952991975892
3842,3842,-0.006019962643242455
3843,3843,-0.04257425578184917
3844,3844,-0.2771117026855019
3845,3845,-0.017396591187613338
3846,3846,-0.0840760708570119
3847,3847,-0.03946860452466257
3848,3848,-0.32578152330002025
3849,3849,-0.19249836207479357
3850,3850,-0.7365037074124061
3851,3851,-0.22799569962118063
3852,3852,-0.0027233013458899894
3853,3853,-0.08619522242641259
3854,3854,-0.11466147641961233
3855,3855,-0.10509467595408674
3856,3856,-0.14873693883886538
3857,3857,-0.10892388922335335
3858,3858,-0.06565830271866985
3859,3859,-0.03306450867330207
3860,3860,-0.19003609146684994
3861,3861,-0.01731432575193082
3862,3862,-0.13510027599384322
3863,3863,-0.07343111942759867
3864,3864,-0.10707965816316369
3865,3865,-0.04711694313745076
3866,3866,-0.08785104039434395
3867,3867,-0.029602109261854193
3868,3868,-0.07778155408462262
3869,3869,-0.11681659033069122
3870,3870,-0.2290903074174659
3871,3871,-0.07551105611556087
3872,3872,-7.750836931186835e-05
3873,3873,-0.052432969113990945
3874,3874,-0.07658365243427762
3875,3875,-0.05303751717921553
3876,3876,-0.04045006914169721
3877,3877,-0.2858841296009339
3878,3878,-0.037979710525737106
3879,3879,-0.10305692462527109
3880,3880,-0.004213926864232141
3881,3881,-0.22599787810406247
3882,3882,-0.009938559474752204
3883,3883,-0.1979066072554239
3884,3884,-0.26519516330290976
3885,3885,-0.05570122466215317
3886,3886,-0.04236262868487818
3887,3887,-0.04834699193918887
3888,3888,-0.10564353236901126
3889,3889,-0.051298495803634714
3890,3890,-0.03363687445210309
3891,3891,-0.08794296527791835
3892,3892,-0.012527889136098513
3893,3893,-0.08217606248727934
3894,3894,-0.07452806185205396
3895,3895,-0.21537501041056883
3896,3896,-0.011151981160733588
3897,3897,-0.04344394498321136
3898,3898,-0.05226545870755802
3899,3899,-0.04558300353244532
3900,3900,-0.0795551908784462
3901,3901,-0.06027614949363033
3902,3902,-0.10515696287680915
3903,3903,-0.044194544708056754
3904,3904,-0.004601532519433711
3905,3905,-0.04521403426193504
3906,3906,-0.04937005285128354
3907,3907,-0.0899372227950111
3908,3908,-0.09639188762817792
3909,3909,-0.07136946128835284
3910,3910,-0.008960976321074926
3911,3911,-0.01746891153184247
3912,3912,-0.056387168468455914
3913,3913,-0.14692302457622783
3914,3914,-0.07178441234701131
3915,3915,-0.15022839792722087
3916,3916,-0.05751906234944455
3917,3917,-0.1022710606321884
3918,3918,-0.0938382282303082
3919,3919,-0.09290610849925438
3920,3920,-0.44227458907051087
3921,3921,-0.05262825493792242
3922,3922,-0.08143678437554332
3923,3923,-0.21255137502753585
3924,3924,-0.003845192757544227
3925,3925,-0.04358400125137171
3926,3926,-0.13411168838565177
3927,3927,-0.06903973972852828
3928,3928,-0.0017923132620710944
3929,3929,-0.1427983100791717
3930,3930,-0.09045387526793783
3931,3931,-0.026637783817250148
3932,3932,-0.00760032407328717
3933,3933,-0.038075208746640915
3934,3934,-0.03114831290039239
3935,3935,-0.05608815156308526
3936,3936,-0.012919142080396295
3937,3937,-0.09304226074373642
3938,3938,-0.02761047329179988
3939,3939,-0.20865047817701193
3940,3940,-0.03105252913849082
3941,3941,-0.02347165767188596
3942,3942,-0.08529506551486885
3943,3943,-0.00880897293422073
3944,3944,-0.10079018852938747
3945,3945,-0.04498611752716227
3946,3946,-0.0951229866628133
3947,3947,-0.09699417392369816
3948,3948,-0.0502576975162149
3949,3949,-0.028905894635983573
3950,3950,-0.004842214344015044
3951,3951,-0.015040512036943347
3952,3952,-0.04028919785029101
3953,3953,-0.1047273272294092
3954,3954,-0.08378290356468213
3955,3955,-0.06316345321394314
3956,3956,-0.07253873045820074
3957,3957,-0.06996006273369833
3958,3958,-0.29246144973833516
3959,3959,-0.0133571180720045
3960,3960,-0.0776606105590921
3961,3961,-0.11302401714074722
3962,3962,-0.08092538427065867
3963,3963,-0.013173563285970781
3964,3964,-0.0456874983103257
3965,3965,-0.017975247078315014
3966,3966,-0.12156435925543049
3967,3967,-0.0020199883566839306
3968,3968,-0.03943085069204572
3969,3969,-0.2004599489256364
3970,3970,-0.062259381746938194
3971,3971,-0.016721824139188702
3972,3972,-0.3161410127804366
3973,3973,-0.1627604840844513
3974,3974,-0.1123693608635527
3975,3975,-0.03022926681097287
3976,3976,-0.0611053741068628
3977,3977,-0.19087776817140029
3978,3978,-0.026299164144685555
3979,3979,-0.00840428939722466
3980,3980,-0.009346717581504765
3981,3981,-0.08713355791671265
3982,3982,-0.3896432932638865
3983,3983,-0.1434638387767768
3984,3984,-0.002595727397977814
3985,3985,-0.08382541029103391
3986,3986,-0.08293751695296583
3987,3987,-0.08102230103769051
3988,3988,-0.011111626750300042
3989,3989,-0.10764163891297052
3990,3990,-0.03857986840572092
3991,3991,-0.044621222374716316
3992,3992,-0.013369568194672264
3993,3993,-0.009624141061732757
3994,3994,-0.003260483611506143
3995,3995,-0.023106155685977736
3996,3996,-0.12442573435582638
3997,3997,-0.2649213922953297
3998,3998,-0.24146264433143771
3999,3999,-0.23541496474425092
4000,4000,-0.023429344251431394
4001,4001,-0.11085516168230652
4002,4002,-0.056371942655188294
4003,4003,-0.04622709318804254
4004,4004,-0.04049005775518137
4005,4005,-0.02067227320280139
4006,4006,-0.029806341295784723
4007,4007,-0.2052754111375797
4008,4008,-0.028400441513757566
4009,4009,-0.18998855410471494
4010,4010,-0.055357622557605075
4011,4011,-0.5263158598339417
4012,4012,-0.015365763099609336
4013,4013,-0.17128209413516698
4014,4014,-0.29304365159711787
4015,4015,-0.040392436929506496
4016,4016,-0.00842169541607315
4017,4017,-0.2713722936929753
4018,4018,-0.04459091930117917
4019,4019,-0.0184968410959319
4020,4020,-0.08232253052916087
4021,4021,-0.014846326472932736
4022,4022,-0.14678257493310112
4023,4023,-0.04578263846936846
4024,4024,-0.10795490183804946
4025,4025,-0.08537641734103127
4026,4026,-0.10938488169701321
4027,4027,-0.019834218927690307
4028,4028,-0.012358732017024707
4029,4029,-0.11476617788152
4030,4030,-0.09502828366956306
4031,4031,-0.1885325323982328
4032,4032,-0.015735558795196423
4033,4033,-0.08424880446495156
4034,4034,-0.045275143179591665
4035,4035,-0.10207728170566846
4036,4036,-0.002922336526790683
4037,4037,-0.005890792595083706
4038,4038,-0.024832538939027416
4039,4039,-0.08644814594538798
4040,4040,-0.0050832824819392695
4041,4041,-0.18586702817229267
4042,4042,-0.00048414662027334134
4043,4043,-0.055050835313543385
4044,4044,-0.04567440286516909
4045,4045,-0.004430272780657928
4046,4046,-0.027432185448224053
4047,4047,-0.09748764336015149
4048,4048,-0.11729737759343503
4049,4049,-0.2503159473909732
4050,4050,-0.15191114335158243
4051,4051,-0.2600613269616922
4052,4052,-0.01684133065654296
4053,4053,-0.10091016697514323
4054,4054,-0.11321470773947419
4055,4055,-0.1374698262318416
4056,4056,-0.003105868899686143
4057,4057,-0.08866411635883795
4058,4058,-0.0960928600391867
4059,4059,-0.002823710735848958
4060,4060,-0.07874488689992487
4061,4061,-0.08103094555772751
4062,4062,-0.2006019487537343
4063,4063,-0.29081407556398226
4064,4064,-0.1320441476451963
4065,4065,-0.03708481034436945
4066,4066,-0.06335421053361831
4067,4067,-0.03398168799191343
4068,4068,-0.00956704461555324
4069,4069,-0.07499543284635757
4070,4070,-0.10370860897810645
4071,4071,-0.07410817678200989
4072,4072,-0.02048915588160838
4073,4073,-0.050134111844741175
4074,4074,-0.01071315694284626
4075,4075,-0.20009248015384745
4076,4076,-0.2463607751847836
4077,4077,-0.0312817180291718
4078,4078,-0.3975153303484226
4079,4079,-0.04812039765438646
4080,4080,-0.03388931497182941
4081,4081,-0.013566910814806479
4082,4082,-0.23893252599239395
4083,4083,-0.019036557592015602
4084,4084,-0.11537536237089258
4085,4085,-0.12009577789249362
4086,4086,-0.014145335724774694
4087,4087,-0.09188123567375378
4088,4088,-0.0007538246884020502
4089,4089,-0.04278784837996895
4090,4090,-0.06781416981480654
4091,4091,-0.10353449133192542
4092,4092,-0.17458960867286505
4093,4093,-0.2566297349917082
4094,4094,-0.07501221992607304
4095,4095,-0.09943946410350785
4096,4096,-0.13504008722781585
4097,4097,-0.019320392608845334
4098,4098,-0.021225610382629434
4099,4099,-0.10992706414839135
4100,4100,-0.002387188499573004
4101,4101,-0.06504323446414792
4102,4102,-0.02685054991142374
4103,4103,-0.1932475745775705
4104,4104,-0.10495168867412982
4105,4105,-0.10423333164523259
4106,4106,-0.04809177683010659
4107,4107,-0.05279037426464558
4108,4108,-0.03859197726241174
4109,4109,-0.08102292027985777
4110,4110,-0.07568078222118407
4111,4111,-0.12433497041509645
4112,4112,-0.03364910537197269
4113,4113,-0.06549227428395307
4114,4114,-0.1487673140570563
4115,4115,-0.05846550085647676
4116,4116,-0.25310136871669786
4117,4117,-0.023589706597483787
4118,4118,-0.09276798915282097
4119,4119,-0.003134662393582397
4120,4120,-0.08619151056676633
4121,4121,-0.0022316434211760343
4122,4122,-0.01979157440078417
4123,4123,-0.0686442967893533
4124,4124,-0.20846654203257287
4125,4125,-0.06571850663869028
4126,4126,-0.10089569439377849
4127,4127,-0.02189574431051018
4128,4128,-0.018109216094526592
4129,4129,-0.1739368547907872
4130,4130,-0.21447027812753447
4131,4131,-0.12147031452872387
4132,4132,-0.1341532405640524
4133,4133,-0.030544902890678696
4134,4134,-0.0803239749211072
4135,4135,-0.006283130339931451
4136,4136,-0.12079112752931684
4137,4137,-0.05235906710949291
4138,4138,-0.10488896595879814
4139,4139,-0.049717526886408514
4140,4140,-0.00878975449831491
4141,4141,-0.2888245480038781
4142,4142,-0.057584903378310924
4143,4143,-0.043266530254301584
4144,4144,-0.0882862401579483
4145,4145,-0.017731314808168485
4146,4146,-0.13507397276739655
4147,4147,-0.009257962065263676
4148,4148,-0.12462193581282592
4149,4149,-0.025283440510800077
4150,4150,-0.13363719546543645
4151,4151,-0.008318773505857874
4152,4152,-0.06929063125823134
4153,4153,-0.030254049112830264
4154,4154,-0.04902679951061003
4155,4155,-0.008658960001016146
4156,4156,-0.049011765352220425
4157,4157,-0.05252526272754904
4158,4158,-0.08770225284865017
4159,4159,-0.47937717204078706
4160,4160,-0.0808503654112535
4161,4161,-0.004257018301158397
4162,4162,-0.024212858535884976
4163,4163,-0.037176939340664336
4164,4164,-0.2512181802163561
4165,4165,-0.030956880106518134
4166,4166,-0.0670789148149908
4167,4167,-0.028247429711708037
4168,4168,-0.027807245433102788
4169,4169,-0.1231475047075572
4170,4170,-0.013847913899133188
4171,4171,-0.1644836935013702
4172,4172,-0.016594883523668995
4173,4173,-0.07098393776575834
4174,4174,-0.011010138615371612
4175,4175,-0.042264253672078575
4176,4176,-0.07392424448806159
4177,4177,-0.02213740786991296
4178,4178,-0.06076230213460651
4179,4179,-0.04858474693285987
4180,4180,-0.15428362857175926
4181,4181,-0.02395877296346843
4182,4182,-0.051903587968371113
4183,4183,-0.030965395967883697
4184,4184,-0.1111102923704226
4185,4185,-0.029454264725420228
4186,4186,-0.19138689756864422
4187,4187,-0.08456697008281322
4188,4188,-0.06392948544743442
4189,4189,-0.017754967931297928
4190,4190,-0.017481574717082084
4191,4191,-0.012752178023187172
4192,4192,-0.41797224060718025
4193,4193,-0.08632861294024753
4194,4194,-0.0461079159174661
4195,4195,-0.020137026620978937
4196,4196,-0.012252943884363678
4197,4197,-0.12538353701243193
4198,4198,-0.049028061431400115
4199,4199,-0.03309583593358832
4200,4200,-0.07270043317054539
4201,4201,-0.014192755086161985
4202,4202,-0.09362577092781332
4203,4203,-0.06596595024347379
4204,4204,-0.361035835863446
4205,4205,-0.08787055230327108
4206,4206,-0.14411629640468862
4207,4207,-0.03837405043340528
4208,4208,-0.02669984747689848
4209,4209,-0.0272823154383551
4210,4210,-0.012724914193055678
4211,4211,-0.006351382383986648
4212,4212,-0.11570599605561582
4213,4213,-0.05157531272745014
4214,4214,-0.07374767570761279
4215,4215,-0.16962299459188268
4216,4216,-0.010576175780148283
4217,4217,-0.0023214435328366857
4218,4218,-0.02273944247527455
4219,4219,-0.18546900508835454
4220,4220,-0.015077689890737156
4221,4221,-0.05678586540990207
4222,4222,-0.11391148386205835
4223,4223,-0.2562814669962451
4224,4224,-0.21720559544566187
4225,4225,-0.13131574119329123
4226,4226,-0.005875175561088266
4227,4227,-0.015497490318843666
4228,4228,-0.0774576303632438
4229,4229,-0.29101293268601225
4230,4230,-0.049939890123017736
4231,4231,-0.01828675233352571
4232,4232,-0.05832156007016023
4233,4233,-0.149467379422634
4234,4234,-0.11601221711125768
4235,4235,-0.103061970924024
4236,4236,-0.027803498354903807
4237,4237,-0.014638263044938198
4238,4238,-0.09052413223359987
4239,4239,-0.11868438103382929
4240,4240,-0.2304828111582746
4241,4241,-0.11139091879798313
4242,4242,-0.0499665074412067
4243,4243,-0.07561480502576484
4244,4244,-0.07249635226942863
4245,4245,-0.000367491385417498
4246,4246,-0.038296711641030795
4247,4247,-0.16813314523255254
4248,4248,-0.0159108412811685
4249,4249,-0.007695580175402209
4250,4250,-0.30661153043661443
4251,4251,-0.005797815892767351
4252,4252,-0.00807674690782397
4253,4253,-0.19069469296030758
4254,4254,-0.2816895205054524
4255,4255,-0.2910983119682482
4256,4256,-0.027253898918824564
4257,4257,-0.22259216145907132
4258,4258,-0.021136513013434412
4259,4259,-0.19827457185078015
4260,4260,-0.02331496270384233
4261,4261,-0.185778378706519
4262,4262,-0.024248879956987705
4263,4263,-0.07648955092134813
4264,4264,-0.05709647757130717
4265,4265,-0.10340779917172159
4266,4266,-0.0008024650102963354
4267,4267,-0.08069280807845494
4268,4268,-0.18433784029421818
4269,4269,-0.2852438610799361
4270,4270,-0.31587403681810766
4271,4271,-0.1446562574676722
4272,4272,-0.14918035377229025
4273,4273,-0.08057098443443395
4274,4274,-0.04104658687319034
4275,4275,-0.09220344129358454
4276,4276,-0.004544697753073342
4277,4277,-0.010603743886763413
4278,4278,-0.13105438844677095
4279,4279,-0.0688036544111896
4280,4280,-0.21995530267203328
4281,4281,-0.03678563316586953
4282,4282,-0.12566308999906017
4283,4283,-0.023499977779793724
4284,4284,-0.12588484110243858
4285,4285,-0.014720676442170911
4286,4286,-0.03574904544781146
4287,4287,-0.19745748614103614
4288,4288,-0.07732907445498165
4289,4289,-0.06497911188523141
4290,4290,-0.03382262083340749
4291,4291,-0.028342679391018023
4292,4292,-0.03185154302469744
4293,4293,-0.010234482513213232
4294,4294,-0.1016078212340948
4295,4295,-0.3363323255799034
4296,4296,-0.04339985569539375
4297,4297,-0.04125078133165127
4298,4298,-0.036050667701075075
4299,4299,-0.10037884452638449
4300,4300,-0.00588408301311744
4301,4301,-0.053556484428097705
4302,4302,-0.08153777795813714
4303,4303,-0.08015183796308088
4304,4304,-0.05512504129845586
4305,4305,-0.0027001459353233263
4306,4306,-0.008948513582046663
4307,4307,-0.09236728745297036
4308,4308,-0.019766427612379234
4309,4309,-0.11237805704536302
4310,4310,-0.05975261085405308
4311,4311,-0.026248715779538263
4312,4312,-0.055192114189566904
4313,4313,-0.0360537101941241
4314,4314,-0.015060006113489385
4315,4315,-0.023535716635527667
4316,4316,-0.10477818197554449
4317,4317,-0.21998518095429412
4318,4318,-0.004357968671885966
4319,4319,-0.12096756783989264
4320,4320,-0.029478969463777933
4321,4321,-0.05703960985867773
4322,4322,-0.015195800421823861
4323,4323,-0.10985118667664931
4324,4324,-0.12587335357899634
4325,4325,-0.04203149795520796
4326,4326,-0.0685585864249287
4327,4327,-0.17172319703496136
4328,4328,-0.05217895992170655
4329,4329,-0.07019788306916071
4330,4330,-0.04197968829830569
4331,4331,-0.5067048749912983
4332,4332,-0.0025335786816808223
4333,4333,-0.09107794263652369
4334,4334,-0.013831536901938859
4335,4335,-0.07993034409190856
4336,4336,-0.16322740889497706
4337,4337,-0.15292558239872095
4338,4338,-0.0031561154385299486
4339,4339,-0.11278381998566281
4340,4340,-0.06394963042846377
4341,4341,-0.16897603899589378
4342,4342,-0.02645612001611338
4343,4343,-0.039908271866669884
4344,4344,-0.05277671538361573
4345,4345,-0.3329121665821703
4346,4346,-0.0806262145583444
4347,4347,-0.025673042729865016
4348,4348,-0.14790504611774088
4349,4349,-0.036890792876831426
4350,4350,-0.03541186542611274
4351,4351,-0.09451936424457431
4352,4352,-0.04564800217638466
4353,4353,-0.0548873407619976
4354,4354,-0.0683939245033441
4355,4355,-0.07946952958781275
4356,4356,-0.2932689165102314
4357,4357,-0.13462068188482035
4358,4358,-0.02140612461074006
4359,4359,-0.14578672922372465
4360,4360,-0.15453371451144546
4361,4361,-0.05715956712966265
4362,4362,-0.1545358923432524
4363,4363,-0.15710486845090157
4364,4364,-0.053335434644940116
4365,4365,-0.06084140002029447
4366,4366,-0.10860774616233401
4367,4367,-0.00041296585167969227
4368,4368,-0.044920338265921234
4369,4369,-0.162155744697062
4370,4370,-0.04869109435881563
4371,4371,-0.06401548952591292
4372,4372,-0.09891748604933616
4373,4373,-0.09630354772846836
4374,4374,-0.3467522876141021
4375,4375,-0.08158374384746798
4376,4376,-0.00861315078408055
4377,4377,-0.03027144425946277
4378,4378,-0.02351094720890979
4379,4379,-0.04225587677653259
4380,4380,-0.044081699597762536
4381,4381,-0.016535631402825116
4382,4382,-0.13329305924804344
4383,4383,-0.15574332121781226
4384,4384,-0.06623686295516468
4385,4385,-0.054638226309634566
4386,4386,-0.11386847507969813
4387,4387,-0.06352087697827961
4388,4388,-0.027322348375916395
4389,4389,-0.005498189387095033
4390,4390,-0.01841180511653029
4391,4391,-0.04452711751648854
4392,4392,-0.26091957245107056
4393,4393,-0.3640281728278816
4394,4394,-0.09404267142985687
4395,4395,-0.03377110826809153
4396,4396,-0.10560196970601687
4397,4397,-0.2692146547509361
4398,4398,-0.029243947482618306
4399,4399,-0.09271472514045366
4400,4400,-0.11494900318339807
4401,4401,-0.042490004543360875
4402,4402,-0.07247365813011776
4403,4403,-0.04054549215179439
4404,4404,-0.09799299341790972
4405,4405,-0.21796535108530066
4406,4406,-0.023851751794196345
4407,4407,-0.11068484931124811
4408,4408,-0.23116905522033207
4409,4409,-0.14571774574722846
4410,4410,-0.029500028183517497
4411,4411,-0.24190870199210499
4412,4412,-0.07925622261381163
4413,4413,-0.08389214726694552
4414,4414,-0.002765516264115242
4415,4415,-0.053427155183001555
4416,4416,-0.022170054394994046
4417,4417,-0.026092695226519996
4418,4418,-0.05206615227110224
4419,4419,-0.1424066111425319
4420,4420,-0.23068319952198524
4421,4421,-0.005744582814302861
4422,4422,-9.999535715416415e-06
4423,4423,-0.06844338645078457
4424,4424,-0.24526115210590635
4425,4425,-0.003537195744277105
4426,4426,-0.03938681964028712
4427,4427,-0.045789768363716114
4428,4428,-0.029573204059070206
4429,4429,-0.24374140065158734
4430,4430,-0.16086442593224334
4431,4431,-0.0025021111872560436
4432,4432,-0.10555142149569761
4433,4433,-0.09542322314314593
4434,4434,-0.011376712564859396
4435,4435,-0.01618079597907062
4436,4436,-0.020337133055128773
4437,4437,-0.04669232051624755
4438,4438,-0.07261038801243241
4439,4439,-0.18978394336015156
4440,4440,-0.04089007440056963
4441,4441,-0.05481120255970101
4442,4442,-0.03636207298666262
4443,4443,-0.11079805298665737
4444,4444,-0.028699724971740975
4445,4445,-0.012778030522090193
4446,4446,-0.05645132736864837
4447,4447,-0.01957949970642609
4448,4448,-0.010211300814326096
4449,4449,-0.055471603294064566
4450,4450,-0.11276543696105036
4451,4451,-0.010592915862438948
4452,4452,-0.11923644866671602
4453,4453,-0.18141115967471572
4454,4454,-0.011394050528068597
4455,4455,-0.12160730389981081
4456,4456,-0.0786933337748263
4457,4457,-0.026278062935608422
4458,4458,-0.0385272853262708
4459,4459,-0.24875218859514325
4460,4460,-0.09496328189880704
4461,4461,-0.03053368543101836
4462,4462,-0.05813228751835123
4463,4463,-0.04650310160169106
4464,4464,-0.06555717805622223
4465,4465,-0.0119756059880507
4466,4466,-3.8211116833900665e-05
4467,4467,-0.010487926287549593
4468,4468,-0.10063802797324636
4469,4469,-0.006232153054000266
4470,4470,-0.04872910405931195
4471,4471,-0.10183653297377085
4472,4472,-0.04913178240112148
4473,4473,-0.004955089466338132
4474,4474,-0.18608443314796497
4475,4475,-0.02401674332650446
4476,4476,-0.03501184893627226
4477,4477,-0.02740189005244243
4478,4478,-0.005581770923219017
4479,4479,-0.017852935626591446
4480,4480,-0.03995620796001122
4481,4481,-0.13105073199314163
4482,4482,-0.0650868570674649
4483,4483,-0.15339231801668546
4484,4484,-0.39795066845963845
4485,4485,-0.036043553102830035
4486,4486,-0.04717865327988711
4487,4487,-0.06048839018340686
4488,4488,-0.10387502325097575
4489,4489,-0.22041167723295446
4490,4490,-0.014590811009696596
4491,4491,-0.019233970907895536
4492,4492,-0.10603601459816024
4493,4493,-0.017579017070763717
4494,4494,-0.18448900246911584
4495,4495,-0.057131916470487806
4496,4496,-0.0374263758607557
4497,4497,-0.14534996482727874
4498,4498,-0.07116422651286346
4499,4499,-0.030395051976651884
4500,4500,-0.06883996435169637
4501,4501,-0.040792938653771954
4502,4502,-0.03642035321524973
4503,4503,-0.07468704343830361
4504,4504,-0.13616861851897016
4505,4505,-0.16636056015832082
4506,4506,-0.020264418494266006
4507,4507,-0.05815588411648176
4508,4508,-0.17851700320927205
4509,4509,-0.040355946540727786
4510,4510,-0.049501552664130144
4511,4511,-0.010068300143788874
4512,4512,-0.32095571929906264
4513,4513,-0.08443698340583808
4514,4514,-0.20401968362448128
4515,4515,-0.029655408685354448
4516,4516,-0.351901309304508
4517,4517,-0.060940834161557364
4518,4518,-0.08454936615468715
4519,4519,-0.08527198129088162
4520,4520,-0.023377808850550363
4521,4521,-0.0035764048890767263
4522,4522,-0.032644902138826745
4523,4523,-0.07536843741042046
4524,4524,-0.014849282389862987
4525,4525,-0.018226596694519884
4526,4526,-0.08273032389818155
4527,4527,-0.18259342514009272
4528,4528,-0.2388946268092137
4529,4529,-0.006303321051706929
4530,4530,-0.13692076621103166
4531,4531,-0.04882351991682111
4532,4532,-0.05575137455237181
4533,4533,-0.037878112864374924
4534,4534,-0.056287099613129415
4535,4535,-0.02732139925114354
4536,4536,-0.17256397254867661
4537,4537,-0.11859965663609318
4538,4538,-0.19725284855835953
4539,4539,-0.015773275596853775
4540,4540,-0.1557727875806666
4541,4541,-0.031139442955423334
4542,4542,-0.02898458626870726
4543,4543,-0.03004900492971918
4544,4544,-0.11719616530392238
4545,4545,-0.12007232736206536
4546,4546,-0.06642828731877032
4547,4547,-0.20716308529232652
4548,4548,-0.008841744767307287
4549,4549,-0.045114580652256
4550,4550,-0.0902598339656495
4551,4551,-0.025142682763106605
4552,4552,-0.034757873873044895
4553,4553,-0.07788205799754488
4554,4554,-0.12009245382324721
4555,4555,-0.0945486375756272
4556,4556,-0.011887286804290737
4557,4557,-0.15643969972185892
4558,4558,-0.2186084607552986
4559,4559,-0.03508691278327051
4560,4560,-0.03629531167890709
4561,4561,-0.08783184434773626
4562,4562,-0.004229985134655384
4563,4563,-0.008506837687075351
4564,4564,-0.0005048397692795623
4565,4565,-0.07236175847281343
4566,4566,-0.08329224555117304
4567,4567,-0.017846146880970474
4568,4568,-0.03238645374346131
4569,4569,-0.05571625615764095
4570,4570,-0.07957852364897794
4571,4571,-0.2740946073080526
4572,4572,-0.0259505905091354
4573,4573,-0.06421366502400346
4574,4574,-0.012636382738369296
4575,4575,-0.05834183471460151
4576,4576,-0.06442390930568644
4577,4577,-0.05165270971915628
4578,4578,-0.16400507778397155
4579,4579,-0.01937855380760563
4580,4580,-0.053520966681096606
4581,4581,-0.0529959090307115
4582,4582,-0.002933256070785313
4583,4583,-0.09190855650856897
4584,4584,-0.06952219337591908
4585,4585,-0.10458654637287317
4586,4586,-0.006927584631474117
4587,4587,-0.16711471270041994
4588,4588,-0.0692725885080539
4589,4589,-0.41606962498007516
4590,4590,-0.09850963727691806
4591,4591,-0.09158748851610096
4592,4592,-0.13389042441109097
4593,4593,-0.24376771736405
4594,4594,-0.16755222671627037
4595,4595,-0.10949660449506154
4596,4596,-0.027987951772694752
4597,4597,-0.03495536074676565
4598,4598,-0.25251656343979756
4599,4599,-0.025036256794412834
4600,4600,-0.010664377200603108
4601,4601,-0.22543875333981825
4602,4602,-0.08569553501503183
4603,4603,-0.0683995060593115
4604,4604,-0.015212162141240722
4605,4605,-0.05860099749042459
4606,4606,-0.12775117906938765
4607,4607,-0.09216488042347047
4608,4608,-0.09191540397613071
4609,4609,-0.15834283086691386
4610,4610,-0.01192255297495185
4611,4611,-0.011244060194381565
4612,4612,-0.21528996492520283
4613,4613,-0.4156119064965704
4614,4614,-0.02236758539004521
4615,4615,-0.0924619243951227
4616,4616,-0.05345232784005646
4617,4617,-0.3307039722431646
4618,4618,-0.005960544862129655
4619,4619,-0.06941173652517692
4620,4620,-0.05350707377139824
4621,4621,-0.11816903308736038
4622,4622,-0.053428447859187454
4623,4623,-0.012509045714182244
4624,4624,-0.1041144810055922
4625,4625,-0.05840256185922676
4626,4626,-0.09741626725873234
4627,4627,-0.005595508091555913
4628,4628,-0.1257595277392659
4629,4629,-0.15123250975616986
4630,4630,-0.10087344336781179
4631,4631,-0.23316122368599052
4632,4632,-0.019704199964017104
4633,4633,-0.01971559565312895
4634,4634,-0.044019721350767996
4635,4635,-0.14564571572022228
4636,4636,-0.18482819961660107
4637,4637,-0.11115572549606473
4638,4638,-0.26684634819476133
4639,4639,-0.061049036502885734
4640,4640,-0.045838027285400346
4641,4641,-0.08474406787996405
4642,4642,-0.11287391472827141
4643,4643,-0.42817686779878855
4644,4644,-0.027502095444713347
4645,4645,-0.13085651473015855
4646,4646,-0.07526038175257174
4647,4647,-0.013327960403632773
4648,4648,-0.028213858557677607
4649,4649,-0.005145182893964014
4650,4650,-0.012131031250693727
4651,4651,-0.018313282133768167
4652,4652,-0.005430436857144657
4653,4653,-0.02094758166304113
4654,4654,-0.1933235361322782
4655,4655,-0.01653486127562933
4656,4656,-0.019278300248317812
4657,4657,-0.2618565055077562
4658,4658,-0.05606841770467083
4659,4659,-0.10196992513342094
4660,4660,-0.12259318481428425
4661,4661,-0.04055004938475596
4662,4662,-0.012903995387050723
4663,4663,-0.030936182006531667
4664,4664,-0.07828174855172043
4665,4665,-0.007858243144482179
4666,4666,-0.02446746998235191
4667,4667,-0.07499902363074373
4668,4668,-0.012617063922770991
4669,4669,-0.14335830057414475
4670,4670,-0.04475401312976211
4671,4671,-0.03525312577218978
4672,4672,-0.1471758394260368
4673,4673,-0.10786974367546778
4674,4674,-0.11408740465724168
4675,4675,-0.054828031244206044
4676,4676,-0.042790237674692214
4677,4677,-0.06859696805292857
4678,4678,-0.07665632412737954
4679,4679,-0.236958349673891
4680,4680,-0.061751012539718556
4681,4681,-0.28575187251095996
4682,4682,-0.053331982691517045
4683,4683,-0.07697550764649619
4684,4684,-0.0010039963905457464
4685,4685,-0.08009957025250256
4686,4686,-0.058848226338582374
4687,4687,-0.21373348746335458
4688,4688,-0.24522441561941238
4689,4689,-0.017074444053994553
4690,4690,-0.018989337777875946
4691,4691,-0.002087170789575334
4692,4692,-0.02227886739744809
4693,4693,-0.034709106979169686
4694,4694,-0.00560464271471596
4695,4695,-0.4766581991977529
4696,4696,-0.045958210741356434
4697,4697,-0.18945548800862738
4698,4698,-0.132969111191935
4699,4699,-0.10786566816991897
4700,4700,-0.07921216912559388
4701,4701,-0.015683138585786256
4702,4702,-0.016955376400821027
4703,4703,-0.009096805444890105
4704,4704,-0.027315270076817083
4705,4705,-0.008767042321394601
4706,4706,-0.02963243713549728
4707,4707,-0.05920469740563951
4708,4708,-0.02812439891841632
4709,4709,-0.07044401766599606
4710,4710,-0.02883394994136052
4711,4711,-0.2044843643987663
4712,4712,-0.049807741517807175
4713,4713,-0.0836813026049192
4714,4714,-0.24777610176856518
4715,4715,-0.041552654213711446
4716,4716,-0.14031915581468063
4717,4717,-0.25160126205350386
4718,4718,-0.061596819608115486
4719,4719,-0.17901131959201283
4720,4720,-0.10627298426532292
4721,4721,-0.06493211614434433
4722,4722,-0.01076130995387191
4723,4723,-0.11952526413496817
4724,4724,-0.003961152708974054
4725,4725,-0.07506864059834352
4726,4726,-0.09547314746072348
4727,4727,-0.0163075685308732
4728,4728,-0.056603140387605624
4729,4729,-0.009618925953442378
4730,4730,-0.2054088624848158
4731,4731,-0.0029520531841322577
4732,4732,-0.09413225593350084
4733,4733,-0.06966012967680345
4734,4734,-0.06474891988762725
4735,4735,-0.15235470842101279
4736,4736,-0.1661272445453504
4737,4737,-0.06599140448395131
4738,4738,-0.07707875023328167
4739,4739,-0.007657260482221313
4740,4740,-0.09835732342163016
4741,4741,-0.04322936262352646
4742,4742,-0.024860572391517975
4743,4743,-0.04133589495085039
4744,4744,-0.019257142415297208
4745,4745,-0.07588503591598193
4746,4746,-0.00346596412636159
4747,4747,-0.06494874808598555
4748,4748,-0.031290454122769706
4749,4749,-0.043480863826297546
4750,4750,-0.10903455673241388
4751,4751,-0.14467154132613275
4752,4752,-0.02327863721229976
4753,4753,-0.16052849857424775
4754,4754,-0.10235896751521563
4755,4755,-0.005658325941519232
4756,4756,-0.08572566450718834
4757,4757,-0.024637371739584045
4758,4758,-0.019027813508121275
4759,4759,-0.1426944158174657
4760,4760,-0.27518787505411385
4761,4761,-0.05357429789019013
4762,4762,-0.15567256995881967
4763,4763,-0.08848385651295496
4764,4764,-0.07189286188609136
4765,4765,-0.010536969061894002
4766,4766,-0.06271885075375389
4767,4767,-0.01449787628665334
4768,4768,-0.026777014396133413
4769,4769,-0.05999868775644319
4770,4770,-0.01940521796028194
4771,4771,-0.023221287339888687
4772,4772,-0.04276061355093144
4773,4773,-0.01785912233799781
4774,4774,-0.037976947428352205
4775,4775,-0.009270410756930261
4776,4776,-0.011811111237254526
4777,4777,-0.06731549356633074
4778,4778,-0.023574237489262823
4779,4779,-0.08365263079260718
4780,4780,-0.03503080249531361
4781,4781,-0.10770191695383247
4782,4782,-0.01188212241988104
4783,4783,-0.11959887163155171
4784,4784,-0.051050860480652355
4785,4785,-0.014114028227168143
4786,4786,-0.2993509104429059
4787,4787,-0.00753141911637177
4788,4788,-0.05117473586794585
4789,4789,-0.010294840710849924
4790,4790,-0.07869327287240663
4791,4791,-0.04826533957704783
4792,4792,-0.08901704387904069
4793,4793,-0.1277717907472291
4794,4794,-0.0048471511186530475
4795,4795,-0.04813895692429781
4796,4796,-0.037886745364398164
4797,4797,-0.050753286540045565
4798,4798,-0.1905999290321009
4799,4799,-0.058425234845075474
4800,4800,-0.07516772356023425
4801,4801,-0.31453353367078024
4802,4802,-0.07724209743876721
4803,4803,-0.1142771237522362
4804,4804,-0.2961887476782235
4805,4805,-0.04081717343346969
4806,4806,-0.12608313986275357
4807,4807,-0.165095191030913
4808,4808,-0.00853611448339055
4809,4809,-0.011955070501655321
4810,4810,-0.033504246618640286
4811,4811,-0.09548150951830424
4812,4812,-0.15859253092052913
4813,4813,-0.09761801652220452
4814,4814,-0.37045587047463335
4815,4815,-0.008852983567611356
4816,4816,-0.047263350336249246
4817,4817,-0.241890808869232
4818,4818,-0.07178322982028673
4819,4819,-0.15633966017226514
4820,4820,-0.07606060965854632
4821,4821,-0.05297101150874501
4822,4822,-0.04274935948585884
4823,4823,-0.02970238823107024
4824,4824,-0.003169326850130956
4825,4825,-0.045640747457083526
4826,4826,-0.1422736408294794
4827,4827,-0.23026151756021834
4828,4828,-0.0027898447221021364
4829,4829,-0.06552977754786671
4830,4830,-0.023351582786575356
4831,4831,-0.15534606839747744
4832,4832,-0.04424074712914984
4833,4833,-0.010398959574411455
4834,4834,-0.08031935131223934
4835,4835,-0.08164615311787325
4836,4836,-0.04678792624549806
4837,4837,-0.06776519117359928
4838,4838,-0.04379170231797254
4839,4839,-0.10480884014253766
4840,4840,-0.038997101208161515
4841,4841,-0.05859221673179211
4842,4842,-0.09024243257973477
4843,4843,-0.013649254299535438
4844,4844,-0.06149186374409406
4845,4845,-0.0869597708301442
4846,4846,-0.06738610161784538
4847,4847,-0.07673562283039251
4848,4848,-0.030212016398795657
4849,4849,-0.08267496642062559
4850,4850,-0.00014588928612906533
4851,4851,-0.04924498669889598
4852,4852,-0.1447925877206982
4853,4853,-0.010225253560468956
4854,4854,-0.0024378837150625015
4855,4855,-0.0951716147718833
4856,4856,-0.040206639136911596
4857,4857,-0.029046388217886118
4858,4858,-0.1853514214842357
4859,4859,-0.0655743473275502
4860,4860,-0.020663005647512
4861,4861,-0.052654384389376085
4862,4862,-0.14002952323185064
4863,4863,-0.2028514330894209
4864,4864,-0.09487484268757562
4865,4865,-0.007234694881763357
4866,4866,-0.24327616048090972
4867,4867,-0.048684202152306795
4868,4868,-0.14685774084596703
4869,4869,-0.019747474565657293
4870,4870,-0.056243666023433975
4871,4871,-0.0126442673124455
4872,4872,-0.09473768890176831
4873,4873,-0.004311170546789625
4874,4874,-0.07245114272004038
4875,4875,-0.0818623254070078
4876,4876,-0.03467791336846367
4877,4877,-0.10166424214330996
4878,4878,-0.16696131651099555
4879,4879,-0.016289036562483275
4880,4880,-0.1996929423744267
4881,4881,-0.027201184096796085
4882,4882,-0.06511160118257966
4883,4883,-0.10143649310828459
4884,4884,-0.3986809450679207
4885,4885,-0.0023651287760307156
4886,4886,-0.15412010612545002
4887,4887,-0.0698807597050373
4888,4888,-0.03918524149215297
4889,4889,-0.0232393533320654
4890,4890,-0.3889724662890815
4891,4891,-0.03499458195197705
4892,4892,-0.07665792924661133
4893,4893,-0.17422801526020468
4894,4894,-0.039878902206223844
4895,4895,-0.04454185945235498
4896,4896,-0.06550701415049551
4897,4897,-0.03210183984224879
4898,4898,-0.04938140493363685
4899,4899,-0.12575846654121964
4900,4900,-0.0635662185376867
4901,4901,-0.04950982782682046
4902,4902,-0.12151203524094176
4903,4903,-0.09547247629164356
4904,4904,-0.0680815427959695
4905,4905,-0.1014405611055906
4906,4906,-0.25666311804756864
4907,4907,-0.17958032598674742
4908,4908,-0.0485102378763117
4909,4909,-0.23397997633213102
4910,4910,-0.04919612614263846
4911,4911,-0.04560404681039841
4912,4912,-0.1773098325409353
4913,4913,-0.10836520096568023
4914,4914,-0.011428864559944577
4915,4915,-0.05455725310610437
4916,4916,-0.056045544517430865
4917,4917,-0.0303437841085133
4918,4918,-0.01545636238162892
4919,4919,-0.02837109159202124
4920,4920,-0.03133048060811844
4921,4921,-0.029661870464469067
4922,4922,-0.08088990969942303
4923,4923,-0.07783623706269972
4924,4924,-0.11427986374361837
4925,4925,-0.022015054924701658
4926,4926,-0.09218862710546877
4927,4927,-0.029550361280214474
4928,4928,-0.06143925562179428
4929,4929,-0.06095835145769929
4930,4930,-0.04583215367806581
4931,4931,-0.08445805479842683
4932,4932,-0.050380833990310195
4933,4933,-0.04303822748687081
4934,4934,-0.021200899067799112
4935,4935,-0.05299897572394667
4936,4936,-0.10984268825615187
4937,4937,-0.1106997098417359
4938,4938,-0.013838967588573947
4939,4939,-0.009593923910659679
4940,4940,-0.02477128595692066
4941,4941,-0.032285154921667905
4942,4942,-0.03272481388356683
4943,4943,-0.12071024504454876
4944,4944,-0.16271713817930344
4945,4945,-0.17832698733207894
4946,4946,-0.02615237162869034
4947,4947,-0.03804080272874108
4948,4948,-0.02486563873793032
4949,4949,-0.15270842357601572
4950,4950,-0.028456255680183715
4951,4951,-0.09005381790577117
4952,4952,-0.017068893997902852
4953,4953,-0.08333210688938274
4954,4954,-0.014003452324201056
4955,4955,-0.07780911963356371
4956,4956,-0.021248424172710004
4957,4957,-0.0036730189811107457
4958,4958,-0.0038676562098961943
4959,4959,-0.07803789330147586
4960,4960,-0.1816713355379468
4961,4961,-0.09631519559936733
4962,4962,-0.022122223428966123
4963,4963,-0.257390529696641
4964,4964,-0.045460700742122696
4965,4965,-0.12097118624499628
4966,4966,-0.11128758693771937
4967,4967,-0.08166096127559021
4968,4968,-0.015122397605660884
4969,4969,-0.41919162019215883
4970,4970,-0.0008656913714953369
4971,4971,-0.08829650478696127
4972,4972,-0.13261938474722842
4973,4973,-0.05330889447903426
4974,4974,-0.08494321816751238
4975,4975,-0.06243151830089623
4976,4976,-0.007232279184740579
4977,4977,-0.013734110148673052
4978,4978,-0.11232279740621812
4979,4979,-0.0172817367042752
4980,4980,-0.03339648063505633
4981,4981,-0.15804541989577806
4982,4982,-0.053440957068267764
4983,4983,-0.011428814431745336
4984,4984,-0.08933650101074143
4985,4985,-0.04415783151832647
4986,4986,-0.21231913658673113
4987,4987,-0.08949256291772961
4988,4988,-0.1892458098373443
4989,4989,-0.15796103265016706
4990,4990,-0.0070190619206020825
4991,4991,-0.014187501804387806
4992,4992,-0.0436275519452234
4993,4993,-0.19441380409603293
4994,4994,-0.11590780986165912
4995,4995,-0.19322200333328088
4996,4996,-0.10832359413503417
4997,4997,-0.0848918410726185
4998,4998,-0.05723155147760808
4999,4999,-0.01383951617490278
5000,5000,-0.11174775013438525
5001,5001,-0.015916635840025267
5002,5002,-0.08490844331350397
5003,5003,-0.08622801034113856
5004,5004,-0.0333201645058018
5005,5005,-0.10707172967173563
5006,5006,-0.019060273975287804
5007,5007,-0.12049686632047421
5008,5008,-0.00375918272809238
5009,5009,-0.06065084882134769
5010,5010,-0.010052652594398734
5011,5011,-0.08653702764598238
5012,5012,-0.1436575139225184
5013,5013,-0.04634141303308412
5014,5014,-0.10314339398233852
5015,5015,-0.2781163593599703
5016,5016,-0.05485487760697387
5017,5017,-0.021519117119674108
5018,5018,-0.00735016194727994
5019,5019,-0.07254223655205728
5020,5020,-0.0025385171904320756
5021,5021,-0.2441199681795342
5022,5022,-0.18047194023978935
5023,5023,-0.11609305047937561
5024,5024,-0.09109859787028796
5025,5025,-0.016542960076904742
5026,5026,-0.1440041369208501
5027,5027,-0.018927139718728916
5028,5028,-0.0519431013148097
5029,5029,-0.26781863300263364
5030,5030,-0.11455583445898004
5031,5031,-0.005984963189017771
5032,5032,-0.031258279955553046
5033,5033,-0.046829951041794944
5034,5034,-0.14607631726334458
5035,5035,-0.0808243119340259
5036,5036,-0.06876803686049893
5037,5037,-0.06357231077121554
5038,5038,-0.09428788774599098
5039,5039,-0.1379698530998332
5040,5040,-0.0592321983203465
5041,5041,-0.09428125033741795
5042,5042,-0.14107104411488838
5043,5043,-0.009547634201606963
5044,5044,-0.07190934591664326
5045,5045,-0.10525347959173927
5046,5046,-0.05212939014424993
5047,5047,-0.018329892378066783
5048,5048,-0.005240807640406702
5049,5049,-0.0976511061453588
5050,5050,-0.03705947690460163
5051,5051,-0.22655736631388296
5052,5052,-0.19699970761434904
5053,5053,-0.02218987418945801
5054,5054,-0.1510744353694936
5055,5055,-0.048834145641443095
5056,5056,-0.21447371844046798
5057,5057,-0.0715100815485777
5058,5058,-0.002505608052828074
5059,5059,-0.04587155292681849
5060,5060,-0.013686635456374458
5061,5061,-0.06658254489953912
5062,5062,-0.03905461450840088
5063,5063,-0.0062617736457893786
5064,5064,-0.016378792116884033
5065,5065,-0.0008753117922098055
5066,5066,-0.1449056250230895
5067,5067,-0.1566344430711286
5068,5068,-0.09563567494262712
5069,5069,-0.024501284557442205
5070,5070,-0.03497121713452971
5071,5071,-0.055225243734840376
5072,5072,-0.02287151721163097
5073,5073,-0.0179256514295489
5074,5074,-0.10629640599296368
5075,5075,-0.09304921814961116
5076,5076,-0.19757934634125698
5077,5077,-0.1319506214333108
5078,5078,-0.033110098501407566
5079,5079,-0.2082350420323307
5080,5080,-0.031381581063866355
5081,5081,-0.18519436084965682
5082,5082,-0.03878840582779141
5083,5083,-0.044840270203767504
5084,5084,-0.0424399948397181
5085,5085,-0.002840887252904862
5086,5086,-0.05305189128682024
5087,5087,-0.007780620796867585
5088,5088,-0.08704529215034308
5089,5089,-0.05011097719500401
5090,5090,-0.20170384603931807
5091,5091,-0.07253701164767273
5092,5092,-0.027348083363912524
5093,5093,-0.004505222947259094
5094,5094,-0.01281801294007136
5095,5095,-0.08434395619229221
5096,5096,-0.047916548332370086
5097,5097,-0.1995333112501826
5098,5098,-0.14793757698553797
5099,5099,-0.007257575245014358
5100,5100,-0.007678012956130023
5101,5101,-0.18866154883156336
5102,5102,-0.02280450373241337
5103,5103,-0.06320310110034201
5104,5104,-0.15023800642331286
5105,5105,-0.0027832186042849342
5106,5106,-0.017296043105687726
5107,5107,-0.02308580308983333
5108,5108,-0.03926235623433994
5109,5109,-0.07678320954257611
5110,5110,-0.11426082982552713
5111,5111,-0.08525304638848369
5112,5112,-0.06271481039170647
5113,5113,-0.028175029459114286
5114,5114,-0.24768069031049572
5115,5115,-0.060712091189499405
5116,5116,-0.189425494160945
5117,5117,-0.19833179618005634
5118,5118,-0.03959712116749444
5119,5119,-0.00029955663036278414
5120,5120,-0.07910411181712701
5121,5121,-0.0910212763765624
5122,5122,-0.04396391102728045
5123,5123,-0.08655310906623595
5124,5124,-0.014073331941815018
5125,5125,-0.001417924288288379
5126,5126,-0.01530228698566575
5127,5127,-0.17932226368769155
5128,5128,-0.06488064922090296
5129,5129,-0.021479012914924416
5130,5130,-0.10795728393063331
5131,5131,-0.006984735836819427
5132,5132,-0.03121009470374526
5133,5133,-0.0785613575677911
5134,5134,-0.06463687575223125
5135,5135,-0.024569076093539085
5136,5136,-0.03612772568455224
5137,5137,-0.040067920914637345
5138,5138,-0.007262746436106346
5139,5139,-0.013401523596174657
5140,5140,-0.19639783913884817
5141,5141,-0.10916571561940007
5142,5142,-0.10005742548473738
5143,5143,-0.048109053817472075
5144,5144,-0.031563722700083896
5145,5145,-0.04610558319475157
5146,5146,-0.39248102613810393
5147,5147,-0.011848135954210616
5148,5148,-0.14949416418534828
5149,5149,-0.3170126174405688
5150,5150,-0.12010609803059248
5151,5151,-0.012395160731444881
5152,5152,-0.024104279180574797
5153,5153,-0.008106585197100795
5154,5154,-0.09065615603430732
5155,5155,-0.07232332345066368
5156,5156,-0.00012458527535448918
5157,5157,-0.04151938707083541
5158,5158,-0.045704505859595526
5159,5159,-0.004383647817202048
5160,5160,-0.08170351849439283
5161,5161,-0.0011736037192422576
5162,5162,-0.17884738903879333
5163,5163,-0.08710900511945015
5164,5164,-0.04253020413227319
5165,5165,-0.05184797696708448
5166,5166,-0.007401353062202859
5167,5167,-0.11426303307106957
5168,5168,-0.07220780075420766
5169,5169,-0.038650951392251595
5170,5170,-0.1176385733358938
5171,5171,-0.17245029189100733
5172,5172,-0.09040058357085867
5173,5173,-0.060885234415357065
5174,5174,-0.01862506505484508
5175,5175,-0.1338747937582258
5176,5176,-0.008216358390237063
5177,5177,-0.16725058147075392
5178,5178,-0.050958327118932605
5179,5179,-0.03684358275885193
5180,5180,-0.007953155317640584
5181,5181,-0.07151149358154521
5182,5182,-0.11324988948680381
5183,5183,-0.045351858220642395
5184,5184,-0.016529174660606633
5185,5185,-0.21269473471493638
5186,5186,-0.2951437263788713
5187,5187,-0.017431874896070763
5188,5188,-0.11062280129323075
5189,5189,-0.09015608830799232
5190,5190,-0.10995126408830044
5191,5191,-0.01904097390609349
5192,5192,-0.17585828101125917
5193,5193,-0.07367332285520911
5194,5194,-0.007447797665515216
5195,5195,-0.08448960062387857
5196,5196,-0.11898253805522326
5197,5197,-0.01555837318772293
5198,5198,-0.2199093719769382
5199,5199,-0.023101857383475668
5200,5200,-0.07582851308052801
5201,5201,-0.008433913942616994
5202,5202,-0.047542786528907026
5203,5203,-0.05097464931279129
5204,5204,-0.05987500080281098
5205,5205,-0.06314595088884731
5206,5206,-0.06747735318621921
5207,5207,-0.20770778436175383
5208,5208,-0.2197700902148303
5209,5209,-0.04502770405071661
5210,5210,-0.032184305165698715
5211,5211,-0.002841883456544057
5212,5212,-0.0409574148673653
5213,5213,-0.03569423573030379
5214,5214,-0.44546590924746965
5215,5215,-0.11291056524909737
5216,5216,-0.01574754397269736
5217,5217,-0.2594598152887006
5218,5218,-0.19416124570900758
5219,5219,-0.014852676863264348
5220,5220,-0.050573751786523284
5221,5221,-0.23133256185370535
5222,5222,-0.1731566798860466
5223,5223,-0.09000437677217366
5224,5224,-0.02230463895694022
5225,5225,-0.0637160369958439
5226,5226,-0.2354375586447811
5227,5227,-0.1321344853396751
5228,5228,-0.06397170776817365
5229,5229,-0.1405229125214806
5230,5230,-0.12060059053872932
5231,5231,-0.012085749007396755
5232,5232,-0.028698986309318178
5233,5233,-0.04730253528877719
5234,5234,-0.021232853892049278
5235,5235,-0.024310203757353176
5236,5236,-0.07802013036028621
5237,5237,-0.10674514136226324
5238,5238,-0.10426796126199943
5239,5239,-0.11812422669344305
5240,5240,-0.076117460819211
5241,5241,-0.13137858753702022
5242,5242,-0.1338175846620274
5243,5243,-0.14326102967779303
5244,5244,-0.06607687500442024
5245,5245,-0.0070158325183613006
5246,5246,-0.0704287646381569
5247,5247,-0.07466125225063373
5248,5248,-0.22443484925544432
5249,5249,-0.25004648460702367
5250,5250,-0.015513530059983837
5251,5251,-0.3030631626675116
5252,5252,-0.0927933455821314
5253,5253,-0.06667119275528302
5254,5254,-0.05358858414934264
5255,5255,-0.0179383994554231
5256,5256,-0.08778996888278727
5257,5257,-0.01004793435432429
5258,5258,-0.3151751968731039
5259,5259,-0.033556671406689914
5260,5260,-0.03886624352661665
5261,5261,-0.03455848546542761
5262,5262,-0.026831868576358133
5263,5263,-0.11560981689340907
5264,5264,-0.023170236539763408
5265,5265,-0.019576101353236237
5266,5266,-0.052566577242140755
5267,5267,-0.12610943881306308
5268,5268,-0.06968528042027443
5269,5269,-0.02906709041206089
5270,5270,-0.020627595163511432
5271,5271,-0.005388724855510485
5272,5272,-0.01791532635624048
5273,5273,-0.11954305115757721
5274,5274,-0.04672184583594986
5275,5275,-0.00528847739055054
5276,5276,-0.1857738565621037
5277,5277,-0.08749255794247116
5278,5278,-0.22641977563713922
5279,5279,-0.11876444153095428
5280,5280,-0.022379206954772014
5281,5281,-0.06555477435780414
5282,5282,-0.12612795482661462
5283,5283,-0.07640869936997505
5284,5284,-0.0455208649906497
5285,5285,-0.1296788561823353
5286,5286,-0.019846546131763548
5287,5287,-0.13551357597535732
5288,5288,-0.17964896595010704
5289,5289,-0.04638304381211897
5290,5290,-0.03371241186952488
5291,5291,-0.027420468831561184
5292,5292,-0.22916482708207878
5293,5293,-0.12960640922056565
5294,5294,-0.08498102007121938
5295,5295,-0.22851354835347942
5296,5296,-0.06911236506729461
5297,5297,-0.019287731629228116
5298,5298,-0.21620707782323773
5299,5299,-0.46894553341777
5300,5300,-0.025309688884675018
5301,5301,-0.05310801617984649
5302,5302,-0.003916686380962319
5303,5303,-0.13466806030939152
5304,5304,-0.12684099800713833
5305,5305,-0.06727911177633346
5306,5306,-0.1395489577546471
5307,5307,-0.10546782831491953
5308,5308,-0.019798131018978336
5309,5309,-0.08408413906742698
5310,5310,-0.23103576557125177
5311,5311,-0.11090299368109599
5312,5312,-0.22979001479355196
5313,5313,-0.20026363864539362
5314,5314,-0.017112747288363848
5315,5315,-0.018602835125828047
5316,5316,-0.04266933991520425
5317,5317,-0.04549543075912154
5318,5318,-0.0664689295214262
5319,5319,-0.002601737351252313
5320,5320,-0.04726754527956936
5321,5321,-0.0814166077950153
5322,5322,-0.045776410947156135
5323,5323,-0.03538754769837925
5324,5324,-0.028096143309815587
5325,5325,-0.04981284990641033
5326,5326,-0.0018862289051442853
5327,5327,-0.1419196520081732
5328,5328,-0.019082357341001055
5329,5329,-0.10867981677860185
5330,5330,-0.012043340167162587
5331,5331,-0.10107381689786693
5332,5332,-0.12064137838916872
5333,5333,-0.1776786369291095
5334,5334,-0.017707775148543912
5335,5335,-0.011897657979023377
5336,5336,-0.18228635914681895
5337,5337,-0.04225441667568401
5338,5338,-0.08739838326274454
5339,5339,-0.03578724912438959
5340,5340,-0.0828666767590694
5341,5341,-0.0788945503592091
5342,5342,-0.06670789813473356
5343,5343,-0.1306637594947231
5344,5344,-0.3035852263105407
5345,5345,-0.02800813155159036
5346,5346,-0.10836160585294334
5347,5347,-0.04291305297695687
5348,5348,-0.14024237330044334
5349,5349,-0.2669859974389679
5350,5350,-0.00546213770451656
5351,5351,-0.11774049667221205
5352,5352,-0.07364604982891788
5353,5353,-0.2556378083386682
5354,5354,-0.030930567922116545
5355,5355,-0.356621307230328
5356,5356,-0.21068230606909402
5357,5357,-0.09381764319417996
5358,5358,-0.056260480079308964
5359,5359,-0.09964687330304828
5360,5360,-0.28401618329036765
5361,5361,-0.01117530478122678
5362,5362,-0.07037920340031956
5363,5363,-0.24436209938573727
5364,5364,-0.013685124317404767
5365,5365,-0.10119275837441416
5366,5366,-0.01785003511327843
5367,5367,-0.09266708816050087
5368,5368,-0.10285599912267038
5369,5369,-0.10992785979019061
5370,5370,-0.028503595513468427
5371,5371,-0.09941668365143905
5372,5372,-0.022380648786892287
5373,5373,-0.10550597371096072
5374,5374,-0.037920958924916676
5375,5375,-0.012294464658600573
5376,5376,-0.008645201125350048
5377,5377,-0.06764564886560419
5378,5378,-0.10208487472399877
5379,5379,-0.011275761136434118
5380,5380,-0.052070457932283855
5381,5381,-0.0968242142694445
5382,5382,-0.059805923833460846
5383,5383,-0.3253400842077807
5384,5384,-0.08195812363268773
5385,5385,-0.045619943752402276
5386,5386,-0.019959615664153878
5387,5387,-0.09910047461297114
5388,5388,-0.084753203745521
5389,5389,-0.004991078280802772
5390,5390,-0.0019450083138187854
5391,5391,-0.02045332234032443
5392,5392,-0.005163917369258088
5393,5393,-0.30161952025248245
5394,5394,-0.0748759373953987
5395,5395,-0.03607307108717067
5396,5396,-0.10385840572641108
5397,5397,-0.20402490180780405
5398,5398,-0.1621306891121343
5399,5399,-0.04617551793364554
5400,5400,-0.03856663962992919
5401,5401,-0.10509204835116893
5402,5402,-0.0324293998517802
5403,5403,-0.07255114999982687
5404,5404,-0.025145952597095306
5405,5405,-0.006152906160362951
5406,5406,-0.2617518271523691
5407,5407,-0.01701757583549718
5408,5408,-0.2864775264238911
5409,5409,-0.012020106521490367
5410,5410,-0.09776368458985543
5411,5411,-0.07726671956669236
5412,5412,-0.2552479101840088
5413,5413,-0.001771379269429057
5414,5414,-0.09938352899572525
5415,5415,-0.09046945563549204
5416,5416,-0.044244649837180794
5417,5417,-0.02935199079879722
5418,5418,-0.11011698753403719
5419,5419,-0.19161041961477926
5420,5420,-0.11150459010264047
5421,5421,-0.11650997876120879
5422,5422,-0.10912018305049469
5423,5423,-0.09573432344806994
5424,5424,-0.22689230554074996
5425,5425,-0.11783513383946784
5426,5426,-0.1198985393850164
5427,5427,-0.017635905910707815
5428,5428,-0.0015133027306305589
5429,5429,-0.02540426918936992
5430,5430,-0.03450451684984976
5431,5431,-0.15087412555638502
5432,5432,-0.11210814450385484
5433,5433,-0.06697025933204948
5434,5434,-0.13249400106386078
5435,5435,-0.023572577183887458
5436,5436,-0.10773852329736178
5437,5437,-0.11898250857101733
5438,5438,-0.03626137406911568
5439,5439,-0.07717174244123165
5440,5440,-0.01957315661775728
5441,5441,-0.08422520704576117
5442,5442,-0.014144642960107845
5443,5443,-0.021566697158294373
5444,5444,-0.2288741031695057
5445,5445,-0.041344574267056323
5446,5446,-0.010769357303753625
5447,5447,-0.1980576630024663
5448,5448,-0.0043085587697167665
5449,5449,-0.1924316541681533
5450,5450,-0.07698114674517964
5451,5451,-0.0035724024611848925
5452,5452,-0.12011905669958406
5453,5453,-0.215484090640986
5454,5454,-0.2117348651008837
5455,5455,-0.042935827203148196
5456,5456,-0.07160795571647208
5457,5457,-0.04205920389182595
5458,5458,-0.007345969611932118
5459,5459,-0.029995948439983385
5460,5460,-0.23187845294151194
5461,5461,-0.06437821688633047
5462,5462,-0.034057939446619646
5463,5463,-0.4660596554289778
5464,5464,-0.05702164519069719
5465,5465,-0.20075641363124536
5466,5466,-0.11631959815306957
5467,5467,-0.02877094318119041
5468,5468,-0.11232750147912784
5469,5469,-0.12429040431225795
5470,5470,-0.03950196996308221
5471,5471,-0.034800944076011475
5472,5472,-0.04344981320290272
5473,5473,-0.5235219271833305
5474,5474,-0.08701764201709122
5475,5475,-0.05488750923226716
5476,5476,-0.011848188747248538
5477,5477,-0.2457380075115876
5478,5478,-0.1492296028148044
5479,5479,-0.07736053235795763
5480,5480,-0.0011222934004666554
5481,5481,-0.01345450356319908
5482,5482,-0.08370256018540177
5483,5483,-0.0183526507023906
5484,5484,-0.0663565509640756
5485,5485,-0.030517893164705268
5486,5486,-0.0044369696120013956
5487,5487,-0.15928085711139534
5488,5488,-0.16817886126304782
5489,5489,-0.10893363436387052
5490,5490,-0.38811373166456486
5491,5491,-0.08366703136992917
5492,5492,-0.026023862303578234
5493,5493,-0.0067441525865864806
5494,5494,-0.10793669731640332
5495,5495,-0.32588394544289645
5496,5496,-0.13068279648388667
5497,5497,-0.014177780118239698
5498,5498,-0.057471569509611124
5499,5499,-0.054413512149348024
5500,5500,-0.1290732350525289
5501,5501,-0.04359650054548368
5502,5502,-0.010419364514701842
5503,5503,-0.2602638594150147
5504,5504,-0.15790721078374578
5505,5505,-0.0677246325624246
5506,5506,-0.26852874229501295
5507,5507,-0.21494086159358938
5508,5508,-0.0211862363622966
5509,5509,-0.04292051826703658
5510,5510,-0.1030321145915605
5511,5511,-0.03434596923352443
5512,5512,-0.1684197456678359
5513,5513,-0.07750276565741304
5514,5514,-0.11764984691366188
5515,5515,-0.01698479059115146
5516,5516,-0.1512501259614493
5517,5517,-0.12720328748599644
5518,5518,-0.03927066985421353
5519,5519,-0.1382732441108483
5520,5520,-0.037017622705947606
5521,5521,-0.03481413030443588
5522,5522,-0.19530551638346236
5523,5523,-0.16976227343033046
5524,5524,-0.0008567007568710849
5525,5525,-0.0156226299669101
5526,5526,-0.1137348090203982
5527,5527,-0.06306540073741565
5528,5528,-0.2740538993096923
5529,5529,-0.020413906854796195
5530,5530,-0.013190636137569626
5531,5531,-0.07094923445820733
5532,5532,-0.058279251799584285
5533,5533,-0.0027010923205580024
5534,5534,-0.03779503015429656
5535,5535,-0.05939287630125925
5536,5536,-0.03955990859547862
5537,5537,-0.12098349904027236
5538,5538,-0.017895910918987804
5539,5539,-0.00626724295500177
5540,5540,-0.1978299236320355
5541,5541,-0.08580419517630435
5542,5542,-0.16492511201607454
5543,5543,-0.14303743668485663
5544,5544,-0.15170353451989788
5545,5545,-0.01849264457638021
5546,5546,-0.004015325294573171
5547,5547,-0.005412044751222818
5548,5548,-0.07219308497480313
5549,5549,-0.4299271443143041
5550,5550,-0.01333723115125188
5551,5551,-0.030350021978575968
5552,5552,-0.0009477853239836004
5553,5553,-0.017019256945224583
5554,5554,-0.16485396090069396
5555,5555,-0.0689395454805124
5556,5556,-0.03421228823755223
5557,5557,-0.015513995748284845
5558,5558,-0.16902052817984167
5559,5559,-0.038806040794337616
5560,5560,-0.03547891443669173
5561,5561,-0.22301781905550702
5562,5562,-0.013783599648499666
5563,5563,-0.0029836465626883113
5564,5564,-0.07659395067241387
5565,5565,-0.00392514916931511
5566,5566,-0.04512062829836018
5567,5567,-0.03606170683980645
5568,5568,-0.2006487728456518
5569,5569,-0.017800053728839707
5570,5570,-0.019474053952271253
5571,5571,-0.31329428608998894
5572,5572,-0.012886055136681085
5573,5573,-0.011446122701333841
5574,5574,-0.024448248532660314
5575,5575,-0.19642095421329958
5576,5576,-0.09482414318811616
5577,5577,-0.13164110192966624
5578,5578,-0.0016090377112777993
5579,5579,-0.22105784369008952
5580,5580,-0.042827609566172334
5581,5581,-0.0580006545746617
5582,5582,-0.41588296562057164
5583,5583,-0.009237707993597164
5584,5584,-0.04279489051818766
5585,5585,-0.18855676302032898
5586,5586,-0.06407594647138676
5587,5587,-0.03886446574234138
5588,5588,-0.08860699661098007
5589,5589,-0.19001580708158816
5590,5590,-0.10686410968604988
5591,5591,-0.0027156994579650923
5592,5592,-0.016176182850641815
5593,5593,-0.046727636627651926
5594,5594,-0.08013400052473746
5595,5595,-0.10857640047168916
5596,5596,-0.07070871268319813
5597,5597,-0.03279001581889633
5598,5598,-0.022522668682956888
5599,5599,-0.011008028946935089
5600,5600,-0.19415839231335855
5601,5601,-0.0416022653758577
5602,5602,-0.23242780685503048
5603,5603,-0.033364744376521725
5604,5604,-0.013343978842825798
5605,5605,-0.3520018346786934
5606,5606,-0.06102739910449215
5607,5607,-0.042541359450031194
5608,5608,-0.013655219029716864
5609,5609,-0.07343222804306877
5610,5610,-0.026598983262700524
5611,5611,-0.04148385527766855
5612,5612,-0.01308332402588835
5613,5613,-0.03932920192617275
5614,5614,-0.025091748032076932
5615,5615,-0.12059011868837141
5616,5616,-0.04983635899377589
5617,5617,-0.046102907143691974
5618,5618,-0.04880002409087971
5619,5619,-0.020593069404314428
5620,5620,-0.013503818367211727
5621,5621,-0.053689677727175755
5622,5622,-0.01906446121560396
5623,5623,-0.0816214246928064
5624,5624,-0.021947764941279556
5625,5625,-0.06207698264453255
5626,5626,-0.08337538504513226
5627,5627,-0.2383552244709709
5628,5628,-0.0028320973424495422
5629,5629,-0.00539431855141082
5630,5630,-0.09573542394828417
5631,5631,-0.1399889803351512
5632,5632,-0.1901071869399865
5633,5633,-0.06722816385708522
5634,5634,-0.15630734598041932
5635,5635,-0.017331061740309
5636,5636,-0.19011861495315277
5637,5637,-0.1556509655613973
5638,5638,-0.23518381487880638
5639,5639,-0.3054352521644458
5640,5640,-0.11072811884121972
5641,5641,-0.12956309724832527
5642,5642,-0.499817866815385
5643,5643,-0.06830708285891937
5644,5644,-0.03510577771807351
5645,5645,-0.017045929687552103
5646,5646,-0.004379142003588262
5647,5647,-0.0782594541747719
5648,5648,-0.04476330589212736
5649,5649,-0.0051049750376895115
5650,5650,-0.21892109133012247
5651,5651,-0.036907651640681605
5652,5652,-0.16869281530909222
5653,5653,-0.09445732634104888
5654,5654,-0.017396606287394752
5655,5655,-0.24619047963613988
5656,5656,-0.0789162327353924
5657,5657,-0.023026334211770833
5658,5658,-0.006794231216577171
5659,5659,-0.14356526936960776
5660,5660,-0.09960111454074037
5661,5661,-0.06927043586510064
5662,5662,-0.11721121350347105
5663,5663,-0.0838034734044717
5664,5664,-0.02370657584286724
5665,5665,-0.0654643627907947
5666,5666,-0.025275614554067086
5667,5667,-0.03566702741955679
5668,5668,-0.021956332235123513
5669,5669,-0.012423687210804966
5670,5670,-0.35646077239738466
5671,5671,-0.008159844149087183
5672,5672,-0.019819482967585803
5673,5673,-0.016996421233713525
5674,5674,-0.17666996465028517
5675,5675,-0.38546116491107696
5676,5676,-0.0655845936980806
5677,5677,-0.09656388839707664
5678,5678,-0.04428684836559786
5679,5679,-0.10059863650708681
5680,5680,-0.08579414625313958
5681,5681,-0.07148984472508554
5682,5682,-0.12095955788480932
5683,5683,-0.17605667868778271
5684,5684,-0.020189470158163317
5685,5685,-0.0858694347990918
5686,5686,-0.14545651189089598
5687,5687,-0.06753200901242047
5688,5688,-0.0705567373964707
5689,5689,-0.18601660668667983
5690,5690,-0.11128739582695651
5691,5691,-0.040807031088970956
5692,5692,-0.03860259474548906
5693,5693,-0.005094200116127848
5694,5694,-0.1966771514487376
5695,5695,-0.015842101159675798
5696,5696,-0.059231344751574426
5697,5697,-0.2021513450499058
5698,5698,-0.04867567226808897
5699,5699,-0.0449966258841583
5700,5700,-0.14647561281118832
5701,5701,-0.08885384519603078
5702,5702,-0.061738606306350044
5703,5703,-0.11684914387661274
5704,5704,-0.20379071528814108
5705,5705,-0.030503609677873095
5706,5706,-0.0011414835815507696
5707,5707,-0.047247977049534796
5708,5708,-0.2049990444290624
5709,5709,-0.011465732708963929
5710,5710,-0.06819868161027873
5711,5711,-0.10582787676383931
5712,5712,-0.015489935535823765
5713,5713,-0.02718983226644572
5714,5714,-0.05719084567013118
5715,5715,-0.023607495983055084
5716,5716,-0.03395299281476136
5717,5717,-0.11905568098675942
5718,5718,-0.16522930124439525
5719,5719,-0.012280123444606775
5720,5720,-0.1065352949324551
5721,5721,-0.24924865736807172
5722,5722,-0.24658138571057114
5723,5723,-0.33426105267579126
5724,5724,-0.09419275093834499
5725,5725,-0.03470298607252663
5726,5726,-0.06146383142334172
5727,5727,-0.037284613050591116
5728,5728,-0.09400419725614827
5729,5729,-0.03133587320720415
5730,5730,-0.00943048646202425
5731,5731,-0.060198510735808244
5732,5732,-0.016313560585670708
5733,5733,-0.00038687507595389146
5734,5734,-0.16970994562077626
5735,5735,-0.21269452142790196
5736,5736,-0.04193798881034233
5737,5737,-0.24289337998607974
5738,5738,-0.07202385809303205
5739,5739,-0.043330210194886226
5740,5740,-0.018512351699319574
5741,5741,-0.04792404848134875
5742,5742,-0.005254013641033306
5743,5743,-0.2816364048120594
5744,5744,-0.004185105149098088
5745,5745,-0.27528512529672233
5746,5746,-0.06367126281013784
5747,5747,-0.004283090120197482
5748,5748,-0.012765933275842087
5749,5749,-0.05488447034028576
5750,5750,-0.012562199599253246
5751,5751,-0.24744432015835488
5752,5752,-0.12105929909647949
5753,5753,-0.025391041748682244
5754,5754,-0.2877428928975806
5755,5755,-0.28019120790856283
5756,5756,-0.014364727108937339
5757,5757,-0.09237485680282177
5758,5758,-0.05816661015529625
5759,5759,-0.054627786194688006
5760,5760,-0.002840651260736981
5761,5761,-0.06885817744677883
5762,5762,-0.04798250788755154
5763,5763,-0.19761174849427127
5764,5764,-0.07880336691502923
5765,5765,-0.12725030075948884
5766,5766,-0.00992957440183148
5767,5767,-0.06473564214683067
5768,5768,-0.04273138343314261
5769,5769,-0.0142923295939727
5770,5770,-0.020252586585386857
5771,5771,-0.06264111167931569
5772,5772,-0.02127394316801572
5773,5773,-0.009264630411537403
5774,5774,-0.14153697052310116
5775,5775,-0.020216593929927258
5776,5776,-0.005685628686499426
5777,5777,-0.15340474067054455
5778,5778,-0.06479366543537556
5779,5779,-0.0713647520231312
5780,5780,-0.21190069757741098
5781,5781,-0.07366574666352757
5782,5782,-0.006454984670002686
5783,5783,-0.16901982363730395
5784,5784,-0.06105392425715962
5785,5785,-0.01321563168933831
5786,5786,-0.05360611479887918
5787,5787,-0.009469098687898761
5788,5788,-0.07762025729651156
5789,5789,-0.023470407552079145
5790,5790,-0.05954041753009496
5791,5791,-0.09198312209577776
5792,5792,-0.00019498969529299742
5793,5793,-0.063686488800567
5794,5794,-0.07634086231125548
5795,5795,-0.02946078980781265
5796,5796,-0.09804903065003148
5797,5797,-0.36687612939094827
5798,5798,-0.28133872432623636
5799,5799,-0.005232987722805308
5800,5800,-0.02893939385689517
5801,5801,-0.008898453252372021
5802,5802,-0.006818971156933808
5803,5803,-0.10360606794302865
5804,5804,-0.07348128523772407
5805,5805,-0.050334210307997895
5806,5806,-0.05094927006435401
5807,5807,-0.012240358606325764
5808,5808,-0.008859131960428958
5809,5809,-0.05694086462421629
5810,5810,-0.11221492294628395
5811,5811,-0.04259035626623381
5812,5812,-0.045397769263682365
5813,5813,-0.1129842590519616
5814,5814,-0.010817446655937975
5815,5815,-0.001137370683625997
5816,5816,-0.002600116240334665
5817,5817,-0.037746076612906666
5818,5818,-0.03274370146646066
5819,5819,-0.19468590029260024
5820,5820,-0.21974100307379668
5821,5821,-0.05364696768902763
5822,5822,-0.12896399399826142
5823,5823,-0.1948839331285809
5824,5824,-0.10700964356018974
5825,5825,-0.11283521401882768
5826,5826,-0.06500086915667122
5827,5827,-0.016403042781502498
5828,5828,-0.19548499706008451
5829,5829,-0.01127648117300364
5830,5830,-0.18174091468463624
5831,5831,-0.11382975699803352
5832,5832,-0.08754405737764127
5833,5833,-0.009888431641040928
5834,5834,-0.3406520576364233
5835,5835,-0.04152972353021441
5836,5836,-0.042476867510833204
5837,5837,-0.0737059141267926
5838,5838,-0.24325210594366747
5839,5839,-0.08443688561196207
5840,5840,-0.026913334703157193
5841,5841,-0.010320846330899136
5842,5842,-0.010775897263416526
5843,5843,-0.022333359212742876
5844,5844,-0.01172267555238966
5845,5845,-0.06100198056492323
5846,5846,-0.01776516665502374
5847,5847,-0.14120926046234358
5848,5848,-0.0010459009507608006
5849,5849,-0.032750242468631834
5850,5850,-0.06638228565186498
5851,5851,-0.19024089699140392
5852,5852,-0.11715432344073629
5853,5853,-0.1479881497938954
5854,5854,-0.06203138076573655
5855,5855,-0.3057931242844101
5856,5856,-0.15676330437240155
5857,5857,-0.0245422256194109
5858,5858,-0.024182866857178457
5859,5859,-0.19532710578167364
5860,5860,-0.01381990262115343
5861,5861,-0.4198958564609393
5862,5862,-0.12349981096671965
5863,5863,-0.0374222832569171
5864,5864,-0.023531554963089122
5865,5865,-0.030777891106897794
5866,5866,-0.0004070635954735044
5867,5867,-0.30588654073573546
5868,5868,-0.11054143541705035
5869,5869,-0.10713977099322469
5870,5870,-0.3435458211733299
5871,5871,-0.07213680539547204
5872,5872,-0.0169565082004331
5873,5873,-0.04977433868299571
5874,5874,-0.04214482651611263
5875,5875,-0.0340397540493204
5876,5876,-0.02614700164317278
5877,5877,-0.05851189227348652
5878,5878,-0.14579721573626156
5879,5879,-0.046756490538437126
5880,5880,-0.025865295056453054
5881,5881,-0.03534201470054067
5882,5882,-0.006513334828781396
5883,5883,-0.03155158038585063
5884,5884,-0.17189242279556416
5885,5885,-0.2653886748397995
5886,5886,-0.09945608894961246
5887,5887,-0.10008868440518226
5888,5888,-0.0895562037290799
5889,5889,-0.08358054223890186
5890,5890,-0.01949371044636968
5891,5891,-0.048639946737227525
5892,5892,-0.004456334832058731
5893,5893,-0.21983694724084066
5894,5894,-0.014329892542099596
5895,5895,-0.09391024153826791
5896,5896,-0.036536041565254175
5897,5897,-0.012696512883138977
5898,5898,-0.00015907094565499675
5899,5899,-0.03002514480596194
5900,5900,-0.009083965378414093
5901,5901,-0.03764184458344559
5902,5902,-0.09705161680919182
5903,5903,-0.05993718394644926
5904,5904,-0.2495619389512297
5905,5905,-0.004565099261373379
5906,5906,-0.037634172883727106
5907,5907,-0.008994801243385484
5908,5908,-0.049534415912653715
5909,5909,-0.12016920735942006
5910,5910,-0.033926305249955394
5911,5911,-0.07796984981611377
5912,5912,-0.058502295237074925
5913,5913,-0.0824710245363284
5914,5914,-0.07251513874548222
5915,5915,-0.11223836299219825
5916,5916,-0.02621701714582788
5917,5917,-0.1570807066071357
5918,5918,-0.0014290961663640626
5919,5919,-0.05302562555230542
5920,5920,-0.05631134358213207
5921,5921,-0.16514591888187782
5922,5922,-0.07528788207790306
5923,5923,-0.007358799882419642
5924,5924,-0.005235200127031958
5925,5925,-0.15606283514484562
5926,5926,-0.18290434564007915
5927,5927,-0.04073415563954476
5928,5928,-0.062216276875488336
5929,5929,-0.058026301491009666
5930,5930,-0.09515415555215236
5931,5931,-0.0945836463033286
5932,5932,-0.052018345983978656
5933,5933,-0.08143989431926589
5934,5934,-0.18432477325137253
5935,5935,-0.007025125746526562
5936,5936,-0.15879824690020383
5937,5937,-0.021962808301217263
5938,5938,-0.12138907247199962
5939,5939,-0.051065682576260964
5940,5940,-0.0844682508674578
5941,5941,-0.1366472361253877
5942,5942,-0.07966350063780993
5943,5943,-0.05364123286095025
5944,5944,-0.02933910665022464
5945,5945,-0.014935230046787701
5946,5946,-0.020873752208432732
5947,5947,-0.029476341668576548
5948,5948,-0.03921181370444826
5949,5949,-0.4130477185414474
5950,5950,-0.015472741329217546
5951,5951,-0.14189874623302504
5952,5952,-0.2051702836811212
5953,5953,-0.012012364526296568
5954,5954,-0.02725173709567942
5955,5955,-0.1626975080926572
5956,5956,-0.001233848255885611
5957,5957,-0.030542704627275
5958,5958,-0.008807371435381853
5959,5959,-0.14456485108517422
5960,5960,-0.07597250058782427
5961,5961,-0.0823256711917391
5962,5962,-0.016822664629482256
5963,5963,-0.0313325496181414
5964,5964,-0.01114299800403404
5965,5965,-0.16004621995141682
5966,5966,-0.11423822828507657
5967,5967,-0.17301391475494737
5968,5968,-0.023152362612775035
5969,5969,-0.014986421444272341
5970,5970,-0.0063402013347808855
5971,5971,-0.028154284704012992
5972,5972,-0.19623813316812852
5973,5973,-0.07036189572187874
5974,5974,-0.029520905849990408
5975,5975,-0.015554255616565349
5976,5976,-0.0046241898257605284
5977,5977,-0.012947851697663756
5978,5978,-0.05009385232474389
5979,5979,-0.016417717512271432
5980,5980,-0.3362788939963453
5981,5981,-0.11550789521187034
5982,5982,-0.02782699372952379
5983,5983,-0.07059353346058342
5984,5984,-0.1261595005962907
5985,5985,-0.00903508381914242
5986,5986,-0.004950814651167404
5987,5987,-0.0025874013233808464
5988,5988,-0.10502156069948522
5989,5989,-0.17992651117960864
5990,5990,-0.05192246541587628
5991,5991,-0.1563456090982591
5992,5992,-0.017961326816976087
5993,5993,-0.01290168378761482
5994,5994,-0.06725834866566584
5995,5995,-0.09357225723252177
5996,5996,-0.08764252251068477
5997,5997,-0.03283873487453319
5998,5998,-0.05921857610598034
5999,5999,-0.08218225665872651
6000,6000,-0.03327655812235827
6001,6001,-0.02393226241862638
6002,6002,-0.06052445344584873
6003,6003,-0.08267086532094539
6004,6004,-0.05944266741582992
6005,6005,-0.11905229348236672
6006,6006,-0.0804062577218263
6007,6007,-0.035992645170348246
6008,6008,-0.006958902777980549
6009,6009,-0.00962029643297675
6010,6010,-0.08689099637553879
6011,6011,-0.09594259648746155
6012,6012,-0.029828379231089254
6013,6013,-0.007399068591876615
6014,6014,-0.14254984885494204
6015,6015,-0.08175620880520651
6016,6016,-0.005164174439081531
6017,6017,-0.15518346190281002
6018,6018,-0.08985308698077474
6019,6019,-0.046331044823563955
6020,6020,-0.07280086985052524
6021,6021,-0.057706257552636184
6022,6022,-0.18473347333181306
6023,6023,-0.020830446204015852
6024,6024,-0.20300824282370963
6025,6025,-0.0798424501668936
6026,6026,-0.01791402804999958
6027,6027,-0.04691446961747541
6028,6028,-0.0399286142957888
6029,6029,-0.2798924964362985
6030,6030,-0.26395212514534006
6031,6031,-0.06444659128295753
6032,6032,-0.001328210021459779
6033,6033,-0.009489101791225309
6034,6034,-0.12684808801677241
6035,6035,-0.02973786385163229
6036,6036,-0.12597925292642306
6037,6037,-0.020400933664305093
6038,6038,-0.010742814035924775
6039,6039,-0.10838689296922971
6040,6040,-0.10657167702887066
6041,6041,-0.003205418858535295
6042,6042,-0.050668393037366845
6043,6043,-0.046743159919793505
6044,6044,-0.020428943116531588
6045,6045,-0.016527862609549575
6046,6046,-0.24728973749399263
6047,6047,-0.1085202506990726
6048,6048,-0.13216349027261107
6049,6049,-0.10427167167680905
6050,6050,-0.3277473462950299
6051,6051,-0.0262916138735387
6052,6052,-0.2770313731822662
6053,6053,-0.08600756889026451
6054,6054,-0.2685035938962332
6055,6055,-0.09223259284948232
6056,6056,-0.09665765583571585
6057,6057,-0.019069584864339954
6058,6058,-0.42147225596531485
6059,6059,-0.0422578916895872
6060,6060,-0.21160951127801025
6061,6061,-0.00989653865375753
6062,6062,-0.09323953812611332
6063,6063,-0.16293176032573878
6064,6064,-0.0004823397523858953
6065,6065,-0.006638081725374699
6066,6066,-0.005887675435156437
6067,6067,-0.3660193106196092
6068,6068,-0.04887466616039888
6069,6069,-0.053117505162371785
6070,6070,-0.02858683735745976
6071,6071,-0.14652254663378317
6072,6072,-0.06314175744914678
6073,6073,-0.17451293851309632
6074,6074,-0.04849325191151661
6075,6075,-0.2603593070246954
6076,6076,-0.29822702045508687
6077,6077,-0.1470167915559346
6078,6078,-0.048879712219107335
6079,6079,-0.011301282407791957
6080,6080,-0.04366940672994192
6081,6081,-0.07734420771576375
6082,6082,-0.29561244412440724
6083,6083,-0.13498235438563005
6084,6084,-0.021215123809574108
6085,6085,-0.07788177557349543
6086,6086,-0.1609917681665482
6087,6087,-0.07354331246154015
6088,6088,-0.20104083845523252
6089,6089,-0.11301787611766759
6090,6090,-0.012187700643881888
6091,6091,-0.12264750284632792
6092,6092,-0.14646403113624762
6093,6093,-0.0027314479801256366
6094,6094,-0.01564703519742743
6095,6095,-0.02957865561496862
6096,6096,-0.07996550735170485
6097,6097,-0.24644690601041078
6098,6098,-0.026612393220809362
6099,6099,-0.025689792960403076
6100,6100,-0.16469712433224443
6101,6101,-0.1254514945808992
6102,6102,-0.1664370347736421
6103,6103,-0.13014046910690152
6104,6104,-0.029746312523500056
6105,6105,-0.16625140761282883
6106,6106,-0.0351403936895606
6107,6107,-0.02482164920128115
6108,6108,-0.13633112710563208
6109,6109,-0.07437186774164267
6110,6110,-0.0797175226276424
6111,6111,-0.045812669130834885
6112,6112,-0.18666035755717253
6113,6113,-0.03938212205392411
6114,6114,-0.03467147889685682
6115,6115,-0.03321134834919509
6116,6116,-0.05339065805290603
6117,6117,-0.13251377806599568
6118,6118,-0.012935292737445123
6119,6119,-0.030928987996250507
6120,6120,-0.09638337354974993
6121,6121,-0.14882865691000383
6122,6122,-0.09489385104977303
6123,6123,-0.04157748980953496
6124,6124,-0.0030690091876571816
6125,6125,-0.06874378516061284
6126,6126,-0.00038417682842225974
6127,6127,-0.0797596728498056
6128,6128,-0.20963248179631944
6129,6129,-0.2168461946198615
6130,6130,-0.05315841050069227
6131,6131,-0.011117678885748059
6132,6132,-0.17456832898545943
6133,6133,-0.0022694889420207323
6134,6134,-0.03968870949273709
6135,6135,-0.04401946540801144
6136,6136,-0.1924804150857988
6137,6137,-0.031120956115712268
6138,6138,-0.3744476547541735
6139,6139,-0.33391655189190217
6140,6140,-0.13310998689697642
6141,6141,-0.24957592519054184
6142,6142,-0.13331757536931133
6143,6143,-0.009929595028343894
6144,6144,-0.5701998544315571
6145,6145,-0.033294971863432096
6146,6146,-0.03627224708384304
6147,6147,-0.009166332431897607
6148,6148,-0.11017199337392532
6149,6149,-0.04937856024564632
6150,6150,-0.039044424610828875
6151,6151,-0.013931445523552848
6152,6152,-0.0691412390611631
6153,6153,-0.03130939805261301
6154,6154,-0.038823269417856326
6155,6155,-0.041457842924799974
6156,6156,-0.024762124442139134
6157,6157,-0.04964707006320731
6158,6158,-0.08982337490915475
6159,6159,-0.02010355868734727
6160,6160,-0.21290806971050252
6161,6161,-0.05460746076601431
6162,6162,-0.4627980791359294
6163,6163,-0.09922093045881113
6164,6164,-0.03227386631305003
6165,6165,-0.058007788418450175
6166,6166,-0.042183000276431126
6167,6167,-0.45635056961247655
6168,6168,-0.039747511937475576
6169,6169,-0.0830984800641313
6170,6170,-0.1120323234585928
6171,6171,-0.1926126007751889
6172,6172,-0.27282838272829407
6173,6173,-0.050630428417803394
6174,6174,-0.09103746698893635
6175,6175,-0.014198626208355025
6176,6176,-0.011571236476984634
6177,6177,-0.10141819099777598
6178,6178,-0.0284303316217423
6179,6179,-0.0071934419866218815
6180,6180,-0.22302436800953335
6181,6181,-0.1754060180353234
6182,6182,-0.07339226075942137
6183,6183,-0.020777886412463607
6184,6184,-0.0745232726583894
6185,6185,-0.23327119635069904
6186,6186,-0.06240881117130653
6187,6187,-0.03667890467694243
6188,6188,-0.0653378937662288
6189,6189,-0.12066308681464576
6190,6190,-0.005264531120193192
6191,6191,-0.16491267503588403
6192,6192,-0.24695886390627653
6193,6193,-0.01773443404940865
6194,6194,-0.02174763099389457
6195,6195,-0.04484836473325629
6196,6196,-0.0039007631277808543
6197,6197,-0.05157986799988985
6198,6198,-0.054012366833053264
6199,6199,-0.041759038163676696
6200,6200,-0.1022300760119008
6201,6201,-0.002703082485860555
6202,6202,-0.15534687313363185
6203,6203,-0.03595594727407797
6204,6204,-0.02052243382795095
6205,6205,-0.07100478737909549
6206,6206,-0.021421536278741
6207,6207,-0.0004849068825711462
6208,6208,-0.03943183055995684
6209,6209,-0.17283785139822833
6210,6210,-0.00788903654115512
6211,6211,-0.00516129593657897
6212,6212,-0.1113252979727686
6213,6213,-0.08425690437663255
6214,6214,-0.013469605112981071
6215,6215,-0.0027983468656655173
6216,6216,-0.08932411065083143
6217,6217,-0.15911035599879753
6218,6218,-0.031453543924299866
6219,6219,-0.046955639116324846
6220,6220,-0.09535945048977967
6221,6221,-0.012334559431563995
6222,6222,-0.07832222519687432
6223,6223,-0.12007265555821309
6224,6224,-0.0003230335718539211
6225,6225,-0.04895075590026546
6226,6226,-0.07104064029553706
6227,6227,-0.047258500233702955
6228,6228,-0.061474460851927676
6229,6229,-0.07221601531841242
6230,6230,-0.003228942749119759
6231,6231,-0.007792597817294134
6232,6232,-0.0665887483301906
6233,6233,-0.009096089032773405
6234,6234,-0.07056936213195654
6235,6235,-0.16010395944636732
6236,6236,-0.19650227320263275
6237,6237,-0.04846032149654164
6238,6238,-0.040369746440518633
6239,6239,-0.011481472499529213
6240,6240,-0.17536535004908693
6241,6241,-0.17428936137964204
6242,6242,-0.13158375658661836
6243,6243,-0.11731890794363359
6244,6244,-0.325056978197195
6245,6245,-0.06409894114889003
6246,6246,-0.15714185188990537
6247,6247,-0.04454284638971716
6248,6248,-0.014360904666331446
6249,6249,-0.010868350506746003
6250,6250,-0.030876593843865978
6251,6251,-0.061886272170716544
6252,6252,-0.15157144704666034
6253,6253,-0.05776875288394863
6254,6254,-0.022112470258600414
6255,6255,-0.100880803180965
6256,6256,-0.007776870995022906
6257,6257,-0.03835493600001634
6258,6258,-0.08325767719307356
6259,6259,-0.023582326769205148
6260,6260,-0.17992444025662702
6261,6261,-0.14435963516220401
6262,6262,-0.029853419412463944
6263,6263,-0.05736153181385204
6264,6264,-0.14804322393903366
6265,6265,-0.027590722541306928
6266,6266,-0.03642217562122445
6267,6267,-0.08234503167235514
6268,6268,-0.0351500605505603
6269,6269,-0.03807602896801139
6270,6270,-0.00030518737316616627
6271,6271,-0.016185451149338594
6272,6272,-0.07697348049778131
6273,6273,-0.012803213426344082
6274,6274,-0.002174172965554182
6275,6275,-0.032266941028606506
6276,6276,-0.001620277947883868
6277,6277,-0.1356220668264463
6278,6278,-0.058511210294407756
6279,6279,-0.0063751446247892005
6280,6280,-0.02295978631681319
6281,6281,-0.2123029594271645
6282,6282,-0.15407703379291904
6283,6283,-0.0601522700880944
6284,6284,-0.05290649663712416
6285,6285,-0.3734217120116602
6286,6286,-0.041626942479726044
6287,6287,-0.16471536248156904
6288,6288,-0.03869603873301182
6289,6289,-0.31591633183579304
6290,6290,-0.037316523750610835
6291,6291,-0.2575165479800112
6292,6292,-0.010753068185927835
6293,6293,-0.09941069359486845
6294,6294,-0.020802817884077267
6295,6295,-0.014798349297638359
6296,6296,-0.013567302013978481
6297,6297,-0.16682903461748735
6298,6298,-0.047745192891536704
6299,6299,-0.026745943911956643
6300,6300,-0.028369360344030373
6301,6301,-0.09811129967796754
6302,6302,-0.048506819765506776
6303,6303,-0.0232294702127281
6304,6304,-0.028365707379747286
6305,6305,-0.11708514886429844
6306,6306,-0.009344687593563546
6307,6307,-0.22817588940099034
6308,6308,-0.08703810951339727
6309,6309,-0.06465180216969735
6310,6310,-0.006168674903979097
6311,6311,-0.023901594796841293
6312,6312,-0.09366782157285942
6313,6313,-0.0683859272559776
6314,6314,-0.12640446423229165
6315,6315,-0.056920081534252015
6316,6316,-0.3862718544483428
6317,6317,-0.05029923417464809
6318,6318,-0.04582088913562938
6319,6319,-0.22669177244592584
6320,6320,-0.09475336527089932
6321,6321,-0.029205019146902367
6322,6322,-0.11553995813356097
6323,6323,-0.26703788458450034
6324,6324,-0.3083839936992998
6325,6325,-0.06266931256078405
6326,6326,-0.11255668609638685
6327,6327,-0.07494757833178693
6328,6328,-0.03618683929242197
6329,6329,-0.007822501343644183
6330,6330,-0.246556939746577
6331,6331,-0.04767683657032095
6332,6332,-0.0506864156819794
6333,6333,-0.03346504450346329
6334,6334,-0.04267741282779776
6335,6335,-0.08111994167623622
6336,6336,-0.08174266572254865
6337,6337,-0.0782880263880329
6338,6338,-0.01505841174167106
6339,6339,-0.17251793766078122
6340,6340,-0.01909668325387175
6341,6341,-0.18975992288417562
6342,6342,-0.0056923149108869375
6343,6343,-0.13892550235567427
6344,6344,-0.18532810812156003
6345,6345,-0.09995155713318031
6346,6346,-0.2290408507247495
6347,6347,-0.002221603423631319
6348,6348,-0.04809936624610367
6349,6349,-0.2117693998124934
6350,6350,-0.012909474375900534
6351,6351,-0.057423725347115685
6352,6352,-0.07392718432014905
6353,6353,-0.0556014505634726
6354,6354,-0.08549591933929457
6355,6355,-0.20436960285151495
6356,6356,-0.0971376740563297
6357,6357,-0.004758591879993572
6358,6358,-0.04110628227492914
6359,6359,-0.060354051129599594
6360,6360,-0.02577024550496883
6361,6361,-0.17140131011219786
6362,6362,-0.01945907516173317
6363,6363,-0.1931749113736965
6364,6364,-0.2022579300599899
6365,6365,-0.2991967003285373
6366,6366,-0.07689429045903702
6367,6367,-0.1225150925900484
6368,6368,-0.014518241646620023
6369,6369,-0.007880115301746073
6370,6370,-0.14147912340107657
6371,6371,-0.025115757485402998
6372,6372,-0.23439504360736063
6373,6373,-0.14957087081525622
6374,6374,-0.17599619520440263
6375,6375,-0.01742394486286361
6376,6376,-0.06133031768882727
6377,6377,-0.023223698982593518
6378,6378,-0.285565732766179
6379,6379,-0.039874857430095896
6380,6380,-0.27977472003713977
6381,6381,-0.01627383254135574
6382,6382,-0.021500930159642585
6383,6383,-0.12780768131892872
6384,6384,-0.0987499115133648
6385,6385,-0.052415667918935135
6386,6386,-0.05529815036321906
6387,6387,-0.025856321253029564
6388,6388,-0.32698067468451264
6389,6389,-0.02878920018102359
6390,6390,-0.07537237019862131
6391,6391,-0.11162377456066368
6392,6392,-0.08490455368508076
6393,6393,-0.10902338723892563
6394,6394,-0.06095271026081586
6395,6395,-0.1348223792435573
6396,6396,-0.06870000809825723
6397,6397,-0.005586780959256803
6398,6398,-0.21194384482719095
6399,6399,-0.10632969940143744
6400,6400,-0.14231820206171572
6401,6401,-0.03837740212141612
6402,6402,-0.08907601768069932
6403,6403,-0.09178531440015408
6404,6404,-0.007028656280931859
6405,6405,-0.06837428615557486
6406,6406,-0.05706687908444302
6407,6407,-0.0514375053493117
6408,6408,-0.04307573976746513
6409,6409,-0.017457472438378894
6410,6410,-0.11844775769073362
6411,6411,-0.00890898803372489
6412,6412,-0.025883976237353952
6413,6413,-0.17114629648695626
6414,6414,-0.05807906379057618
6415,6415,-0.01366062103955917
6416,6416,-0.00847215775239534
6417,6417,-0.1074227217329271
6418,6418,-0.04374255345753455
6419,6419,-0.08255959757187792
6420,6420,-0.04300274687372324
6421,6421,-0.13599461005392327
6422,6422,-0.3272495626472177
6423,6423,-0.2227586388489914
6424,6424,-0.03131478398598011
6425,6425,-0.0513844088610337
6426,6426,-0.06778790726669696
6427,6427,-0.005928835781706365
6428,6428,-0.24157372791352466
6429,6429,-0.06784596324683628
6430,6430,-0.01576481156072859
6431,6431,-0.07691510605788987
6432,6432,-0.26369234783072293
6433,6433,-0.012590400302595915
6434,6434,-0.08054702173997545
6435,6435,-0.02592661559147071
6436,6436,-0.058017875470663935
6437,6437,-0.20397594914824685
6438,6438,-0.02221675481300055
6439,6439,-0.016463514043267548
6440,6440,-0.014739948808008175
6441,6441,-0.049153225855226246
6442,6442,-0.05610826579904969
6443,6443,-0.0035012090005771576
6444,6444,-0.3689877531293696
6445,6445,-0.09437112791106628
6446,6446,-0.48155553200681883
6447,6447,-0.035284399342242395
6448,6448,-0.037946392264174504
6449,6449,-0.17206513354557648
6450,6450,-0.04531848333073015
6451,6451,-0.3118536416134556
6452,6452,-0.09290030737749097
6453,6453,-0.43506565585017326
6454,6454,-0.1775834283664027
6455,6455,-0.08701589306017275
6456,6456,-0.0417595660324131
6457,6457,-0.1084692873184994
6458,6458,-0.04013935779924309
6459,6459,-0.07687703573698415
6460,6460,-0.0610304077520977
6461,6461,-0.03763568584870608
6462,6462,-0.1849484145350157
6463,6463,-0.05532037951626096
6464,6464,-0.008628448139522585
6465,6465,-0.0013247483000473161
6466,6466,-0.008282261842418611
6467,6467,-0.055841059748306374
6468,6468,-0.023770571603015142
6469,6469,-0.0069279466907243605
6470,6470,-0.21767605721202268
6471,6471,-0.013489197601099453
6472,6472,-0.025421494534257655
6473,6473,-0.033888260907726404
6474,6474,-0.06023216366880345
6475,6475,-0.028623877303847734
6476,6476,-0.019379375609801772
6477,6477,-0.041837438567719584
6478,6478,-0.04257947680603845
6479,6479,-0.1188600225532413
6480,6480,-0.1600718188268978
6481,6481,-0.07897727891879885
6482,6482,-0.16849133674627115
6483,6483,-0.07403640493283561
6484,6484,-0.11003107291139314
6485,6485,-0.03070573379394015
6486,6486,-0.11224913768631602
6487,6487,-0.2747604615926285
6488,6488,-0.1053164997001879
6489,6489,-0.02161084335965543
6490,6490,-0.027256677040452156
6491,6491,-0.07131122898122981
6492,6492,-0.1588150719577882
6493,6493,-0.007208709854263894
6494,6494,-0.12739878012841896
6495,6495,-0.017323296673880627
6496,6496,-0.08141859453829352
6497,6497,-0.20650159681826213
6498,6498,-0.04984095436865979
6499,6499,-0.10816797633480149
6500,6500,-0.08357373176880319
6501,6501,-0.07119060143117072
6502,6502,-0.08301698644735069
6503,6503,-0.07803959295626764
6504,6504,-0.1333997886976585
6505,6505,-0.07349007982324775
6506,6506,-0.0812734544287703
6507,6507,-0.5165610188449408
6508,6508,-0.0039960382525301855
6509,6509,-0.018501199426345132
6510,6510,-0.09813330996807491
6511,6511,-0.006343236624533708
6512,6512,-0.06064204617730891
6513,6513,-0.003964598261868944
6514,6514,-0.294464844605742
6515,6515,-0.025310355274497376
6516,6516,-0.05415384513580333
6517,6517,-0.03125461727627202
6518,6518,-0.24802335472696144
6519,6519,-0.0950828359107471
6520,6520,-0.1060978347415943
6521,6521,-0.11137288676861579
6522,6522,-0.004146970145573179
6523,6523,-0.20919993719472835
6524,6524,-0.05444634333141196
6525,6525,-0.01846229729682614
6526,6526,-0.023766187749955137
6527,6527,-0.09520907352971522
6528,6528,-0.0032089058321608955
6529,6529,-0.0006881661391244471
6530,6530,-0.021174703751626566
6531,6531,-0.056245438961220806
6532,6532,-0.050762896998302234
6533,6533,-0.044365786044794187
6534,6534,-0.1950457912620505
6535,6535,-0.1099067213534381
6536,6536,-0.10980063437921908
6537,6537,-0.019246702151219496
6538,6538,-0.004391068721998457
6539,6539,-0.1647837719262425
6540,6540,-0.08430561201844336
6541,6541,-0.12777741790545638
6542,6542,-0.07541064622206808
6543,6543,-0.1702313533351169
6544,6544,-0.12017887974979899
6545,6545,-0.2555885547663809
6546,6546,-0.3127490675931236
6547,6547,-0.2116901460346123
6548,6548,-0.19370608637754594
6549,6549,-0.01715241126586965
6550,6550,-0.000595511662978529
6551,6551,-0.03816415088829606
6552,6552,-0.011433397972150868
6553,6553,-0.023751565102503796
6554,6554,-0.1500100877638385
6555,6555,-0.14590625882058975
6556,6556,-0.05781733165734919
6557,6557,-0.030953502899434233
6558,6558,-0.1195580353916819
6559,6559,-0.009363470625573644
6560,6560,-0.11020132995580152
6561,6561,-0.07693094167925309
6562,6562,-0.049290913675848924
6563,6563,-0.00017330530610561138
6564,6564,-0.21636491998042434
6565,6565,-0.0981478528491766
6566,6566,-0.06571975570426668
6567,6567,-0.01689812537361346
6568,6568,-0.05443121673461601
6569,6569,-0.03021648153808294
6570,6570,-0.044394518527626395
6571,6571,-0.2534309602542377
6572,6572,-0.015511183290960382
6573,6573,-0.10760993652218159
6574,6574,-0.18660705683089043
6575,6575,-0.008318603567493628
6576,6576,-0.07069582862926034
6577,6577,-0.15202028431054818
6578,6578,-0.0005599331970508408
6579,6579,-0.18138223021561553
6580,6580,-0.029963868314180492
6581,6581,-0.060625988684082095
6582,6582,-0.03927877775551566
6583,6583,-0.08316286301660183
6584,6584,-0.1431052155582262
6585,6585,-0.03987305086382445
6586,6586,-0.25188340572723694
6587,6587,-0.02167990077679979
6588,6588,-0.00016944821924691914
6589,6589,-0.015280805995885074
6590,6590,-0.11270497471438679
6591,6591,-0.030928038616190444
6592,6592,-0.020205291954007394
6593,6593,-0.013041207622488634
6594,6594,-0.11864817388045733
6595,6595,-0.03103056312634251
6596,6596,-0.04700914500338163
6597,6597,-0.158525563414876
6598,6598,-0.004845469021232427
6599,6599,-0.048677587480976205
6600,6600,-0.18079142510554455
6601,6601,-0.3489882537245684
6602,6602,-0.26903378761953234
6603,6603,-0.1504737205130759
6604,6604,-0.06637893383698326
6605,6605,-0.0564397124221543
6606,6606,-0.013682201812210252
6607,6607,-0.2368983248131978
6608,6608,-0.061392623219055496
6609,6609,-0.008336842263001682
6610,6610,-0.1415630367464158
6611,6611,-0.08644169673986868
6612,6612,-0.10767185540674029
6613,6613,-0.011401573532075712
6614,6614,-0.00047169543442134075
6615,6615,-0.2487644563056018
6616,6616,-0.01820993233448138
6617,6617,-0.010332462518623794
6618,6618,-0.006969988216013189
6619,6619,-0.020874240848611975
6620,6620,-0.006475264435654627
6621,6621,-0.050946908919600985
6622,6622,-0.09340207405921007
6623,6623,-0.09154954546896514
6624,6624,-0.030367510604034652
6625,6625,-0.0071228722514782745
6626,6626,-0.11200017898481547
6627,6627,-0.06726902628890027
6628,6628,-0.009388470764221266
6629,6629,-0.09899184205107843
6630,6630,-0.007632017324208861
6631,6631,-0.06394733760289953
6632,6632,-0.012034421205607989
6633,6633,-0.007489230391653576
6634,6634,-0.012672508519958532
6635,6635,-0.08449877204593419
6636,6636,-0.030806267743515983
6637,6637,-0.2401777118312904
6638,6638,-0.012243184248988884
6639,6639,-0.0016837651211100398
6640,6640,-0.07230832945080544
6641,6641,-0.005551794002761944
6642,6642,-0.03953760458138168
6643,6643,-0.08763500354389123
6644,6644,-0.016519257334658012
6645,6645,-0.2476332305424087
6646,6646,-0.005088104878564334
6647,6647,-0.09282044410713942
6648,6648,-0.014624938779043382
6649,6649,-0.15608546808049611
6650,6650,-0.010781703299708165
6651,6651,-0.03683978815386953
6652,6652,-0.06720195784194026
6653,6653,-0.019219833645036922
6654,6654,-0.08237254758246168
6655,6655,-0.15537346247040668
6656,6656,-0.19528727205690727
6657,6657,-0.07822287004696787
6658,6658,-0.17636764222017312
6659,6659,-0.13210217875347757
6660,6660,-0.05410277942755602
6661,6661,-0.02256464340474888
6662,6662,-0.04252962513445016
6663,6663,-0.10172379056858857
6664,6664,-0.07651974092059219
6665,6665,-0.10853763098376963
6666,6666,-0.13960429480923325
6667,6667,-0.011260813080677712
6668,6668,-0.0826204707439217
6669,6669,-0.05276338932392643
6670,6670,-0.04567006549062089
6671,6671,-0.07277643683339383
6672,6672,-0.009997230554698231
6673,6673,-0.06686525192924223
6674,6674,-0.0006017189909418389
6675,6675,-0.26157416071810097
6676,6676,-0.014054249099239595
6677,6677,-0.00762915718651097
6678,6678,-0.2095812616238806
6679,6679,-0.02581063785597053
6680,6680,-0.12407395351574116
6681,6681,-0.140731332568012
6682,6682,-0.10460684439596335
6683,6683,-0.04330730972548065
6684,6684,-0.04910299217444115
6685,6685,-0.01138087535078612
6686,6686,-0.12573615010615702
6687,6687,-0.18491935541693535
6688,6688,-0.0009538771055128872
6689,6689,-0.02053267925154434
6690,6690,-0.07412980399799363
6691,6691,-0.036157547575274486
6692,6692,-0.03116833781500813
6693,6693,-0.1455821920513662
6694,6694,-0.11695744240063724
6695,6695,-0.02554955304519018
6696,6696,-0.01910756148282776
6697,6697,-0.02909344917160036
6698,6698,-0.0204855059660412
6699,6699,-0.07085483407946203
6700,6700,-0.07085622688914471
6701,6701,-0.019236777577684803
6702,6702,-0.15880843801407485
6703,6703,-0.11075076982250688
6704,6704,-0.07079920165921705
6705,6705,-0.12861888970244312
6706,6706,-0.5847084191217826
6707,6707,-0.11358340943674108
6708,6708,-0.09243872690299212
6709,6709,-0.05572822258651697
6710,6710,-0.00026935626871260035
6711,6711,-0.20627907188968364
6712,6712,-0.1099952246025937
6713,6713,-0.14711277798839634
6714,6714,-0.026003783540723406
6715,6715,-0.047951296635793624
6716,6716,-0.0675104319603348
6717,6717,-0.022276556168016777
6718,6718,-0.0010153912883617809
6719,6719,-0.02227669258573732
6720,6720,-0.26969110639193444
6721,6721,-0.12267655822345512
6722,6722,-0.05102061574206883
6723,6723,-0.07767470303113189
6724,6724,-0.014878093991482667
6725,6725,-0.12682297617941593
6726,6726,-0.0953508479843929
6727,6727,-0.12795505908950927
6728,6728,-0.0884936448992838
6729,6729,-0.04925869719268956
6730,6730,-0.04881829074652182
6731,6731,-0.03359621137949633
6732,6732,-0.1324263847498772
6733,6733,-0.4166610480372335
6734,6734,-0.015141683161516623
6735,6735,-0.04029907939447835
6736,6736,-0.045708938175441055
6737,6737,-0.005239353892848099
6738,6738,-0.19448323288304578
6739,6739,-0.026116521551275192
6740,6740,-0.08075772219667364
6741,6741,-0.007195754352176828
6742,6742,-0.27017534684532485
6743,6743,-0.04567159580335432
6744,6744,-0.03198226655935765
6745,6745,-0.013534472881690214
6746,6746,-0.06273073286191494
6747,6747,-0.05103119055786445
6748,6748,-0.0836826107340068
6749,6749,-0.060332886006592645
6750,6750,-0.2756632397819752
6751,6751,-0.1737628194834616
6752,6752,-0.018193431421305344
6753,6753,-0.021776965460509036
6754,6754,-0.019306041200242763
6755,6755,-0.09778873764548257
6756,6756,-0.09415111178584885
6757,6757,-0.00553711797457449
6758,6758,-0.06780305194971546
6759,6759,-0.018411271800650417
6760,6760,-0.027905556232635128
6761,6761,-0.010105805849304213
6762,6762,-0.036318668814883985
6763,6763,-0.036553007508365404
6764,6764,-0.20072976972163417
6765,6765,-0.05818051006844921
6766,6766,-0.09494499330899259
6767,6767,-0.2472130462184624
6768,6768,-0.12313030558053872
6769,6769,-0.007249512392731688
6770,6770,-0.10030924691420781
6771,6771,-0.20576375858701768
6772,6772,-0.015523443082185851
6773,6773,-0.03483209112787103
6774,6774,-0.10377236562215778
6775,6775,-0.11234075179437292
6776,6776,-0.026436507253832727
6777,6777,-0.03633149914415555
6778,6778,-0.00844815451789384
6779,6779,-0.009855825354067309
6780,6780,-0.01207570061323641
6781,6781,-0.2360670663177943
6782,6782,-0.0010824240169103922
6783,6783,-0.15523339461167138
6784,6784,-0.13962523978749286
6785,6785,-0.005850945787004533
6786,6786,-0.03577922184314801
6787,6787,-0.0960772877414321
6788,6788,-0.04695332571594077
6789,6789,-0.025364751892187343
6790,6790,-0.07455776094624444
6791,6791,-0.03072006628720725
6792,6792,-0.07778969304677984
6793,6793,-0.005649224485428508
6794,6794,-0.1152746213734997
6795,6795,-0.08061248354745994
6796,6796,-0.18301840455490775
6797,6797,-0.06198394737105197
6798,6798,-0.0215572339627613
6799,6799,-0.03738569734879286
6800,6800,-0.18617726488744718
6801,6801,-0.08046387045861852
6802,6802,-0.030301180285479366
6803,6803,-0.14947586514348754
6804,6804,-0.020427874309834594
6805,6805,-0.06720520652429252
6806,6806,-0.022014963800132382
6807,6807,-0.5701667273773416
6808,6808,-0.027875075819969605
6809,6809,-0.040621033241119577
6810,6810,-0.31339056497942847
6811,6811,-0.0801462325209
6812,6812,-0.30530464943348784
6813,6813,-0.00109065600791236
6814,6814,-0.1689008649289691
6815,6815,-0.17685633312530574
6816,6816,-0.19254032548392344
6817,6817,-0.005051406255710385
6818,6818,-0.06110211084664101
6819,6819,-0.30209228268218796
6820,6820,-0.06668779223411717
6821,6821,-0.03500737277753497
6822,6822,-0.0007136056897914673
6823,6823,-0.24670455463076552
6824,6824,-0.03707309987028222
6825,6825,-0.14210548523369396
6826,6826,-0.018721400537769245
6827,6827,-0.19453043332268005
6828,6828,-0.14133272978887196
6829,6829,-0.04135330577227279
6830,6830,-0.11259573157753752
6831,6831,-0.4105805216192925
6832,6832,-0.026746188510995122
6833,6833,-0.01903248637609643
6834,6834,-0.06091677789654052
6835,6835,-0.011306639953246536
6836,6836,-0.013062661390870572
6837,6837,-0.07299331350191147
6838,6838,-0.02590448497036696
6839,6839,-0.466340381909392
6840,6840,-0.005577417228470211
6841,6841,-0.07321573772336201
6842,6842,-0.01007331165924191
6843,6843,-0.041842381473079365
6844,6844,-0.0537748330902544
6845,6845,-0.043032258676077725
6846,6846,-0.016691330065883112
6847,6847,-0.04097985577211568
6848,6848,-0.04788290418145045
6849,6849,-0.2440864510254065
6850,6850,-0.0160364770702776
6851,6851,-0.07264016750007675
6852,6852,-0.05420272549885084
6853,6853,-0.026616059236387286
6854,6854,-0.11491433063863121
6855,6855,-0.08867158290685091
6856,6856,-0.17723651546410127
6857,6857,-0.16901583378494758
6858,6858,-0.0183254727494067
6859,6859,-0.40429721545994624
6860,6860,-0.034477542451456684
6861,6861,-0.04727420316967937
6862,6862,-0.04222380644197811
6863,6863,-0.08497905815691102
6864,6864,-0.39253339163775225
6865,6865,-0.00228450541286175
6866,6866,-0.09907298455857139
6867,6867,-0.15150387305735152
6868,6868,-0.08903624909669576
6869,6869,-0.012154096715035864
6870,6870,-0.07939923992049466
6871,6871,-0.0348867559282598
6872,6872,-0.08941546473908249
6873,6873,-0.35089198531530763
6874,6874,-0.13474777259135703
6875,6875,-0.02053269163435232
6876,6876,-0.08589189154191454
6877,6877,-0.12421332818842057
6878,6878,-0.017952891083588985
6879,6879,-0.07706914286795756
6880,6880,-0.017661923632934937
6881,6881,-0.040874808287721186
6882,6882,-0.0031538058739528623
6883,6883,-0.10245514560515073
6884,6884,-0.1496824223351135
6885,6885,-0.06469596769195522
6886,6886,-0.08361210454288082
6887,6887,-0.2262995227331308
6888,6888,-0.004977557172671801
6889,6889,-0.2989880367246748
6890,6890,-0.08440533067148748
6891,6891,-0.020178288831640828
6892,6892,-0.17974902960981418
6893,6893,-0.009278092385984609
6894,6894,-0.42333286015487215
6895,6895,-0.03377526841332022
6896,6896,-0.06923960391694696
6897,6897,-0.031882698387051926
6898,6898,-0.2414795600102608
6899,6899,-0.07402193482185496
6900,6900,-0.15794828770968183
6901,6901,-0.1396177574301503
6902,6902,-0.17262444361257723
6903,6903,-0.0519647163951248
6904,6904,-0.05324059765553555
6905,6905,-0.06945534345882157
6906,6906,-0.11278757542658288
6907,6907,-0.07127261876447569
6908,6908,-0.0935178900652843
6909,6909,-0.17441970596958112
6910,6910,-0.09318748514201113
6911,6911,-0.17956752867334588
6912,6912,-0.07176443160778194
6913,6913,-0.10369649492133867
6914,6914,-0.09154523462569902
6915,6915,-0.08182125878481253
6916,6916,-0.01888706467635813
6917,6917,-0.11747028653542135
6918,6918,-0.2921999898151727
6919,6919,-0.08910592986375318
6920,6920,-0.04013961960122504
6921,6921,-0.019298842640801877
6922,6922,-0.04376682882451824
6923,6923,-0.1526601604576144
6924,6924,-0.015273737419384526
6925,6925,-0.003985228776173686
6926,6926,-0.014548210777524165
6927,6927,-0.1096938607106182
6928,6928,-0.22891855383029192
6929,6929,-0.051401470293403334
6930,6930,-0.10593517490026948
6931,6931,-0.006665981286984625
6932,6932,-0.19136596193855113
6933,6933,-0.11394251417200682
6934,6934,-0.006856525333685062
6935,6935,-0.0005098405592303452
6936,6936,-0.04786363261695757
6937,6937,-0.13475244916034335
6938,6938,-0.026159416275566262
6939,6939,-0.0008513463055575927
6940,6940,-0.10096028277886224
6941,6941,-0.059021664088596215
6942,6942,-0.0794791726519826
6943,6943,-0.012348951152806032
6944,6944,-0.17914096036434823
6945,6945,-0.018953857603427125
6946,6946,-0.2544757237941635
6947,6947,-0.15229587028390723
6948,6948,-0.033880648036375055
6949,6949,-0.034156383187864355
6950,6950,-0.0034270553300500394
6951,6951,-0.0655480418652592
6952,6952,-0.014858848194664728
6953,6953,-0.0018564106767830955
6954,6954,-0.012956706962564549
6955,6955,-0.15060251482670614
6956,6956,-0.05504928157493302
6957,6957,-0.11166246424996051
6958,6958,-0.027356949957545666
6959,6959,-0.02377981413586926
6960,6960,-0.19043860879030752
6961,6961,-0.011442745759451513
6962,6962,-0.07115823167122251
6963,6963,-0.019171524126980186
6964,6964,-0.1137122018374736
6965,6965,-0.05430005978240157
6966,6966,-0.006135913201936722
6967,6967,-0.09634877105203692
6968,6968,-0.01728950253892362
6969,6969,-0.007189468732278258
6970,6970,-0.08254656725383874
6971,6971,-0.03592023576353992
6972,6972,-0.04940510001548862
6973,6973,-0.14692698093828577
6974,6974,-0.12980626382637594
6975,6975,-0.00015149515475890128
6976,6976,-0.15935480973704555
6977,6977,-0.13495548513236136
6978,6978,-0.11161919158207423
6979,6979,-0.014836684608505941
6980,6980,-0.009784816858926414
6981,6981,-0.08046496050658165
6982,6982,-0.0948155328218616
6983,6983,-0.011576427133847903
6984,6984,-0.2474468497404352
6985,6985,-0.3443019298392802
6986,6986,-0.041257565402650714
6987,6987,-0.11633171647300378
6988,6988,-0.022278500727578057
6989,6989,-0.04469988315901514
6990,6990,-0.0690971207760842
6991,6991,-0.008285364683048316
6992,6992,-0.3158328182142933
6993,6993,-0.024977930635400703
6994,6994,-0.06556956410216436
6995,6995,-0.03739653516428472
6996,6996,-0.01863210339457165
6997,6997,-0.08014814845546175
6998,6998,-0.09120392081683973
6999,6999,-0.013312444555776865
7000,7000,-0.2587104433674162
7001,7001,-0.0005222177173435164
7002,7002,-0.14252772744429948
7003,7003,-0.008300633758784665
7004,7004,-0.021530391846165606
7005,7005,-0.1923701238138647
7006,7006,-0.18071959387568653
7007,7007,-0.07018023865006823
7008,7008,-0.3944324533128483
7009,7009,-0.02480782134541102
7010,7010,-0.04024403280457613
7011,7011,-0.07351115316283587
7012,7012,-0.0004368482403307665
7013,7013,-0.01109203318594167
7014,7014,-0.38086162549862995
7015,7015,-0.08309450406144528
7016,7016,-0.20365131710079842
7017,7017,-0.0287638000125888
7018,7018,-0.22975716652321698
7019,7019,-0.07031444470534597
7020,7020,-0.02415919726554185
7021,7021,-0.10733603252790248
7022,7022,-0.04660657127037167
7023,7023,-0.06429789533573535
7024,7024,-0.00238463682204891
7025,7025,-0.12141681501231799
7026,7026,-0.1720241205394484
7027,7027,-0.053750213936205875
7028,7028,-0.048877734688363726
7029,7029,-0.002308735003421293
7030,7030,-0.127773483295784
7031,7031,-0.16172010327696193
7032,7032,-0.012972346658971358
7033,7033,-0.025883036412978632
7034,7034,-0.0258986296022574
7035,7035,-0.03188686191147912
7036,7036,-0.03765047402606085
7037,7037,-0.20789804539856313
7038,7038,-0.2193659237671351
7039,7039,-0.14356257153423294
7040,7040,-0.21675207654142062
7041,7041,-0.0167616725733619
7042,7042,-0.0530576346042375
7043,7043,-0.03951011212439933
7044,7044,-0.21117213620940903
7045,7045,-0.08067835891213385
7046,7046,-0.060797204063915866
7047,7047,-0.1242745211711132
7048,7048,-0.05277151240040714
7049,7049,-0.048788384586574196
7050,7050,-0.00021695693477586406
7051,7051,-0.012654880640525794
7052,7052,-0.04193711746836631
7053,7053,-0.01880596938269337
7054,7054,-0.08689339176537376
7055,7055,-0.057677320587373335
7056,7056,-0.07733661399551028
7057,7057,-0.0026589336463710344
7058,7058,-0.005710605949601131
7059,7059,-0.10782926734134007
7060,7060,-0.04203968891600522
7061,7061,-0.1467155803868469
7062,7062,-0.01236122441342187
7063,7063,-0.004332321558892193
7064,7064,-0.14562508669448926
7065,7065,-0.23678372824106678
7066,7066,-0.005157144306619608
7067,7067,-0.004070692333546197
7068,7068,-0.0978631603930146
7069,7069,-0.01736254295705771
7070,7070,-0.04257475469674928
7071,7071,-0.043027109544405646
7072,7072,-0.1709800704688265
7073,7073,-0.05369651469846448
7074,7074,-0.018402287376471302
7075,7075,-0.06221120433497627
7076,7076,-0.055846801306893394
7077,7077,-0.003543267269574481
7078,7078,-0.13188181434059718
7079,7079,-0.0699997699494696
7080,7080,-0.01759126662427203
7081,7081,-0.15746377001972864
7082,7082,-0.07524851010406627
7083,7083,-0.06589684898529752
7084,7084,-0.05278544675554441
7085,7085,-0.05979618566581704
7086,7086,-0.01989227032879176
7087,7087,-0.06281077602117009
7088,7088,-0.2329532219706213
7089,7089,-0.11279797266609339
7090,7090,-0.05356470807164871
7091,7091,-0.13729036688269075
7092,7092,-0.01947674118879199
7093,7093,-0.01510532053600368
7094,7094,-0.34399238297502843
7095,7095,-0.15157628894739
7096,7096,-0.03326459190459498
7097,7097,-0.0003459500771739969
7098,7098,-0.17897056538568787
7099,7099,-0.11318911014903899
7100,7100,-0.09486018702894446
7101,7101,-0.05480613150833389
7102,7102,-0.064611253789339
7103,7103,-0.014550472118529728
7104,7104,-0.009660596208409557
7105,7105,-0.008903391361831492
7106,7106,-0.061152065191985516
7107,7107,-0.15326061100849683
7108,7108,-0.050957378094432876
7109,7109,-0.014125126344824594
7110,7110,-0.002239540933900502
7111,7111,-0.06117390222163368
7112,7112,-0.12288576519421276
7113,7113,-0.016697281238001686
7114,7114,-0.0341853189773611
7115,7115,-0.15779990574006958
7116,7116,-0.006319483106397428
7117,7117,-0.028665013732489114
7118,7118,-0.11495049524992076
7119,7119,-0.05485183940891072
7120,7120,-0.24588131866094073
7121,7121,-0.2836830264147059
7122,7122,-0.05342615495281685
7123,7123,-0.04759760131260139
7124,7124,-0.036353926717566834
7125,7125,-0.04083047982386127
7126,7126,-0.11336951050506922
7127,7127,-0.0026876907109754018
7128,7128,-0.04566214373260107
7129,7129,-0.04098627842965465
7130,7130,-0.1895329727536109
7131,7131,-0.1300425866076068
7132,7132,-0.08853529446565424
7133,7133,-0.04026951194853243
7134,7134,-0.08554623275316325
7135,7135,-0.053182955963289605
7136,7136,-0.10308222110689128
7137,7137,-0.02633094246765437
7138,7138,-0.05667981445028237
7139,7139,-0.0858439662710346
7140,7140,-0.2803503441574322
7141,7141,-0.00941077192273041
7142,7142,-0.07517204881457633
7143,7143,-0.12459552653355276
7144,7144,-0.03653041550209489
7145,7145,-0.016152065846610417
7146,7146,-0.18637394038032518
7147,7147,-0.09263661111460011
7148,7148,-0.1250899080928105
7149,7149,-0.005870698372948422
7150,7150,-0.0040564990211724335
7151,7151,-0.23118372695175043
7152,7152,-0.11076899755511797
7153,7153,-0.015659087576544946
7154,7154,-0.06371770068938358
7155,7155,-0.0079393093679978
7156,7156,-0.2580973585400862
7157,7157,-0.027567949140303805
7158,7158,-0.08442150389784736
7159,7159,-0.0773029891654047
7160,7160,-0.17665359185332377
7161,7161,-0.018779167723583706
7162,7162,-0.014722803585917363
7163,7163,-0.1193462769861716
7164,7164,-0.44914022471565757
7165,7165,-0.05632240183299618
7166,7166,-0.01859951094947986
7167,7167,-0.01438613195263259
7168,7168,-0.07286028003415225
7169,7169,-0.3036215439677103
7170,7170,-0.293263175358031
7171,7171,-0.037236322422831855
7172,7172,-0.14650746031024625
7173,7173,-0.05233502333939358
7174,7174,-0.1488021134864397
7175,7175,-0.3360360494633803
7176,7176,-0.1987571901271559
7177,7177,-0.2545643193382521
7178,7178,-0.014990890452655137
7179,7179,-0.014945909186258733
7180,7180,-0.023555234833404878
7181,7181,-0.03146874327349265
7182,7182,-0.1593463047841284
7183,7183,-0.03008927518321003
7184,7184,-0.2376700092559522
7185,7185,-0.186920430040275
7186,7186,-0.031352816505034735
7187,7187,-0.13773663226589689
7188,7188,-0.2401025925933347
7189,7189,-0.10983965080784588
7190,7190,-0.0395936466777873
7191,7191,-0.052964714603831314
7192,7192,-0.01004114374041344
7193,7193,-0.11232663883428731
7194,7194,-0.044878458683208604
7195,7195,-0.01603503342908642
7196,7196,-0.09019753283942449
7197,7197,-0.15483285697087149
7198,7198,-0.06711358203483521
7199,7199,-0.05884484350334522
7200,7200,-0.10026175425175225
7201,7201,-0.006566434555927181
7202,7202,-0.08486889779036828
7203,7203,-0.0016145327842779363
7204,7204,-0.04294472394980685
7205,7205,-0.14143099297348563
7206,7206,-0.020128286822371277
7207,7207,-0.024010517507262255
7208,7208,-0.04469983570429608
7209,7209,-0.11081317050380846
7210,7210,-0.1669396455171488
7211,7211,-0.043803699938759766
7212,7212,-0.10512066933063233
7213,7213,-0.03254477739972651
7214,7214,-0.09365866749128965
7215,7215,-0.06705307767337076
7216,7216,-0.014264117333390464
7217,7217,-0.052620302059978245
7218,7218,-0.034709924429261116
7219,7219,-0.1945483145193821
7220,7220,-0.04567464199808105
7221,7221,-0.08087535711798316
7222,7222,-0.10551073363506021
7223,7223,-0.046333461124452885
7224,7224,-0.019996863608706013
7225,7225,-0.19326600341867153
7226,7226,-0.04384658802802025
7227,7227,-0.03554728012696254
7228,7228,-0.23082792961538845
7229,7229,-0.13337238395650958
7230,7230,-0.0029764387410058705
7231,7231,-0.1100372388433485
7232,7232,-0.12623807531944525
7233,7233,-0.03661084877125816
7234,7234,-0.080580552956834
7235,7235,-0.048143624775852864
7236,7236,-0.044543151492779195
7237,7237,-0.13048153092848253
7238,7238,-0.0006567080382487037
7239,7239,-0.18139342755781476
7240,7240,-0.04718962324616108
7241,7241,-0.006287641108663049
7242,7242,-0.09282079256262624
7243,7243,-0.023492455226499443
7244,7244,-0.03468902762668735
7245,7245,-0.6534310077613203
7246,7246,-0.002611878332876826
7247,7247,-0.02115149784880542
7248,7248,-0.1900136742920811
7249,7249,-0.02590664649737437
7250,7250,-0.008577515255966152
7251,7251,-0.1463753581816622
7252,7252,-0.03121011761067945
7253,7253,-0.13841763079879543
7254,7254,-0.037067008299762366
7255,7255,-0.019837290776018843
7256,7256,-0.07743395022979173
7257,7257,-0.03111099976277198
7258,7258,-0.024559454637911884
7259,7259,-0.06120333431718396
7260,7260,-0.05773530732518283
7261,7261,-0.07644500683336496
7262,7262,-0.11805874578364763
7263,7263,-0.1683088348736275
7264,7264,-0.09017944211998415
7265,7265,-0.06331963495455602
7266,7266,-0.17659235804022236
7267,7267,-0.020470096378504134
7268,7268,-0.05816973906776625
7269,7269,-0.05378601913411591
7270,7270,-0.03720385051637296
7271,7271,-0.090490326177417
7272,7272,-0.007262318540518657
7273,7273,-0.12504606733735812
7274,7274,-0.15790617247246874
7275,7275,-0.1456604594359605
7276,7276,-0.07911750313354966
7277,7277,-0.010235247965728556
7278,7278,-0.1181711728230008
7279,7279,-0.0477850020500176
7280,7280,-0.14574223231612285
7281,7281,-0.035495118738329855
7282,7282,-0.005609375924938733
7283,7283,-0.0706472165473224
7284,7284,-0.02835043933590127
7285,7285,-0.02610909735727308
7286,7286,-0.07362019506643148
7287,7287,-0.1069716537059239
7288,7288,-0.12914037098672992
7289,7289,-0.2545418051196442
7290,7290,-0.0020614167001995758
7291,7291,-0.05434531459262142
7292,7292,-0.11640013431241775
7293,7293,-0.15389021183696838
7294,7294,-0.0850117593756203
7295,7295,-0.1855762725130013
7296,7296,-0.0060723935499458
7297,7297,-0.10939129354536717
7298,7298,-0.030810753748295762
7299,7299,-0.17697892839305224
7300,7300,-0.020134541449920336
7301,7301,-0.03835914383913718
7302,7302,-0.10673704979362246
7303,7303,-0.0372524304810547
7304,7304,-0.02910492101435169
7305,7305,-0.020015821416193968
7306,7306,-0.34259706087999414
7307,7307,-0.06917893524149901
7308,7308,-0.09184742176292518
7309,7309,-0.01847311645785821
7310,7310,-0.006921932621667857
7311,7311,-0.1344621843827066
7312,7312,-0.006139226645818867
7313,7313,-0.19916345677849748
7314,7314,-0.2004383715371289
7315,7315,-0.07679698551055501
7316,7316,-0.029351788176774196
7317,7317,-0.026981153173659775
7318,7318,-0.2300706987529985
7319,7319,-0.1458455175436372
7320,7320,-0.02639522370880863
7321,7321,-0.014868145331831086
7322,7322,-0.04658987980109097
7323,7323,-0.004143110942497405
7324,7324,-0.01053506222885737
7325,7325,-0.04254134703011724
7326,7326,-0.1858802842074513
7327,7327,-0.20850759265262703
7328,7328,-0.0856020080051974
7329,7329,-0.0011487496302836251
7330,7330,-0.00699657104087896
7331,7331,-0.021685848279597755
7332,7332,-0.001420159847181969
7333,7333,-0.03607322096285317
7334,7334,-0.036415931964257936
7335,7335,-0.038799823312412315
7336,7336,-0.01670498291729889
7337,7337,-0.0005094945702710438
7338,7338,-0.0014459642352511442
7339,7339,-0.007691478107369211
7340,7340,-0.03830120675952051
7341,7341,-0.030080326260792944
7342,7342,-0.027474814019870803
7343,7343,-0.03993001346048898
7344,7344,-0.043552043152247345
7345,7345,-0.1312565459129823
7346,7346,-0.04270895853357084
7347,7347,-0.010794486930211813
7348,7348,-0.2979196995832797
7349,7349,-0.000992285776803332
7350,7350,-0.049156753565696654
7351,7351,-0.03244332181146189
7352,7352,-0.08630388983049657
7353,7353,-0.365411227518899
7354,7354,-0.1255530374233666
7355,7355,-0.10632442347886192
7356,7356,-0.2825334999409398
7357,7357,-0.10402288680458587
7358,7358,-0.07318954629167368
7359,7359,-0.013288299692663104
7360,7360,-0.008204898123240665
7361,7361,-0.17988052409655758
7362,7362,-0.06992805133983335
7363,7363,-0.0033248130095684812
7364,7364,-0.016187132984357075
7365,7365,-0.001639597380853687
7366,7366,-0.0627343868171176
7367,7367,-0.04333501259312976
7368,7368,-0.16501806285411386
7369,7369,-0.001019809664123141
7370,7370,-0.01981583794048146
7371,7371,-0.11116099169522374
7372,7372,-0.19992315873261268
7373,7373,-0.13656721424000148
7374,7374,-0.09922403957187928
7375,7375,-0.09142776850007624
7376,7376,-0.14948959255368222
7377,7377,-0.39923445005196073
7378,7378,-0.09013800753949233
7379,7379,-0.023509452916883736
7380,7380,-0.21076041922488664
7381,7381,-0.13547632683149918
7382,7382,-0.17670064585280723
7383,7383,-0.08442046640536402
7384,7384,-0.06692627229705417
7385,7385,-0.005155015185461508
7386,7386,-0.03401966233450586
7387,7387,-0.1229210506625987
7388,7388,-0.006810144331216232
7389,7389,-0.012095557281144474
7390,7390,-0.015441527015030997
7391,7391,-0.0970502870200827
7392,7392,-0.007523240682500276
7393,7393,-0.08094113722378585
7394,7394,-0.26213011697449096
7395,7395,-0.10272775468514375
7396,7396,-0.002978119046392779
7397,7397,-0.002020057525050185
7398,7398,-0.06162152936539261
7399,7399,-0.11277953460532524
7400,7400,-0.051562236223411155
7401,7401,-0.07498293573551311
7402,7402,-0.07779856922414226
7403,7403,-0.010470216253975439
7404,7404,-0.07209555868837851
7405,7405,-0.13151053025444798
7406,7406,-0.004007373572854131
7407,7407,-0.060258326698774074
7408,7408,-0.28900400155895023
7409,7409,-0.07598396691776589
7410,7410,-0.06633381891125376
7411,7411,-0.168818551467972
7412,7412,-0.38844297908144365
7413,7413,-0.10012367547851482
7414,7414,-0.03137829587211618
7415,7415,-0.08966216616179462
7416,7416,-0.08040396071625966
7417,7417,-0.021220689250400847
7418,7418,-0.09210044291442596
7419,7419,-0.028304033697233784
7420,7420,-0.06408886768005212
7421,7421,-0.03291916056591926
7422,7422,-0.08698922827374911
7423,7423,-0.08920327188608032
7424,7424,-0.18795385516613738
7425,7425,-0.05943486698844348
7426,7426,-0.013468139661972021
7427,7427,-0.2070948426927115
7428,7428,-0.0319819984595275
7429,7429,-0.06067708907272952
7430,7430,-0.025182157498581773
7431,7431,-0.08129570418509088
7432,7432,-0.19389823075510063
7433,7433,-0.3269180621320324
7434,7434,-0.015412151029841883
7435,7435,-0.22483294903287432
7436,7436,-0.31334645240546966
7437,7437,-0.06680474555555316
7438,7438,-0.06471105645354235
7439,7439,-0.03815048201282837
7440,7440,-0.18468574718954325
7441,7441,-0.015542495883345275
7442,7442,-0.01592683563185978
7443,7443,-0.2759407790667576
7444,7444,-0.05648817418864938
7445,7445,-0.07605391034599197
7446,7446,-0.31540123382556967
7447,7447,-0.01745755932886854
7448,7448,-0.19851437684311316
7449,7449,-0.001464618336000621
7450,7450,-0.28824286638076785
7451,7451,-0.07485477083664077
7452,7452,-0.018412201944360863
7453,7453,-0.07601215679694097
7454,7454,-0.09989497862523045
7455,7455,-0.051404731148921634
7456,7456,-0.052361554464968485
7457,7457,-0.0016071460945286692
7458,7458,-0.19161435497768475
7459,7459,-0.24579116783356653
7460,7460,-0.03833286842054689
7461,7461,-0.016237534722068993
7462,7462,-0.155307801537311
7463,7463,-0.042054605990730735
7464,7464,-0.007677919153574848
7465,7465,-0.09476536036201723
7466,7466,-0.0541115523495001
7467,7467,-0.008304889201488017
7468,7468,-0.057267382537844365
7469,7469,-0.01397140464311545
7470,7470,-0.040818721701064486
7471,7471,-0.08640358734887901
7472,7472,-0.025344820069809336
7473,7473,-0.08993365319211113
7474,7474,-0.08504193324124931
7475,7475,-0.003220395306496362
7476,7476,-0.10266436576733984
7477,7477,-0.02444220876322062
7478,7478,-0.031404312686354185
7479,7479,-0.14975251290546893
7480,7480,-0.02518254554083763
7481,7481,-0.01197764335356931
7482,7482,-0.18502351457835886
7483,7483,-0.00926649358890412
7484,7484,-0.042691998458069084
7485,7485,-0.01951341607269546
7486,7486,-0.051337323636356035
7487,7487,-0.05863679901838681
7488,7488,-0.0185061033740633
7489,7489,-0.0755028047529164
7490,7490,-0.1026198464121197
7491,7491,-0.040892825070037206
7492,7492,-0.1119442397783488
7493,7493,-0.04838100730887838
7494,7494,-0.11995818567093092
7495,7495,-0.08842054493868194
7496,7496,-0.02647666740637549
7497,7497,-0.16414383052309905
7498,7498,-0.0680107818404302
7499,7499,-0.019268650976968952
7500,7500,-0.09495840175717835
7501,7501,-0.08632994837038174
7502,7502,-0.029821466462054018
7503,7503,-0.016327203875179996
7504,7504,-0.1327886837007606
7505,7505,-0.05746363746075502
7506,7506,-0.43505503988507654
7507,7507,-0.22441205678229725
7508,7508,-0.06989249479852147
7509,7509,-0.19751309203299436
7510,7510,-0.2082054497835305
7511,7511,-0.053531459408664155
7512,7512,-0.07697051704838873
7513,7513,-0.0018738260712638866
7514,7514,-0.01649498052635209
7515,7515,-0.0435451767279053
7516,7516,-0.0006102054684008744
7517,7517,-0.008760601779971965
7518,7518,-0.0890038464966584
7519,7519,-0.22824292678423055
7520,7520,-0.0063938338687280945
7521,7521,-0.00683799335070799
7522,7522,-0.13133044487455242
7523,7523,-0.09089019021720118
7524,7524,-0.16487498110075408
7525,7525,-0.05428073914033576
7526,7526,-0.03923843680218767
7527,7527,-0.058398861168686485
7528,7528,-0.10971327237142603
7529,7529,-0.03467909193275658
7530,7530,-0.04787099197601605
7531,7531,-0.14348296689206175
7532,7532,-0.21815309082396356
7533,7533,-0.061032175938148976
7534,7534,-0.025559621580880296
7535,7535,-0.06126168595507471
7536,7536,-0.05029023697432418
7537,7537,-0.01698665835278644
7538,7538,-0.11502950907479649
7539,7539,-0.011565430508477978
7540,7540,-0.07838983339227507
7541,7541,-0.07866140461717182
7542,7542,-0.08604677251484363
7543,7543,-0.0887563547179575
7544,7544,-0.019173031044073047
7545,7545,-4.158570022373493e-05
7546,7546,-0.005996201671166863
7547,7547,-0.08153811798898396
7548,7548,-0.09568385815214492
7549,7549,-0.0019715962563475516
7550,7550,-0.035173978158261995
7551,7551,-0.08512820774627834
7552,7552,-0.025582291482169738
7553,7553,-0.06649860122489556
7554,7554,-0.15453018055932485
7555,7555,-0.08427580799830184
7556,7556,-0.0067861056177441845
7557,7557,-0.15029514651212902
7558,7558,-0.10490905336936103
7559,7559,-0.041097246742223106
7560,7560,-0.06565333905407181
7561,7561,-0.10120693409539797
7562,7562,-0.09528208544898273
7563,7563,-0.020591094050930348
7564,7564,-0.12029183856935603
7565,7565,-0.013113170879537759
7566,7566,-0.005440203375314527
7567,7567,-0.08241209973398965
7568,7568,-0.01619729588262595
7569,7569,-0.14574217410091753
7570,7570,-0.08926412140572415
7571,7571,-0.0527198677898468
7572,7572,-0.18094367081278862
7573,7573,-0.24347739831312531
7574,7574,-0.02486051295818787
7575,7575,-0.1931586748852749
7576,7576,-0.18912653151890077
7577,7577,-0.4088787681506812
7578,7578,-0.024986346029427488
7579,7579,-0.13250870221706745
7580,7580,-0.08420190596096672
7581,7581,-0.013962708681633962
7582,7582,-0.14527056729318652
7583,7583,-0.04465605999801011
7584,7584,-0.035885186019466414
7585,7585,-0.007800123366922407
7586,7586,-0.11092678547572976
7587,7587,-0.031898752295751114
7588,7588,-0.0353008938727119
7589,7589,-0.013529420454425569
7590,7590,-0.04205494688762333
7591,7591,-0.07076422269963245
7592,7592,-0.003755398550984844
7593,7593,-0.026784058144408294
7594,7594,-0.05629604402767429
7595,7595,-0.2675208673301408
7596,7596,-0.058515863340250315
7597,7597,-0.0756444715131013
7598,7598,-0.0369725293073785
7599,7599,-0.014856936215640236
7600,7600,-0.001446996722378571
7601,7601,-0.35498548128337015
7602,7602,-0.1454828845632626
7603,7603,-0.11374373858059195
7604,7604,-0.0862029479658733
7605,7605,-0.09237041456993722
7606,7606,-0.0643908300323152
7607,7607,-0.028486661530939344
7608,7608,-0.011925849837104494
7609,7609,-0.2012547762401526
7610,7610,-0.1588755046458831
7611,7611,-0.09894412172608706
7612,7612,-0.10875860997785695
7613,7613,-0.08298814195202435
7614,7614,-0.09129442194661089
7615,7615,-0.26650359991471734
7616,7616,-0.09993643499480742
7617,7617,-0.23507869752487043
7618,7618,-0.2230488924233463
7619,7619,-0.16390117495560805
7620,7620,-0.0949973480115701
7621,7621,-0.12268070792229845
7622,7622,-0.09353152492431455
7623,7623,-0.029365877563966504
7624,7624,-0.06103808420008482
7625,7625,-0.02715223850200999
7626,7626,-0.057689523116930486
7627,7627,-0.23256000277587804
7628,7628,-0.10452081209400757
7629,7629,-0.12651653449979508
7630,7630,-0.10479383594417867
7631,7631,-0.08581283953733487
7632,7632,-0.3909535242649842
7633,7633,-0.04353945217744562
7634,7634,-0.13228367241975086
7635,7635,-0.03415625741181361
7636,7636,-0.0411346328372782
7637,7637,-0.11751304133899584
7638,7638,-0.05755530229010582
7639,7639,-0.061942603265671074
7640,7640,-0.34860729007251257
7641,7641,-0.03913951768361325
7642,7642,-0.08481167211520599
7643,7643,-0.017941821111968126
7644,7644,-0.02268916323021745
7645,7645,-0.02374253801407263
7646,7646,-0.04378110924270347
7647,7647,-0.06235723277156508
7648,7648,-0.06365123018501216
7649,7649,-0.011389530438682906
7650,7650,-0.01349136987293797
7651,7651,-0.20512943535769615
7652,7652,-0.101957451054911
7653,7653,-0.08928872140104144
7654,7654,-0.013608982275464946
7655,7655,-0.13922790435142468
7656,7656,-0.005548244482296802
7657,7657,-0.16099137275847278
7658,7658,-0.01195527287182209
7659,7659,-0.028915315992658588
7660,7660,-0.14408503048488522
7661,7661,-0.02249806403573115
7662,7662,-0.020624172176236993
7663,7663,-0.007178796929933365
7664,7664,-0.14168463095124362
7665,7665,-0.1377358627474486
7666,7666,-0.03141178217726451
7667,7667,-0.1895224039422585
7668,7668,-0.03811915703095249
7669,7669,-0.06210791949973547
7670,7670,-0.057480163021167596
7671,7671,-0.07647166006567077
7672,7672,-0.12991574216764834
7673,7673,-0.014497986871613348
7674,7674,-0.039091000097509404
7675,7675,-0.24816180718546105
7676,7676,-0.32262964805776384
7677,7677,-0.07282351757385626
7678,7678,-0.027747726351310325
7679,7679,-0.0036091868405235547
7680,7680,-0.16302519141761382
7681,7681,-0.09847642698535584
7682,7682,-0.055110994329536034
7683,7683,-0.13642852030819888
7684,7684,-0.06740041498861604
7685,7685,-0.004292167812745808
7686,7686,-0.3541802919211732
7687,7687,-0.21083279727500234
7688,7688,-0.06705199298614112
7689,7689,-0.08796935071786474
7690,7690,-0.26631101582604444
7691,7691,-0.4706060351742563
7692,7692,-0.05724320042623343
7693,7693,-0.01831467551806017
7694,7694,-0.04020677935936335
7695,7695,-0.04496859809996556
7696,7696,-0.5412445659476857
7697,7697,-0.11873693884147715
7698,7698,-0.010624380111975617
7699,7699,-0.1183433234620016
7700,7700,-0.012764545627749063
7701,7701,-0.1526180532712969
7702,7702,-0.16055915037581953
7703,7703,-0.1643364008708423
7704,7704,-0.08857594636367469
7705,7705,-0.10092770282728387
7706,7706,-0.14230655940458475
7707,7707,-0.00114512013992422
7708,7708,-0.044082992520718664
7709,7709,-0.039924627171647756
7710,7710,-0.0048297451912622
7711,7711,-0.038101798016630536
7712,7712,-0.17073546455135924
7713,7713,-0.09018691961263961
7714,7714,-0.12100333355386367
7715,7715,-0.05370419000515975
7716,7716,-0.006281936957809509
7717,7717,-0.16209775315019198
7718,7718,-0.018196093236135042
7719,7719,-0.012355447818335284
7720,7720,-0.03556916561578035
7721,7721,-0.06525995590441638
7722,7722,-0.19366105846887202
7723,7723,-0.39702892892470254
7724,7724,-0.03320547461249004
7725,7725,-0.0656147518481091
7726,7726,-0.04705180221710425
7727,7727,-0.074872095167802
7728,7728,-0.0432071440252106
7729,7729,-0.003623032508316291
7730,7730,-0.24741998497868492
7731,7731,-0.00026566819010510076
7732,7732,-0.05643681017186475
7733,7733,-0.04269231345098111
7734,7734,-0.20787910329446072
7735,7735,-0.010465023116211246
7736,7736,-0.36943985866267914
7737,7737,-0.06147485123638492
7738,7738,-0.1910214317548964
7739,7739,-0.09037876730356889
7740,7740,-0.019158751691562385
7741,7741,-0.1092224154677158
7742,7742,-0.15062906054215042
7743,7743,-0.09247308060538255
7744,7744,-0.13372333537367792
7745,7745,-0.17949101884540375
7746,7746,-0.06055807343536871
7747,7747,-0.005488042230606124
7748,7748,-0.04603104232858164
7749,7749,-0.05542408385901721
7750,7750,-0.12112580002743117
7751,7751,-0.008462228360344718
7752,7752,-0.03973291864247518
7753,7753,-0.015533711670345215
7754,7754,-0.04432306857408914
7755,7755,-0.03202825341766467
7756,7756,-0.05360597906284824
7757,7757,-0.0990752675079974
7758,7758,-0.39000119697699837
7759,7759,-0.012407180399549788
7760,7760,-0.10054921223503968
7761,7761,-0.047690735970922195
7762,7762,-0.11801653739983552
7763,7763,-0.08166752783697462
7764,7764,-0.020538154305052396
7765,7765,-0.14299905812923908
7766,7766,-0.036546934482709285
7767,7767,-0.05430184506506128
7768,7768,-0.07707539473914239
7769,7769,-0.07046348800659111
7770,7770,-0.01748951093835176
7771,7771,-0.012201278932685638
7772,7772,-0.007172578083964792
7773,7773,-0.15023313986631137
7774,7774,-0.017975954587107247
7775,7775,-0.09643839095815836
7776,7776,-0.08090154848510267
7777,7777,-0.08195897308926862
7778,7778,-0.05522389512073024
7779,7779,-0.0011171857061896982
7780,7780,-0.06865443260001809
7781,7781,-0.277959066395527
7782,7782,-0.24342448373292802
7783,7783,-0.029854974782990037
7784,7784,-0.10981719761727986
7785,7785,-0.1829671783611635
7786,7786,-0.06546379274244707
7787,7787,-0.11112908957217024
7788,7788,-0.07315839489159434
7789,7789,-0.14198075233826601
7790,7790,-0.05709936865348605
7791,7791,-0.031192999931885727
7792,7792,-0.06889194113254435
7793,7793,-0.09444775817055978
7794,7794,-0.05725331545651659
7795,7795,-0.07030150177210998
7796,7796,-0.08597618518992992
7797,7797,-0.03635428416157189
7798,7798,-0.06397728833545609
7799,7799,-0.060581161519014354
7800,7800,-0.027525419174349336
7801,7801,-0.023163239595863732
7802,7802,-0.010539314715587757
7803,7803,-0.07421581120387313
7804,7804,-0.089427255411903
7805,7805,-0.015363704627606561
7806,7806,-0.16281006835286538
7807,7807,-0.18420880341575346
7808,7808,-0.26889074058808554
7809,7809,-0.05859296436829525
7810,7810,-0.058552768045089514
7811,7811,-0.2817233094169182
7812,7812,-0.03646574018573559
7813,7813,-0.14450844577486982
7814,7814,-0.07606885166414222
7815,7815,-0.16177214751191168
7816,7816,-0.1645496666762539
7817,7817,-0.05189666377070716
7818,7818,-0.13788560235005692
7819,7819,-0.13945946208678617
7820,7820,-0.009838300240328175
7821,7821,-0.029445395973784573
7822,7822,-0.09748786986191835
7823,7823,-0.09009413622976563
7824,7824,-0.08503831094249778
7825,7825,-0.06124035053032163
7826,7826,-0.0032827586140050046
7827,7827,-0.17680923427190112
7828,7828,-0.09926002908262524
7829,7829,-0.046828125581201016
7830,7830,-0.005973619120078573
7831,7831,-0.0899587367080574
7832,7832,-0.1366441597395628
7833,7833,-0.15107455993610128
7834,7834,-0.02806170076155303
7835,7835,-0.006899108117121047
7836,7836,-0.02373170192663412
7837,7837,-0.022236209405750836
7838,7838,-0.026229485609638184
7839,7839,-0.003993456652885627
7840,7840,-0.03807930092220536
7841,7841,-0.24747638470499023
7842,7842,-0.02302506177584534
7843,7843,-0.14803805359193262
7844,7844,-0.08660706703148105
7845,7845,-0.11685948066349562
7846,7846,-0.0853378014442907
7847,7847,-0.028038335060053998
7848,7848,-0.011857974645409313
7849,7849,-0.10095834634363236
7850,7850,-0.02174658319505464
7851,7851,-0.14746284768920878
7852,7852,-0.025075769677244914
7853,7853,-0.1485632571090182
7854,7854,-0.04659454191726786
7855,7855,-0.05982749557944575
7856,7856,-0.11217308490908491
7857,7857,-0.020107745469529353
7858,7858,-0.09476734712653287
7859,7859,-0.027498912592821795
7860,7860,-0.052370649884589504
7861,7861,-0.11564142428129061
7862,7862,-0.25587456799101277
7863,7863,-0.23548003806090656
7864,7864,-0.01574514947642114
7865,7865,-0.002200026330152275
7866,7866,-0.10567016600793605
7867,7867,-0.006172562420883865
7868,7868,-0.018448045817016624
7869,7869,-0.11086502206864145
7870,7870,-0.1353234396961429
7871,7871,-0.04058374339843458
7872,7872,-0.32682254090454776
7873,7873,-0.005654708425562396
7874,7874,-0.0906461915040754
7875,7875,-0.057698960881216885
7876,7876,-0.05874605143414164
7877,7877,-0.08718494007100429
7878,7878,-0.03394777579902945
7879,7879,-0.3848026846455015
7880,7880,-0.038870816055213954
7881,7881,-0.015250998776608
7882,7882,-0.003442723082434509
7883,7883,-0.05796731198674035
7884,7884,-0.2503259692734986
7885,7885,-0.01209843750845237
7886,7886,-0.01768440129671718
7887,7887,-0.24279966462685132
7888,7888,-0.00420847427489556
7889,7889,-0.16230328064731292
7890,7890,-0.06572969437761375
7891,7891,-0.03902077711392313
7892,7892,-0.007608079295464893
7893,7893,-0.019237621323564658
7894,7894,-0.007600835829990365
7895,7895,-0.013906061153187632
7896,7896,-0.27199117338964307
7897,7897,-0.17338363179366512
7898,7898,-0.04050294827399694
7899,7899,-0.12412206602684617
7900,7900,-0.061594276195109286
7901,7901,-0.042498768644144966
7902,7902,-0.03834482422497812
7903,7903,-0.3300630143411802
7904,7904,-0.03500862497407428
7905,7905,-0.008329184152726547
7906,7906,-0.012161035774803526
7907,7907,-0.12266666099239901
7908,7908,-0.06180748112622944
7909,7909,-0.1202476780481076
7910,7910,-0.21056711737424022
7911,7911,-0.08533722051418235
7912,7912,-0.0002881028527024517
7913,7913,-0.016274243104774086
7914,7914,-0.02015645753159949
7915,7915,-0.189431372008472
7916,7916,-0.0694562500851457
7917,7917,-0.001793100319013806
7918,7918,-0.19112792060386005
7919,7919,-0.6568912652111172
7920,7920,-0.023071360284987102
7921,7921,-0.10843016419517826
7922,7922,-0.03335987586526027
7923,7923,-0.015452859181883126
7924,7924,-0.06500358623553112
7925,7925,-0.2914520907199284
7926,7926,-0.32090978513133606
7927,7927,-0.009850983401663406
7928,7928,-0.07779982728558997
7929,7929,-0.1950748161312082
7930,7930,-0.03289325477849775
7931,7931,-0.15575598526346754
7932,7932,-0.045113126532839345
7933,7933,-0.055421952775602745
7934,7934,-0.035344182192400105
7935,7935,-0.043069422263112146
7936,7936,-0.2699237444612651
7937,7937,-0.08453109629735114
7938,7938,-0.19264732334644713
7939,7939,-0.10332916707354484
7940,7940,-0.1700369391304985
7941,7941,-0.12715957398053104
7942,7942,-0.07496394905788015
7943,7943,-0.014598081414404607
7944,7944,-0.25069026526121996
7945,7945,-0.004005390510938013
7946,7946,-0.04368247471613992
7947,7947,-0.055660938031708435
7948,7948,-0.03686322653261409
7949,7949,-0.21815215814855388
7950,7950,-0.12186603246387805
7951,7951,-0.049039095877126765
7952,7952,-0.19862824769955462
7953,7953,-0.23859149960136455
7954,7954,-0.1231626596637602
7955,7955,-0.039157572456815795
7956,7956,-0.1523442716245368
7957,7957,-0.052643482813912124
7958,7958,-0.036214090212291154
7959,7959,-0.10728364468153288
7960,7960,-0.09973623853957078
7961,7961,-0.003605157889739271
7962,7962,-0.05501250754475986
7963,7963,-0.07959172157824111
7964,7964,-0.2567633065595678
7965,7965,-0.03414015930387421
7966,7966,-0.01154118311506981
7967,7967,-0.09277893984249569
7968,7968,-0.04167117205878948
7969,7969,-0.00823644199488491
7970,7970,-0.21476903717017917
7971,7971,-0.0449033703981974
7972,7972,-0.01622814041776459
7973,7973,-0.2887953253708696
7974,7974,-0.09898504299313828
7975,7975,-0.05866673424898461
7976,7976,-0.029267089692497823
7977,7977,-0.09566515977867006
7978,7978,-0.14073121316357562
7979,7979,-0.17041135048734996
7980,7980,-0.10501827105705278
7981,7981,-0.2814636646181569
7982,7982,-0.004465492696982211
7983,7983,-0.12755942424593958
7984,7984,-0.12243421730504583
7985,7985,-0.09834560262932089
7986,7986,-0.07940554932038962
7987,7987,-0.024407331341578097
7988,7988,-0.0032333153704366046
7989,7989,-0.14708069785435288
7990,7990,-0.03929876146108781
7991,7991,-0.15527950944172964
7992,7992,-0.13028871572247677
7993,7993,-0.08610190570835184
7994,7994,-0.028396858819974995
7995,7995,-0.010506143775268414
7996,7996,-0.2250356421592452
7997,7997,-0.02321263148149453
7998,7998,-0.008651053021699816
7999,7999,-0.030168681333260096
8000,8000,-0.145398564851555
8001,8001,-0.16481622785970243
8002,8002,-0.06873216699952636
8003,8003,-0.003928507046708885
8004,8004,-0.24751077608318695
8005,8005,-0.00870318070543622
8006,8006,-0.1744278317768319
8007,8007,-0.046057197633911987
8008,8008,-0.029395834047127017
8009,8009,-0.030718510972578307
8010,8010,-0.03975008577219012
8011,8011,-0.010377441661019709
8012,8012,-0.14436865470694205
8013,8013,-0.2618144454250096
8014,8014,-0.19490199704837718
8015,8015,-0.009698123080194108
8016,8016,-0.01784894573137794
8017,8017,-0.0215038160905845
8018,8018,-0.04228542356330239
8019,8019,-0.20408665136503765
8020,8020,-0.014260244786921148
8021,8021,-0.007609478021052045
8022,8022,-0.016156529525888856
8023,8023,-0.20854223760715612
8024,8024,-0.0452072548559905
8025,8025,-0.04559704836495709
8026,8026,-0.09943984848594178
8027,8027,-0.093297054690928
8028,8028,-7.973680348273203e-05
8029,8029,-0.009208215975044372
8030,8030,-0.010172289520596713
8031,8031,-0.008638915715360731
8032,8032,-0.08898439089505401
8033,8033,-0.0017025915773524812
8034,8034,-0.23732150900759158
8035,8035,-0.04661857619965091
8036,8036,-0.15103948702991257
8037,8037,-0.06417022541022364
8038,8038,-0.00704953827109563
8039,8039,-0.22517097011771475
8040,8040,-0.02539039255649114
8041,8041,-0.009073884934562107
8042,8042,-0.05537564884292518
8043,8043,-0.020707624949556927
8044,8044,-0.13187683846560866
8045,8045,-0.03331162389954469
8046,8046,-0.06908668026521683
8047,8047,-0.03838652443243886
8048,8048,-0.1475393547414934
8049,8049,-0.006534953613302386
8050,8050,-0.06420764091871177
8051,8051,-0.00909546757653249
8052,8052,-0.031229509078257087
8053,8053,-0.08020308811993876
8054,8054,-0.0055869354213924265
8055,8055,-0.1778804529579346
8056,8056,-0.007168439659754427
8057,8057,-0.12935477160878806
8058,8058,-0.054094253096785325
8059,8059,-0.08447731099318864
8060,8060,-0.1267533250219431
8061,8061,-0.10916361129409852
8062,8062,-0.09837727532773145
8063,8063,-0.03962568631540547
8064,8064,-0.1382301969835987
8065,8065,-0.030172835374231058
8066,8066,-0.23297884146624898
8067,8067,-0.028492286318715213
8068,8068,-0.02009667064684345
8069,8069,-0.006076531135957103
8070,8070,-0.05532694837147699
8071,8071,-0.14622263884324588
8072,8072,-0.019258229418759976
8073,8073,-0.14953052839250483
8074,8074,-0.0024692146630708226
8075,8075,-0.20857681535525116
8076,8076,-0.06658247805999817
8077,8077,-0.05053030639297442
8078,8078,-0.06145601947290746
8079,8079,-0.004240202149470687
8080,8080,-0.05559930039286991
8081,8081,-0.14193810930526918
8082,8082,-0.24602313974655066
8083,8083,-0.011497902969366924
8084,8084,-0.05230597519603087
8085,8085,-0.003922717160233993
8086,8086,-0.08594434738499727
8087,8087,-0.05795700506649041
8088,8088,-0.08092122514056807
8089,8089,-0.05957566772556559
8090,8090,-0.060636919966062235
8091,8091,-0.09288403511526508
8092,8092,-0.2900085222650303
8093,8093,-0.10611287043344628
8094,8094,-0.04062624853137704
8095,8095,-0.18221200933943252
8096,8096,-0.031170468936591318
8097,8097,-0.017848887850909934
8098,8098,-0.3217045676824236
8099,8099,-0.10235061449954508
8100,8100,-0.08837595308715943
8101,8101,-0.012145221678916556
8102,8102,-0.11360238118776271
8103,8103,-0.00992270063774371
8104,8104,-0.32913002329585994
8105,8105,-0.008244035898047232
8106,8106,-0.08021288891161736
8107,8107,-0.026745727352232625
8108,8108,-0.052235405703073466
8109,8109,-0.009848393153903052
8110,8110,-0.23917764275640202
8111,8111,-0.024298806448435562
8112,8112,-0.0018151266283415871
8113,8113,-0.10112194259752397
8114,8114,-0.011257475620162626
8115,8115,-0.03639565691029339
8116,8116,-0.02133366395938424
8117,8117,-0.01187976264334505
8118,8118,-0.07702025246677816
8119,8119,-0.0006634636444930054
8120,8120,-0.09181586255539934
8121,8121,-0.013605864114702864
8122,8122,-0.07830088165753077
8123,8123,-0.25772288390212283
8124,8124,-0.002574688112736983
8125,8125,-0.12014959568942002
8126,8126,-0.06120374127217254
8127,8127,-0.37881531952777747
8128,8128,-0.12400814068994095
8129,8129,-0.07001388746942419
8130,8130,-0.10616638909956341
8131,8131,-0.04670738426656661
8132,8132,-0.04374449865735981
8133,8133,-0.012018089079775012
8134,8134,-0.14334068208854445
8135,8135,-0.053902555288112254
8136,8136,-0.016128991853862722
8137,8137,-0.138453243946883
8138,8138,-0.11245720718290365
8139,8139,-0.11192165665414776
8140,8140,-0.3023726250481794
8141,8141,-0.047064189288626636
8142,8142,-0.024069764659830382
8143,8143,-0.08848448850460852
8144,8144,-0.010027258884844936
8145,8145,-0.020878284399156732
8146,8146,-0.02252763212231597
8147,8147,-0.19144542876620219
8148,8148,-0.07960157208301014
8149,8149,-0.04918459905680593
8150,8150,-0.10564167123103671
8151,8151,-0.12287043210378273
8152,8152,-0.12769772535255747
8153,8153,-0.15166614117157787
8154,8154,-0.10733255079018053
8155,8155,-0.019242081262671
8156,8156,-0.024060216802170825
8157,8157,-0.09241723506812159
8158,8158,-0.05201620045203462
8159,8159,-0.00162375694498423
8160,8160,-0.08287769153342149
8161,8161,-0.04412786450633767
8162,8162,-0.036015251602866935
8163,8163,-0.014895571422260731
8164,8164,-0.013710818972621974
8165,8165,-0.08846952387609985
8166,8166,-0.10552271946328905
8167,8167,-0.030796432383224007
8168,8168,-0.08620016525712604
8169,8169,-0.07840605849761348
8170,8170,-0.003935222112977971
8171,8171,-0.016766833695151147
8172,8172,-0.07104468243033898
8173,8173,-0.0871604785416292
8174,8174,-0.10463029456425446
8175,8175,-0.09808666566419239
8176,8176,-0.3876297873402182
8177,8177,-0.5567022345134691
8178,8178,-0.0501364937334608
8179,8179,-0.08186758837084082
8180,8180,-0.202199350528637
8181,8181,-0.010605016861620145
8182,8182,-0.01195905036196961
8183,8183,-0.035327941160426035
8184,8184,-0.20666908131608946
8185,8185,-0.0016100444889686556
8186,8186,-0.023138372237242633
8187,8187,-0.1698880387095969
8188,8188,-0.15311015911810397
8189,8189,-0.17129537147389534
8190,8190,-0.041734473111285114
8191,8191,-0.17685727799061002
8192,8192,-0.025698485543405213
8193,8193,-0.015468294946160182
8194,8194,-0.0041256588687010555
8195,8195,-0.07859451817023573
8196,8196,-0.0170496334728672
8197,8197,-0.04869618276403218
8198,8198,-0.012117330906636272
8199,8199,-0.03176531325425065
8200,8200,-0.3956432526402545
8201,8201,-0.02621991557283732
8202,8202,-0.020566118123089217
8203,8203,-0.005586808217255903
8204,8204,-0.2529556022625295
8205,8205,-0.39894231678348213
8206,8206,-0.0525943355271947
8207,8207,-0.012924093602229614
8208,8208,-0.0029459530609277996
8209,8209,-0.04948683708404708
8210,8210,-0.017477131572451676
8211,8211,-0.006937270426173434
8212,8212,-0.010059937874195112
8213,8213,-0.21543897629125702
8214,8214,-0.04518458964778853
8215,8215,-0.015590202295776642
8216,8216,-0.08473995177548765
8217,8217,-0.0921667397532492
8218,8218,-0.1091841102876427
8219,8219,-0.00846089005312883
8220,8220,-0.07916080040455126
8221,8221,-0.06793264753209655
8222,8222,-0.07216061326562423
8223,8223,-0.004446754893973253
8224,8224,-0.05839868279772534
8225,8225,-0.014828901823725583
8226,8226,-0.079941109380651
8227,8227,-0.07422653681701695
8228,8228,-0.0542420835631649
8229,8229,-0.15329670363475711
8230,8230,-0.21137235416205452
8231,8231,-0.10008400958090928
8232,8232,-0.07524805958681516
8233,8233,-0.23996674269773735
8234,8234,-0.03015300331779691
8235,8235,-0.05032993670400026
8236,8236,-0.06117814632757647
8237,8237,-0.05765111391323732
8238,8238,-0.03937993751152723
8239,8239,-0.10262969492796403
8240,8240,-0.005928674875021517
8241,8241,-0.0010911823774970878
8242,8242,-0.2366734657254756
8243,8243,-0.22047474499744446
8244,8244,-0.128034532686492
8245,8245,-0.08883465509021202
8246,8246,-0.10474211597524813
8247,8247,-0.05474098313180141
8248,8248,-0.05165550653199809
8249,8249,-0.03618308720939744
8250,8250,-0.17589069987464534
8251,8251,-0.0624303841294208
8252,8252,-0.009239968463800954
8253,8253,-0.05342900730770023
8254,8254,-0.15464912527898453
8255,8255,-0.025508486222972717
8256,8256,-0.0021422435625836856
8257,8257,-0.06264219924260189
8258,8258,-0.20656117637312651
8259,8259,-0.2316279938165469
8260,8260,-0.0006138951412052421
8261,8261,-0.1530173591238368
8262,8262,-0.06449359246809093
8263,8263,-0.015938876919358434
8264,8264,-0.1426869311925286
8265,8265,-0.03594099953618088
8266,8266,-0.06945060709639235
8267,8267,-0.043692597634973206
8268,8268,-0.0047973952602953784
8269,8269,-0.04370292760951361
8270,8270,-0.11616934227586595
8271,8271,-0.0033277564233963725
8272,8272,-0.011764811906932246
8273,8273,-0.26163547749162774
8274,8274,-0.10487235804292397
8275,8275,-0.07096322621824927
8276,8276,-0.14962933475290807
8277,8277,-0.14093908464391258
8278,8278,-0.00501715965112499
8279,8279,-0.0005384198719263082
8280,8280,-0.004435027292397117
8281,8281,-0.02641031818716677
8282,8282,-0.06330081711352048
8283,8283,-0.20869045356077187
8284,8284,-0.15606951215680648
8285,8285,-0.16609844562279968
8286,8286,-0.0248448898497607
8287,8287,-0.047265297965819894
8288,8288,-0.2666753459271045
8289,8289,-0.2698971187615598
8290,8290,-0.03082201445131246
8291,8291,-0.035118465731517494
8292,8292,-0.783793790691206
8293,8293,-0.08793377597750607
8294,8294,-0.1186813886902047
8295,8295,-0.19738185025090046
8296,8296,-0.057965630327003165
8297,8297,-0.014682376592886659
8298,8298,-0.009405933405201357
8299,8299,-0.09566400479751298
8300,8300,-0.20526010597875305
8301,8301,-0.1053942431645924
8302,8302,-0.06762214890511065
8303,8303,-0.07177456822033372
8304,8304,-0.21805517960108098
8305,8305,-0.12310539778126948
8306,8306,-0.03279768060186682
8307,8307,-0.23382650926886936
8308,8308,-0.023312496174562207
8309,8309,-0.07439048523921432
8310,8310,-0.1165582302042584
8311,8311,-0.03182436237425304
8312,8312,-0.10741262770857726
8313,8313,-0.08265417382490335
8314,8314,-0.11462411028315983
8315,8315,-0.003256778074770891
8316,8316,-0.02386274717511188
8317,8317,-0.2525505963702645
8318,8318,-0.03570595995532427
8319,8319,-0.10879660121027487
8320,8320,-0.014993094637182545
8321,8321,-0.08889477472132559
8322,8322,-0.002333478473021818
8323,8323,-0.018771289189104826
8324,8324,-0.2900681922831725
8325,8325,-0.011280509174064816
8326,8326,-0.1732988829690011
8327,8327,-0.11143339629345905
8328,8328,-0.2622316056336001
8329,8329,-0.022951684207920982
8330,8330,-0.06308930893745196
8331,8331,-0.3518549838666491
8332,8332,-0.05567459732920728
8333,8333,-0.05005067165401268
8334,8334,-0.06834463847425028
8335,8335,-0.012632831828050615
8336,8336,-0.08761276493632388
8337,8337,-0.020869056156143127
8338,8338,-0.2446662302568351
8339,8339,-0.1571516717108904
8340,8340,-0.2365973320150236
8341,8341,-0.01380174207304278
8342,8342,-0.03345723980878739
8343,8343,-0.017703998358647936
8344,8344,-0.02388520383647029
8345,8345,-0.08231015703254034
8346,8346,-0.04494639178214756
8347,8347,-0.03968165966643829
8348,8348,-0.06223098802269682
8349,8349,-0.021119898199589565
8350,8350,-0.08410543547522698
8351,8351,-0.01450536383185868
8352,8352,-0.011419560476305204
8353,8353,-0.07112406785773087
8354,8354,-0.09700205400131333
8355,8355,-0.4038765673147831
8356,8356,-0.002817574938709672
8357,8357,-0.07877086379329212
8358,8358,-0.10864381696230195
8359,8359,-0.003428095694991949
8360,8360,-0.08784612862224007
8361,8361,-0.05607088101475377
8362,8362,-0.017853760064990665
8363,8363,-0.09562819172646647
8364,8364,-0.025329986852993307
8365,8365,-0.032286116800097575
8366,8366,-0.043667685491591286
8367,8367,-0.05182463889114785
8368,8368,-0.17791307501054482
8369,8369,-0.17461609796557254
8370,8370,-0.047134430253333956
8371,8371,-0.061692143605888
8372,8372,-0.250971958179838
8373,8373,-0.2035594980339652
8374,8374,-0.05680149521761489
8375,8375,-0.14049140732705953
8376,8376,-0.06585060632279252
8377,8377,-0.06500945988510981
8378,8378,-0.004987138522898037
8379,8379,-0.37476440722821075
8380,8380,-0.35850961344564397
8381,8381,-0.2324851008357736
8382,8382,-0.06787558561164446
8383,8383,-0.18496087844578057
8384,8384,-0.25806320511563235
8385,8385,-0.02565277911526016
8386,8386,-0.004433225262864734
8387,8387,-0.022755898317725093
8388,8388,-0.16181816196887844
8389,8389,-0.433646522720268
8390,8390,-0.012299366547400199
8391,8391,-0.06255072046679774
8392,8392,-0.04073577086215948
8393,8393,-0.027628158765153038
8394,8394,-0.0701081966158656
8395,8395,-0.07235777018124627
8396,8396,-0.06799834396311137
8397,8397,-0.1923292598128994
8398,8398,-0.03473562202559506
8399,8399,-0.09026059488344126
8400,8400,-0.03960955810276474
8401,8401,-0.12914338558982968
8402,8402,-0.04067628426969717
8403,8403,-0.028449808821309902
8404,8404,-0.05899401107150564
8405,8405,-0.0876386598623216
8406,8406,-0.07038896866306255
8407,8407,-0.01178296133454864
8408,8408,-0.08866315396446948
8409,8409,-0.061688338760982675
8410,8410,-0.05411371927928092
8411,8411,-0.013068429657849157
8412,8412,-0.1776783191149581
8413,8413,-0.028493842995464622
8414,8414,-0.052112565916182366
8415,8415,-0.4637732003510866
8416,8416,-0.059595203515632106
8417,8417,-0.05358311390997016
8418,8418,-0.03645105467199538
8419,8419,-0.028924638044966325
8420,8420,-0.03932132133738228
8421,8421,-0.09818434746229839
8422,8422,-0.11162261359240605
8423,8423,-0.03236465017002729
8424,8424,-0.123086749097363
8425,8425,-0.05755608617921271
8426,8426,-0.09158783632872462
8427,8427,-0.1144834940987895
8428,8428,-0.029265415324212424
8429,8429,-0.31160592746864985
8430,8430,-0.02373269340025725
8431,8431,-0.1069815339305181
8432,8432,-0.07958676777836601
8433,8433,-0.35881078589099136
8434,8434,-0.16693906808066197
8435,8435,-0.19204722498651924
8436,8436,-0.18841782150828001
8437,8437,-0.08341509329067802
8438,8438,-0.028296480208286907
8439,8439,-0.05635768275583024
8440,8440,-0.09897282443466826
8441,8441,-0.21299177637240246
8442,8442,-0.05943162892589498
8443,8443,-0.0015663389572600351
8444,8444,-0.04586043442165739
8445,8445,-0.1087809245699116
8446,8446,-0.004730176191899623
8447,8447,-0.005075701016026843
8448,8448,-0.05463607041162285
8449,8449,-0.07188157561041354
8450,8450,-0.013818774058230497
8451,8451,-0.012872346456417407
8452,8452,-0.1984124888308458
8453,8453,-0.002302828506061996
8454,8454,-0.02010097991767678
8455,8455,-0.053528572108201125
8456,8456,-0.11212937940327711
8457,8457,-0.0015956642037742738
8458,8458,-0.04217518127278179
8459,8459,-0.07866075687693577
8460,8460,-0.0432696957043605
8461,8461,-0.05101207145606283
8462,8462,-0.1192022967408925
8463,8463,-0.06332091807740166
8464,8464,-0.015308430673800603
8465,8465,-0.14149072527741022
8466,8466,-0.01842874279343869
8467,8467,-0.027706012830796697
8468,8468,-0.12545537981592436
8469,8469,-0.34559971506563836
8470,8470,-0.20067421216823872
8471,8471,-0.04813300706040028
8472,8472,-0.0025052019804222146
8473,8473,-0.10961188416740458
8474,8474,-0.05739390296109103
8475,8475,-0.005103210138819586
8476,8476,-0.025006313174717115
8477,8477,-0.001475109020167984
8478,8478,-0.32772288279168327
8479,8479,-0.3088274990591373
8480,8480,-0.19766246514636335
8481,8481,-0.022062257815624802
8482,8482,-0.006202586540824416
8483,8483,-0.19302517869702832
8484,8484,-0.032046069945114254
8485,8485,-0.08040091234739971
8486,8486,-0.026836240011478635
8487,8487,-0.12714885315126284
8488,8488,-0.08974380596479503
8489,8489,-0.06097221444184632
8490,8490,-0.09873239438455572
8491,8491,-0.07515819358384951
8492,8492,-0.02988077935938911
8493,8493,-0.008406232600855674
8494,8494,-0.038055146193198
8495,8495,-0.025559468501171266
8496,8496,-0.07120000397517585
8497,8497,-0.15295163339099616
8498,8498,-0.06691094731288892
8499,8499,-0.03871151859864707
8500,8500,-0.1798167714873865
8501,8501,-0.16549602369185848
8502,8502,-0.08194324489848599
8503,8503,-0.0010982077834312833
8504,8504,-0.44079882808399273
8505,8505,-0.005227006286223637
8506,8506,-0.08275986267398815
8507,8507,-0.19674488637004747
8508,8508,-0.008978866708309125
8509,8509,-0.07104991068363388
8510,8510,-0.10735819241910496
8511,8511,-0.012446727911161234
8512,8512,-0.026737069644448237
8513,8513,-0.2589695867971308
8514,8514,-0.014922521316372665
8515,8515,-0.09951157161342247
8516,8516,-0.003187955193606403
8517,8517,-0.047998118208280795
8518,8518,-0.03718373953551186
8519,8519,-0.027512210332122783
8520,8520,-0.019850961098025345
8521,8521,-0.017868735143189887
8522,8522,-0.020481337856628062
8523,8523,-0.16766104898686568
8524,8524,-0.015687029666742555
8525,8525,-0.1964867413135964
8526,8526,-0.10256052510976854
8527,8527,-0.03864500264536078
8528,8528,-0.04370976457383954
8529,8529,-0.05329606826160381
8530,8530,-0.021613905105950508
8531,8531,-0.014954278539152262
8532,8532,-0.11352643925155434
8533,8533,-0.15128775538347097
8534,8534,-0.035321999634677054
8535,8535,-0.03878861094079349
8536,8536,-0.07034539749848612
8537,8537,-0.04966135368543512
8538,8538,-0.036168507395066773
8539,8539,-0.00625739166927264
8540,8540,-0.039777443717979526
8541,8541,-0.02617754666945234
8542,8542,-0.037674447807926524
8543,8543,-0.06606992432998268
8544,8544,-0.00411631883652076
8545,8545,-0.029088529395295284
8546,8546,-0.15430650103466634
8547,8547,-0.04125626712730587
8548,8548,-0.002866586496531316
8549,8549,-0.34302651782258886
8550,8550,-0.002892035693658912
8551,8551,-0.4440162215991367
8552,8552,-0.01415094073538501
8553,8553,-0.10217725725009394
8554,8554,-0.03783241887779451
8555,8555,-0.04072492259507287
8556,8556,-0.07491790462891937
8557,8557,-0.04198592536358642
8558,8558,-0.07609868947728321
8559,8559,-0.01200689931857865
8560,8560,-0.011388474377149939
8561,8561,-0.005377445362752649
8562,8562,-0.14960691505203316
8563,8563,-0.014739276003838448
8564,8564,-0.11719757192913334
8565,8565,-0.21301757807363875
8566,8566,-0.2675225702781912
8567,8567,-0.00195665075328228
8568,8568,-0.011679435883999261
8569,8569,-0.049785897494780885
8570,8570,-0.04413600272175996
8571,8571,-0.02467022480830172
8572,8572,-0.008480462501792168
8573,8573,-0.0041419387798133835
8574,8574,-0.1167993560236194
8575,8575,-0.12977973377651242
8576,8576,-0.08548131904502647
8577,8577,-0.003719871913695635
8578,8578,-0.13623449454700803
8579,8579,-0.06846003893830253
8580,8580,-0.07678689478373034
8581,8581,-0.09730787727278806
8582,8582,-0.15286460294967757
8583,8583,-0.44436089908691845
8584,8584,-0.012949253274577186
8585,8585,-0.1405416012831729
8586,8586,-0.04504462017000356
8587,8587,-0.0026403308889221314
8588,8588,-0.061323877882529326
8589,8589,-0.009694724704054754
8590,8590,-0.1091603846431832
8591,8591,-0.4086185399082916
8592,8592,-0.08067170305297716
8593,8593,-0.03270991515995276
8594,8594,-0.09553716199625746
8595,8595,-0.09827190076549214
8596,8596,-0.020721119781262978
8597,8597,-0.045487864199232744
8598,8598,-0.018759539361417277
8599,8599,-0.00013862911739472762
8600,8600,-0.02947814210814379
8601,8601,-0.18918913384450375
8602,8602,-0.01656705367278792
8603,8603,-0.2005947210934369
8604,8604,-0.08190855142315723
8605,8605,-0.08152334077714588
8606,8606,-0.0021553118342976844
8607,8607,-0.33649829454641816
8608,8608,-0.11197712383039218
8609,8609,-0.06518487157176288
8610,8610,-0.011969940821686238
8611,8611,-0.08901261601408389
8612,8612,-0.08146187604065033
8613,8613,-0.06910130129785179
8614,8614,-0.08917194815234797
8615,8615,-0.005889891504796023
8616,8616,-0.08821301705455581
8617,8617,-0.2210770776736739
8618,8618,-0.009492036308552287
8619,8619,-0.0709911934183292
8620,8620,-0.01624920936539038
8621,8621,-0.14948712417392684
8622,8622,-0.1632935598760823
8623,8623,-0.015723505421985143
8624,8624,-0.011961652550108323
8625,8625,-0.001239525858427861
8626,8626,-0.08595979919003674
8627,8627,-0.14649861005457826
8628,8628,-0.026965855034688405
8629,8629,-0.07430346888211979
8630,8630,-0.0018020131291314402
8631,8631,-0.03322456963882129
8632,8632,-0.026127087497378847
8633,8633,-0.08242288770030756
8634,8634,-0.02328413130812877
8635,8635,-0.048936534370786176
8636,8636,-0.017698641345828225
8637,8637,-0.0006128078196512142
8638,8638,-0.13483103074285838
8639,8639,-0.17112786239104907
8640,8640,-0.11164437224836594
8641,8641,-0.1830809939254258
8642,8642,-0.050450595931796474
8643,8643,-0.1419747877731291
8644,8644,-0.020139724839575674
8645,8645,-0.41487568501700506
8646,8646,-0.03385755244008258
8647,8647,-0.07548285247788496
8648,8648,-0.14089021971497956
8649,8649,-0.17828074051806156
8650,8650,-0.05797868723243703
8651,8651,-0.0005111529948993727
8652,8652,-0.03612026846357755
8653,8653,-0.003541764648042319
8654,8654,-0.058148054025014884
8655,8655,-0.044517392941419626
8656,8656,-0.019019514908351368
8657,8657,-0.04621949845040799
8658,8658,-0.016013041471065435
8659,8659,-0.06477887229999435
8660,8660,-0.012345312176195387
8661,8661,-0.011686909999640727
8662,8662,-0.013516853855342893
8663,8663,-0.026241004435959166
8664,8664,-0.07070752767694685
8665,8665,-0.0138448021147379
8666,8666,-0.10049480261293867
8667,8667,-0.16741222883685725
8668,8668,-0.036787859750162896
8669,8669,-0.11378845146421128
8670,8670,-0.00025736886487206584
8671,8671,-0.07428437187885213
8672,8672,-0.054842281685981493
8673,8673,-0.042429665909997125
8674,8674,-0.1900863664570575
8675,8675,-0.25089235696408096
8676,8676,-0.0007847722910448622
8677,8677,-0.17962620475901925
8678,8678,-0.08538731544557765
8679,8679,-0.15363023118354616
8680,8680,-0.06637586176760264
8681,8681,-0.006777766616618396
8682,8682,-0.08498249198393737
8683,8683,-0.1390137509143549
8684,8684,-0.030286692922455782
8685,8685,-0.07823564386984297
8686,8686,-0.05191646339628113
8687,8687,-0.1446043487326377
8688,8688,-0.0414107609027262
8689,8689,-0.04713822284934803
8690,8690,-0.04535971032632046
8691,8691,-0.04274068267558639
8692,8692,-0.049809005890768185
8693,8693,-0.046562470169525735
8694,8694,-0.04351310565005045
8695,8695,-0.040842825177332294
8696,8696,-0.008415130754994374
8697,8697,-0.24947110406653672
8698,8698,-0.10514918744738094
8699,8699,-0.06162438939743858
8700,8700,-0.013775740501061642
8701,8701,-0.09103633069148576
8702,8702,-0.03951007567977616
8703,8703,-0.007698847417028169
8704,8704,-0.1441699365096795
8705,8705,-0.019433987938790562
8706,8706,-0.004036407764376698
8707,8707,-0.12307483453937788
8708,8708,-0.021792606992792507
8709,8709,-0.043395085811978255
8710,8710,-0.1792818739009971
8711,8711,-0.099883639443871
8712,8712,-0.008670503868022046
8713,8713,-0.04264443217838417
8714,8714,-0.0029917775923610198
8715,8715,-0.015458498387574661
8716,8716,-0.016723278280335152
8717,8717,-0.14092507109241786
8718,8718,-0.20092938699925467
8719,8719,-0.2717640233458233
8720,8720,-0.21813418254941686
8721,8721,-0.0672142891526274
8722,8722,-0.07647666511174053
8723,8723,-0.04945627172778096
8724,8724,-0.18484486158195879
8725,8725,-0.12549015583450726
8726,8726,-0.09483849569884094
8727,8727,-0.10604110207628326
8728,8728,-0.0190715366369016
8729,8729,-0.07993446693240422
8730,8730,-0.07575366007727781
8731,8731,-0.037887587309462144
8732,8732,-0.014222885815570002
8733,8733,-0.043728840952446016
8734,8734,-0.017533695147041558
8735,8735,-0.07316899191771198
8736,8736,-0.01850428433722949
8737,8737,-0.05056878722912823
8738,8738,-0.08138412073919507
8739,8739,-0.019104465890148296
8740,8740,-0.07574735968588243
8741,8741,-0.008668129028301493
8742,8742,-0.27409195726981717
8743,8743,-0.07948335543019867
8744,8744,-0.08432210680057513
8745,8745,-0.06805576857603651
8746,8746,-0.019910080107687095
8747,8747,-0.112227182994971
8748,8748,-0.04560280171745442
8749,8749,-0.05723237926101922
8750,8750,-0.13180669093013414
8751,8751,-0.10177534229025896
8752,8752,-0.19213646274550183
8753,8753,-0.033117221409752574
8754,8754,-0.17271969745366939
8755,8755,-0.018530833070384126
8756,8756,-0.11252239163278628
8757,8757,-0.22864087217231308
8758,8758,-0.025008126969986524
8759,8759,-0.0028367726662772395
8760,8760,-0.020045643873181154
8761,8761,-0.00620746137340625
8762,8762,-0.3240242260818235
8763,8763,-0.3165244323469075
8764,8764,-0.05377978004648337
8765,8765,-0.0875186706773628
8766,8766,-0.005802876140116811
8767,8767,-0.1408999443058339
8768,8768,-0.2554781883440714
8769,8769,-0.0633109900673744
8770,8770,-0.10589513954778015
8771,8771,-0.16826006681727282
8772,8772,-0.07583115900273855
8773,8773,-0.004325446098462242
8774,8774,-0.0342418907546022
8775,8775,-0.6840205303123075
8776,8776,-0.03458202694305783
8777,8777,-0.11484775980401707
8778,8778,-0.06387034391013076
8779,8779,-0.030564593805077575
8780,8780,-0.06809670823016738
8781,8781,-0.05899313233948983
8782,8782,-0.04529251798386072
8783,8783,-0.2978742939175937
8784,8784,-0.09789179036936624
8785,8785,-0.0345782374168814
8786,8786,-0.07249431472469386
8787,8787,-0.1704700718493538
8788,8788,-0.07280346715123179
8789,8789,-0.07014348573828534
8790,8790,-0.05617139449707123
8791,8791,-0.03136288085557422
8792,8792,-0.028440828551082747
8793,8793,-0.1071050647676072
8794,8794,-0.05098058145404637
8795,8795,-0.1076226827759574
8796,8796,-0.09784431981091278
8797,8797,-0.009416088987135002
8798,8798,-0.0377418097485022
8799,8799,-0.12923186567379555
8800,8800,-0.008654227397025507
8801,8801,-0.15810962996829062
8802,8802,-0.26448068772276795
8803,8803,-0.22691766047046086
8804,8804,-0.08799001125748038
8805,8805,-0.3196711267932001
8806,8806,-0.11417244869779088
8807,8807,-0.08618374496614374
8808,8808,-0.2350760551259567
8809,8809,-0.1042699691328946
8810,8810,-0.21580340676476203
8811,8811,-0.06407471823617795
8812,8812,-0.02060262353202843
8813,8813,-0.018881926306900373
8814,8814,-0.16687244656731987
8815,8815,-0.27421888416749407
8816,8816,-0.05982332294130094
8817,8817,-0.07373192542980014
8818,8818,-0.24185420535153287
8819,8819,-0.19343372825128327
8820,8820,-0.01577312110804774
8821,8821,-0.12045653259283402
8822,8822,-0.2182538841859219
8823,8823,-0.055382583574224264
8824,8824,-0.020320066466512986
8825,8825,-0.1658108883010406
8826,8826,-0.036304802545634576
8827,8827,-0.06073932140050011
8828,8828,-0.10720988988136536
8829,8829,-0.06636444407629019
8830,8830,-0.12554105892607947
8831,8831,-0.3876055155261031
8832,8832,-0.010108785216578233
8833,8833,-0.007151694707060007
8834,8834,-0.0927288025311452
8835,8835,-0.09944505689087352
8836,8836,-0.027575424684078073
8837,8837,-0.010880699267176174
8838,8838,-0.021957033886291086
8839,8839,-0.02014162198486914
8840,8840,-0.08702879361587162
8841,8841,-0.01944130077136239
8842,8842,-0.11857894697513582
8843,8843,-0.0012243841796836126
8844,8844,-0.03158878824120967
8845,8845,-0.02248234582596862
8846,8846,-0.038205518440934436
8847,8847,-0.002514571366394264
8848,8848,-0.3126237083632226
8849,8849,-0.01042902267495266
8850,8850,-0.13097361681041578
8851,8851,-0.015296828654742155
8852,8852,-0.10790346612242856
8853,8853,-0.011650899557201728
8854,8854,-0.12078297124482146
8855,8855,-0.1359294526704925
8856,8856,-0.09548361365996805
8857,8857,-0.13507975110526468
8858,8858,-0.07011951742991862
8859,8859,-0.17509662691009878
8860,8860,-0.14740631166496115
8861,8861,-0.00040147618837338243
8862,8862,-0.00598926284479609
8863,8863,-0.014484071708627125
8864,8864,-0.05292274904918604
8865,8865,-0.09756434188322943
8866,8866,-0.06642800839454585
8867,8867,-0.006660751607329763
8868,8868,-0.022689343400483203
8869,8869,-0.09858341065376863
8870,8870,-0.12754368542153485
8871,8871,-0.05410158864790739
8872,8872,-0.03117480080546865
8873,8873,-0.14531352422900629
8874,8874,-0.1656810616405994
8875,8875,-5.117339395882276e-06
8876,8876,-0.05936617705991022
8877,8877,-0.06205615947703856
8878,8878,-0.017088855092213112
8879,8879,-0.13336540001975677
8880,8880,-0.023371764591977547
8881,8881,-0.24835209333242605
8882,8882,-0.007102705076465369
8883,8883,-0.022020380237968783
8884,8884,-0.06153668414659541
8885,8885,-0.054109743495722326
8886,8886,-0.019004362674798846
8887,8887,-0.08566231011768437
8888,8888,-0.11886543452425108
8889,8889,-0.11425102415814774
8890,8890,-0.019065597583889295
8891,8891,-0.013095985945059872
8892,8892,-0.17927065358523359
8893,8893,-0.008465098123828571
8894,8894,-0.00792485864311035
8895,8895,-0.0565348288087866
8896,8896,-0.06252671596196582
8897,8897,-0.08089970662814375
8898,8898,-0.031617055980696265
8899,8899,-0.023965595014504088
8900,8900,-0.014105582705596122
8901,8901,-0.08771882840825486
8902,8902,-0.0027450770512682126
8903,8903,-0.47723201192918113
8904,8904,-0.044768056152581184
8905,8905,-0.07665197608001396
8906,8906,-0.008559960411628762
8907,8907,-0.037755414398029395
8908,8908,-0.12412600348244289
8909,8909,-0.32456176192895586
8910,8910,-0.04703502341977284
8911,8911,-0.07555025307631508
8912,8912,-0.16851801220138282
8913,8913,-0.022661474019297877
8914,8914,-0.009492705296818005
8915,8915,-0.024133047379082423
8916,8916,-0.04353446032355211
8917,8917,-0.13148485517926925
8918,8918,-0.11723774431572428
8919,8919,-0.17833642459213708
8920,8920,-0.03135276448015227
8921,8921,-0.08419093246007661
8922,8922,-0.0004400402327592904
8923,8923,-0.35079114507702447
8924,8924,-0.007917827603023009
8925,8925,-0.019528969169286536
8926,8926,-0.0029269938031870834
8927,8927,-0.38185071281745275
8928,8928,-0.043274286640730485
8929,8929,-0.021969604205984244
8930,8930,-0.11682052435295384
8931,8931,-0.021545987193991055
8932,8932,-0.10820639581777264
8933,8933,-0.05537752356507036
8934,8934,-0.15998032181057173
8935,8935,-0.013818493665963142
8936,8936,-0.11184093557454813
8937,8937,-0.1140606188716432
8938,8938,-0.01865849197371634
8939,8939,-0.03526586430621722
8940,8940,-0.0596477443627106
8941,8941,-0.08575575034263563
8942,8942,-0.0919813728005061
8943,8943,-0.0965601061133311
8944,8944,-0.007234843920520905
8945,8945,-0.029474329759374893
8946,8946,-0.03381087490153062
8947,8947,-0.030971069361686043
8948,8948,-0.07589959564564693
8949,8949,-0.021191840763619667
8950,8950,-0.22732742043243342
8951,8951,-0.0186943495663253
8952,8952,-0.149387045821828
8953,8953,-0.09921599251088221
8954,8954,-0.18179555332782754
8955,8955,-0.3019963861591423
8956,8956,-0.10485442854687711
8957,8957,-0.021990539917365756
8958,8958,-0.2607152066197317
8959,8959,-0.007083925766191031
8960,8960,-0.0337456316963939
8961,8961,-0.0816161584740164
8962,8962,-0.009707107584666684
8963,8963,-0.012891785933224261
8964,8964,-0.18879990321077753
8965,8965,-0.0788270834712477
8966,8966,-0.014678789956548505
8967,8967,-0.0009436247399174794
8968,8968,-0.17587022024521543
8969,8969,-0.03329432296805267
8970,8970,-0.0009610413742627384
8971,8971,-0.09188398923808426
8972,8972,-0.10709944661622543
8973,8973,-0.19203626645613558
8974,8974,-0.10817200500935742
8975,8975,-0.04313534181184145
8976,8976,-0.10507515563765404
8977,8977,-0.026168362418656922
8978,8978,-0.02922719647927583
8979,8979,-0.027962517385134
8980,8980,-0.011385440701943975
8981,8981,-0.2994987857028746
8982,8982,-0.0980922022378419
8983,8983,-0.20152193696961174
8984,8984,-0.18813610847063428
8985,8985,-0.01535517875293644
8986,8986,-0.12570643979871013
8987,8987,-0.031182279244860524
8988,8988,-0.049194152855943994
8989,8989,-0.009797071968604737
8990,8990,-0.018241282250982097
8991,8991,-0.10903957954669484
8992,8992,-0.17097013652039678
8993,8993,-0.008984515427033279
8994,8994,-0.16852841286538872
8995,8995,-0.13473218984614105
8996,8996,-0.23484166380945035
8997,8997,-0.3718621086525048
8998,8998,-0.06299891378584906
8999,8999,-0.053075238150581946
9000,9000,-0.010098725876084211
9001,9001,-0.019813201864563364
9002,9002,-0.049841611709786314
9003,9003,-0.0015252974172083873
9004,9004,-0.12332630708380896
9005,9005,-0.3179568354963222
9006,9006,-0.03738341236088866
9007,9007,-0.050966427928063565
9008,9008,-0.07322939249866095
9009,9009,-0.03703345417706484
9010,9010,-0.13451966481123656
9011,9011,-0.005314679540041669
9012,9012,-0.07065780656942572
9013,9013,-0.21979990546049824
9014,9014,-0.01642783917203134
9015,9015,-0.0830837727489539
9016,9016,-0.10998447767980365
9017,9017,-0.06287640097088383
9018,9018,-0.09993110132608998
9019,9019,-0.18821321216266274
9020,9020,-0.03514817827997478
9021,9021,-0.27407493385027637
9022,9022,-0.03557070178558835
9023,9023,-0.011320560631845573
9024,9024,-0.04749079287952314
9025,9025,-0.0124215926040149
9026,9026,-0.02766614277605385
9027,9027,-0.03345359327818247
9028,9028,-0.05995958241698
9029,9029,-0.04417402062371832
9030,9030,-0.09624136820884024
9031,9031,-0.040286449800107024
9032,9032,-0.04961809140055041
9033,9033,-0.14454956972221403
9034,9034,-0.1272894781995163
9035,9035,-0.17749543882247903
9036,9036,-0.06605152228297743
9037,9037,-0.05163536325272542
9038,9038,-0.1516617184092955
9039,9039,-0.04709970862570615
9040,9040,-0.05263174697106267
9041,9041,-0.01950518158342118
9042,9042,-0.0905619168107802
9043,9043,-0.03912924964915683
9044,9044,-0.1782836742770467
9045,9045,-0.00941470801772263
9046,9046,-0.01375221916233023
9047,9047,-0.03840515479056551
9048,9048,-0.09458883297708903
9049,9049,-0.03035287075318785
9050,9050,-0.042237069802680376
9051,9051,-0.004298558774628629
9052,9052,-0.04900901955647674
9053,9053,-0.01722139294803409
9054,9054,-0.0635710702055855
9055,9055,-0.008680147025960972
9056,9056,-0.18051537218190136
9057,9057,-0.13269383626600864
9058,9058,-0.15795354341579554
9059,9059,-0.024812894842326856
9060,9060,-0.07549909834378363
9061,9061,-0.005362329953201914
9062,9062,-0.13813645147089498
9063,9063,-0.2204715568792429
9064,9064,-0.10379249816889596
9065,9065,-0.10381991430094115
9066,9066,-0.08798492631971032
9067,9067,-0.09708339490753704
9068,9068,-0.012778237051679797
9069,9069,-0.30358529506833454
9070,9070,-0.002130428888946028
9071,9071,-0.11639047276349349
9072,9072,-0.22941973504910862
9073,9073,-0.060751095711298365
9074,9074,-0.14340352913194834
9075,9075,-0.06069484151734575
9076,9076,-0.11782050178449896
9077,9077,-0.09953158351129712
9078,9078,-0.0567148475469761
9079,9079,-0.10484469258741637
9080,9080,-0.1079642141596328
9081,9081,-0.01774683123716701
9082,9082,-0.0007247137729276765
9083,9083,-0.02259882263380353
9084,9084,-0.00143143781360847
9085,9085,-0.024096425583134986
9086,9086,-0.0492125190018949
9087,9087,-0.030739942130511455
9088,9088,-0.1274561004902084
9089,9089,-0.060264371269821246
9090,9090,-0.08714979741616677
9091,9091,-0.06612522133553639
9092,9092,-0.19457079506388797
9093,9093,-0.1625160459751453
9094,9094,-0.025834675061693697
9095,9095,-0.05189288313335319
9096,9096,-0.15049443940871018
9097,9097,-0.12810377533003478
9098,9098,-0.03595155417366022
9099,9099,-0.026524873106856386
9100,9100,-0.1462227967175888
9101,9101,-0.15413140699228264
9102,9102,-0.04008550324087049
9103,9103,-0.1477125177327187
9104,9104,-0.02772782810969013
9105,9105,-0.20966479360533288
9106,9106,-0.28654936950740867
9107,9107,-0.017057082456133497
9108,9108,-0.0012313192908232375
9109,9109,-0.17335606154517988
9110,9110,-0.003301096861523121
9111,9111,-0.256746687147076
9112,9112,-0.25384645160081165
9113,9113,-0.003492502621059693
9114,9114,-0.14012553750274506
9115,9115,-0.02916548265630356
9116,9116,-0.012039724807432341
9117,9117,-0.020675920573304266
9118,9118,-0.16888730276853411
9119,9119,-0.15199646370133418
9120,9120,-0.08334616704929612
9121,9121,-0.017282028249773554
9122,9122,-0.040786427581468325
9123,9123,-0.0632735078799986
9124,9124,-0.0640641205627599
9125,9125,-0.13579682749241664
9126,9126,-0.015101999555674763
9127,9127,-0.07213270663694586
9128,9128,-0.15948325756552778
9129,9129,-0.05600251386180749
9130,9130,-0.06270337180151121
9131,9131,-0.16108956219632653
9132,9132,-0.006128418409947689
9133,9133,-0.009382554502827045
9134,9134,-0.022381370966665926
9135,9135,-0.1433319726933147
9136,9136,-0.09130840034548782
9137,9137,-0.005400221138614287
9138,9138,-0.09919077445353407
9139,9139,-0.21905365288870773
9140,9140,-0.2607287748858899
9141,9141,-0.13708591489217303
9142,9142,-0.12946531778508794
9143,9143,-0.027124464345746946
9144,9144,-0.015975267253804416
9145,9145,-0.03538773846775432
9146,9146,-0.09355733058832358
9147,9147,-0.13513118611460304
9148,9148,-0.1683772921825366
9149,9149,-0.2357137215871442
9150,9150,-0.023558121097547513
9151,9151,-0.2589581943104073
9152,9152,-0.013925266391213099
9153,9153,-0.20554614317757502
9154,9154,-0.21298924976479083
9155,9155,-0.014425692355949536
9156,9156,-0.06520804188579321
9157,9157,-0.05235189660630861
9158,9158,-0.012778229668330268
9159,9159,-0.20080558305689042
9160,9160,-0.010735553650603887
9161,9161,-0.00037748519129344094
9162,9162,-0.21901503158947072
9163,9163,-0.14419094741815824
9164,9164,-0.06524107509453164
9165,9165,-0.09167738388655287
9166,9166,-0.1919888032357327
9167,9167,-0.041186599070476226
9168,9168,-0.07477941511009166
9169,9169,-0.04565664142700182
9170,9170,-0.029140830911700697
9171,9171,-0.052787281328237824
9172,9172,-0.22935121464786956
9173,9173,-0.0358237524218951
9174,9174,-0.006844850277781043
9175,9175,-0.034487170402805405
9176,9176,-0.05282716722791095
9177,9177,-0.0020037448711461253
9178,9178,-0.027097804371627926
9179,9179,-0.01946757465584021
9180,9180,-0.06635270026781313
9181,9181,-0.01302022472844896
9182,9182,-0.10562060520562427
9183,9183,-0.050643617303402895
9184,9184,-0.04069822883001362
9185,9185,-0.08273517881671155
9186,9186,-0.20128731334842706
9187,9187,-0.03603905144279339
9188,9188,-0.02402162624040135
9189,9189,-0.19587459172548205
9190,9190,-0.03256054957998218
9191,9191,-0.07666635978898705
9192,9192,-0.08663371012312354
9193,9193,-0.038613520312873295
9194,9194,-0.046497091592893475
9195,9195,-0.020939560689620832
9196,9196,-0.13981153364791057
9197,9197,-0.02034168059350352
9198,9198,-0.28274671556933284
9199,9199,-0.04633473045891462
9200,9200,-0.11422650601276113
9201,9201,-0.011668180947775981
9202,9202,-0.03884680897531023
9203,9203,-0.0855022358903552
9204,9204,-0.10399448619260089
9205,9205,-0.10566394315715189
9206,9206,-0.02347873420756905
9207,9207,-0.012935192162464413
9208,9208,-0.020554954669390075
9209,9209,-0.11683031131331004
9210,9210,-0.0786937849146905
9211,9211,-0.08278419235323073
9212,9212,-0.08546301486322257
9213,9213,-0.08699480368228706
9214,9214,-0.0027358064966737264
9215,9215,-0.08188390777858418
9216,9216,-0.1137307153342033
9217,9217,-0.02726892126359702
9218,9218,-0.004850871806121234
9219,9219,-0.14173990631488648
9220,9220,-0.04535633530668445
9221,9221,-0.03545779804232785
9222,9222,-0.159261867061753
9223,9223,-0.08847064815856624
9224,9224,-0.043985703847075244
9225,9225,-0.015776099002749233
9226,9226,-0.056315981017849744
9227,9227,-0.02561553201810438
9228,9228,-0.11683240043163473
9229,9229,-0.05010119556096032
9230,9230,-0.012435123156066952
9231,9231,-0.041279219591486754
9232,9232,-0.06233717462962997
9233,9233,-0.15548032739805387
9234,9234,-0.02336438721343151
9235,9235,-0.07635718510527217
9236,9236,-0.07269008539306296
9237,9237,-0.06291371666935927
9238,9238,-0.08677048162110516
9239,9239,-0.032575296933936244
9240,9240,-0.097976731831208
9241,9241,-0.14440421140408569
9242,9242,-0.011876114917174448
9243,9243,-0.18893568267803515
9244,9244,-0.005488439453852041
9245,9245,-0.008062929829418029
9246,9246,-0.0718890273714733
9247,9247,-0.08614715708129772
9248,9248,-0.11022505442411865
9249,9249,-0.00632934324692542
9250,9250,-0.06083538111447282
9251,9251,-0.02697742671356055
9252,9252,-0.06021073837570416
9253,9253,-0.018751093612720832
9254,9254,-0.17603736196239497
9255,9255,-0.1618226247312023
9256,9256,-0.243774202407979
9257,9257,-0.25098896386934905
9258,9258,-0.012529666529024642
9259,9259,-0.02605219496330055
9260,9260,-0.007966458644261622
9261,9261,-0.19826608047387562
9262,9262,-0.3126345916782499
9263,9263,-0.09129270134774932
9264,9264,-0.05177102434362307
9265,9265,-0.15964113100005758
9266,9266,-0.005136499605913719
9267,9267,-0.054581953874676854
9268,9268,-0.014583453010740028
9269,9269,-0.008613272984466992
9270,9270,-0.13232453649029935
9271,9271,-0.06181911805365884
9272,9272,-0.003412159574836987
9273,9273,-0.02247599750943496
9274,9274,-0.05419963333433697
9275,9275,-0.01953820246393341
9276,9276,-0.037438431550272364
9277,9277,-0.024805068675468937
9278,9278,-0.13544522104531406
9279,9279,-0.13153990190058334
9280,9280,-0.01640196477184697
9281,9281,-0.005525428322294281
9282,9282,-0.4036989256148588
9283,9283,-0.07598953515117018
9284,9284,-0.02822057973724531
9285,9285,-0.09112763994824549
9286,9286,-0.0676150368050263
9287,9287,-0.014484941704567985
9288,9288,-0.013439929983120817
9289,9289,-0.1695140226836156
9290,9290,-0.05804650509052873
9291,9291,-0.024631298947356686
9292,9292,-0.19764617872082105
9293,9293,-0.007242424903173828
9294,9294,-0.12796904534398942
9295,9295,-0.1660085163839245
9296,9296,-0.13768953010254964
9297,9297,-0.07120806565372323
9298,9298,-0.117580215470553
9299,9299,-0.010432771318126852
9300,9300,-0.0011771231778469288
9301,9301,-0.08530094143898131
9302,9302,-0.03451374695624503
9303,9303,-0.12516114648251087
9304,9304,-0.1006337871678048
9305,9305,-0.1209343395831039
9306,9306,-0.26242796895059195
9307,9307,-0.19038701847346726
9308,9308,-0.14485564169554888
9309,9309,-0.013117854188933398
9310,9310,-0.11147986005906571
9311,9311,-0.05616738517126563
9312,9312,-0.05108815582208641
9313,9313,-0.12899115254644472
9314,9314,-0.004106989401814554
9315,9315,-0.03783158691192787
9316,9316,-0.03792849412986129
9317,9317,-0.004695793095789571
9318,9318,-0.05614105229494303
9319,9319,-0.12658285812475023
9320,9320,-0.16778724917818985
9321,9321,-0.042518453149167516
9322,9322,-0.242254857219043
9323,9323,-0.05335222973735006
9324,9324,-0.2014849420641316
9325,9325,-0.0035267500010941048
9326,9326,-0.10705568486446947
9327,9327,-0.005482302458826202
9328,9328,-0.016141665678311715
9329,9329,-0.04526128172400088
9330,9330,-0.18709840206318407
9331,9331,-0.09908719594408878
9332,9332,-0.04940577436286624
9333,9333,-0.11898148900165768
9334,9334,-0.09001436765655356
9335,9335,-0.03523439764401085
9336,9336,-0.017246440842556957
9337,9337,-0.03556582589105267
9338,9338,-0.3582284998388128
9339,9339,-0.15009156812452928
9340,9340,-0.051901744116793706
9341,9341,-0.08586922208572645
9342,9342,-0.08425189939748377
9343,9343,-0.159353595288647
9344,9344,-0.12256851485636719
9345,9345,-0.1640596613212273
9346,9346,-0.09413739649153183
9347,9347,-0.0022073003694405204
9348,9348,-0.02654301862210972
9349,9349,-0.0817665060611815
9350,9350,-0.01742001914787622
9351,9351,-0.015893702756974264
9352,9352,-0.02514758104770016
9353,9353,-0.21843107760596017
9354,9354,-0.10052839502119729
9355,9355,-0.018584365640790666
9356,9356,-0.12049278780753739
9357,9357,-0.0022796848787655986
9358,9358,-0.06182472808424949
9359,9359,-0.035838817836379995
9360,9360,-0.301704452214862
9361,9361,-0.06641234793251964
9362,9362,-0.17247648367381402
9363,9363,-0.10811567763419842
9364,9364,-0.1551034690744869
9365,9365,-0.00820647181290941
9366,9366,-0.03361467096554543
9367,9367,-0.061301538363715935
9368,9368,-0.0668234313791836
9369,9369,-0.08401893519663835
9370,9370,-0.05996290258007742
9371,9371,-0.022720455967085773
9372,9372,-0.05735274463041669
9373,9373,-0.047742009337023945
9374,9374,-0.03995216081201732
9375,9375,-0.4818139470536825
9376,9376,-0.09125088298312244
9377,9377,-0.01586242553323707
9378,9378,-0.10969445424687174
9379,9379,-0.09690269781119501
9380,9380,-0.08403442111520361
9381,9381,-0.019449764176879422
9382,9382,-0.10735954408469026
9383,9383,-0.026587792945031004
9384,9384,-0.008096049785201674
9385,9385,-0.022438791817443644
9386,9386,-0.002547678155004842
9387,9387,-0.1255555236961548
9388,9388,-0.10415527012874419
9389,9389,-0.0006048925420638591
9390,9390,-0.06198075925922221
9391,9391,-0.02580708504351383
9392,9392,-0.00399370048796361
9393,9393,-0.10781988924771022
9394,9394,-0.08377864958846913
9395,9395,-0.05957901372942144
9396,9396,-0.03173251673631123
9397,9397,-0.24135545839016484
9398,9398,-0.014475409221315022
9399,9399,-0.3204042249495459
9400,9400,-0.014550116613497446
9401,9401,-0.026849336605596914
9402,9402,-0.13725950522229358
9403,9403,-0.13383371086603094
9404,9404,-0.15323815070520955
9405,9405,-0.06519399007587924
9406,9406,-0.0034914731950453186
9407,9407,-0.4926774144817413
9408,9408,-0.23678685215390682
9409,9409,-0.2893172402291584
9410,9410,-0.13849779095881248
9411,9411,-0.0219349183042436
9412,9412,-0.44890258967507024
9413,9413,-0.08922789875578992
9414,9414,-0.04660402622161483
9415,9415,-0.061549273761060605
9416,9416,-0.03152937581064384
9417,9417,-0.01620953268830723
9418,9418,-0.021868522141851483
9419,9419,-0.3277535782091792
9420,9420,-0.04101015450700116
9421,9421,-0.10260936427444543
9422,9422,-0.08338536026007592
9423,9423,-0.022574103284137063
9424,9424,-6.153281352731677e-05
9425,9425,-0.16442150896754185
9426,9426,-0.05368106569438444
9427,9427,-0.07908791365498
9428,9428,-0.3125736984413635
9429,9429,-0.30260155528696686
9430,9430,-0.03897289224514217
9431,9431,-0.03492010487900966
9432,9432,-0.11058102306856826
9433,9433,-0.10166662483796335
9434,9434,-0.015503581888884801
9435,9435,-0.09800135918797806
9436,9436,-0.16107550764421835
9437,9437,-0.045051363829884776
9438,9438,-0.06284570125366143
9439,9439,-0.1729026424342218
9440,9440,-0.11551564264468885
9441,9441,-0.05073823421507042
9442,9442,-0.04776192862011002
9443,9443,-0.07331067643358298
9444,9444,-0.13307962034821924
9445,9445,-0.01478508979761378
9446,9446,-0.09355028490414438
9447,9447,-0.049648768336306305
9448,9448,-0.02318576806887465
9449,9449,-0.11040022906640776
9450,9450,-0.0028295025736715363
9451,9451,-0.02103601753459908
9452,9452,-0.09844195232576484
9453,9453,-0.09012853712594042
9454,9454,-0.27385983399826513
9455,9455,-0.09041383357841015
9456,9456,-0.1622130578264112
9457,9457,-0.026308343133588902
9458,9458,-0.13603877480942636
9459,9459,-0.057088920330209944
9460,9460,-0.018742245494774774
9461,9461,-0.07273208039743077
9462,9462,-0.051172572516597695
9463,9463,-0.044014398561129646
9464,9464,-0.25214334915885156
9465,9465,-0.04244810680461607
9466,9466,-0.057582129504163644
9467,9467,-0.05703189552705795
9468,9468,-0.0008805393525029684
9469,9469,-0.11011240627022922
9470,9470,-0.062347027813855795
9471,9471,-0.01698347487467756
9472,9472,-0.3482857917299116
9473,9473,-0.09486467246599754
9474,9474,-0.028515092447958527
9475,9475,-0.040544187598326335
9476,9476,-0.2660686828420427
9477,9477,-0.005861094901093506
9478,9478,-0.11480118594394657
9479,9479,-0.06238338917429791
9480,9480,-0.29293060727984316
9481,9481,-0.061046304623342956
9482,9482,-0.06882938139862696
9483,9483,-0.11626963398474766
9484,9484,-0.1364424642745059
9485,9485,-0.003997289272205994
9486,9486,-0.11174264140211168
9487,9487,-0.05361011681015971
9488,9488,-0.06405735102060307
9489,9489,-0.2486210772325859
9490,9490,-0.08854946578224646
9491,9491,-0.0038059419212343334
9492,9492,-0.11074519165709129
9493,9493,-0.100359310693
9494,9494,-0.21150018780662952
9495,9495,-0.06547549673155745
9496,9496,-0.06001770893420251
9497,9497,-0.01747239246503221
9498,9498,-0.22321947552643268
9499,9499,-0.20921729363316802
9500,9500,-0.04105059717382515
9501,9501,-0.1868806401695219
9502,9502,-0.0428953656456824
9503,9503,-0.08438007266077506
9504,9504,-0.038075936038701574
9505,9505,-0.22878979217871132
9506,9506,-0.03155905867696044
9507,9507,-0.12232283723809055
9508,9508,-0.05971650429731292
9509,9509,-0.009533552447407109
9510,9510,-0.02460170926898602
9511,9511,-0.23082860898650032
9512,9512,-0.07515088323345014
9513,9513,-0.03141178597475132
9514,9514,-0.09099632893574966
9515,9515,-0.03852152706366441
9516,9516,-0.009053650204025985
9517,9517,-0.036948558593145886
9518,9518,-0.1649204919688287
9519,9519,-0.015537724925429115
9520,9520,-0.19990923264983373
9521,9521,-0.03081898959279254
9522,9522,-0.005178373352152362
9523,9523,-0.024102150901645983
9524,9524,-0.022786601397533322
9525,9525,-0.10819007812187807
9526,9526,-0.10680849228656358
9527,9527,-0.18953764814635607
9528,9528,-0.003012940591648995
9529,9529,-0.15373484157285972
9530,9530,-0.10100897940269941
9531,9531,-0.027176839838672646
9532,9532,-0.05383767620502415
9533,9533,-0.12320022867633941
9534,9534,-0.3920953673069701
9535,9535,-0.020935701387126915
9536,9536,-0.128465462330162
9537,9537,-0.1550653613527063
9538,9538,-0.10195483955763843
9539,9539,-0.003147426995430715
9540,9540,-0.07676232185024205
9541,9541,-0.017555109408279316
9542,9542,-0.10101689212050467
9543,9543,-0.06805695387049783
9544,9544,-0.6993085697391309
9545,9545,-0.0397762478224258
9546,9546,-0.015703419658919103
9547,9547,-0.021956557003954186
9548,9548,-0.018684077816678503
9549,9549,-0.013069366247808788
9550,9550,-0.0015349694703949625
9551,9551,-0.002282833539121874
9552,9552,-0.025445825082956113
9553,9553,-0.07728183110843223
9554,9554,-0.13566653377039475
9555,9555,-0.011162682638855455
9556,9556,-0.0843562327184278
9557,9557,-0.16355949996711627
9558,9558,-0.1011136937275143
9559,9559,-0.24958990627536543
9560,9560,-0.1786579949438187
9561,9561,-0.0020187466549063645
9562,9562,-0.10169499294976672
9563,9563,-0.047300225552645
9564,9564,-0.2408767373633205
9565,9565,-0.04303535664693426
9566,9566,-0.029605266939636405
9567,9567,-0.2127393669486309
9568,9568,-0.14185614017336423
9569,9569,-0.00695140875926724
9570,9570,-0.05761315995590383
9571,9571,-0.0006898125235111855
9572,9572,-0.08285539065800482
9573,9573,-0.19828201992689487
9574,9574,-0.09525230515801593
9575,9575,-0.004689137133667707
9576,9576,-0.024730884086359123
9577,9577,-0.2596473567941867
9578,9578,-0.10416975812546372
9579,9579,-0.08079564549586453
9580,9580,-0.014038720288498736
9581,9581,-0.0950018961044143
9582,9582,-0.1978270191326828
9583,9583,-0.0411495246604488
9584,9584,-0.021519096614572616
9585,9585,-0.021406731845211725
9586,9586,-0.08625629638358336
9587,9587,-0.1460617832544103
9588,9588,-0.011735922502782714
9589,9589,-0.059673557175976055
9590,9590,-0.059441972412212433
9591,9591,-0.13062604002946368
9592,9592,-0.10967753605714001
9593,9593,-0.02502844609835233
9594,9594,-0.07220794732853199
9595,9595,-0.06430064705855316
9596,9596,-0.15185727247918104
9597,9597,-0.11046147542971227
9598,9598,-0.19343794775246692
9599,9599,-0.010905953001335605
9600,9600,-0.1716822042278175
9601,9601,-0.04759676839400196
9602,9602,-0.0576100414774652
9603,9603,-0.0032240859671196147
9604,9604,-0.06046094217969962
9605,9605,-0.07830055892899895
9606,9606,-0.12899131649121323
9607,9607,-0.005914449877518681
9608,9608,-0.05792016781144528
9609,9609,-0.03958012272493988
9610,9610,-0.0019575057402100504
9611,9611,-0.09749228240355585
9612,9612,-0.040931629877192885
9613,9613,-0.06000822979595671
9614,9614,-0.029544170133423565
9615,9615,-0.027836402597810787
9616,9616,-0.08693557773009093
9617,9617,-0.10588318223000837
9618,9618,-0.020556767131445386
9619,9619,-0.005405255571856532
9620,9620,-0.05031605780983438
9621,9621,-0.06134312128198187
9622,9622,-0.14831681415239395
9623,9623,-0.020948635208603475
9624,9624,-0.007626300358841712
9625,9625,-0.10351425179908476
9626,9626,-0.07387119264565027
9627,9627,-0.011349144050042052
9628,9628,-0.21467571926630075
9629,9629,-0.1217386727984041
9630,9630,-0.14064615900835573
9631,9631,-0.0065298447374865926
9632,9632,-0.09636230002237729
9633,9633,-0.04703109095531259
9634,9634,-0.15883930606283345
9635,9635,-0.0008681358098329959
9636,9636,-0.030096110420761144
9637,9637,-0.03233231586130607
9638,9638,-0.2362670779448627
9639,9639,-0.017707007143675645
9640,9640,-0.16918629330304377
9641,9641,-0.11805296160628509
9642,9642,-0.07841036639751628
9643,9643,-0.06288906508254351
9644,9644,-0.2739301050774488
9645,9645,-0.07848002696423254
9646,9646,-0.07561787699907899
9647,9647,-0.00037922227324473665
9648,9648,-0.016262143334544846
9649,9649,-0.10735914882123994
9650,9650,-0.005725107767760673
9651,9651,-0.03588402336888406
9652,9652,-0.050683612214717066
9653,9653,-0.08199627987823298
9654,9654,-0.09543147670065417
9655,9655,-0.0047607097181228564
9656,9656,-0.15665929042470894
9657,9657,-0.1257629313595487
9658,9658,-0.0872560240472414
9659,9659,-0.025499482224468347
9660,9660,-0.22743403640322868
9661,9661,-0.08277097524638755
9662,9662,-0.015278808376853675
9663,9663,-0.15933061366624218
9664,9664,-0.043652000878406275
9665,9665,-0.18099402547538862
9666,9666,-0.022094366003750143
9667,9667,-0.021198063346096148
9668,9668,-0.01895282977968636
9669,9669,-0.020256942873047717
9670,9670,-0.05463160642209929
9671,9671,-0.1327955394970129
9672,9672,-0.11209454050313515
9673,9673,-0.06377495695622921
9674,9674,-0.20061499838923727
9675,9675,-0.011110604088646218
9676,9676,-0.01414924870253335
9677,9677,-0.03575011646282669
9678,9678,-0.06731392737422909
9679,9679,-0.039698485670840444
9680,9680,-0.015151656744431845
9681,9681,-0.166288419939924
9682,9682,-0.1820628666918079
9683,9683,-0.002846966342159256
9684,9684,-0.14123452266215258
9685,9685,-0.04382309900386959
9686,9686,-0.01293009595448848
9687,9687,-0.18063728555913905
9688,9688,-0.001312600686407944
9689,9689,-0.03839721259495539
9690,9690,-0.03994272179527885
9691,9691,-0.04549149218360596
9692,9692,-0.06564460836838751
9693,9693,-0.02440868804817413
9694,9694,-0.16190296085234168
9695,9695,-0.01914193805745385
9696,9696,-0.4477411702953492
9697,9697,-0.009505275093388436
9698,9698,-0.14623796613630002
9699,9699,-0.0077202566717375866
9700,9700,-0.1609795493728724
9701,9701,-0.0025383907045099558
9702,9702,-0.06836980255549999
9703,9703,-0.07881579129956431
9704,9704,-0.0391957160997887
9705,9705,-0.010062628999023979
9706,9706,-0.12075943753859911
9707,9707,-0.0681260966575007
9708,9708,-0.029381607346626402
9709,9709,-0.058626513357990406
9710,9710,-0.003956327922286198
9711,9711,-0.022921724142760322
9712,9712,-0.2512491990181599
9713,9713,-0.09830766730201614
9714,9714,-0.11820634042067817
9715,9715,-0.404226775374227
9716,9716,-0.16418667373566914
9717,9717,-0.0690251795370765
9718,9718,-0.033259163085345704
9719,9719,-0.017540070230903634
9720,9720,-0.5021400416920141
9721,9721,-0.10153993130703795
9722,9722,-0.09744830936477161
9723,9723,-0.067251791921158
9724,9724,-0.1396670352561221
9725,9725,-0.0013160058860437866
9726,9726,-0.14057513675936284
9727,9727,-0.18926565460053502
9728,9728,-0.024851840581927534
9729,9729,-0.3889739867404533
9730,9730,-0.01604150734072727
9731,9731,-0.040826715996480446
9732,9732,-0.019361943471056745
9733,9733,-0.20865382156093215
9734,9734,-0.0656128250924538
9735,9735,-0.023253679097853558
9736,9736,-0.09025459884073664
9737,9737,-0.18720436780315414
9738,9738,-0.08420379407907047
9739,9739,-0.026758499985313575
9740,9740,-0.02146964662850436
9741,9741,-0.3483177814612112
9742,9742,-0.02422731015324361
9743,9743,-0.05641621510704209
9744,9744,-0.0689667230055713
9745,9745,-0.052059418594741176
9746,9746,-0.26897239552711916
9747,9747,-0.08206455473529645
9748,9748,-0.025183274595166207
9749,9749,-0.00044333165055867647
9750,9750,-0.021754321153840905
9751,9751,-0.2965224096010466
9752,9752,-0.012892043640622146
9753,9753,-0.01701244165231469
9754,9754,-0.17083056504069596
9755,9755,-0.027671893456155054
9756,9756,-0.01074648254513208
9757,9757,-0.04962305950232315
9758,9758,-0.14192830640340906
9759,9759,-0.049745788034311615
9760,9760,-0.020103837559667187
9761,9761,-0.0060726705447573335
9762,9762,-0.044055766381336806
9763,9763,-0.24319929322573408
9764,9764,-0.00926677051458195
9765,9765,-0.09512965365920706
9766,9766,-0.1496264058160969
9767,9767,-0.13537263339952404
9768,9768,-0.0909770519590011
9769,9769,-0.050416967343124605
9770,9770,-0.0036743173500383124
9771,9771,-0.02930295428827826
9772,9772,-0.10596215022857439
9773,9773,-0.018356253123739015
9774,9774,-0.09085660838568176
9775,9775,-0.017559134513976848
9776,9776,-0.04866096784714242
9777,9777,-0.011419468404343948
9778,9778,-0.4323566900250565
9779,9779,-0.1323067888205494
9780,9780,-0.0974464351027525
9781,9781,-0.07714065308829941
9782,9782,-0.06116899186384004
9783,9783,-0.16355640203051902
9784,9784,-0.13188680399955768
9785,9785,-0.03427604688030725
9786,9786,-0.42464062626645943
9787,9787,-0.031696114053759286
9788,9788,-0.08446144657894865
9789,9789,-0.026587808827604968
9790,9790,-0.01865229366954606
9791,9791,-0.1356988451334969
9792,9792,-0.04817992668523888
9793,9793,-0.02020329760287242
9794,9794,-0.10255017375446815
9795,9795,-0.014819611407862782
9796,9796,-0.020244507003450107
9797,9797,-0.1290177610782939
9798,9798,-0.13798898932208079
9799,9799,-0.1700832182217272
9800,9800,-0.0752154681725216
9801,9801,-0.05152343786961216
9802,9802,-0.1703219401396876
9803,9803,-0.060558040584681776
9804,9804,-0.04014883854124916
9805,9805,-0.10973818794471449
9806,9806,-0.16097631165859438
9807,9807,-0.04429882853580405
9808,9808,-0.0230282075798759
9809,9809,-0.07000851891942861
9810,9810,-0.38531193362144
9811,9811,-0.047368762744317165
9812,9812,-0.0725197267686222
9813,9813,-0.18998051389871737
9814,9814,-0.05957480751294194
9815,9815,-0.023611936121376603
9816,9816,-0.04818414635302972
9817,9817,-0.07954597463272375
9818,9818,-0.02837951907713017
9819,9819,-0.09765270280656888
9820,9820,-0.18092875698973232
9821,9821,-0.08818957042015982
9822,9822,-0.03664087245730542
9823,9823,-0.013133807293787124
9824,9824,-0.3430503118945069
9825,9825,-0.12344870309625783
9826,9826,-0.09233920439206447
9827,9827,-0.13432359425543203
9828,9828,-0.18319449591020714
9829,9829,-0.20118889381694513
9830,9830,-0.13565918227756824
9831,9831,-0.05538938717277021
9832,9832,-0.05185191958152034
9833,9833,-0.01341045704231518
9834,9834,-0.1370065776372868
9835,9835,-0.023060845783434775
9836,9836,-0.019049235812077535
9837,9837,-0.013534182493470536
9838,9838,-0.09820325340419495
9839,9839,-0.06157943919937875
9840,9840,-0.023506384676473764
9841,9841,-0.44744809271494124
9842,9842,-0.3643546512672815
9843,9843,-0.16726968512949175
9844,9844,-0.27083092222667127
9845,9845,-0.2712494666935515
9846,9846,-0.10535887865345117
9847,9847,-0.014804833203220203
9848,9848,-0.1737751837274051
9849,9849,-0.004825796156547815
9850,9850,-0.00917968117839699
9851,9851,-0.13222977910640182
9852,9852,-0.020213557218311903
9853,9853,-0.054332929126485276
9854,9854,-0.2299614974379025
9855,9855,-0.0794118271757065
9856,9856,-0.026687203985347935
9857,9857,-0.3954775891038574
9858,9858,-0.09267251988553
9859,9859,-0.08964909297623094
9860,9860,-0.08466727206544927
9861,9861,-0.11316161505841675
9862,9862,-0.10523853017611323
9863,9863,-0.29945865183394105
9864,9864,-0.0203636132213991
9865,9865,-0.17857945953103993
9866,9866,-0.004258400911545838
9867,9867,-0.023494228890483377
9868,9868,-0.017976622107427023
9869,9869,-0.06734818774133458
9870,9870,-0.08554379535144256
9871,9871,-0.0416380873043035
9872,9872,-0.012539393779560024
9873,9873,-0.03410829212228246
9874,9874,-0.15896800279669304
9875,9875,-0.14710668363030974
9876,9876,-0.026501678162092354
9877,9877,-0.009273318505631093
9878,9878,-0.19249596285886386
9879,9879,-0.2159012925966268
9880,9880,-0.007918276661920997
9881,9881,-0.12488559301895405
9882,9882,-0.07249743100611601
9883,9883,-0.209979259761759
9884,9884,-0.001245844169508447
9885,9885,-0.023918973256027706
9886,9886,-0.012185996489370752
9887,9887,-0.10053863415601624
9888,9888,-0.14855320175636352
9889,9889,-0.15616819874631652
9890,9890,-0.026644119128689345
9891,9891,-0.027214490615602792
9892,9892,-0.05281625006570154
9893,9893,-0.017732896437709342
9894,9894,-0.10683971505046527
9895,9895,-0.03297014890561942
9896,9896,-0.09064531211317582
9897,9897,-0.16621256343615193
9898,9898,-0.09165988097598633
9899,9899,-0.16705550333830788
9900,9900,-0.11365283985136951
9901,9901,-0.12814845292881744
9902,9902,-0.018750623882014185
9903,9903,-0.22073154246205517
9904,9904,-0.17045874637649833
9905,9905,-0.0030535679348031326
9906,9906,-0.041802340920267765
9907,9907,-0.15934018558147883
9908,9908,-0.15189297609006408
9909,9909,-0.042252394537471746
9910,9910,-0.06589711846229977
9911,9911,-0.02642964508459818
9912,9912,-0.03694107669850413
9913,9913,-0.09770497075314767
9914,9914,-0.31665637055962953
9915,9915,-0.013362756558662623
9916,9916,-0.014036119641283607
9917,9917,-0.018118319767025264
9918,9918,-0.09608599881061489
9919,9919,-0.0512600840955411
9920,9920,-0.09392068073329249
9921,9921,-0.011402779644068606
9922,9922,-0.05313534838261076
9923,9923,-0.14979454579798418
9924,9924,-0.024832603580968032
9925,9925,-0.1643860870189003
9926,9926,-0.08728054677054886
9927,9927,-0.13636471269902314
9928,9928,-0.07365364050292714
9929,9929,-0.06401150895895572
9930,9930,-0.17206057120485013
9931,9931,-0.07540282255497578
9932,9932,-0.1217671446975381
9933,9933,-0.19557314414592114
9934,9934,-0.09450601840161646
9935,9935,-0.20863298627450505
9936,9936,-0.16480574736660897
9937,9937,-0.136184543899497
9938,9938,-0.24114186385588673
9939,9939,-0.31997464443663387
9940,9940,-0.05577190620648454
9941,9941,-0.0315438882788613
9942,9942,-0.0036647736965579733
9943,9943,-0.12187542084661386
9944,9944,-0.09022801098727691
9945,9945,-0.014681643897394044
9946,9946,-0.0636966117199876
9947,9947,-0.022423919125097613
9948,9948,-0.11893655057149141
9949,9949,-0.1867122002670311
9950,9950,-0.05831138425486037
9951,9951,-0.08945255568465692
9952,9952,-0.08683394488046978
9953,9953,-0.08602464673591882
9954,9954,-0.10776694986380139
9955,9955,-0.30855110055616697
9956,9956,-0.04596991213246703
9957,9957,-0.16628175338542125
9958,9958,-0.02537670925296703
9959,9959,-0.18613713396169163
9960,9960,-0.011454246659671487
9961,9961,-0.01866659417439036
9962,9962,-0.010673193477179299
9963,9963,-0.06066084778333583
9964,9964,-0.006796514155893172
9965,9965,-0.12814706730680414
9966,9966,-0.002177095519249281
9967,9967,-0.039741632280059655
9968,9968,-0.010598945480751977
9969,9969,-0.054837044952294405
9970,9970,-0.07225746568906163
9971,9971,-0.0910264864527485
9972,9972,-0.3945450687333317
9973,9973,-0.017582204422476592
9974,9974,-0.03004143557205119
9975,9975,-0.03502791584556571
9976,9976,-0.014659521001569807
9977,9977,-0.049401240243291754
9978,9978,-0.1091982127455216
9979,9979,-0.0430400987659027
9980,9980,-0.09113671288993407
9981,9981,-0.0055461064062152
9982,9982,-0.0672904653424817
9983,9983,-0.0763654915111654
9984,9984,-0.07152510873937049
9985,9985,-0.02501967313340665
9986,9986,-0.027451904310272494
9987,9987,-0.055013799812605804
9988,9988,-0.038501156080591716
9989,9989,-0.01095680555839506
9990,9990,-0.010352673737791288
9991,9991,-0.05574412526163881
9992,9992,-0.06955859119163131
9993,9993,-0.14352821151690134
9994,9994,-0.06815840493956352
9995,9995,-0.16657939417854595
9996,9996,-0.1556047279739969
9997,9997,-0.09183949225324615
9998,9998,-0.0510584763491905
9999,9999,-0.05942086360531561
10000,10000,-0.05469457072850595
10001,10001,-0.011963993464302138
10002,10002,-0.07713757026444788
10003,10003,-0.06910720812129602
10004,10004,-0.06714915179935078
10005,10005,-0.28851030957942814
10006,10006,-0.011395522302385292
10007,10007,-0.06830459038522071
10008,10008,-0.06659351466326485
10009,10009,-0.001631943943933096
10010,10010,-0.02035301132306601
10011,10011,-0.25209165936906786
10012,10012,-0.02034536769766097
10013,10013,-0.013499742066020018
10014,10014,-0.07248872716266602
10015,10015,-0.06410176983252408
10016,10016,-0.025532711683205624
10017,10017,-0.030140263893620046
10018,10018,-0.06607825515477939
10019,10019,-0.09038181259958174
10020,10020,-0.04275346057285514
10021,10021,-0.1175481049962955
10022,10022,-0.2163751640862547
10023,10023,-0.05202911114648996
10024,10024,-0.005556417591976498
10025,10025,-0.24559660244832804
10026,10026,-0.06742985543122718
10027,10027,-0.011905078075953304
10028,10028,-0.012565621248374294
10029,10029,-0.08214173925068254
10030,10030,-0.006072225902147796
10031,10031,-0.024492777154208698
10032,10032,-0.009260420149620087
10033,10033,-0.12495516366336866
10034,10034,-0.3278425478951785
10035,10035,-0.009654027465721573
10036,10036,-0.04276114289611548
10037,10037,-0.0711029691697021
10038,10038,-0.02548910035998301
10039,10039,-0.06539370092892856
10040,10040,-0.1757328795844326
10041,10041,-0.14936279364900687
10042,10042,-0.1113316147227242
10043,10043,-0.023667814644219964
10044,10044,-0.11565419886366396
10045,10045,-0.12170801890138
10046,10046,-0.046395323827480475
10047,10047,-0.12086730687690653
10048,10048,-0.05896777796554313
10049,10049,-0.011537118766412034
10050,10050,-0.1536631224134989
10051,10051,-0.04647429864761418
10052,10052,-0.025450927390446007
10053,10053,-0.04038680229601137
10054,10054,-0.027283650063594005
10055,10055,-0.03541487489606776
10056,10056,-0.0569312891652103
10057,10057,-0.018466382157230586
10058,10058,-0.01108183474452718
10059,10059,-0.05833888917046358
10060,10060,-0.05034410917785978
10061,10061,-0.06608770138347711
10062,10062,-0.20699442453772263
10063,10063,-0.11594310475513948
10064,10064,-0.04539773890111956
10065,10065,-0.2883208422054181
10066,10066,-0.016227460870635382
10067,10067,-0.4173394413246927
10068,10068,-0.008558032085560259
10069,10069,-0.17545312162814378
10070,10070,-0.12161114093816833
10071,10071,-0.06379795517523754
10072,10072,-0.17785486556908978
10073,10073,-0.009704161327448618
10074,10074,-0.08536786604565849
10075,10075,-0.12136532671959398
10076,10076,-0.13576686513159092
10077,10077,-0.1166505636964969
10078,10078,-0.06020739267670813
10079,10079,-0.0016951615497329882
10080,10080,-0.010938380809376473
10081,10081,-0.12986351596712506
10082,10082,-0.16663000903233313
10083,10083,-0.03251073866863438
10084,10084,-0.053537103656657425
10085,10085,-0.0163403034373375
10086,10086,-0.028742369665337445
10087,10087,-0.17366527667684836
10088,10088,-0.05481015590583697
10089,10089,-0.0420540377496305
10090,10090,-0.003515658041167458
10091,10091,-0.04369241564520176
10092,10092,-0.01171892317005658
10093,10093,-0.09818231295650687
10094,10094,-0.09780089675307423
10095,10095,-0.13516241510541427
10096,10096,-0.025175821984660614
10097,10097,-0.040588656676934176
10098,10098,-0.07906792056524709
10099,10099,-0.00533445356964493
10100,10100,-0.3528120819269639
10101,10101,-0.13013306222890048
10102,10102,-0.024084873213157224
10103,10103,-0.0037990233280907203
10104,10104,-0.08424083410778312
10105,10105,-0.046111952313663086
10106,10106,-0.26037593038211826
10107,10107,-0.003418314405271266
10108,10108,-0.09803057461845348
10109,10109,-0.11673449117199597
10110,10110,-0.10093466883055334
10111,10111,-0.13694619939298033
10112,10112,-0.059136561253128106
10113,10113,-0.10428390605836832
10114,10114,-0.14624761927105637
10115,10115,-0.008319049208895885
10116,10116,-0.12377857610220268
10117,10117,-0.47347593220466544
10118,10118,-0.06096043118710828
10119,10119,-0.013500976284565399
10120,10120,-0.06413829594823742
10121,10121,-0.016067921809688523
10122,10122,-0.011177907824027809
10123,10123,-0.037542024610304925
10124,10124,-0.016898227505730064
10125,10125,-0.01088332937997655
10126,10126,-0.07373684663546842
10127,10127,-0.021777399534058432
10128,10128,-0.024109717248054
10129,10129,-0.05373077337567014
10130,10130,-0.0948363867708295
10131,10131,-0.3062967141289612
10132,10132,-0.06963856299801785
10133,10133,-0.015022926047708326
10134,10134,-0.13942249419275532
10135,10135,-0.05691525981780937
10136,10136,-0.014230888289150258
10137,10137,-0.347784427744692
10138,10138,-0.10289035175387337
10139,10139,-0.27508047871109603
10140,10140,-0.005826410577545521
10141,10141,-0.1024185303076162
10142,10142,-0.08203241405912573
10143,10143,-0.017943133426178082
10144,10144,-0.2540380459402822
10145,10145,-0.26408443340611654
10146,10146,-0.22089304685276595
10147,10147,-0.1123888765261976
10148,10148,-0.02522553972832611
10149,10149,-0.08829709691632646
10150,10150,-0.27933074528281765
10151,10151,-0.2299059519894368
10152,10152,-0.09747191452150808
10153,10153,-0.020878968062894934
10154,10154,-0.036018089344905725
10155,10155,-0.04583057324565043
10156,10156,-0.21408071450676547
10157,10157,-0.20017112409041984
10158,10158,-0.1519292523576306
10159,10159,-0.0049050022150272
10160,10160,-0.10953437264419165
10161,10161,-0.09752186843582236
10162,10162,-0.250814185313065
10163,10163,-0.02210233858173594
10164,10164,-0.013986313208842544
10165,10165,-0.09165184128276478
10166,10166,-0.2323364285863781
10167,10167,-0.020188419290395193
10168,10168,-0.033481734207225056
10169,10169,-0.03659537750428471
10170,10170,-0.07117304953129322
10171,10171,-0.11318987012931056
10172,10172,-0.10087791695156015
10173,10173,-0.17469559773870535
10174,10174,-0.04009764864292322
10175,10175,-0.004666380804368484
10176,10176,-0.48247164667072806
10177,10177,-0.02194399256494896
10178,10178,-0.014062419519789251
10179,10179,-0.07742807949325063
10180,10180,-0.027305147108652866
10181,10181,-0.034974258840457954
10182,10182,-0.02456927096740011
10183,10183,-0.02914523332823348
10184,10184,-0.020867978938697275
10185,10185,-0.05535345581215283
10186,10186,-0.18893562667900965
10187,10187,-0.0520165113029939
10188,10188,-0.13055867740004595
10189,10189,-0.1156826383192952
10190,10190,-0.011870109161668224
10191,10191,-0.03655665400244973
10192,10192,-0.4055148686141363
10193,10193,-0.06550191175935757
10194,10194,-0.04556621118500193
10195,10195,-0.020469026997653794
10196,10196,-0.20131695152011048
10197,10197,-0.2946190118348237
10198,10198,-0.08721890410595715
10199,10199,-0.03598951546494826
10200,10200,-0.05023429005157616
10201,10201,-0.24142618150001177
10202,10202,-0.024422394931212454
10203,10203,-0.03830176261091827
10204,10204,-0.08189991605438779
10205,10205,-0.004660949955093204
10206,10206,-0.0811096681624055
10207,10207,-0.07779413148433008
10208,10208,-0.017636411511434295
10209,10209,-0.03472636316006095
10210,10210,-0.14367703445819846
10211,10211,-0.028962694080881108
10212,10212,-0.11887214814738277
10213,10213,-0.05108639052518332
10214,10214,-0.01356789354049168
10215,10215,-0.00015008200826536645
10216,10216,-0.04896672878672444
10217,10217,-0.11338312467843967
10218,10218,-0.12041701162516871
10219,10219,-0.11384630107206817
10220,10220,-0.08605541603937757
10221,10221,-0.042862206387037034
10222,10222,-0.03887526252126021
10223,10223,-0.0423780581156888
10224,10224,-0.053749892938130706
10225,10225,-0.06339054301320382
10226,10226,-0.0134693540534986
10227,10227,-0.0013754445403946992
10228,10228,-0.03529122793525896
10229,10229,-0.009741948708681255
10230,10230,-0.14904803878831166
10231,10231,-0.4304963123901126
10232,10232,-0.01577284317902513
10233,10233,-0.037417502639073896
10234,10234,-0.12812907142870744
10235,10235,-0.014442985069482231
10236,10236,-0.21409421427756553
10237,10237,-0.09672771220722093
10238,10238,-0.03628783480832523
10239,10239,-0.0343620781977988
10240,10240,-0.020320531879686667
10241,10241,-0.02054122591137601
10242,10242,-0.04431828776921368
10243,10243,-0.0614825706545144
10244,10244,-0.10936378037366165
10245,10245,-0.15128109378638904
10246,10246,-0.0863057265266035
10247,10247,-0.06538718568797103
10248,10248,-0.17812382360375828
10249,10249,-0.04762053721260467
10250,10250,-0.054818693235359074
10251,10251,-0.10138595024765758
10252,10252,-0.017163142384233714
10253,10253,-0.0781059762425051
10254,10254,-0.07978339081825524
10255,10255,-0.04036685627999865
10256,10256,-0.12114256931373865
10257,10257,-0.13447591440034454
10258,10258,-0.06970077423502141
10259,10259,-0.15063680123233875
10260,10260,-0.07625828212424807
10261,10261,-0.0779213291114201
10262,10262,-0.049685224735608234
10263,10263,-0.038254807594976875
10264,10264,-0.03378217724056485
10265,10265,-0.031227255807073046
10266,10266,-0.2649054836583409
10267,10267,-0.10631879847061457
10268,10268,-0.06201524606058111
10269,10269,-0.014267045035936943
10270,10270,-0.051712516273593544
10271,10271,-0.007125905184772502
10272,10272,-0.04706430523855485
10273,10273,-0.13036031635800677
10274,10274,-0.006162597166211958
10275,10275,-0.05118161819627969
10276,10276,-0.008817346522560075
10277,10277,-0.04666407465783357
10278,10278,-0.165797267644192
10279,10279,-0.0661872336142365
10280,10280,-0.004970182209925026
10281,10281,-0.004182172746100351
10282,10282,-0.025993234223001226
10283,10283,-0.009512788125973486
10284,10284,-0.2183341117136317
10285,10285,-0.007421439177424272
10286,10286,-0.07631019118332441
10287,10287,-0.0829249676640822
10288,10288,-0.1742802856664844
10289,10289,-0.08807933913795549
10290,10290,-0.04387968119852635
10291,10291,-0.026980675150251213
10292,10292,-0.05744463636266635
10293,10293,-0.05848143445860077
10294,10294,-0.0060669581597573
10295,10295,-0.013998819889802016
10296,10296,-0.06299829053664255
10297,10297,-0.012303111081556442
10298,10298,-0.02053926984715521
10299,10299,-0.13022088009415733
10300,10300,-0.013167915418537686
10301,10301,-0.14579649000784015
10302,10302,-0.11166956506037325
10303,10303,-0.1494189047075162
10304,10304,-0.019946857051738685
10305,10305,-0.11467280774157439
10306,10306,-0.09471673978282394
10307,10307,-0.134075979476203
10308,10308,-0.09988044835286361
10309,10309,-0.04453048776804808
10310,10310,-0.0987482311099972
10311,10311,-0.0025769052077280717
10312,10312,-0.1453628440009344
10313,10313,-0.0038586282252375337
10314,10314,-0.040984422218655274
10315,10315,-0.07379237168439232
10316,10316,-0.10512479220103181
10317,10317,-0.11391636549684521
10318,10318,-0.04238042676078872
10319,10319,-0.03217858609237455
10320,10320,-0.04604289295573517
10321,10321,-0.029569167327199667
10322,10322,-0.002875077568110025
10323,10323,-0.07822620432438741
10324,10324,-0.02581207479484845
10325,10325,-0.026585958627164542
10326,10326,-0.025701522441904094
10327,10327,-0.014252273193657704
10328,10328,-0.07835146012955595
10329,10329,-0.03919239834641583
10330,10330,-0.3510928143264535
10331,10331,-0.14476029872133947
10332,10332,-0.11930459781600504
10333,10333,-0.28097607680635905
10334,10334,-0.10457819439952139
10335,10335,-0.12209020673556834
10336,10336,-0.09374669523927275
10337,10337,-0.021756025218424013
10338,10338,-0.05966404480954385
10339,10339,-0.1271761333852062
10340,10340,-0.0347287204729936
10341,10341,-0.11942104273566144
10342,10342,-0.07300289098055589
10343,10343,-0.007940038527514959
10344,10344,-0.028111359517433696
10345,10345,-0.0033098474022231123
10346,10346,-0.025833526003177974
10347,10347,-0.014183648479510738
10348,10348,-0.08227516323406762
10349,10349,-0.16764036830428106
10350,10350,-0.006200561308762564
10351,10351,-0.0924017048492449
10352,10352,-0.18788661300074191
10353,10353,-9.670156681898176e-05
10354,10354,-0.030012976706001976
10355,10355,-0.0007724865008560947
10356,10356,-0.00501683937858503
10357,10357,-0.06898731695739135
10358,10358,-0.03004220469177987
10359,10359,-0.0643487080954204
10360,10360,-0.042480979484028666
10361,10361,-0.2746428266251902
10362,10362,-0.007048852883565748
10363,10363,-0.17636838532233742
10364,10364,-0.0875603390420738
10365,10365,-0.21051048344749557
10366,10366,-0.15385679056485743
10367,10367,-0.22468903731461976
10368,10368,-0.16460853282974025
10369,10369,-0.1010291483758416
10370,10370,-0.06432704291231066
10371,10371,-0.1535517636174481
10372,10372,-0.03299315387589821
10373,10373,-0.027400391721822855
10374,10374,-0.02550305053749152
10375,10375,-0.36968793964201424
10376,10376,-0.030835305209437325
10377,10377,-0.07820087904375657
10378,10378,-0.0023595809482451916
10379,10379,-0.18725864475520726
10380,10380,-0.11151773560613075
10381,10381,-0.01308002206576389
10382,10382,-0.058085449709476815
10383,10383,-0.01390710959194385
10384,10384,-0.0060110995020464155
10385,10385,-0.06169580370277423
10386,10386,-0.02775745425344357
10387,10387,-0.022715307361062382
10388,10388,-0.00857315832945344
10389,10389,-0.3374182324673393
10390,10390,-0.11183262252119894
10391,10391,-0.07697957083790512
10392,10392,-0.06122356188888038
10393,10393,-0.012607473494119854
10394,10394,-0.02073138322565734
10395,10395,-0.006349730482579282
10396,10396,-1.5719195879592968e-05
10397,10397,-0.2437167105556063
10398,10398,-0.06467564171341576
10399,10399,-0.01236347153313864
10400,10400,-0.09794376944616846
10401,10401,-0.14751325594595427
10402,10402,-0.06773877985899641
10403,10403,-0.07584024426472344
10404,10404,-0.2881644672192263
10405,10405,-0.5325162268804812
10406,10406,-0.10607718752320662
10407,10407,-0.028177730501566876
10408,10408,-0.014375463912363011
10409,10409,-0.19084442162542462
10410,10410,-0.004402934737413237
10411,10411,-0.13838051177816887
10412,10412,-0.009582400703372155
10413,10413,-0.03995720216734708
10414,10414,-0.0208669528862714
10415,10415,-0.2238910219982173
10416,10416,-0.019542238208664926
10417,10417,-0.07700087141748076
10418,10418,-0.3121629512360876
10419,10419,-0.09929397752379514
10420,10420,-0.18516918645934766
10421,10421,-0.005647628763081259
10422,10422,-0.05907002469902904
10423,10423,-0.08077915236442039
10424,10424,-0.037447117866066686
10425,10425,-0.25392030552351624
10426,10426,-0.3914603725036467
10427,10427,-0.34230968857792476
10428,10428,-0.32112477839379977
10429,10429,-0.04407585461560499
10430,10430,-0.024040230203570226
10431,10431,-0.0658075361067177
10432,10432,-0.08257039783760517
10433,10433,-0.02913800925662566
10434,10434,-0.14435922050948427
10435,10435,-0.07800395146973928
10436,10436,-0.009830017160924416
10437,10437,-0.23735648279258667
10438,10438,-0.012367130094757655
10439,10439,-0.00674041433066809
10440,10440,-0.01582502332217517
10441,10441,-0.11858395783938121
10442,10442,-0.05835772544649237
10443,10443,-0.24891499356662777
10444,10444,-0.010982305792574268
10445,10445,-0.34656852834108076
10446,10446,-0.07331679548208062
10447,10447,-0.0070256741634564844
10448,10448,-0.0780806153736873
10449,10449,-0.06698112860174762
10450,10450,-0.1278144203788976
10451,10451,-0.045049706564368006
10452,10452,-0.22100039906418076
10453,10453,-0.009994827851156116
10454,10454,-0.14593997743870588
10455,10455,-0.01128739867471797
10456,10456,-0.2568426966446581
10457,10457,-0.12430701550120583
10458,10458,-0.03029021487690889
10459,10459,-0.30289984058358543
10460,10460,-0.16664567996891916
10461,10461,-0.00786465366960513
10462,10462,-0.015877510722910115
10463,10463,-0.027579173963508882
10464,10464,-0.08378566717901523
10465,10465,-0.12097275325089801
10466,10466,-0.18380231229501967
10467,10467,-0.05618759094168069
10468,10468,-0.01675327855637382
10469,10469,-0.051194473002122015
10470,10470,-0.10490017471092072
10471,10471,-0.04405687156231171
10472,10472,-0.149750259326665
10473,10473,-0.041338306080798914
10474,10474,-0.09585189316400283
10475,10475,-0.051268212773352785
10476,10476,-0.04120589314030172
10477,10477,-0.09427280618633666
10478,10478,-0.20330077611179612
10479,10479,-0.031861442294001716
10480,10480,-0.22851379188794788
10481,10481,-0.05032225787667642
10482,10482,-0.11132218523373025
10483,10483,-0.1354076643484385
10484,10484,-0.2504756994297442
10485,10485,-0.19270329559810337
10486,10486,-0.036898715929851736
10487,10487,-0.0955748389302219
10488,10488,-0.01967494507237975
10489,10489,-0.005029446012233887
10490,10490,-0.06047785789937306
10491,10491,-0.03524017841323546
10492,10492,-0.04021656403026155
10493,10493,-0.03115275700454025
10494,10494,-0.024002759523401224
10495,10495,-0.19184957198138738
10496,10496,-0.09068666969695564
10497,10497,-0.040106621190635926
10498,10498,-0.007177357391725738
10499,10499,-0.1706671083698189
10500,10500,-0.35410887388016227
10501,10501,-0.06368971392142365
10502,10502,-0.054076302923139904
10503,10503,-0.07168582913929551
10504,10504,-0.005352901180357187
10505,10505,-0.09092537817039106
10506,10506,-0.02145201038567695
10507,10507,-0.003669471274657847
10508,10508,-0.010726112525382272
10509,10509,-0.025977925139806762
10510,10510,-0.03232743614988147
10511,10511,-0.03356641176395955
10512,10512,-0.01068220119519353
10513,10513,-0.09868930020436523
10514,10514,-0.5293005460007632
10515,10515,-0.048102559207245765
10516,10516,-0.02961433005092143
10517,10517,-0.018204343022301155
10518,10518,-0.005513073029040342
10519,10519,-0.020542592826124015
10520,10520,-0.0038316247258963435
10521,10521,-0.00098847487142429
10522,10522,-0.030728224550900306
10523,10523,-0.1455307223809882
10524,10524,-0.09020861849617398
10525,10525,-0.2269424310828355
10526,10526,-0.0724848531131766
10527,10527,-0.07968556363904641
10528,10528,-0.011789469993862864
10529,10529,-0.20139209556120363
10530,10530,-0.07793139600411486
10531,10531,-0.283904728392947
10532,10532,-0.08996608182926062
10533,10533,-0.16832416258061053
10534,10534,-0.043449319802708226
10535,10535,-0.06618776839475396
10536,10536,-0.29769704121573515
10537,10537,-0.05565544601204328
10538,10538,-0.010619465543401237
10539,10539,-0.08354599146873885
10540,10540,-0.15429268757641923
10541,10541,-0.04218354540343044
10542,10542,-0.021068507247030535
10543,10543,-0.028754316807754483
10544,10544,-0.1870071063116196
10545,10545,-0.010709104932667694
10546,10546,-0.016857691415088055
10547,10547,-0.18737657977794547
10548,10548,-0.1199807801966393
10549,10549,-0.03756538023113884
10550,10550,-0.24464342618621238
10551,10551,-0.03437599222061179
10552,10552,-0.052226656348737195
10553,10553,-0.04015737117713421
10554,10554,-0.04779984564205378
10555,10555,-0.17202007612464454
10556,10556,-0.00036859063479074343
10557,10557,-0.17120300335995015
10558,10558,-0.009707675462985637
10559,10559,-0.05524295627924129
10560,10560,-0.16211375144496107
10561,10561,-0.11053416517434081
10562,10562,-0.04509027051004004
10563,10563,-0.07511024667174089
10564,10564,-0.17487971383461412
10565,10565,-0.1234702846431886
10566,10566,-0.036475876787485796
10567,10567,-0.0497209725734434
10568,10568,-0.3199498522014142
10569,10569,-0.030791360335483464
10570,10570,-0.0024928747098557505
10571,10571,-0.16558774696550854
10572,10572,-0.029914814935937766
10573,10573,-0.15554621795246976
10574,10574,-0.06563172861379325
10575,10575,-0.1671121933229062
10576,10576,-0.12320751215298989
10577,10577,-0.01800606758560544
10578,10578,-0.0339230465919092
10579,10579,-0.03214996667181051
10580,10580,-0.031220948906073853
10581,10581,-0.2732509087096755
10582,10582,-0.07946917736230505
10583,10583,-0.200480263865646
10584,10584,-0.03639378831844412
10585,10585,-0.1356072603138031
10586,10586,-0.03016584423800987
10587,10587,-0.02622257654600278
10588,10588,-0.07537104521355077
10589,10589,-0.10489570553703868
10590,10590,-0.0756327660814242
10591,10591,-0.06626641098355254
10592,10592,-0.037596357003867244
10593,10593,-0.005654353538222619
10594,10594,-0.03375204398681857
10595,10595,-0.059137577833045046
10596,10596,-0.05702199496212436
10597,10597,-0.2041990280870401
10598,10598,-0.027887524975736596
10599,10599,-0.04309971368806865
10600,10600,-0.05340452696910621
10601,10601,-0.014490315795115751
10602,10602,-0.04018849941093076
10603,10603,-0.013329172762362146
10604,10604,-0.3465540170385095
10605,10605,-0.07841432745696161
10606,10606,-0.03256062597499637
10607,10607,-0.040689478955555
10608,10608,-0.11294622648114601
10609,10609,-0.12479907803739455
10610,10610,-0.0522797083465634
10611,10611,-0.07117009853456079
10612,10612,-0.009020065655545705
10613,10613,-0.1004397501181336
10614,10614,-0.15408738805383154
10615,10615,-0.05274518923399764
10616,10616,-0.0021591130794695055
10617,10617,-0.4785422239382099
10618,10618,-0.006359660041469742
10619,10619,-0.025764946649316417
10620,10620,-0.05661369282884443
10621,10621,-0.026384165686355734
10622,10622,-0.024366003599370953
10623,10623,-0.030098997526805102
10624,10624,-0.3289847540278597
10625,10625,-0.033696897271878995
10626,10626,-0.1426157273456246
10627,10627,-0.003561103688448637
10628,10628,-0.1515674083457834
10629,10629,-0.03349438245284956
10630,10630,-0.1330438937589311
10631,10631,-0.13910684763337078
10632,10632,-0.02925626611290176
10633,10633,-0.07676152032203223
10634,10634,-0.058505550845504364
10635,10635,-0.009659221491941903
10636,10636,-0.07865737089292678
10637,10637,-0.26845394445761195
10638,10638,-0.311845231795717
10639,10639,-0.11030851199066916
10640,10640,-0.11425438616259688
10641,10641,-0.10257836923508998
10642,10642,-0.008634265705494134
10643,10643,-0.1663538393954111
10644,10644,-0.07643879028628617
10645,10645,-0.04962167802405102
10646,10646,-0.04755374596350319
10647,10647,-0.06785665749332316
10648,10648,-0.000831037033890925
10649,10649,-0.04905687537398003
10650,10650,-0.038266289602652825
10651,10651,-0.027922746749811878
10652,10652,-0.05879542153601198
10653,10653,-0.03289165030667223
10654,10654,-0.09369328749332288
10655,10655,-0.009131312656101823
10656,10656,-0.014426566616793954
10657,10657,-0.5070354562305417
10658,10658,-0.14115014335383874
10659,10659,-0.11072592864908617
10660,10660,-0.08482071311802937
10661,10661,-0.005221884497156463
10662,10662,-0.044832234687525514
10663,10663,-0.0330199503657927
10664,10664,-0.10292871157851335
10665,10665,-0.027282310542400965
10666,10666,-0.022054095409977416
10667,10667,-0.0013464645174759717
10668,10668,-0.11521223907924796
10669,10669,-0.07166721192785336
10670,10670,-0.036251747475814805
10671,10671,-0.10362263340405148
10672,10672,-0.0017818649279136638
10673,10673,-0.10946617289825356
10674,10674,-0.05357192661714898
10675,10675,-0.010971545613683291
10676,10676,-0.04060073455728483
10677,10677,-0.19012882657334296
10678,10678,-0.08551305180331005
10679,10679,-0.16942220586392595
10680,10680,-0.0352520392010953
10681,10681,-0.24021894356332557
10682,10682,-0.07234343023295214
10683,10683,-0.08764034087708572
10684,10684,-0.045796912598270456
10685,10685,-0.10064484177805613
10686,10686,-0.01192797574732752
10687,10687,-0.06504250886508399
10688,10688,-0.049696007239447254
10689,10689,-0.15573995197762325
10690,10690,-0.09210327814720522
10691,10691,-0.04580912491173092
10692,10692,-0.1089885832661823
10693,10693,-0.012153611538467233
10694,10694,-0.12939725090426524
10695,10695,-0.0685092423050232
10696,10696,-0.16589307303679834
10697,10697,-0.07443582865459995
10698,10698,-0.12184147274997285
10699,10699,-0.07301115103672602
10700,10700,-0.06176971107742506
10701,10701,-0.15247755340385402
10702,10702,-0.008955306241047048
10703,10703,-0.24362835358028737
10704,10704,-0.16925182352702525
10705,10705,-0.07709252029318686
10706,10706,-0.14569192525067123
10707,10707,-0.2107007329628623
10708,10708,-0.01604181093121003
10709,10709,-0.009560604485156055
10710,10710,-0.04889472729478712
10711,10711,-0.017456974166035092
10712,10712,-0.03811532743699677
10713,10713,-0.15939217903039185
10714,10714,-0.0537237189014879
10715,10715,-0.2568518137234492
10716,10716,-0.022343008108547068
10717,10717,-0.11739482912910762
10718,10718,-0.004032975896909818
10719,10719,-0.019220828155324946
10720,10720,-0.040119855173617554
10721,10721,-0.0935808479198686
10722,10722,-0.06901088326285597
10723,10723,-0.2625231036293263
10724,10724,-0.29513837009354993
10725,10725,-0.0017986070325747053
10726,10726,-0.01750035524216736
10727,10727,-0.1339442321560173
10728,10728,-0.2754639439985081
10729,10729,-0.17806964833550815
10730,10730,-0.03655232481568775
10731,10731,-0.002947476584529271
10732,10732,-0.0145134300469312
10733,10733,-0.332758597857117
10734,10734,-0.02579594206152311
10735,10735,-0.041250351096627176
10736,10736,-0.004888546552612961
10737,10737,-0.08751362581755465
10738,10738,-0.1787868763265671
10739,10739,-0.008541162512849884
10740,10740,-0.04227982147631643
10741,10741,-0.02940733407528035
10742,10742,-0.015449424405457865
10743,10743,-0.05749331192082595
10744,10744,-0.05836566414636856
10745,10745,-0.16151865115205724
10746,10746,-0.4107610837801746
10747,10747,-0.15325660755441214
10748,10748,-0.1498554511670741
10749,10749,-0.019126763169850507
10750,10750,-0.043229249854317094
10751,10751,-0.006199407117514366
10752,10752,-0.17977488747046125
10753,10753,-0.17716995302158087
10754,10754,-0.006447613679478818
10755,10755,-0.11274245936269608
10756,10756,-0.07853765843934343
10757,10757,-0.044765883535482436
10758,10758,-0.07086057730508181
10759,10759,-0.07919822033629759
10760,10760,-0.008633953883942088
10761,10761,-0.06279966221169693
10762,10762,-0.1664440179610564
10763,10763,-0.061890663428158424
10764,10764,-0.011442755429635697
10765,10765,-0.2658041240577302
10766,10766,-0.041756146602200915
10767,10767,-0.1260119074721215
10768,10768,-0.010444296411061909
10769,10769,-0.03683533559375758
10770,10770,-0.04690353702865021
10771,10771,-0.013146878475492509
10772,10772,-0.13791413079832582
10773,10773,-0.14211042542516783
10774,10774,-0.05659907621622693
10775,10775,-0.4103937841986092
10776,10776,-0.05484018166305838
10777,10777,-0.07796230948674528
10778,10778,-0.16682167720200744
10779,10779,-0.031213864041169725
10780,10780,-0.024308530374725
10781,10781,-0.0727849805827265
10782,10782,-0.32559626312244744
10783,10783,-0.0012593848695688524
10784,10784,-0.18487920283246076
10785,10785,-0.19793691625416082
10786,10786,-0.08778341345720424
10787,10787,-0.04672818648720137
10788,10788,-0.058305935055111974
10789,10789,-0.2302364903951327
10790,10790,-0.07551568256732319
10791,10791,-0.10781575215019716
10792,10792,-0.01751206191295216
10793,10793,-0.14672385090110818
10794,10794,-0.03793607544839756
10795,10795,-0.0769019309830399
10796,10796,-0.025523653228467096
10797,10797,-0.0843889999212689
10798,10798,-0.016689177043361984
10799,10799,-0.013020150313688408
10800,10800,-0.05449968652093842
10801,10801,-0.010208798830679051
10802,10802,-0.07967646442525995
10803,10803,-0.02298191568906364
10804,10804,-0.16847069184856242
10805,10805,-0.021083716642981563
10806,10806,-0.1810629985101278
10807,10807,-0.054091204754472516
10808,10808,-0.13054172733021097
10809,10809,-0.004610746488847114
10810,10810,-0.05709076814705426
10811,10811,-0.11729145271075354
10812,10812,-0.04359500481806414
10813,10813,-0.037918069330388354
10814,10814,-0.14025635410144383
10815,10815,-0.010352396072525544
10816,10816,-0.052791046697386705
10817,10817,-0.0666403477245876
10818,10818,-0.0966005376477169
10819,10819,-0.15929581070136273
10820,10820,-0.12542835790480722
10821,10821,-0.05423568993828726
10822,10822,-0.053093053275533854
10823,10823,-0.12784438312616309
10824,10824,-0.09780150737871007
10825,10825,-0.2034874300302022
10826,10826,-0.4697328474037965
10827,10827,-0.13127941970897825
10828,10828,-0.035800058585628264
10829,10829,-0.015173894842866308
10830,10830,-0.04946038618577004
10831,10831,-0.00012146849681998428
10832,10832,-0.05200563937340058
10833,10833,-0.13433727089871866
10834,10834,-0.061208646019504424
10835,10835,-0.02115782095207252
10836,10836,-0.1294760885593398
10837,10837,-0.10346031423924477
10838,10838,-0.0671216111247577
10839,10839,-0.0732092788377341
10840,10840,-0.0848501547138507
10841,10841,-0.07199270781011016
10842,10842,-0.011050209395344453
10843,10843,-0.03963873065382005
10844,10844,-0.02356893696899507
10845,10845,-0.08413397133939352
10846,10846,-0.014647207164001677
10847,10847,-0.07275058906578946
10848,10848,-0.1594724536815971
10849,10849,-0.035457558235421044
10850,10850,-0.15934142135598822
10851,10851,-0.09053782137889155
10852,10852,-0.07621473159456475
10853,10853,-0.1556849128210594
10854,10854,-0.007544054957297686
10855,10855,-0.12995184653198855
10856,10856,-0.023463703107554183
10857,10857,-0.13974907341441192
10858,10858,-0.020818702532839843
10859,10859,-0.10759646491224377
10860,10860,-0.32139305337762425
10861,10861,-0.012142967691673383
10862,10862,-0.19956050053755292
10863,10863,-0.046889237453995855
10864,10864,-0.005329450350710829
10865,10865,-0.1119410652204402
10866,10866,-0.047238340667205364
10867,10867,-0.05902082197950818
10868,10868,-0.008958493000757363
10869,10869,-0.011704158992484748
10870,10870,-0.0534741997444954
10871,10871,-0.287751409957165
10872,10872,-0.006729243492863496
10873,10873,-0.4162644469331422
10874,10874,-0.02336963539360925
10875,10875,-0.04460564076048291
10876,10876,-0.022417420415470946
10877,10877,-0.08338789019241497
10878,10878,-0.04502404412628347
10879,10879,-0.3851187313477791
10880,10880,-0.16970077219277838
10881,10881,-0.04194801682737765
10882,10882,-0.061750235546485316
10883,10883,-0.12573934184434096
10884,10884,-0.06156689887609002
10885,10885,-0.13053340825400864
10886,10886,-0.07125287952239542
10887,10887,-0.15998438396013098
10888,10888,-0.3902944838305978
10889,10889,-0.24082779272515498
10890,10890,-0.07818495041685036
10891,10891,-0.1320302209203125
10892,10892,-0.166643439964002
10893,10893,-0.10722706605950535
10894,10894,-0.042686116228704205
10895,10895,-0.012268872969263078
10896,10896,-0.03786389408067142
10897,10897,-0.2611847228695241
10898,10898,-0.046271566086636184
10899,10899,-0.0034027034843780793
10900,10900,-0.032237690927842795
10901,10901,-0.09838186832901193
10902,10902,-0.15336704362171577
10903,10903,-0.04137732565124706
10904,10904,-0.0677996805140986
10905,10905,-0.002605635297484605
10906,10906,-0.016728619026764258
10907,10907,-0.1250937121001155
10908,10908,-0.09638564904680721
10909,10909,-0.007483274793206621
10910,10910,-0.011125023291471175
10911,10911,-0.24775198946382257
10912,10912,-0.026995340061640692
10913,10913,-0.12430248525349143
10914,10914,-0.11385680238816168
10915,10915,-0.0019686604228022356
10916,10916,-0.007969732068781349
10917,10917,-0.289724917557834
10918,10918,-0.02674636936389605
10919,10919,-0.02134110354179424
10920,10920,-0.02093952153317076
10921,10921,-0.01571020517727681
10922,10922,-0.02578060797448002
10923,10923,-0.04149701262896363
10924,10924,-0.17410803102117411
10925,10925,-0.14304685179249046
10926,10926,-0.07886703515461084
10927,10927,-0.05064569051993835
10928,10928,-0.04290912483626142
10929,10929,-0.05659348695303521
10930,10930,-0.008875506658807509
10931,10931,-0.006131204586352209
10932,10932,-0.007449621507228012
10933,10933,-0.15900913013009554
10934,10934,-0.0010490565932864038
10935,10935,-0.02551857147378472
10936,10936,-0.06564334656310246
10937,10937,-0.09261022949446944
10938,10938,-0.011606064028112718
10939,10939,-0.1562919595706206
10940,10940,-0.05959849188814659
10941,10941,-0.01155056625466225
10942,10942,-0.3646340840292529
10943,10943,-0.09572079284010995
10944,10944,-0.04930101639421879
10945,10945,-0.06149937807452863
10946,10946,-0.027970889386043092
10947,10947,-0.18379125424590156
10948,10948,-0.017140726163013743
10949,10949,-0.1454641413363884
10950,10950,-0.04417333563260212
10951,10951,-0.021003647834439098
10952,10952,-0.025523642151346695
10953,10953,-0.31062103076438835
10954,10954,-0.04870489441163749
10955,10955,-0.29821617698014097
10956,10956,-0.03797762233288467
10957,10957,-0.06751833898693328
10958,10958,-0.00852519511304846
10959,10959,-0.03763577911943421
10960,10960,-0.005899707229474526
10961,10961,-0.10170279879939088
10962,10962,-0.16165585053817122
10963,10963,-0.07575866583250335
10964,10964,-0.04921192954073131
10965,10965,-0.05274030791212356
10966,10966,-0.017135808560045374
10967,10967,-0.050743810844822025
10968,10968,-0.0874684180727983
10969,10969,-0.10844476507070724
10970,10970,-0.2134259819825823
10971,10971,-0.030947114766139098
10972,10972,-0.03402000021714663
10973,10973,-0.18117638057828292
10974,10974,-0.018832916932400526
10975,10975,-0.046922962272441936
10976,10976,-0.012134318740695371
10977,10977,-0.014869596342869978
10978,10978,-0.030472956901410622
10979,10979,-0.18737855171537354
10980,10980,-0.005374906332001586
10981,10981,-0.09661034319985842
10982,10982,-0.12286428559290125
10983,10983,-0.14470475257532048
10984,10984,-0.1657458372866296
10985,10985,-0.011425767888893136
10986,10986,-0.05781261062502438
10987,10987,-0.07333904277541839
10988,10988,-0.015210326804881057
10989,10989,-0.3030270764957865
10990,10990,-0.06078120820661165
10991,10991,-0.06887432137251458
10992,10992,-0.004451746609720589
10993,10993,-0.10892356219839167
10994,10994,-0.04436931567180803
10995,10995,-0.018165049866085137
10996,10996,-0.0009127816771914196
10997,10997,-0.01760177865639141
10998,10998,-0.0630184225394606
10999,10999,-0.10570494212089666
11000,11000,-0.0415389432786224
11001,11001,-0.05396701660367642
11002,11002,-0.02365630772702251
11003,11003,-0.20413369814973253
11004,11004,-0.19587593442952506
11005,11005,-0.028899020754985558
11006,11006,-0.042522231555946366
11007,11007,-0.32409726764300517
11008,11008,-0.05416225599671434
11009,11009,-0.029240970214924212
11010,11010,-0.029960105425231552
11011,11011,-0.014630708748340809
11012,11012,-0.4379221639588358
11013,11013,-0.027836464632839675
11014,11014,-0.03302767206146947
11015,11015,-0.24078899889352434
11016,11016,-0.020810526188953984
11017,11017,-0.026415822504931387
11018,11018,-0.03770199182775211
11019,11019,-0.13963656730639012
11020,11020,-0.0954979102490443
11021,11021,-0.4896313733534754
11022,11022,-0.15374157658306536
11023,11023,-0.08502662428318308
11024,11024,-0.2335118536620853
11025,11025,-0.029267865425113136
11026,11026,-0.10783423877238718
11027,11027,-0.053034371060069425
11028,11028,-0.08061120219104956
11029,11029,-0.18616369616549028
11030,11030,-0.0055235029411021255
11031,11031,-0.14894620758282245
11032,11032,-0.01710584705546745
11033,11033,-0.05579462093786434
11034,11034,-0.03367989706624477
11035,11035,-0.073696492183621
11036,11036,-0.02821336219242577
11037,11037,-0.025627052874571156
11038,11038,-0.1835480195685253
11039,11039,-0.004957845507307565
11040,11040,-0.19337183646973544
11041,11041,-0.0014627620232319375
11042,11042,-0.08186569315937936
11043,11043,-0.10028966843478508
11044,11044,-0.007377402283704914
11045,11045,-0.1456319027190644
11046,11046,-0.4307245952898213
11047,11047,-0.21214830085519024
11048,11048,-0.44249314422433506
11049,11049,-0.11072983205237946
11050,11050,-0.13029710851856358
11051,11051,-0.13986580579873037
11052,11052,-0.0003318340020690855
11053,11053,-0.07746353084787788
11054,11054,-0.07789059811325136
11055,11055,-0.288065906149835
11056,11056,-0.013704437817597144
11057,11057,-0.010464427889885282
11058,11058,-0.15102516520492587
11059,11059,-0.10321705303150228
11060,11060,-0.007452047997313898
11061,11061,-0.2500727485092212
11062,11062,-0.09890313458585037
11063,11063,-0.1470208333268492
11064,11064,-0.11484172443033652
11065,11065,-0.020439321423390815
11066,11066,-0.09152431633753746
11067,11067,-0.02837200386370232
11068,11068,-0.026226337050239024
11069,11069,-0.07230285508670706
11070,11070,-0.007203903132919083
11071,11071,-0.04982482239838305
11072,11072,-0.3561293066155072
11073,11073,-0.1567806641094606
11074,11074,-0.018014454581600118
11075,11075,-0.25249618368099636
11076,11076,-0.10348707165802043
11077,11077,-0.13871280410185396
11078,11078,-0.1093856223699966
11079,11079,-0.018784924314462503
11080,11080,-0.004977631514767806
11081,11081,-0.07641098077797814
11082,11082,-0.1536473055867039
11083,11083,-0.025406378803655972
11084,11084,-0.12193761425679257
11085,11085,-0.2117974684259469
11086,11086,-0.01082103021469642
11087,11087,-0.057029162008009705
11088,11088,-0.04521111043224075
11089,11089,-0.0947614154402754
11090,11090,-0.034910712622461516
11091,11091,-0.0900176615517754
11092,11092,-0.21364827137142844
11093,11093,-0.12062341525389458
11094,11094,-0.021495798309510067
11095,11095,-0.1940969606044997
11096,11096,-0.017865052942386137
11097,11097,-0.07360484891075697
11098,11098,-0.0008979712516344523
11099,11099,-0.03844818236300367
11100,11100,-0.18184372702380922
11101,11101,-0.021905170022289613
11102,11102,-0.33955731422148194
11103,11103,-0.10123988996488045
11104,11104,-0.017216206869822753
11105,11105,-0.043809673162768
11106,11106,-0.07307647291326433
11107,11107,-0.017080509241947036
11108,11108,-0.010627608406389214
11109,11109,-0.06185098257623482
11110,11110,-0.046694276646932605
11111,11111,-0.014731299804302942
11112,11112,-0.11648199479443457
11113,11113,-0.0072023365689859245
11114,11114,-0.10395416336919566
11115,11115,-0.005039016775258039
11116,11116,-0.04342791378383197
11117,11117,-0.04573987324843619
11118,11118,-0.19686204326454987
11119,11119,-0.15068327377859292
11120,11120,-0.011442418412587536
11121,11121,-0.07144503098893697
11122,11122,-0.03596118004887548
11123,11123,-0.04990365615483312
11124,11124,-0.24136746604492992
11125,11125,-0.07793869508519022
11126,11126,-0.04662964257550704
11127,11127,-0.15517641893203182
11128,11128,-0.018680484109737806
11129,11129,-0.001412850360901533
11130,11130,-0.18222291217216977
11131,11131,-0.011338602154685549
11132,11132,-0.007124136346942329
11133,11133,-0.031053639352756936
11134,11134,-0.01404362557939101
11135,11135,-0.24770911891353992
11136,11136,-0.029767444537193256
11137,11137,-0.1936865330841021
11138,11138,-0.0030479170366107507
11139,11139,-0.4046295912609423
11140,11140,-0.12051869761659012
11141,11141,-0.05598573257430488
11142,11142,-0.0853788436656645
11143,11143,-0.1344980840069454
11144,11144,-0.2192922076872244
11145,11145,-0.027595590054799415
11146,11146,-0.11602624136752689
11147,11147,-0.020726145007831445
11148,11148,-0.1332493927624127
11149,11149,-0.05655078211304775
11150,11150,-0.03673779610496905
11151,11151,-0.11077911288173514
11152,11152,-0.00626732105405712
11153,11153,-0.060401580513654116
11154,11154,-0.07916994748536293
11155,11155,-0.11719245688153407
11156,11156,-0.0817317051390168
11157,11157,-0.0022942740420290745
11158,11158,-0.23147400531929507
11159,11159,-0.18553611064597672
11160,11160,-0.18226187260752308
11161,11161,-0.025962118038248185
11162,11162,-0.03239522608288836
11163,11163,-0.12241310703579761
11164,11164,-0.1262463843628436
11165,11165,-0.16538883062940896
11166,11166,-0.09659155646249012
11167,11167,-0.0394729348708045
11168,11168,-0.043038863416453466
11169,11169,-0.13767871994488567
11170,11170,-0.06328118383297364
11171,11171,-0.07118799213217712
11172,11172,-0.02679846775533145
11173,11173,-0.007819547101776684
11174,11174,-0.5467902204076784
11175,11175,-0.024595392131955295
11176,11176,-0.14896341641092084
11177,11177,-0.1873879946715183
11178,11178,-0.02409546815585684
11179,11179,-0.1198039564596363
11180,11180,-0.07705069441905175
11181,11181,-0.07597072351634926
11182,11182,-0.030370168040745323
11183,11183,-0.11172772351673504
11184,11184,-0.06834356484382853
11185,11185,-0.04838273830924446
11186,11186,-0.012517367437192358
11187,11187,-0.028300057783838234
11188,11188,-0.10309583037234973
11189,11189,-0.13504042076911765
11190,11190,-0.2610468818322521
11191,11191,-0.08299534672047855
11192,11192,-0.054908954354293424
11193,11193,-0.11234284279026481
11194,11194,-0.07290141771392458
11195,11195,-0.022980961489548427
11196,11196,-0.009109875386813618
11197,11197,-0.6309616113035598
11198,11198,-0.008018508898892794
11199,11199,-0.03250291148789007
11200,11200,-0.06104791076037851
11201,11201,-0.18491573899760688
11202,11202,-0.09147027015215997
11203,11203,-0.03713147323511717
11204,11204,-0.20426142030858213
11205,11205,-0.02212894818680301
11206,11206,-0.23165481513187752
11207,11207,-0.25113805862459543
11208,11208,-0.005916593093370909
11209,11209,-0.0683849358337395
11210,11210,-0.15055562043864296
11211,11211,-0.03672118222685666
11212,11212,-0.2461230398385641
11213,11213,-0.01529595934330974
11214,11214,-0.0625454154621338
11215,11215,-0.12518667969119912
11216,11216,-0.08912909307781779
11217,11217,-0.16087266563534547
11218,11218,-0.04584434425261033
11219,11219,-0.011067180718575058
11220,11220,-0.007627504351313103
11221,11221,-0.039609739662136094
11222,11222,-0.023130855700020762
11223,11223,-0.04662306047473187
11224,11224,-0.022913741702287414
11225,11225,-0.000355499695366704
11226,11226,-0.012828260453798434
11227,11227,-0.0741563115406531
11228,11228,-0.015048155860987579
11229,11229,-0.032604605030133606
11230,11230,-0.0069118886540412965
11231,11231,-0.037186498582955425
11232,11232,-0.03133089102985037
11233,11233,-0.006470661093088462
11234,11234,-0.07858948095467361
11235,11235,-0.14494080889478272
11236,11236,-0.027821444655395548
11237,11237,-0.03991524530990659
11238,11238,-0.46722018353627887
11239,11239,-0.3181335380628116
11240,11240,-0.029272239711131194
11241,11241,-0.00851311164769021
11242,11242,-0.01231951886782645
11243,11243,-0.0065489784727817265
11244,11244,-0.020695069386277905
11245,11245,-0.04112783185505105
11246,11246,-0.02847165791563906
11247,11247,-0.31330510621143154
11248,11248,-0.034781140882291645
11249,11249,-0.015108556712818685
11250,11250,-0.028970211806194947
11251,11251,-0.2620613455279542
11252,11252,-0.12682005325781895
11253,11253,-0.09821684123873077
11254,11254,-0.03673964091639109
11255,11255,-0.14459902161407123
11256,11256,-0.0673810492431916
11257,11257,-0.05927021225977083
11258,11258,-0.0716006998557752
11259,11259,-0.19200329521039977
11260,11260,-0.027658820395797652
11261,11261,-0.09844193828258695
11262,11262,-0.12861299002421522
11263,11263,-0.0736990024568069
11264,11264,-0.023662436495405264
11265,11265,-0.03499912228751034
11266,11266,-0.03310411379457868
11267,11267,-0.00520641190377223
11268,11268,-0.1574295209026213
11269,11269,-0.06983106497997502
11270,11270,-0.22770487446026622
11271,11271,-0.00587586268169214
11272,11272,-0.18165270810227158
11273,11273,-0.032136384784983464
11274,11274,-0.01576291529509635
11275,11275,-0.03298690927589273
11276,11276,-0.08610228118478397
11277,11277,-0.05656657287123572
11278,11278,-0.04910861840978492
11279,11279,-0.26818058530143385
11280,11280,-0.07580131776826075
11281,11281,-0.11531725370412499
11282,11282,-0.2378485030627538
11283,11283,-0.041522680264756584
11284,11284,-0.1607830173782072
11285,11285,-0.023815116845412067
11286,11286,-0.014729787777768493
11287,11287,-0.07169333912809446
11288,11288,-0.19258377021796907
11289,11289,-0.24435519157951718
11290,11290,-0.09773067213707583
11291,11291,-0.15047383128788389
11292,11292,-0.15643301101785645
11293,11293,-0.06746466290091233
11294,11294,-0.1435768211912698
11295,11295,-0.11520376335380114
11296,11296,-0.010748016189391167
11297,11297,-0.36060426925306815
11298,11298,-0.045920068624488594
11299,11299,-0.17269143293994235
11300,11300,-0.14533205000425004
11301,11301,-0.01829496028379141
11302,11302,-0.05543120043050512
11303,11303,-0.0707473788949238
11304,11304,-0.009551140961353828
11305,11305,-0.033423440901846395
11306,11306,-0.07710409670466598
11307,11307,-0.07097339653242705
11308,11308,-0.0007995737303696053
11309,11309,-0.033004715125235715
11310,11310,-0.0357102359911012
11311,11311,-0.027033442609436555
11312,11312,-0.05579734625015368
11313,11313,-0.014946701231995414
11314,11314,-0.1028057888681195
11315,11315,-0.03935732963469907
11316,11316,-0.03248092450359207
11317,11317,-0.1544592550388893
11318,11318,-0.04463052089933154
11319,11319,-0.0681757774485569
11320,11320,-0.15762411173052004
11321,11321,-0.2119179959406488
11322,11322,-0.06641439236148552
11323,11323,-0.08568473355673425
11324,11324,-0.008116419256959462
11325,11325,-0.10264538446156656
11326,11326,-0.011849150759495893
11327,11327,-0.06000282076581603
11328,11328,-0.11714437641094758
11329,11329,-0.26128142827472367
11330,11330,-0.19628451943441239
11331,11331,-0.12166212362708155
11332,11332,-0.09159581097900986
11333,11333,-0.0915999788954494
11334,11334,-0.023128922531181657
11335,11335,-0.27038806825981637
11336,11336,-0.12084808386021095
11337,11337,-0.04476271831119917
11338,11338,-0.008982617898250118
11339,11339,-0.017717995101365187
11340,11340,-0.08328835257427208
11341,11341,-0.21855276684745023
11342,11342,-0.08016591075110419
11343,11343,-0.010534727404225765
11344,11344,-0.03883002732566447
11345,11345,-0.348269403372677
11346,11346,-0.02539479067752792
11347,11347,-0.021344414995527566
11348,11348,-0.019052571173406908
11349,11349,-0.010765479047463757
11350,11350,-0.09731494030595196
11351,11351,-0.020012381406076175
11352,11352,-0.0084329134428263
11353,11353,-0.17655193837478567
11354,11354,-0.025390555848081496
11355,11355,-0.40518622504183216
11356,11356,-0.16241438640916323
11357,11357,-0.05326873684249957
11358,11358,-0.021110279413392625
11359,11359,-0.0018683111895013006
11360,11360,-0.3207617410402095
11361,11361,-0.022438190273723718
11362,11362,-0.02681928591563801
11363,11363,-0.007524226715048951
11364,11364,-0.14756282692288716
11365,11365,-0.179378113747678
11366,11366,-0.02927068237443403
11367,11367,-0.013110202517139104
11368,11368,-0.1254104305822604
11369,11369,-0.03625418278765998
11370,11370,-0.08757711474525072
11371,11371,-0.0003030251202468077
11372,11372,-0.009626174182760606
11373,11373,-0.01375679678156952
11374,11374,-0.015086702143033797
11375,11375,-0.019621825364352308
11376,11376,-0.056222916574008776
11377,11377,-0.10630802459691696
11378,11378,-0.050048918066138655
11379,11379,-0.17324429637180988
11380,11380,-0.017845818960445205
11381,11381,-0.042032453042113865
11382,11382,-0.07255875347936916
11383,11383,-0.019154836836775425
11384,11384,-0.01793985504211729
11385,11385,-0.037891697177272594
11386,11386,-0.10037735243408179
11387,11387,-0.00792849467872887
11388,11388,-0.009750312698397256
11389,11389,-0.017676626045373667
11390,11390,-0.11408542468934557
11391,11391,-0.10181720053053543
11392,11392,-0.20639953157825527
11393,11393,-0.02665077208829649
11394,11394,-0.007834131871464742
11395,11395,-0.046936817324785995
11396,11396,-0.10277957470518091
11397,11397,-0.11944026999574014
11398,11398,-0.08126879790241547
11399,11399,-0.033428437692827426
11400,11400,-0.12082555079963937
11401,11401,-0.17451977353078732
11402,11402,-0.11279040902395317
11403,11403,-0.060575788578846025
11404,11404,-0.028435318115784453
11405,11405,-0.010569462826470795
11406,11406,-0.0666059820362478
11407,11407,-0.10417839818027967
11408,11408,-0.06510030641830208
11409,11409,-0.0036896631598976725
11410,11410,-0.17501061215607505
11411,11411,-0.0003281749043725306
11412,11412,-0.06309724221601282
11413,11413,-0.14709976365035754
11414,11414,-0.0015342088432956384
11415,11415,-0.021754365598058087
11416,11416,-0.023581750323464906
11417,11417,-0.17193610761901015
11418,11418,-0.03190526108099118
11419,11419,-0.012451399052417763
11420,11420,-0.14645295939306613
11421,11421,-0.14327161039059727
11422,11422,-0.11196522823364004
11423,11423,-0.0013098508386263975
11424,11424,-0.051126285487141376
11425,11425,-0.08294600202154233
11426,11426,-0.006702315272998419
11427,11427,-0.012997013313232723
11428,11428,-0.07589871538092435
11429,11429,-0.21591208199249937
11430,11430,-0.03578787047247183
11431,11431,-0.2808293018307653
11432,11432,-0.0012857771980767433
11433,11433,-0.06104493993953867
11434,11434,-0.00045794574808400183
11435,11435,-0.04771051378614345
11436,11436,-0.04413575064959906
11437,11437,-0.026860929801749863
11438,11438,-0.03598959011177749
11439,11439,-0.0350100587120592
11440,11440,-0.0366633972736921
11441,11441,-0.02472123935213322
11442,11442,-0.07899783854777218
11443,11443,-0.000174182948878812
11444,11444,-0.11846479097752077
11445,11445,-0.04672661497127467
11446,11446,-0.04535333304058785
11447,11447,-0.25476788841757814
11448,11448,-0.13022598497253707
11449,11449,-0.01359229870877109
11450,11450,-0.27775634280080674
11451,11451,-0.2625603242532448
11452,11452,-0.17999579704017926
11453,11453,-0.03977822239205629
11454,11454,-0.25346991888092385
11455,11455,-0.058603746101275236
11456,11456,-0.015419104984899918
11457,11457,-0.026185287280014295
11458,11458,-0.0270918971717603
11459,11459,-0.024519623759605844
11460,11460,-0.06550168484769155
11461,11461,-0.026035707768150788
11462,11462,-0.06840435399562707
11463,11463,-0.045211865547030494
11464,11464,-0.03225495215686265
11465,11465,-0.0733872742828802
11466,11466,-0.20487279693852595
11467,11467,-0.15563565125958842
11468,11468,-0.06594545923454824
11469,11469,-0.13692084475078192
11470,11470,-0.06351869824793742
11471,11471,-0.1747594547204741
11472,11472,-0.037694024150072156
11473,11473,-0.029428012093438833
11474,11474,-0.052113330448105497
11475,11475,-0.32616780771600723
11476,11476,-0.10174769424906957
11477,11477,-0.0024843440113234408
11478,11478,-0.06771486339600322
11479,11479,-0.09553360619526832
11480,11480,-0.10750420449582347
11481,11481,-0.144072646013689
11482,11482,-0.10286720005850723
11483,11483,-0.0378902452795937
11484,11484,-0.0522076868672218
11485,11485,-0.0345628791586235
11486,11486,-0.07963679040414123
11487,11487,-0.10238609648654297
11488,11488,-0.004821590899085073
11489,11489,-0.2301833717491051
11490,11490,-0.08978049871193787
11491,11491,-0.054738253845277696
11492,11492,-0.010128746103847364
11493,11493,-0.03843463937735058
11494,11494,-0.2469110566278988
11495,11495,-0.017407565852327552
11496,11496,-0.10663684294690434
11497,11497,-0.2295460597337904
11498,11498,-0.06537643878133743
11499,11499,-0.10608951826149382
11500,11500,-0.026189928284680117
11501,11501,-0.29771884679898547
11502,11502,-0.0013621472404489528
11503,11503,-0.17128067844745382
11504,11504,-0.12645430740460983
11505,11505,-0.2483981698638732
11506,11506,-0.03474108385850613
11507,11507,-0.05246534487271038
11508,11508,-0.11118858513698496
11509,11509,-0.036428506890997664
11510,11510,-0.019018143796286722
11511,11511,-0.05063005395575603
11512,11512,-0.009985724769022973
11513,11513,-0.055947874015232504
11514,11514,-0.08113394627844607
11515,11515,-0.22133840755969866
11516,11516,-0.01964456028194538
11517,11517,-0.09959186858628025
11518,11518,-0.00848168107140754
11519,11519,-0.006038771072018365
11520,11520,-0.020094192971099996
11521,11521,-0.1608898468080236
11522,11522,-0.028630070187373922
11523,11523,-0.007060223469124879
11524,11524,-0.08213853157296319
11525,11525,-0.11405074263658838
11526,11526,-0.0679291538933353
11527,11527,-0.04946149703650749
11528,11528,-0.08898672969271738
11529,11529,-0.2722921772322635
11530,11530,-0.00887620569517969
11531,11531,-0.05419518992080716
11532,11532,-0.08246781499536342
11533,11533,-0.02759403699520714
11534,11534,-0.059368758304006716
11535,11535,-0.22124477445608687
11536,11536,-0.01843718404475824
11537,11537,-0.007995313007378338
11538,11538,-0.3905845370169789
11539,11539,-0.3257818034070362
11540,11540,-0.015496039266025887
11541,11541,-0.009331352943873161
11542,11542,-0.09235576829123339
11543,11543,-0.007169440379338056
11544,11544,-0.15102279587924972
11545,11545,-0.07024580573325179
11546,11546,-0.04520317345695603
11547,11547,-0.08700092901660347
11548,11548,-0.07955361997212922
11549,11549,-0.15837227613071403
11550,11550,-0.1307871743791786
11551,11551,-0.2162443082357149
11552,11552,-0.2437896059646425
11553,11553,-0.0688290940280801
11554,11554,-0.046060837038593136
11555,11555,-0.1931268114756392
11556,11556,-0.0181252114297905
11557,11557,-0.022523378484947558
11558,11558,-0.00963129423493533
11559,11559,-0.040674936229715894
11560,11560,-0.2416401990761307
11561,11561,-0.001620823044763266
11562,11562,-0.2858477703572054
11563,11563,-0.07720196014735031
11564,11564,-0.08909996900315005
11565,11565,-0.05592985610231805
11566,11566,-0.07359663387152787
11567,11567,-0.08413752422952246
11568,11568,-0.008706911472736152
11569,11569,-0.019677354878070673
11570,11570,-0.04745873919131746
11571,11571,-0.010515713580356526
11572,11572,-0.13715069234406202
11573,11573,-0.008736577966040555
11574,11574,-0.1041332198270508
11575,11575,-0.06642970112692197
11576,11576,-0.10266626682385667
11577,11577,-0.201564014518802
11578,11578,-0.00563392457556351
11579,11579,-0.026948697307167285
11580,11580,-0.12129893871838572
11581,11581,-0.03721360798417762
11582,11582,-0.3460683619591453
11583,11583,-0.02836141033226699
11584,11584,-0.038481007670619405
11585,11585,-0.08446205190008234
11586,11586,-0.07696871606398059
11587,11587,-0.06071653893576733
11588,11588,-0.015145993633807801
11589,11589,-0.1127076039803348
11590,11590,-0.3798904990647197
11591,11591,-0.014906556734792359
11592,11592,-0.07528560324832466
11593,11593,-0.1290535466882115
11594,11594,-0.259710834946032
11595,11595,-0.027898778181424937
11596,11596,-0.010809053642380632
11597,11597,-0.072586960587496
11598,11598,-0.011687006864611656
11599,11599,-0.022389435336846744
11600,11600,-0.12310944595746956
11601,11601,-0.0160090097252132
11602,11602,-0.17234651198779133
11603,11603,-0.16167012653048382
11604,11604,-0.12058730520447547
11605,11605,-0.035116919987268964
11606,11606,-0.0904949338157036
11607,11607,-0.29154663159459376
11608,11608,-0.011441302726785011
11609,11609,-0.007702279587357728
11610,11610,-0.04309946746634277
11611,11611,-0.06862846023925037
11612,11612,-0.10278677742546366
11613,11613,-0.36150124942932127
11614,11614,-0.04983948508774282
11615,11615,-0.01032211557831599
11616,11616,-0.04889713525101423
11617,11617,-0.07122077855089426
11618,11618,-0.020117210319790815
11619,11619,-0.035567859052221276
11620,11620,-0.2755035639359934
11621,11621,-0.045313249136496245
11622,11622,-0.0037964898985892613
11623,11623,-0.05696669960254553
11624,11624,-0.10352973071426251
11625,11625,-0.2111951155579744
11626,11626,-0.03708594662255121
11627,11627,-0.06536401311361845
11628,11628,-0.01795418199982461
11629,11629,-0.035609743971970816
11630,11630,-0.009452724242495075
11631,11631,-0.08708296409303186
11632,11632,-0.03152930810155398
11633,11633,-0.07302194122284526
11634,11634,-0.08077699861967871
11635,11635,-0.1467947209422804
11636,11636,-0.07772577486879088
11637,11637,-0.05789215246113667
11638,11638,-0.17379282766143586
11639,11639,-0.021867168492694794
11640,11640,-0.2223327267274894
11641,11641,-0.0661848675596441
11642,11642,-0.03691216247073205
11643,11643,-0.10844401481003717
11644,11644,-0.03044820357728728
11645,11645,-0.04327905303572503
11646,11646,-0.17831441134299925
11647,11647,-0.13183232276831996
11648,11648,-0.12715259214187205
11649,11649,-0.01588588322906844
11650,11650,-0.004864195734041634
11651,11651,-0.057551737092175814
11652,11652,-0.11487776157037041
11653,11653,-0.11329957267010436
11654,11654,-0.13466775314691526
11655,11655,-0.01073912204856035
11656,11656,-0.047485496188573596
11657,11657,-0.07071976905613596
11658,11658,-0.11117610542734764
11659,11659,-0.045315492811091075
11660,11660,-0.03710848232791661
11661,11661,-0.03513021275540388
11662,11662,-0.13412196881836821
11663,11663,-0.03738042335976835
11664,11664,-0.07185789927158281
11665,11665,-0.4667226755896491
11666,11666,-0.04414424770008292
11667,11667,-0.025422119308358124
11668,11668,-0.07062024108244935
11669,11669,-0.03667393442662286
11670,11670,-0.08784171625849387
11671,11671,-0.14183325420332588
11672,11672,-0.04179719181396823
11673,11673,-0.17440248285442558
11674,11674,-0.05992381495095675
11675,11675,-0.025357404629624047
11676,11676,-0.0003463546417756546
11677,11677,-0.05942632514472075
11678,11678,-0.04976694704661925
11679,11679,-0.12743183002704844
11680,11680,-0.02418913115811779
11681,11681,-0.12391220862095854
11682,11682,-0.08468454254954819
11683,11683,-0.021828467088176318
11684,11684,-0.1885579208437566
11685,11685,-0.3340866697207184
11686,11686,-0.18499363387159246
11687,11687,-0.2978959872285957
11688,11688,-0.2349574031955991
11689,11689,-0.09886356165957605
11690,11690,-0.08505437758020516
11691,11691,-0.1561134283719963
11692,11692,-0.02669631228280825
11693,11693,-0.015228408745192807
11694,11694,-0.07695560675729815
11695,11695,-0.01655823963811544
11696,11696,-0.034731057946714605
11697,11697,-0.27633935117573194
11698,11698,-0.0017545739668865933
11699,11699,-0.004212387767168487
11700,11700,-0.025235302103283203
11701,11701,-0.01808202789537394
11702,11702,-0.05515717631011975
11703,11703,-0.03200723724975049
11704,11704,-0.013553052013922484
11705,11705,-0.02385193985182667
11706,11706,-0.016549584082079235
11707,11707,-0.05025930143390921
11708,11708,-0.07045454735521532
11709,11709,-0.013564369983268381
11710,11710,-0.058286761503087786
11711,11711,-0.028802447311250257
11712,11712,-0.3876942076029535
11713,11713,-0.11902754542916288
11714,11714,-0.3093194873252129
11715,11715,-0.06609397599081211
11716,11716,-0.009011597194429101
11717,11717,-0.1393935379711917
11718,11718,-0.04676664233058888
11719,11719,-0.003344515017500484
11720,11720,-0.06261426174053097
11721,11721,-0.043723060745710515
11722,11722,-0.03116188292012593
11723,11723,-0.08693166313686072
11724,11724,-0.05691393758760588
11725,11725,-0.016522609228193475
11726,11726,-0.017395796461561926
11727,11727,-0.10350907992854781
11728,11728,-0.07479619591826561
11729,11729,-0.030184405035640686
11730,11730,-0.009076326151906133
11731,11731,-0.11203061882747067
11732,11732,-0.05804975777149432
11733,11733,-0.013154885406554089
11734,11734,-0.06790561390032918
11735,11735,-0.004575069444569585
11736,11736,-0.13437466189684152
11737,11737,-0.05897211293799332
11738,11738,-0.06629326546547022
11739,11739,-0.31671345735637085
11740,11740,-0.09921871702346051
11741,11741,-0.07449599957898519
11742,11742,-0.08454725841711715
11743,11743,-0.1297691526872303
11744,11744,-0.449172148162213
11745,11745,-0.14740742040534383
11746,11746,-0.018423576794760105
11747,11747,-0.05228850363639846
11748,11748,-0.023000690428127833
11749,11749,-0.012191352450845792
11750,11750,-0.036007134838555055
11751,11751,-0.0072479556442150836
11752,11752,-0.005693236476362503
11753,11753,-0.15401774996765283
11754,11754,-0.016873892398582283
11755,11755,-0.031586937053470814
11756,11756,-0.07732398284670687
11757,11757,-0.10051002495627366
11758,11758,-0.04187401879697591
11759,11759,-0.09990830176043655
11760,11760,-0.05848297564477778
11761,11761,-0.027238104371099584
11762,11762,-0.06315750861474437
11763,11763,-0.14428917325632235
11764,11764,-0.00569092261312203
11765,11765,-0.01380357180054779
11766,11766,-0.12572463025397831
11767,11767,-0.19722682493527077
11768,11768,-0.01894605508773216
11769,11769,-0.1330598096642831
11770,11770,-0.005245503916527406
11771,11771,-0.10250395100681255
11772,11772,-0.04367541728292203
11773,11773,-0.15519025424028043
11774,11774,-0.15920413649682225
11775,11775,-0.06120169079064842
11776,11776,-0.09711052365308669
11777,11777,-0.00909124663730523
11778,11778,-0.06714627898415237
11779,11779,-0.016205421668910133
11780,11780,-0.042072359721473114
11781,11781,-0.08668550540020187
11782,11782,-0.048139657548684225
11783,11783,-0.46068492743905043
11784,11784,-0.12868582242800097
11785,11785,-0.2946746744773756
11786,11786,-0.08600918433687588
11787,11787,-0.05251197109720075
11788,11788,-0.12270851352348604
11789,11789,-0.12066988465795594
11790,11790,-0.06428417110746663
11791,11791,-0.1793839467713693
11792,11792,-0.08213604330474365
11793,11793,-0.11408388089954238
11794,11794,-0.4432996931345583
11795,11795,-0.08397322320358556
11796,11796,-0.04159599004057483
11797,11797,-0.13420136331186525
11798,11798,-0.2958504165752418
11799,11799,-0.002703177630763018
11800,11800,-0.042810109900735624
11801,11801,-0.3064604182578955
11802,11802,-0.1736837857264657
11803,11803,-0.028683102154211215
11804,11804,-0.22895207751995644
11805,11805,-0.06203922965969264
11806,11806,-0.054325688588829975
11807,11807,-0.33671312708305
11808,11808,-0.33799838758745493
11809,11809,-0.0436806631252131
11810,11810,-0.21407027742897858
11811,11811,-0.002313982915533801
11812,11812,-0.08739738072958078
11813,11813,-0.011665868068481357
11814,11814,-0.076176834697605
11815,11815,-0.06600829648854047
11816,11816,-0.014304246154552646
11817,11817,-0.002023770060410242
11818,11818,-0.017023643553806034
11819,11819,-0.12474450684841788
11820,11820,-0.28295056054974
11821,11821,-0.13933175159692807
11822,11822,-0.1577224832291513
11823,11823,-0.01972430340498796
11824,11824,-0.08327504215046115
11825,11825,-0.12732566239422372
11826,11826,-0.02676179790158987
11827,11827,-0.04556406902944423
11828,11828,-0.2503364671081766
11829,11829,-0.03696669763980519
11830,11830,-0.005962690573683451
11831,11831,-0.038676151262428314
11832,11832,-0.0677435000019026
11833,11833,-0.16973013487583455
11834,11834,-0.18559110118767871
11835,11835,-0.01431840512673073
11836,11836,-0.010574309089220062
11837,11837,-0.07920515566662371
11838,11838,-0.06723348425676313
11839,11839,-0.028909844099917825
11840,11840,-0.02988673911846061
11841,11841,-0.11914529163753187
11842,11842,-0.1181692238487846
11843,11843,-0.007728083255058462
11844,11844,-0.09157256562313455
11845,11845,-0.049192444670171656
11846,11846,-0.1969253836685741
11847,11847,-0.0005624658728643334
11848,11848,-0.08539267695295288
11849,11849,-0.06110554258522203
11850,11850,-0.009218604563054634
11851,11851,-0.07197791927815397
11852,11852,-0.0028276156592161325
11853,11853,-0.025053616440942797
11854,11854,-0.03118000637257242
11855,11855,-0.036315362119580585
11856,11856,-0.015286815078797804
11857,11857,-0.01308119617003244
11858,11858,-0.053843768349446326
11859,11859,-0.29969968758429616
11860,11860,-0.09905795533650609
11861,11861,-0.007394023030888778
11862,11862,-0.08533797505318257
11863,11863,-0.10509819179039732
11864,11864,-0.08326252558027632
11865,11865,-0.2845519680419971
11866,11866,-0.03346842251247585
11867,11867,-0.1436938162519464
11868,11868,-0.1332287146836715
11869,11869,-0.059230905734875966
11870,11870,-0.0324931658985719
11871,11871,-0.32111998627589394
11872,11872,-0.07247581644425516
11873,11873,-0.381994849796958
11874,11874,-0.11783575238768644
11875,11875,-0.1802964076440702
11876,11876,-0.10836849381430369
11877,11877,-0.04878582865146766
11878,11878,-0.06486796542428269
11879,11879,-0.10919539504925202
11880,11880,-0.015932693076918313
11881,11881,-0.10095749180325825
11882,11882,-0.01363865177146355
11883,11883,-0.03711890451879297
11884,11884,-0.15872008995831627
11885,11885,-0.118124117258841
11886,11886,-0.06503760642042875
11887,11887,-0.03385384220438385
11888,11888,-0.07492161290719025
11889,11889,-0.08671655358586713
11890,11890,-0.07605152580447357
11891,11891,-0.004155421444092497
11892,11892,-0.14648126546662682
11893,11893,-0.023272300794415182
11894,11894,-0.359363838369372
11895,11895,-0.0716006846784956
11896,11896,-0.05247472974727937
11897,11897,-0.012808731594917412
11898,11898,-0.003346027656535758
11899,11899,-0.0016476919913916844
11900,11900,-0.4004347061038065
11901,11901,-0.04449529607173772
11902,11902,-0.07989002118717402
11903,11903,-0.0261603615213462
11904,11904,-0.14526700537585188
11905,11905,-0.14336732534480817
11906,11906,-0.13611786644418702
11907,11907,-0.10677503284562134
11908,11908,-0.06436950972304914
11909,11909,-0.014531565643379152
11910,11910,-0.006445012230502175
11911,11911,-0.1754996644511772
11912,11912,-0.02778046164286054
11913,11913,-0.10716063899347777
11914,11914,-0.11763485579664941
11915,11915,-0.08523800709380676
11916,11916,-0.0015759749383986393
11917,11917,-0.41051611884747613
11918,11918,-0.10471812511090221
11919,11919,-0.012074518914904558
11920,11920,-0.17185188560282122
11921,11921,-0.31133188591613137
11922,11922,-0.0006171648179910637
11923,11923,-0.17607576134687183
11924,11924,-0.1423245994380845
11925,11925,-0.16794018716510656
11926,11926,-0.0744391442385965
11927,11927,-0.00348690107605883
11928,11928,-0.19023828942455845
11929,11929,-0.09991288353517708
11930,11930,-0.04692084048095288
11931,11931,-0.1647414379705672
11932,11932,-0.12451696197856846
11933,11933,-0.11289950170437907
11934,11934,-0.02560537439288145
11935,11935,-0.04403960286075478
11936,11936,-0.19153884457245504
11937,11937,-0.01798890846029913
11938,11938,-0.17724807546980467
11939,11939,-0.010559661102721272
11940,11940,-0.056910130270236045
11941,11941,-0.0792068648679938
11942,11942,-0.056479972134054424
11943,11943,-0.28599378012992405
11944,11944,-0.0035148203185695294
11945,11945,-0.13696014699731024
11946,11946,-0.023251669342325372
11947,11947,-0.24358081773144724
11948,11948,-0.004859403216897015
11949,11949,-0.10896962727808339
11950,11950,-0.025433958733633702
11951,11951,-0.08512802157673023
11952,11952,-0.12666958038022788
11953,11953,-0.12520141065756693
11954,11954,-0.05579050871186215
11955,11955,-0.008645505764754405
11956,11956,-0.01944305796822334
11957,11957,-0.03335739061238247
11958,11958,-0.07768056167330648
11959,11959,-0.15916529396761317
11960,11960,-0.056664620528724195
11961,11961,-0.1827534359787046
11962,11962,-0.059049003691363795
11963,11963,-0.08411055854362413
11964,11964,-0.017593837663895075
11965,11965,-0.034154146672211755
11966,11966,-0.15699306184877004
11967,11967,-0.0831409278438955
11968,11968,-0.14194552845053043
11969,11969,-0.0032663641060225496
11970,11970,-0.04210100872623645
11971,11971,-0.0175120908519422
11972,11972,-0.028456671118783618
11973,11973,-0.0534114491937419
11974,11974,-0.0161877501431615
11975,11975,-0.01799236725524139
11976,11976,-0.08622805124923914
11977,11977,-0.10626587098313499
11978,11978,-0.10958418911738574
11979,11979,-0.06617577704197351
11980,11980,-0.048614976331742235
11981,11981,-0.009357887387820533
11982,11982,-0.07142373477789107
11983,11983,-0.0326616586266358
11984,11984,-0.10258056841395387
11985,11985,-0.012900851033222839
11986,11986,-0.09923670375325391
11987,11987,-0.1763029639193199
11988,11988,-0.10088235910818003
11989,11989,-0.01852651891838615
11990,11990,-0.06824040260017371
11991,11991,-0.06540430399061367
11992,11992,-0.06366728066580749
11993,11993,-0.06207745501814682
11994,11994,-0.04667862482198548
11995,11995,-0.10998096105358057
11996,11996,-0.041319927355393526
11997,11997,-0.10907372080865038
11998,11998,-0.015688268784287016
11999,11999,-0.02526838420184242
12000,12000,-0.06524699105314988
12001,12001,-0.04974678399071424
12002,12002,-0.3755206199402983
12003,12003,-0.2871049077913581
12004,12004,-0.019615674368960112
12005,12005,-0.1428350017902828
12006,12006,-0.029436771433224082
12007,12007,-0.07267371698465046
12008,12008,-0.15236523049962344
12009,12009,-0.011805391773924104
12010,12010,-0.18905474077244264
12011,12011,-0.046147433709173194
12012,12012,-0.10980527337805253
12013,12013,-0.36311998341277485
12014,12014,-0.14959349896431148
12015,12015,-0.02174727639598151
12016,12016,-0.059434641238031785
12017,12017,-0.08584754004272792
12018,12018,-0.04482192842647468
12019,12019,-0.013597520203491587
12020,12020,-0.044831531681685896
12021,12021,-0.4123751014378304
12022,12022,-0.00549499138740797
12023,12023,-0.29108747760684583
12024,12024,-0.007599237485005498
12025,12025,-0.03201982091486623
12026,12026,-0.1269389655369505
12027,12027,-0.19309544647992352
12028,12028,-0.004813772537220871
12029,12029,-0.036976688607187336
12030,12030,-0.5093153199420815
12031,12031,-0.025008414320625182
12032,12032,-0.12598226885539707
12033,12033,-0.024561426109605863
12034,12034,-0.028161687432368163
12035,12035,-0.04638857978710369
12036,12036,-0.06490552566688185
12037,12037,-0.044453403077956435
12038,12038,-0.09346763548539164
12039,12039,-0.0910414402398827
12040,12040,-0.31745357962235277
12041,12041,-0.12764151972610055
12042,12042,-0.3415599321454454
12043,12043,-0.19005941054036884
12044,12044,-0.076069976442943
12045,12045,-0.019578269989077596
12046,12046,-0.18925800091037623
12047,12047,-0.11553337806291405
12048,12048,-0.18344879701106212
12049,12049,-0.052054569126998594
12050,12050,-0.10877167881065661
12051,12051,-0.07643282074369093
12052,12052,-0.2217757386349311
12053,12053,-0.026577136205804985
12054,12054,-0.06900706157905569
12055,12055,-0.014269184065609342
12056,12056,-0.22683744134907738
12057,12057,-0.07539695259144104
12058,12058,-0.14547932309468525
12059,12059,-0.024631759532807794
12060,12060,-0.04655402108314725
12061,12061,-0.07489476122657485
12062,12062,-0.018758931299831052
12063,12063,-0.19910347142651902
12064,12064,-0.05140891465769013
12065,12065,-0.07240769955954579
12066,12066,-0.010606216128335993
12067,12067,-0.002600796109863093
12068,12068,-0.10588422629680286
12069,12069,-0.09065001563797381
12070,12070,-0.020056683226247176
12071,12071,-0.1081122202415623
12072,12072,-0.00869432732263073
12073,12073,-0.10818758692168118
12074,12074,-0.09509507854599084
12075,12075,-0.05270472035621768
12076,12076,-0.13173228948177906
12077,12077,-0.07008884793917439
12078,12078,-0.029399293127760632
12079,12079,-0.07012546834925591
12080,12080,-0.0150970716151886
12081,12081,-0.09779646729151296
12082,12082,-0.08643023967844292
12083,12083,-0.0033638552498039425
12084,12084,-0.06266277443860312
12085,12085,-0.049319418337223496
12086,12086,-0.06980853814960984
12087,12087,-0.015059765387528172
12088,12088,-0.04350891500774051
12089,12089,-0.031594249297444206
12090,12090,-0.018628872085354603
12091,12091,-0.03652528255301564
12092,12092,-0.037786075610900915
12093,12093,-0.10665088082326477
12094,12094,-0.10129392672334794
12095,12095,-0.11732682103018256
12096,12096,-0.5325738616600707
12097,12097,-0.03220890050664837
12098,12098,-0.127308935139523
12099,12099,-0.007745794001532531
12100,12100,-0.04446904645302609
12101,12101,-0.007820434161603286
12102,12102,-0.11581693576621008
12103,12103,-0.07703061255636975
12104,12104,-0.0034884453220179034
12105,12105,-0.013515045851062958
12106,12106,-0.034748152152916996
12107,12107,-0.03520436559583455
12108,12108,-0.03071901227230282
12109,12109,-0.042228772922261106
12110,12110,-0.09611418582310136
12111,12111,-0.12772904879046246
12112,12112,-0.25465077053472734
12113,12113,-0.034378411606152987
12114,12114,-0.05300399535119756
12115,12115,-0.09723510514726952
12116,12116,-0.07042306832777594
12117,12117,-0.03774261861039509
12118,12118,-0.014750686412991298
12119,12119,-0.03151725307539731
12120,12120,-0.4939572258552468
12121,12121,-0.10392264833051042
12122,12122,-0.060308746250661655
12123,12123,-0.01834473503563202
12124,12124,-0.04105284861620281
12125,12125,-0.4504864577033822
12126,12126,-0.03275058500867954
12127,12127,-0.09141141855227462
12128,12128,-0.03263229625109697
12129,12129,-0.015607410033329855
12130,12130,-0.020533117151592707
12131,12131,-0.2461833129925447
12132,12132,-0.19293758597577637
12133,12133,-0.02065893469394915
12134,12134,-0.06610251967646769
12135,12135,-0.12908748993446653
12136,12136,-0.005514666578918502
12137,12137,-0.20918926139374855
12138,12138,-0.46604227897969147
12139,12139,-0.031986501307359375
12140,12140,-0.059527064921205464
12141,12141,-0.09007180069113041
12142,12142,-0.29968633826485963
12143,12143,-8.757709278342778e-05
12144,12144,-0.030999267399889837
12145,12145,-0.026033325231496523
12146,12146,-0.02987174393622838
12147,12147,-0.1253542397594223
12148,12148,-0.019651012995631607
12149,12149,-0.0356177677286501
12150,12150,-0.16578081463616198
12151,12151,-0.02851802039186581
12152,12152,-0.04075828807879137
12153,12153,-0.20032624089878562
12154,12154,-0.030754023412962454
12155,12155,-0.09648467411205203
12156,12156,-0.020945020482647438
12157,12157,-0.04654853769253088
12158,12158,-0.031108338578524953
12159,12159,-0.12625546959738335
12160,12160,-0.05565423789516004
12161,12161,-0.08753165351033355
12162,12162,-0.2247970070718569
12163,12163,-0.06150064761772445
12164,12164,-0.02568598185555243
12165,12165,-0.04485452397405387
12166,12166,-0.03057817243369243
12167,12167,-0.01765727604170834
12168,12168,-0.07025071063223846
12169,12169,-0.04326816451616151
12170,12170,-0.2746538256009357
12171,12171,-0.006606252662890455
12172,12172,-0.04955981729958761
12173,12173,-0.0015046789567839342
12174,12174,-0.0478156729219592
12175,12175,-0.02992309645463445
12176,12176,-0.06346189366460914
12177,12177,-0.0011584110011332509
12178,12178,-0.04664802729870232
12179,12179,-0.11832470614041027
12180,12180,-0.15456738527276898
12181,12181,-0.19533203663025023
12182,12182,-0.03165711199187066
12183,12183,-0.30072022635515494
12184,12184,-0.10585287859974665
12185,12185,-0.2518285335791102
12186,12186,-0.0029850716256518634
12187,12187,-0.00801624409053411
12188,12188,-0.14762505958924435
12189,12189,-0.16691931222674647
12190,12190,-0.16736561034074882
12191,12191,-0.07888491229224774
12192,12192,-0.052046414113066757
12193,12193,-0.0071448228505323515
12194,12194,-0.018228077536464916
12195,12195,-0.08248058737761559
12196,12196,-0.15593338233600093
12197,12197,-0.4241920207776262
12198,12198,-0.12360693689723395
12199,12199,-0.016729010363131364
12200,12200,-0.040101848333357115
12201,12201,-0.08299642939982098
12202,12202,-0.017750007023044096
12203,12203,-0.12594440459519957
12204,12204,-0.004599761131678563
12205,12205,-0.09639854393549999
12206,12206,-0.20160697922377233
12207,12207,-0.3733347659795127
12208,12208,-0.0011167498412123274
12209,12209,-0.16486539009936066
12210,12210,-0.13338162392797542
12211,12211,-0.06655845209465992
12212,12212,-0.041241803499575805
12213,12213,-0.04915880443225815
12214,12214,-0.012822807132207225
12215,12215,-0.040930619309751115
12216,12216,-0.06961588703635406
12217,12217,-0.033896634829070814
12218,12218,-0.15624974004839937
12219,12219,-0.057664175824011635
12220,12220,-0.028977263548617238
12221,12221,-0.10619734548401721
12222,12222,-0.28092425225545886
12223,12223,-0.012381384214593102
12224,12224,-0.01253045252650175
12225,12225,-0.07583097671107143
12226,12226,-0.029034810054908693
12227,12227,-0.04499038162978071
12228,12228,-0.18547835898525666
12229,12229,-0.01859629406088358
12230,12230,-0.05811261861796753
12231,12231,-0.006832532390177388
12232,12232,-0.06594274944988072
12233,12233,-0.1477508076774805
12234,12234,-0.13433023654938095
12235,12235,-0.03663577695879159
12236,12236,-0.16986697211942972
12237,12237,-0.09149526164824585
12238,12238,-0.049930434037807205
12239,12239,-0.06676086189501115
12240,12240,-0.10876644723644233
12241,12241,-0.2457825278883615
12242,12242,-0.011782848312009587
12243,12243,-0.09427988754324221
12244,12244,-0.019224545352546356
12245,12245,-0.0004835088176393972
12246,12246,-0.007606631034719476
12247,12247,-0.1496726808999911
12248,12248,-0.0008954433987895088
12249,12249,-0.03690543010803152
12250,12250,-0.16139483126589277
12251,12251,-0.11759480636702577
12252,12252,-0.028270829645565883
12253,12253,-0.04816640338527869
12254,12254,-0.0042256484013567875
12255,12255,-0.01036098234404856
12256,12256,-0.12148995071960399
12257,12257,-0.02643030557746538
12258,12258,-0.24061195501396834
12259,12259,-0.0640134088065059
12260,12260,-0.031630711118116356
12261,12261,-0.16331588583645815
12262,12262,-0.04488023049885333
12263,12263,-0.08213497895640302
12264,12264,-0.006479387535147678
12265,12265,-0.2695769534615272
12266,12266,-0.07904819264133056
12267,12267,-0.07049619587499145
12268,12268,-0.1366087456089099
12269,12269,-0.10468472125520334
12270,12270,-0.01235852503387686
12271,12271,-0.016830242790141694
12272,12272,-0.14435982776852918
12273,12273,-0.1376926091004207
12274,12274,-0.017794409292828953
12275,12275,-0.2714529291601787
12276,12276,-0.15836258608995274
12277,12277,-0.006418049099108481
12278,12278,-0.09398156789613782
12279,12279,-0.031374462867902776
12280,12280,-0.030180599103409658
12281,12281,-0.05405272710023067
12282,12282,-0.04215702980638492
12283,12283,-0.16498723920047223
12284,12284,-0.0984539117916045
12285,12285,-0.17907929682435897
12286,12286,-0.03362985603733814
12287,12287,-0.024260814003396414
12288,12288,-0.2520262228371923
12289,12289,-0.14933886206130584
12290,12290,-0.06442524884995023
12291,12291,-0.08356127495952803
12292,12292,-0.12682932274535982
12293,12293,-0.023942564342378025
12294,12294,-0.02128649558078977
12295,12295,-0.020186640104304588
12296,12296,-0.04543590299066421
12297,12297,-0.09134692143280619
12298,12298,-0.06545759649493169
12299,12299,-0.04961050076501662
12300,12300,-0.126515527385778
12301,12301,-0.21161883470091195
12302,12302,-0.048629877804937355
12303,12303,-0.23961785969577049
12304,12304,-0.06503202669579959
12305,12305,-0.09616375885442521
12306,12306,-0.01718922633252346
12307,12307,-0.020219683706125726
12308,12308,-0.07985184442666182
12309,12309,-0.014919494584307372
12310,12310,-0.020038761568985087
12311,12311,-0.025748421354159633
12312,12312,-0.14316934275428997
12313,12313,-0.0022379130526488577
12314,12314,-0.015344968388454033
12315,12315,-0.06899181839945104
12316,12316,-0.02547641298395361
12317,12317,-0.1472157769876866
12318,12318,-0.21411779595137997
12319,12319,-0.21499421576254568
12320,12320,-0.03289965272810302
12321,12321,-0.014291171516218547
12322,12322,-0.07106656297593895
12323,12323,-0.08108987852665867
12324,12324,-0.019383696993432467
12325,12325,-0.02109213647593739
12326,12326,-0.021867752767306646
12327,12327,-0.012675281654252232
12328,12328,-0.0034697279170514154
12329,12329,-0.03198753277307145
12330,12330,-0.14193672938208404
12331,12331,-0.093590719730661
12332,12332,-0.03629957511867256
12333,12333,-0.04804056682854101
12334,12334,-0.07455830462302104
12335,12335,-0.0295559981493591
12336,12336,-0.02894132341250584
12337,12337,-0.04736060955842359
12338,12338,-0.04979503051699552
12339,12339,-0.00015380623529087848
12340,12340,-0.02652048371825988
12341,12341,-0.04140875676854966
12342,12342,-0.3157500572750759
12343,12343,-0.20479397170613184
12344,12344,-0.050984205391579274
12345,12345,-0.2617748656853941
12346,12346,-0.025197124817229972
12347,12347,-0.20072811886087
12348,12348,-0.15411520472496754
12349,12349,-0.04137867802977682
12350,12350,-0.0084193840033364
12351,12351,-0.12705699216003888
12352,12352,-0.062438152827010984
12353,12353,-0.006461724521315136
12354,12354,-0.04070840155172655
12355,12355,-0.0755857482900257
12356,12356,-0.14465625541089944
12357,12357,-0.1011936144586802
12358,12358,-0.02344059035966011
12359,12359,-0.05112380394220167
12360,12360,-0.06065730831733861
12361,12361,-0.10766356277810248
12362,12362,-0.1188484592401053
12363,12363,-0.06726386859772565
12364,12364,-0.037519505329928905
12365,12365,-0.0039813843978348225
12366,12366,-0.01874594392878082
12367,12367,-0.01625632618090504
12368,12368,-0.024419777441965558
12369,12369,-0.21410851164538028
12370,12370,-0.12759610211462982
12371,12371,-0.10308200722557997
12372,12372,-0.032898307924327526
12373,12373,-0.02850479817372719
12374,12374,-0.10132512777670526
12375,12375,-0.012249690077075114
12376,12376,-0.024302407911585035
12377,12377,-0.05300253732525009
12378,12378,-0.27974492473000645
12379,12379,-0.004801235060483789
12380,12380,-0.07197207591046964
12381,12381,-0.10982406496300143
12382,12382,-0.014167950090472286
12383,12383,-0.06261980158856682
12384,12384,-0.0510329872119052
12385,12385,-0.027716882382136782
12386,12386,-0.008315385722539216
12387,12387,-0.03797613344399275
12388,12388,-0.006883576179456612
12389,12389,-0.0162633304450597
12390,12390,-0.014290612554197172
12391,12391,-0.07296143969355962
12392,12392,-0.33175555356584335
12393,12393,-0.023288912397987336
12394,12394,-0.037274269259466794
12395,12395,-0.02563899053341408
12396,12396,-0.030412260475794983
12397,12397,-0.02875843090441995
12398,12398,-0.010942220696497269
12399,12399,-0.16781376097833958
12400,12400,-0.04287077399168585
12401,12401,-0.04553692712167202
12402,12402,-0.0037654100095678477
12403,12403,-0.1036081848808164
12404,12404,-0.2380888249789129
12405,12405,-0.06511113742159844
12406,12406,-0.04669806107226614
12407,12407,-0.1743081321932761
12408,12408,-0.02978921482315618
12409,12409,-0.06241345719958193
12410,12410,-0.03834327240640776
12411,12411,-0.1590139745441163
12412,12412,-0.14388930518193604
12413,12413,-0.03495668374935559
12414,12414,-0.026263431075812714
12415,12415,-0.005222734508362999
12416,12416,-0.1374583417247856
12417,12417,-0.0735845255795535
12418,12418,-0.0625729746489026
12419,12419,-0.07396429091439352
12420,12420,-0.31138800759371704
12421,12421,-0.07346157240300594
12422,12422,-0.19291000989803758
12423,12423,-0.11243911537123942
12424,12424,-0.06478133514899817
12425,12425,-0.01087415582793005
12426,12426,-0.07347866567728939
12427,12427,-0.07042615927800433
12428,12428,-0.12254943133122277
12429,12429,-0.07562338043911278
12430,12430,-0.055837669596503575
12431,12431,-0.04338388975371813
12432,12432,-0.1020347530020285
12433,12433,-0.0688632413108756
12434,12434,-0.19585459857820942
12435,12435,-0.14313179500903095
12436,12436,-0.08745707843648957
12437,12437,-0.02433018921862322
12438,12438,-0.13129776678674812
12439,12439,-0.08142201729812852
12440,12440,-0.1053788286729103
12441,12441,-0.05321104394988188
12442,12442,-0.08708300105473353
12443,12443,-0.07377245470685932
12444,12444,-0.01841000855522876
12445,12445,-0.023303376671111715
12446,12446,-0.24033191367648413
12447,12447,-0.0328595619410632
12448,12448,-0.04557662206939976
12449,12449,-0.11374085893948743
12450,12450,-0.009585930251373711
12451,12451,-0.026264832389226934
12452,12452,-0.009101596262612937
12453,12453,-0.00879091659526248
12454,12454,-0.09767206200942052
12455,12455,-0.021140873908077402
12456,12456,-0.01042166680312464
12457,12457,-0.0014344910997006175
12458,12458,-0.031207291467485077
12459,12459,-0.007957520397957137
12460,12460,-0.00830213241804857
12461,12461,-0.14441778085992063
12462,12462,-0.20708059220509406
12463,12463,-0.11489811692585931
12464,12464,-0.15802798874614488
12465,12465,-0.2979706058024822
12466,12466,-0.08358078567868504
12467,12467,-0.17261725638476672
12468,12468,-0.28122290701598296
12469,12469,-0.0593681020872581
12470,12470,-0.32855158569775333
12471,12471,-0.041012902219858156
12472,12472,-0.009504917322879095
12473,12473,-0.0022623747096291425
12474,12474,-0.4003293866508029
12475,12475,-0.019524226201759053
12476,12476,-0.18880548946917242
12477,12477,-0.24000764058254864
12478,12478,-0.04230058948127519
12479,12479,-0.1502665315812431
12480,12480,-0.03453237599973723
12481,12481,-0.13605271598920893
12482,12482,-0.00035310892861849
12483,12483,-0.09224422437393098
12484,12484,-0.09566348855227456
12485,12485,-0.03957984393692197
12486,12486,-0.028618593754278113
12487,12487,-0.0094475556806169
12488,12488,-0.08737793616840975
12489,12489,-0.2414959455256326
12490,12490,-0.050001270099986575
12491,12491,-0.007519082589588111
12492,12492,-0.058803710523659444
12493,12493,-0.016765434047694656
12494,12494,-0.04136987081920457
12495,12495,-0.03365337725364017
12496,12496,-0.014936415077398568
12497,12497,-0.017220122681691357
12498,12498,-0.049685095507254355
12499,12499,-0.22629706243424594
12500,12500,-0.11895607020364012
12501,12501,-0.14302481345877474
12502,12502,-0.0448768904906185
12503,12503,-0.2267214628445955
12504,12504,-0.1729207405737762
12505,12505,-0.023411988421069722
12506,12506,-0.307541865063199
12507,12507,-0.07439557933101658
12508,12508,-0.03883862385216823
12509,12509,-0.018925005093096484
12510,12510,-0.17371346326312412
12511,12511,-0.004524280916793959
12512,12512,-0.42170124953555466
12513,12513,-0.021968713208650813
12514,12514,-0.08812584644428062
12515,12515,-0.012770671531431244
12516,12516,-0.2634707415621317
12517,12517,-0.09356126819927513
12518,12518,-0.08608989524398546
12519,12519,-0.23423472293806819
12520,12520,-0.04870934302132335
12521,12521,-0.002761324585472193
12522,12522,-0.023557982978006015
12523,12523,-0.020577098198736713
12524,12524,-0.02277256392299662
12525,12525,-0.19056449783695006
12526,12526,-0.1955669039897093
12527,12527,-0.12201247898661106
12528,12528,-0.011405049842710393
12529,12529,-0.04122223856776614
12530,12530,-0.1965320726479673
12531,12531,-0.015514372452783556
12532,12532,-0.009094299468123785
12533,12533,-0.0012735733813929388
12534,12534,-0.04897975314880352
12535,12535,-0.026228402918407674
12536,12536,-0.12997503136285998
12537,12537,-0.26642682281698904
12538,12538,-0.1123525286790105
12539,12539,-0.001674516076713617
12540,12540,-0.05939959196144336
12541,12541,-0.018807979210816908
12542,12542,-0.08361206116339898
12543,12543,-0.012405941847199781
12544,12544,-0.06000986537923887
12545,12545,-0.06164483770316462
12546,12546,-0.0998427090575128
12547,12547,-0.013870639643821807
12548,12548,-0.03799535137400279
12549,12549,-0.10974674331743015
12550,12550,-0.01622487903119055
12551,12551,-0.09816209757872196
12552,12552,-0.03057819374954235
12553,12553,-0.15959200948948818
12554,12554,-0.02016508086689645
12555,12555,-0.0017339187924123233
12556,12556,-0.06649923944626385
12557,12557,-0.15113731669297492
12558,12558,-0.08782376283038869
12559,12559,-0.01898539887977229
12560,12560,-0.4730032904381396
12561,12561,-0.14323336200118092
12562,12562,-0.10195014839874622
12563,12563,-0.04537006678646487
12564,12564,-0.04315485428656363
12565,12565,-0.010311272672798515
12566,12566,-0.18073984755098693
12567,12567,-0.13965887158595566
12568,12568,-0.06230499378785085
12569,12569,-0.357934132150425
12570,12570,-0.08664471292714458
12571,12571,-0.06840749310084382
12572,12572,-0.0012726439528444348
12573,12573,-0.14117019106294212
12574,12574,-0.03117125948827397
12575,12575,-0.020281061827305515
12576,12576,-0.07262383612148271
12577,12577,-0.027343834911058018
12578,12578,-0.19079665899013426
12579,12579,-0.15144837317923943
12580,12580,-0.21698019194775547
12581,12581,-0.07138616546451423
12582,12582,-0.13774134581723071
12583,12583,-0.04117756472374903
12584,12584,-0.20651852762832665
12585,12585,-0.027786812738102754
12586,12586,-0.30037594114612826
12587,12587,-0.04609777090954914
12588,12588,-0.060546951374245046
12589,12589,-0.0727299663429098
12590,12590,-0.16853817364462703
12591,12591,-0.19000178170858412
12592,12592,-0.0787512512273009
12593,12593,-0.042082313844959
12594,12594,-0.02856658928497226
12595,12595,-0.06434738076510262
12596,12596,-0.07116780927712191
12597,12597,-0.2409595051754301
12598,12598,-0.11377479138566221
12599,12599,-0.004657214433801001
12600,12600,-0.07953011705318737
12601,12601,-0.009416618141697005
12602,12602,-0.019872403201277065
12603,12603,-0.031176599496283534
12604,12604,-0.027955806508098854
12605,12605,-0.09897039338600067
12606,12606,-0.08707862748670923
12607,12607,-0.04347456253660974
12608,12608,-0.01711108213309036
12609,12609,-0.006593338324612405
12610,12610,-0.08075398902570732
12611,12611,-0.04831915241326908
12612,12612,-0.06006127401730835
12613,12613,-0.06295605546035764
12614,12614,-0.0015736207001531095
12615,12615,-0.044001227338871574
12616,12616,-0.04538111478695684
12617,12617,-0.0018153314833984616
12618,12618,-0.03441822778227437
12619,12619,-0.046612281944287355
12620,12620,-0.02686063973943481
12621,12621,-0.19384676834460263
12622,12622,-0.005876187882445375
12623,12623,-0.08557618774594138
12624,12624,-0.000766230057749871
12625,12625,-0.14273358984169152
12626,12626,-0.04738034825806078
12627,12627,-0.04305457145339549
12628,12628,-0.27746616726309803
12629,12629,-0.04571625643224683
12630,12630,-0.02256604793296687
12631,12631,-0.08935224468391223
12632,12632,-0.16800318980841022
12633,12633,-0.20215473113416102
12634,12634,-0.003464873882252195
12635,12635,-0.021631129523285133
12636,12636,-0.030821363852659073
12637,12637,-0.32405543419431265
12638,12638,-0.01575189601163611
12639,12639,-0.07295044032976561
12640,12640,-0.038525709093716665
12641,12641,-0.013787730901689487
12642,12642,-0.009953537875625446
12643,12643,-0.28181585185763314
12644,12644,-0.08894049936297414
12645,12645,-0.10662130595913567
12646,12646,-0.25352584682251583
12647,12647,-0.1540608404330233
12648,12648,-0.17620700006638998
12649,12649,-0.1542008341052405
12650,12650,-0.008463821617756329
12651,12651,-0.14519773551329762
12652,12652,-0.14119589468309218
12653,12653,-0.005676775982225491
12654,12654,-0.07372250061960901
12655,12655,-0.08365524065543849
12656,12656,-0.05907905992637791
12657,12657,-0.01278012687028814
12658,12658,-0.10544106718631381
12659,12659,-0.002854946869238524
12660,12660,-0.04166043238142265
12661,12661,-0.03011863445050539
12662,12662,-0.11344770490226617
12663,12663,-0.020525647275617842
12664,12664,-0.034193131829242225
12665,12665,-0.011465154849898383
12666,12666,-0.2829079370706141
12667,12667,-0.06095953889667724
12668,12668,-0.0611769989643631
12669,12669,-0.059614355871469384
12670,12670,-0.05079408348833688
12671,12671,-0.18503367956446662
12672,12672,-0.07051505364638211
12673,12673,-0.06024601406684471
12674,12674,-0.020815034528982302
12675,12675,-0.03454859544046636
12676,12676,-0.1335132581915469
12677,12677,-0.05900745753102287
12678,12678,-0.09729814154428258
12679,12679,-0.09786075022728515
12680,12680,-0.0020846676505312843
12681,12681,-0.13210490825772345
12682,12682,-0.010869489498749652
12683,12683,-0.072086001801351
12684,12684,-0.07657661434714577
12685,12685,-0.01650286891934936
12686,12686,-0.0038922411688194587
12687,12687,-0.0003370412185572626
12688,12688,-0.005692784904827973
12689,12689,-0.016913083836258818
12690,12690,-0.11863436095581334
12691,12691,-0.03260938799804026
12692,12692,-0.04353950598177937
12693,12693,-0.13527248886502136
12694,12694,-0.10440664895047892
12695,12695,-0.2839284766326411
12696,12696,-0.01235065065548618
12697,12697,-0.002573128073049221
12698,12698,-0.26779843093766076
12699,12699,-0.05663960870935881
12700,12700,-0.14920995327631545
12701,12701,-0.06033467359017228
12702,12702,-0.038743603547901115
12703,12703,-0.27765853910053545
12704,12704,-0.01511764983066155
12705,12705,-0.02702676569914946
12706,12706,-0.07872414789936927
12707,12707,-0.24867682096649765
12708,12708,-0.06472054596244407
12709,12709,-0.06665305448883971
12710,12710,-0.04448443970478154
12711,12711,-0.05124588393135081
12712,12712,-0.055154363565882
12713,12713,-0.126937055011337
12714,12714,-0.4508664046550555
12715,12715,-0.027958468437984378
12716,12716,-0.6799873683514145
12717,12717,-0.147725834328451
12718,12718,-0.027606957801509534
12719,12719,-0.09999542305236656
12720,12720,-0.0314186395035485
12721,12721,-0.059272157731629374
12722,12722,-0.03117701257568639
12723,12723,-0.04324240602894813
12724,12724,-0.005609424593057811
12725,12725,-0.08321365015660545
12726,12726,-0.022824067683981264
12727,12727,-0.052948144661189404
12728,12728,-0.24299559104603136
12729,12729,-0.020470786290297832
12730,12730,-0.19376310828886278
12731,12731,-0.10750279060066562
12732,12732,-0.04208113778864484
12733,12733,-0.0050990194884111524
12734,12734,-0.01652100866517269
12735,12735,-0.00542127372382381
12736,12736,-0.09367896600184325
12737,12737,-0.0016860058539438691
12738,12738,-0.08049404325950299
12739,12739,-0.07314402938467589
12740,12740,-0.15020305528895314
12741,12741,-0.1336918009160593
12742,12742,-0.2086256991335338
12743,12743,-0.10791356427893257
12744,12744,-0.18782982013314484
12745,12745,-0.004697757208341555
12746,12746,-0.11905791325032825
12747,12747,-0.0849835204576159
12748,12748,-0.04118074756197043
12749,12749,-0.0276793638431743
12750,12750,-0.008204206299635775
12751,12751,-0.03511176153275673
12752,12752,-0.02050665069797956
12753,12753,-0.06169582426161356
12754,12754,-0.031898768746780805
12755,12755,-0.0063827330911582865
12756,12756,-0.11387217806967392
12757,12757,-0.15177233230971593
12758,12758,-0.02590307087421874
12759,12759,-0.08515546021996301
12760,12760,-0.09093709668101857
12761,12761,-0.04531299882890948
12762,12762,-0.10911162914872538
12763,12763,-0.11749645871461051
12764,12764,-0.10475878991254994
12765,12765,-0.04382391761433187
12766,12766,-0.08355905820227848
12767,12767,-0.07270187956148538
12768,12768,-0.1584765824034682
12769,12769,-0.07603396044413233
12770,12770,-0.10184424032152344
12771,12771,-0.004810398763036896
12772,12772,-0.14151951567802534
12773,12773,-0.11079238276491447
12774,12774,-0.09732281948885341
12775,12775,-0.0751083785424821
12776,12776,-0.0028865224275061658
12777,12777,-0.18133639397069873
12778,12778,-0.004287562712873852
12779,12779,-0.35358261292856263
12780,12780,-0.021586139717452584
12781,12781,-0.2882282599861952
12782,12782,-0.06428422685418246
12783,12783,-0.09188745213838508
12784,12784,-0.028251957962720516
12785,12785,-0.03314548673323634
12786,12786,-0.13876721365266975
12787,12787,-0.054745176164149076
12788,12788,-0.10202506732119525
12789,12789,-0.11300078367459546
12790,12790,-0.11896948007292493
12791,12791,-0.12661647815164928
12792,12792,-0.15490701592872638
12793,12793,-0.11299715911369959
12794,12794,-0.15659647820575512
12795,12795,-0.05646249858612197
12796,12796,-0.014234220643998468
12797,12797,-0.0382414388328953
12798,12798,-0.008181314215241693
12799,12799,-0.05071479903249749
12800,12800,-0.030145802887715307
12801,12801,-0.04731847240681347
12802,12802,-0.02084661111412625
12803,12803,-0.10033672817904496
12804,12804,-0.06780642885410608
12805,12805,-0.07431381610618121
12806,12806,-0.07475463198325084
12807,12807,-0.006112460809589862
12808,12808,-0.08780034084708387
12809,12809,-0.2748904996569406
12810,12810,-0.23883177281923035
12811,12811,-0.10688873549445571
12812,12812,-0.05317790570866176
12813,12813,-0.2522844896713098
12814,12814,-0.07457261662339565
12815,12815,-0.16582652717671215
12816,12816,-0.01084679574272154
12817,12817,-0.11918618315707083
12818,12818,-0.07849233082306753
12819,12819,-0.1099884265635776
12820,12820,-0.023043966249851385
12821,12821,-0.014895507002024992
12822,12822,-0.00443218622422213
12823,12823,-0.02706900683618499
12824,12824,-0.03709521761390441
12825,12825,-0.156411868372376
12826,12826,-0.12496284301070497
12827,12827,-0.013517089887853278
12828,12828,-0.033342172668669595
12829,12829,-0.10397254132141959
12830,12830,-0.008137265035581662
12831,12831,-0.01406657847079983
12832,12832,-0.01974234456063721
12833,12833,-0.04296472570321755
12834,12834,-0.039724336182251456
12835,12835,-0.06350604855109532
12836,12836,-0.15797668618973218
12837,12837,-0.07010216985567895
12838,12838,-0.02958579986020312
12839,12839,-0.250162352027995
12840,12840,-0.015763083450173587
12841,12841,-0.09729412808947407
12842,12842,-0.18851910967916893
12843,12843,-0.041649057028521064
12844,12844,-0.09019063111004157
12845,12845,-0.13232854272050873
12846,12846,-0.041450161533253475
12847,12847,-0.04666694839108555
12848,12848,-0.057174027409284095
12849,12849,-0.028070204781988586
12850,12850,-0.025986606970640855
12851,12851,-0.010463393492983364
12852,12852,-0.004790159705522834
12853,12853,-0.17525483576871514
12854,12854,-0.21454200107589594
12855,12855,-7.417910048311541e-05
12856,12856,-0.45001180104391886
12857,12857,-0.10697929761148123
12858,12858,-0.07552635281948177
12859,12859,-0.03331442185329277
12860,12860,-0.08136696843724794
12861,12861,-0.008965364004581188
12862,12862,-0.054319513105730896
12863,12863,-0.03948307318903686
12864,12864,-0.09091279153565199
12865,12865,-0.04481722020814388
12866,12866,-0.2748924289166763
12867,12867,-0.12120442043976856
12868,12868,-0.026128198750650346
12869,12869,-0.09045378447416805
12870,12870,-0.0007203860910258326
12871,12871,-0.34399755270256765
12872,12872,-0.040179741539652175
12873,12873,-0.08759498499199778
12874,12874,-0.050161672057296415
12875,12875,-0.032432344802061565
12876,12876,-0.08208405074890635
12877,12877,-0.4694334208086497
12878,12878,-0.04844897366358088
12879,12879,-0.05536992478044284
12880,12880,-0.02218288253772753
12881,12881,-0.03371696749126071
12882,12882,-0.06839538118723501
12883,12883,-0.015903382912359085
12884,12884,-0.05003218754165431
12885,12885,-0.17280174902217232
12886,12886,-0.0349656452268461
12887,12887,-0.22392620515268483
12888,12888,-0.04258339722526334
12889,12889,-0.1307751792862917
12890,12890,-0.12650002090545284
12891,12891,-0.13872531903725455
12892,12892,-0.038024234781310846
12893,12893,-0.14859932910872264
12894,12894,-0.14852938442446872
12895,12895,-0.12112099287127653
12896,12896,-0.01640610586116408
12897,12897,-0.1563168738832622
12898,12898,-0.02590781720937633
12899,12899,-0.11358718418339755
12900,12900,-0.08511344997812045
12901,12901,-0.22107576228699577
12902,12902,-0.014505730903931247
12903,12903,-0.44553338104482443
12904,12904,-0.0732960928311034
12905,12905,-0.08298298972241834
12906,12906,-0.017315009630683227
12907,12907,-0.00873428987328347
12908,12908,-0.04018148365510412
12909,12909,-0.09331433973183144
12910,12910,-0.1383868420390626
12911,12911,-0.015218457843630271
12912,12912,-0.07737290400273684
12913,12913,-0.002289889318218827
12914,12914,-0.13529878213305124
12915,12915,-0.20638367966163146
12916,12916,-0.004417061208736675
12917,12917,-0.23509106709376917
12918,12918,-0.052335745075621824
12919,12919,-0.028615183984143682
12920,12920,-0.13725991392793185
12921,12921,-0.2327437524548595
12922,12922,-0.05657573523839984
12923,12923,-0.07755549173165913
12924,12924,-0.018063260532845342
12925,12925,-0.02043297438991381
12926,12926,-0.04263808559849866
12927,12927,-0.10551159952142417
12928,12928,-0.02486033311041784
12929,12929,-0.04795505515520746
12930,12930,-0.06267581129346707
12931,12931,-0.01207158403913264
12932,12932,-0.2956359157538329
12933,12933,-0.023843767721837383
12934,12934,-0.06462257779332099
12935,12935,-0.1269333748952738
12936,12936,-0.036253448595862846
12937,12937,-0.12574668206213632
12938,12938,-0.10815348790959325
12939,12939,-0.013733802019144137
12940,12940,-0.005373504212245745
12941,12941,-0.14382938609229035
12942,12942,-0.05728131891084816
12943,12943,-0.07004668821268327
12944,12944,-0.09431940826501581
12945,12945,-0.08405375090668382
12946,12946,-0.05798439036116745
12947,12947,-0.06529993281354926
12948,12948,-0.019720913856052874
12949,12949,-0.08257942117398728
12950,12950,-0.023127801951846046
12951,12951,-0.06843124532219351
12952,12952,-0.032421494799450064
12953,12953,-0.01202388854090556
12954,12954,-0.1591882642572989
12955,12955,-0.07645619011739754
12956,12956,-0.04317916260820871
12957,12957,-0.017052590459102002
12958,12958,-0.08717877710663616
12959,12959,-0.19567562785221726
12960,12960,-0.012964063856461976
12961,12961,-0.017329507868249924
12962,12962,-0.002034838803976435
12963,12963,-0.05756590934202032
12964,12964,-0.04153158304279429
12965,12965,-0.02531294642478077
12966,12966,-0.16632059565804305
12967,12967,-0.1347763709240716
12968,12968,-0.02645049383947383
12969,12969,-0.012510429982861804
12970,12970,-0.21236654636715155
12971,12971,-0.01439756195217691
12972,12972,-0.08398347251477588
12973,12973,-0.008130695391571706
12974,12974,-0.09700078003512613
12975,12975,-0.06003959096728339
12976,12976,-0.1830657493816961
12977,12977,-0.013432459151268474
12978,12978,-0.02267033462004073
12979,12979,-0.07211088803582999
12980,12980,-0.03088139585258861
12981,12981,-0.10043499314320939
12982,12982,-0.0010315934405661258
12983,12983,-0.00496296714023951
12984,12984,-0.011036907644689462
12985,12985,-0.1513130850701343
12986,12986,-0.08104422756388316
12987,12987,-0.10168251456682369
12988,12988,-0.10178359045135502
12989,12989,-0.0802091075928024
12990,12990,-0.032259991576134635
12991,12991,-0.09718439358654245
12992,12992,-0.055358788591850144
12993,12993,-0.00892383387217685
12994,12994,-0.05540889834082929
12995,12995,-0.13341208910205
12996,12996,-0.007508802630993491
12997,12997,-0.06525595062775355
12998,12998,-0.15756215640000315
12999,12999,-0.018197003962298317
13000,13000,-0.24325600464107913
13001,13001,-0.04328188817342034
13002,13002,-0.13855478250399983
13003,13003,-0.004150668078584321
13004,13004,-0.026885573400690407
13005,13005,-0.3803456009482898
13006,13006,-0.20763177378223502
13007,13007,-0.1472397580706456
13008,13008,-0.03623669662230722
13009,13009,-0.0101646281090055
13010,13010,-0.142436661119851
13011,13011,-0.0463639845819241
13012,13012,-0.006062977083745949
13013,13013,-0.05964043990847698
13014,13014,-0.08943644405304305
13015,13015,-0.10110409759180977
13016,13016,-0.31008524482247013
13017,13017,-0.06847321970071653
13018,13018,-0.023325543448281718
13019,13019,-0.0377728235965038
13020,13020,-0.17617060826173778
13021,13021,-0.06586043301547999
13022,13022,-0.24885466550945815
13023,13023,-0.017728436241995528
13024,13024,-0.015841317835697935
13025,13025,-0.04099952635920107
13026,13026,-0.02109602813732377
13027,13027,-0.010241461862284376
13028,13028,-0.003566393068049559
13029,13029,-0.01573077214062079
13030,13030,-0.08510699744445066
13031,13031,-0.1360579986766272
13032,13032,-0.0009497915529952667
13033,13033,-0.19286763909012986
13034,13034,-0.15546165568401146
13035,13035,-0.009686980163090872
13036,13036,-0.37962873604618946
13037,13037,-0.2669564546338002
13038,13038,-0.01700425235608751
13039,13039,-0.12339281145796135
13040,13040,-0.05867390897024631
13041,13041,-0.014900426140209224
13042,13042,-0.3927923461455067
13043,13043,-0.007106173388599386
13044,13044,-0.11194877319028566
13045,13045,-0.026887994292243263
13046,13046,-0.010716006512382362
13047,13047,-0.02256832892528878
13048,13048,-0.4092564332444818
13049,13049,-0.21177396785537855
13050,13050,-0.13072784635739348
13051,13051,-0.1478294760310838
13052,13052,-0.035666079510113295
13053,13053,-0.048816296026480764
13054,13054,-0.02892289946344615
13055,13055,-0.008745124369957467
13056,13056,-0.08137226388762082
13057,13057,-0.02034786148741406
13058,13058,-0.033378941550373895
13059,13059,-0.3992763587282325
13060,13060,-0.009266279453651891
13061,13061,-0.01890126745723984
13062,13062,-0.1753377488601527
13063,13063,-0.012891088356718929
13064,13064,-0.05377638047637711
13065,13065,-0.31437166114715454
13066,13066,-0.0950689195841393
13067,13067,-0.016305264409495552
13068,13068,-0.17993994256506848
13069,13069,-0.14928960747634748
13070,13070,-0.24894821894000332
13071,13071,-0.013544798604663467
13072,13072,-0.42103190886078956
13073,13073,-0.07989887339549423
13074,13074,-0.03228246737255852
13075,13075,-0.027035644407046734
13076,13076,-0.2582617052449226
13077,13077,-0.14365626383097524
13078,13078,-0.015930543784630533
13079,13079,-0.10321849883476131
13080,13080,-0.11471466347787215
13081,13081,-0.019080802477617644
13082,13082,-0.1651602192984351
13083,13083,-0.04312284757662766
13084,13084,-0.3458064950844976
13085,13085,-0.042409432130035535
13086,13086,-0.014186363841575688
13087,13087,-0.016053166732622543
13088,13088,-0.047803638593695595
13089,13089,-0.06462133936121887
13090,13090,-0.11285499946672926
13091,13091,-0.13519042092532382
13092,13092,-0.03540227911662759
13093,13093,-0.03197668147070014
13094,13094,-0.059809509474916575
13095,13095,-0.04007793353618893
13096,13096,-0.057406379658932
13097,13097,-0.15977041179709828
13098,13098,-0.057078840178070925
13099,13099,-0.07672323925021265
13100,13100,-0.10728882951085841
13101,13101,-0.025056815419998605
13102,13102,-0.05152810696354619
13103,13103,-0.04525013032944235
13104,13104,-0.07580140493507342
13105,13105,-0.008926553719501181
13106,13106,-0.03179804005979723
13107,13107,-0.18592068128602635
13108,13108,-0.025232596006805556
13109,13109,-0.4846072675596911
13110,13110,-0.10402486598433879
13111,13111,-0.19285367389072855
13112,13112,-0.1930168773046182
13113,13113,-0.014932650950281328
13114,13114,-0.07174910324290601
13115,13115,-0.04653145652324441
13116,13116,-0.04159171418493034
13117,13117,-0.0927842676195789
13118,13118,-0.038470582668067396
13119,13119,-0.04801271404729214
13120,13120,-0.17495739989097212
13121,13121,-0.19514297234568037
13122,13122,-0.21957667550257892
13123,13123,-0.07068464680818456
13124,13124,-0.08106340050216702
13125,13125,-0.022228078075772397
13126,13126,-0.4699549589257535
13127,13127,-0.016401805154379764
13128,13128,-0.15925987376453044
13129,13129,-0.1390492365885596
13130,13130,-0.045857993869484005
13131,13131,-0.10612317135327029
13132,13132,-0.025793111566823627
13133,13133,-0.002016769555123087
13134,13134,-0.2447760227931425
13135,13135,-0.0038633207659451684
13136,13136,-0.017414657247720972
13137,13137,-0.03312944492707774
13138,13138,-0.03989211776164163
13139,13139,-0.020800592137098266
13140,13140,-0.08589935479177366
13141,13141,-0.11402171960181003
13142,13142,-0.008998224573958161
13143,13143,-0.002051217747589094
13144,13144,-0.005864921263283153
13145,13145,-0.03227631898050679
13146,13146,-0.09828830123296052
13147,13147,-0.08100578568880373
13148,13148,-0.011719048999812022
13149,13149,-0.1976122819581295
13150,13150,-0.19903365134771803
13151,13151,-0.14748817517596102
13152,13152,-0.0656938176206
13153,13153,-0.011705097447587139
13154,13154,-0.05714501394688401
13155,13155,-0.040019380173762706
13156,13156,-0.24596399401500785
13157,13157,-0.030737525004139017
13158,13158,-0.050738644115587955
13159,13159,-0.31116869063013897
13160,13160,-0.03171365583876966
13161,13161,-0.07761358015457652
13162,13162,-0.11689310182070482
13163,13163,-0.01599596185578582
13164,13164,-0.09841501122977458
13165,13165,-0.23668992773838074
13166,13166,-0.04884903507929174
13167,13167,-0.04207309525736291
13168,13168,-0.09380752513038007
13169,13169,-0.07130625574975155
13170,13170,-0.14984454425832006
13171,13171,-0.08587331323971185
13172,13172,-0.12567268104820392
13173,13173,-0.013707221998951517
13174,13174,-0.013315621845490264
13175,13175,-0.11266393633407512
13176,13176,-0.021339062468685676
13177,13177,-0.14591823455115635
13178,13178,-0.017081072965298327
13179,13179,-0.004127929455819435
13180,13180,-0.10932871497974037
13181,13181,-0.06867615689617268
13182,13182,-0.19879240302146517
13183,13183,-0.022654539259764035
13184,13184,-0.09360648072036956
13185,13185,-0.08321769459401923
13186,13186,-0.12600075922363382
13187,13187,-0.001654205440197975
13188,13188,-0.018041454091586452
13189,13189,-0.0875413213730588
13190,13190,-0.03261533622987966
13191,13191,-0.0983502532286027
13192,13192,-0.055964713336513094
13193,13193,-0.00794481958650145
13194,13194,-0.0024621727664322184
13195,13195,-0.3501612963660622
13196,13196,-0.053286067468015924
13197,13197,-0.068663568990549
13198,13198,-0.04355956797438805
13199,13199,-0.034839336505329666
13200,13200,-0.059152740471585474
13201,13201,-0.1486139216995378
13202,13202,-0.07369688640361088
13203,13203,-0.21158679426353605
13204,13204,-0.18897112435982807
13205,13205,-0.0412417867785429
13206,13206,-0.31688604033399237
13207,13207,-0.06137639375733991
13208,13208,-0.011335501358185288
13209,13209,-0.045475254539479565
13210,13210,-0.1530978164268773
13211,13211,-0.02471038325269154
13212,13212,-0.09301176598699179
13213,13213,-0.044001313686525906
13214,13214,-0.10217438532118597
13215,13215,-0.0896831331430706
13216,13216,-0.09686590614851923
13217,13217,-0.015438636045023393
13218,13218,-0.008608784843814703
13219,13219,-0.03149415635794269
13220,13220,-0.05990871151027719
13221,13221,-0.001760221194379096
13222,13222,-0.0439399207183382
13223,13223,-0.0319172710275974
13224,13224,-0.06624940795799542
13225,13225,-0.29441143266415676
13226,13226,-0.037906158129641036
13227,13227,-0.10287154983233981
13228,13228,-0.25994462442232497
13229,13229,-0.0043247374609316595
13230,13230,-0.05900351728679489
13231,13231,-0.058181527743229704
13232,13232,-0.0759658741300571
13233,13233,-0.2088300380414811
13234,13234,-0.006761478915265583
13235,13235,-0.14067405792987375
13236,13236,-0.23148631240041384
13237,13237,-0.33161152034131314
13238,13238,-0.33690517344130255
13239,13239,-0.13778823695489673
13240,13240,-0.05975041665917572
13241,13241,-0.2184056934308549
13242,13242,-0.10762611137060529
13243,13243,-0.046507046499802224
13244,13244,-0.003658812278453828
13245,13245,-0.02540897345209702
13246,13246,-0.017544838427085187
13247,13247,-0.14410800901361787
13248,13248,-0.07110940538128024
13249,13249,-0.06224528204935875
13250,13250,-0.13277760246655843
13251,13251,-0.4774336964484363
13252,13252,-0.29919927034688526
13253,13253,-0.006219479701981566
13254,13254,-0.0025107040851371464
13255,13255,-0.027877841097720422
13256,13256,-0.012370769389825514
13257,13257,-0.2315283184313263
13258,13258,-0.25022847068693865
13259,13259,-0.020170667062552924
13260,13260,-0.10709921535395268
13261,13261,-0.18153349006678876
13262,13262,-0.06537641551159881
13263,13263,-0.04067773258440412
13264,13264,-0.015198185867505489
13265,13265,-0.056547175924802115
13266,13266,-0.16862235478127452
13267,13267,-0.05662044515416557
13268,13268,-0.4476548245192224
13269,13269,-0.13654632614916598
13270,13270,-0.08886772606204477
13271,13271,-0.014662054191943273
13272,13272,-0.19254691697573817
13273,13273,-0.02308972942123691
13274,13274,-0.037286555132796974
13275,13275,-0.23972136395547716
13276,13276,-0.02341710489020449
13277,13277,-0.06222679024583137
13278,13278,-0.0413331442885893
13279,13279,-0.19739367221094933
13280,13280,-0.040489822453989875
13281,13281,-0.16554025650214585
13282,13282,-0.06071052551759784
13283,13283,-0.044374970734452124
13284,13284,-0.04960825357301928
13285,13285,-0.007700400680002744
13286,13286,-0.2303565578081155
13287,13287,-0.020356255416300553
13288,13288,-0.060379842455913636
13289,13289,-0.011201581674523696
13290,13290,-0.08270912860857585
13291,13291,-0.0013391621565375664
13292,13292,-0.03586082170211957
13293,13293,-0.04207189684218343
13294,13294,-0.06916237341957206
13295,13295,-0.14248545100757018
13296,13296,-0.0477731608800363
13297,13297,-0.32387756115025235
13298,13298,-0.0052332445861309335
13299,13299,-0.001982026117242808
13300,13300,-0.141683819740525
13301,13301,-0.005230493917324854
13302,13302,-0.02203653385675684
13303,13303,-0.025826477593635145
13304,13304,-0.0026916903391020824
13305,13305,-0.10090233359989621
13306,13306,-0.04505226351836835
13307,13307,-0.0797372255968444
13308,13308,-0.23093280957635082
13309,13309,-0.027358118904417687
13310,13310,-0.08210790658975146
13311,13311,-0.06818425351606276
13312,13312,-0.031430829434889604
13313,13313,-0.19806156072403844
13314,13314,-0.004726104964334952
13315,13315,-0.4707877780648765
13316,13316,-0.05029206958644632
13317,13317,-0.1198025246012734
13318,13318,-0.01854585555944216
13319,13319,-0.1445442043134203
13320,13320,-0.21886731039501164
13321,13321,-0.1292388053671574
13322,13322,-0.08963594280869784
13323,13323,-0.17123137939732413
13324,13324,-0.11827163285185563
13325,13325,-0.05523115830243308
13326,13326,-0.03609924985521888
13327,13327,-0.018892640323948526
13328,13328,-0.11969713477401667
13329,13329,-0.29597253249089933
13330,13330,-0.1378245092795132
13331,13331,-0.024257002535206282
13332,13332,-0.023847573903999268
13333,13333,-0.06827012686956865
13334,13334,-0.095973883775842
13335,13335,-0.032386940584347206
13336,13336,-0.0366278557846257
13337,13337,-0.04342633948993038
13338,13338,-0.09521979238349935
13339,13339,-0.00891930160050995
13340,13340,-0.12464467586306617
13341,13341,-0.06800657239613477
13342,13342,-0.01771572880602785
13343,13343,-0.09482745899103245
13344,13344,-0.18182041303969437
13345,13345,-0.018171526415887262
13346,13346,-0.07400435780049382
13347,13347,-0.11929534484159157
13348,13348,-0.03524949134470719
13349,13349,-0.03810526015824006
13350,13350,-0.19878649182546057
13351,13351,-0.10729149773618565
13352,13352,-0.20692392346026287
13353,13353,-0.01315395323807496
13354,13354,-0.11792936475329643
13355,13355,-0.09327258180628252
13356,13356,-0.01617365954206178
13357,13357,-0.16313777658667608
13358,13358,-0.0197036347716358
13359,13359,-0.01040257515592752
13360,13360,-0.07486063934888901
13361,13361,-0.21942494057765682
13362,13362,-0.0252081474019261
13363,13363,-0.012317323742603907
13364,13364,-0.38040518185489286
13365,13365,-0.0021322992338313144
13366,13366,-0.039791574193253604
13367,13367,-0.008282035498256613
13368,13368,-0.13564163287033576
13369,13369,-0.008446775726546936
13370,13370,-0.025630979655011283
13371,13371,-0.09917456563296438
13372,13372,-0.06779352879017711
13373,13373,-0.04679066120484165
13374,13374,-0.041404072968958316
13375,13375,-0.08919410781645248
13376,13376,-0.010105937967184198
13377,13377,-0.03851987409580847
13378,13378,-0.09930686804661286
13379,13379,-0.046565744834781694
13380,13380,-0.19595999894063232
13381,13381,-0.05546091571242643
13382,13382,-0.12687584300633686
13383,13383,-0.15818293467424785
13384,13384,-0.06596115334471392
13385,13385,-0.03453558592906697
13386,13386,-0.14834185328274518
13387,13387,-0.0021914643003916384
13388,13388,-0.04196785664861614
13389,13389,-0.09043981591148796
13390,13390,-0.3156708839099697
13391,13391,-0.007867277022536373
13392,13392,-0.037873651980292695
13393,13393,-0.03731290370512079
13394,13394,-0.039544512449213184
13395,13395,-0.22979856565467832
13396,13396,-0.000526482359455485
13397,13397,-0.07212437914968213
13398,13398,-0.026245638202344414
13399,13399,-0.025399313750778273
13400,13400,-0.08637840798713163
13401,13401,-0.16029601556474954
13402,13402,-0.1045279592944531
13403,13403,-0.23941684126747845
13404,13404,-0.1444079452144047
13405,13405,-0.0844207294101738
13406,13406,-0.024921365775187818
13407,13407,-0.018221648426202223
13408,13408,-0.08747609268986006
13409,13409,-0.03886397847698404
13410,13410,-0.04564893944537568
13411,13411,-0.015987871238341424
13412,13412,-0.26381856840877016
13413,13413,-0.0023275469497320914
13414,13414,-0.03370813851503626
13415,13415,-0.06659691045215448
13416,13416,-0.028277204276132926
13417,13417,-0.09148961779871881
13418,13418,-0.041510946145221356
13419,13419,-0.07434206047397264
13420,13420,-0.06892864974077731
13421,13421,-0.006951875373345195
13422,13422,-0.04821836138292889
13423,13423,-0.0029639727740470813
13424,13424,-0.02867501645547444
13425,13425,-0.0521486272147728
13426,13426,-0.0246324186762658
13427,13427,-0.019506175869608393
13428,13428,-0.004233735950844676
13429,13429,-0.04173162693467564
13430,13430,-0.1336500661660578
13431,13431,-0.006915341482162041
13432,13432,-0.009308610735421304
13433,13433,-0.18580248932868793
13434,13434,-0.02259790642537264
13435,13435,-0.20561754818758105
13436,13436,-0.28003429741694547
13437,13437,-0.03423355566948497
13438,13438,-0.2277763473570567
13439,13439,-0.265836698402161
13440,13440,-0.02062780482283881
13441,13441,-0.03158218053995998
13442,13442,-0.16170033353555613
13443,13443,-0.4011436347461017
13444,13444,-0.09218000528157815
13445,13445,-0.032264503146145804
13446,13446,-0.30872382274108695
13447,13447,-0.05329506506072489
13448,13448,-0.04921223808488043
13449,13449,-0.010794208278189422
13450,13450,-0.13594284408267054
13451,13451,-0.00863768972681452
13452,13452,-0.11301659787223359
13453,13453,-0.11734042631210534
13454,13454,-0.023358314966320317
13455,13455,-0.008764994569651184
13456,13456,-0.11629309842257379
13457,13457,-0.11024706911198527
13458,13458,-0.05499836369634996
13459,13459,-0.025580736040984552
13460,13460,-0.14325490270532876
13461,13461,-0.09508509979138116
13462,13462,-0.1072055501954221
13463,13463,-0.0531206262910627
13464,13464,-0.10308107758710963
13465,13465,-0.00929670064664332
13466,13466,-0.03447289204912986
13467,13467,-0.07453964159704161
13468,13468,-0.06656462864585244
13469,13469,-0.011037168035665474
13470,13470,-0.041234162168521105
13471,13471,-0.016571105672319012
13472,13472,-0.17879634114846926
13473,13473,-0.03934620382304897
13474,13474,-0.10693591097728514
13475,13475,-0.2535014054955971
13476,13476,-0.09163471533365357
13477,13477,-0.05034198910825178
13478,13478,-0.15649033928202316
13479,13479,-0.09372211382981623
13480,13480,-0.09256058050435893
13481,13481,-0.0016640406150227117
13482,13482,-0.21943026256245485
13483,13483,-0.01407526341343822
13484,13484,-0.0603445152053449
13485,13485,-0.07656485120964292
13486,13486,-0.011438630505457303
13487,13487,-0.12450310319659405
13488,13488,-0.12732967587176322
13489,13489,-0.05178113290826154
13490,13490,-0.23242372817789572
13491,13491,-0.048843579938778574
13492,13492,-0.001419227097697167
13493,13493,-0.0028148509170135907
13494,13494,-0.03477640053594117
13495,13495,-0.005501958621508127
13496,13496,-0.14041001700805247
13497,13497,-0.042177771195016325
13498,13498,-0.23015841572858944
13499,13499,-0.2725852777586764
13500,13500,-0.2485512712197427
13501,13501,-0.061273280178211924
13502,13502,-0.057504235125140926
13503,13503,-0.006328348558278962
13504,13504,-0.05423722632165695
13505,13505,-0.22858348532788497
13506,13506,-0.019939161542414485
13507,13507,-0.19515083694864624
13508,13508,-0.0463354607732947
13509,13509,-0.08322513563505969
13510,13510,-0.14749299450900744
13511,13511,-0.23642286694645595
13512,13512,-0.1273428688452675
13513,13513,-0.1375117070200023
13514,13514,-0.028954481723846195
13515,13515,-0.09350526713556152
13516,13516,-0.02787786855125841
13517,13517,-0.009151034085079685
13518,13518,-0.017387759808691484
13519,13519,-0.14023010004449007
13520,13520,-0.02321643232358918
13521,13521,-0.09310223565666594
13522,13522,-0.006228368374722165
13523,13523,-0.04772342248516924
13524,13524,-0.18956838196255293
13525,13525,-0.009387456338432864
13526,13526,-0.0427182812680905
13527,13527,-0.05473196227460435
13528,13528,-0.045624397808205035
13529,13529,-0.23134576358335976
13530,13530,-0.06425833742317436
13531,13531,-0.08261912003804385
13532,13532,-0.08675062976398644
13533,13533,-0.07821444535011403
13534,13534,-0.0005183634443229625
13535,13535,-0.06116921739622032
13536,13536,-0.25885507644226746
13537,13537,-0.002637433796676575
13538,13538,-0.06256785152362665
13539,13539,-0.09071122088420208
13540,13540,-0.011016978378041864
13541,13541,-0.007108194218762646
13542,13542,-0.06492248107277021
13543,13543,-0.003694895995497181
13544,13544,-0.038982347021428526
13545,13545,-0.008627767507886772
13546,13546,-0.024265749349822643
13547,13547,-0.0035627804967732655
13548,13548,-0.03848549658885263
13549,13549,-0.06451883501765243
13550,13550,-0.0842535286323291
13551,13551,-0.06596151191278397
13552,13552,-0.01576755896789118
13553,13553,-0.08505678143939256
13554,13554,-0.09103207296533872
13555,13555,-0.05073151006298487
13556,13556,-0.03975148480309421
13557,13557,-0.03294676868486027
13558,13558,-0.06309286897449826
13559,13559,-0.03589723279215503
13560,13560,-0.10568392425614875
13561,13561,-0.09791027920992534
13562,13562,-0.028736428124865578
13563,13563,-0.0014496091979358692
13564,13564,-0.01250938596127406
13565,13565,-0.02587379796272401
13566,13566,-0.28391950534547494
13567,13567,-0.13305314503280313
13568,13568,-0.04745604750580617
13569,13569,-0.07962322685028579
13570,13570,-0.15127283076092132
13571,13571,-0.1564624580924073
13572,13572,-0.13133178620592156
13573,13573,-0.45313942416365965
13574,13574,-0.09749376679777204
13575,13575,-0.06217253335217559
13576,13576,-0.27136798007213436
13577,13577,-0.01171217069566969
13578,13578,-0.081383499799624
13579,13579,-0.05580519272283745
13580,13580,-0.025952012714219496
13581,13581,-0.178522704226886
13582,13582,-0.11967402264012982
13583,13583,-0.035182592417156704
13584,13584,-0.03751379551692574
13585,13585,-0.03282925935369323
13586,13586,-0.14602988502920572
13587,13587,-0.11413562126778093
13588,13588,-0.03660713940017435
13589,13589,-0.06499796662459192
13590,13590,-0.11400158131022342
13591,13591,-0.05679626787868291
13592,13592,-0.11879184945002769
13593,13593,-0.029479002002097666
13594,13594,-0.1412282360653912
13595,13595,-0.1020570978876625
13596,13596,-0.025976568268147558
13597,13597,-0.3952340215022855
13598,13598,-0.05831220649466696
13599,13599,-0.030037010304296778
13600,13600,-0.19201084729554466
13601,13601,-0.15942002497641006
13602,13602,-0.03531272698349597
13603,13603,-0.18428575549572393
13604,13604,-0.05552693060982329
13605,13605,-0.010022449045382818
13606,13606,-0.3790423854480891
13607,13607,-0.01070731432035322
13608,13608,-0.02340963394664698
13609,13609,-0.045965815272666244
13610,13610,-0.007423017111128782
13611,13611,-0.028091518477423326
13612,13612,-0.10681489724831825
13613,13613,-0.002898575874670048
13614,13614,-0.07560993500206031
13615,13615,-0.07011728350168624
13616,13616,-0.0798872531070064
13617,13617,-0.06769989797134883
13618,13618,-0.0533307880549006
13619,13619,-0.0764882446592153
13620,13620,-0.05424405941680798
13621,13621,-0.03888472171516934
13622,13622,-0.092163639971029
13623,13623,-0.09200500855706834
13624,13624,-0.0449205543812059
13625,13625,-0.26187918291781065
13626,13626,-0.020032493125673838
13627,13627,-0.00044858703588163725
13628,13628,-0.06900002797982581
13629,13629,-0.24563576295230014
13630,13630,-0.015300477962855103
13631,13631,-0.05986898738509994
13632,13632,-0.06628908117235466
13633,13633,-0.20623417473190944
13634,13634,-0.14026063646109127
13635,13635,-0.06097110802519019
13636,13636,-0.032630479136044985
13637,13637,-0.041987389182466035
13638,13638,-0.0156344576146371
13639,13639,-0.06251172271505323
13640,13640,-0.00851183836916331
13641,13641,-0.09396436546220802
13642,13642,-0.0941437324543371
13643,13643,-0.11180785015040458
13644,13644,-0.09040250595536478
13645,13645,-0.0563304252871772
13646,13646,-0.060030623439610103
13647,13647,-0.20485876950188764
13648,13648,-0.07423582476589709
13649,13649,-0.02364743216996921
13650,13650,-0.11860862469461875
13651,13651,-0.0932254363478805
13652,13652,-0.03517666957988788
13653,13653,-0.10279430809540616
13654,13654,-0.06535540537933077
13655,13655,-0.009650776953923254
13656,13656,-0.10700610093966355
13657,13657,-0.13332514565511386
13658,13658,-0.022556943424018993
13659,13659,-0.01674680443284062
13660,13660,-0.2720229871966174
13661,13661,-0.08601559855030481
13662,13662,-0.07305696985913204
13663,13663,-0.011474281181929778
13664,13664,-0.021563152587763836
13665,13665,-0.09291058591067465
13666,13666,-0.258040087040151
13667,13667,-0.11253547395895785
13668,13668,-0.086029197160092
13669,13669,-0.027413244534754935
13670,13670,-0.07289036410402093
13671,13671,-0.2565358150899557
13672,13672,-0.02416670110025276
13673,13673,-0.06357588898558872
13674,13674,-0.1930483897299456
13675,13675,-0.0792043514975148
13676,13676,-0.040680194201767064
13677,13677,-0.01813705282337287
13678,13678,-0.0056561953816028545
13679,13679,-0.10877167690706559
13680,13680,-0.019729325144140275
13681,13681,-0.08661770056030059
13682,13682,-0.007951165530235891
13683,13683,-0.015309701182729426
13684,13684,-0.06842381581633286
13685,13685,-0.005871235358669625
13686,13686,-0.18869672984274818
13687,13687,-0.09552257100022277
13688,13688,-0.10324992422838504
13689,13689,-0.2891607966430847
13690,13690,-0.06731555200731085
13691,13691,-0.14937997543535927
13692,13692,-0.031252599887385504
13693,13693,-0.11485395485557186
13694,13694,-0.01102346069518299
13695,13695,-0.0010048652805943023
13696,13696,-0.21406510366601658
13697,13697,-0.05605881755906705
13698,13698,-0.05140230283601403
13699,13699,-0.005914901513363791
13700,13700,-0.2540590565373748
13701,13701,-0.0048643836559086415
13702,13702,-0.02604339561926596
13703,13703,-0.014408252414514464
13704,13704,-0.05541870541790114
13705,13705,-0.022765408431337623
13706,13706,-0.0507657531975931
13707,13707,-0.06062212046432022
13708,13708,-0.08011320859040127
13709,13709,-0.09128124690751568
13710,13710,-0.21175808858688308
13711,13711,-0.15994745921246328
13712,13712,-0.023591790826838918
13713,13713,-0.04335375891291185
13714,13714,-0.06317928937211797
13715,13715,-0.06363792065425433
13716,13716,-0.043378725355728336
13717,13717,-0.1410188226123611
13718,13718,-0.1416722940674147
13719,13719,-0.12677517040081948
13720,13720,-0.013153966785083734
13721,13721,-0.03591235234361036
13722,13722,-0.026447024671910357
13723,13723,-0.015853029315922893
13724,13724,-0.17500553327805124
13725,13725,-0.006709236049072276
13726,13726,-0.012399940530987707
13727,13727,-0.09507715112503475
13728,13728,-0.054938616179179875
13729,13729,-0.10778716561127971
13730,13730,-0.03615701741874426
13731,13731,-0.17592762273818444
13732,13732,-0.10586949894245741
13733,13733,-0.06275666358544449
13734,13734,-0.20152085171534068
13735,13735,-0.1699966311396123
13736,13736,-0.11115592046848159
13737,13737,-0.0003329727044469869
13738,13738,-0.11053575823381684
13739,13739,-0.05768260091918759
13740,13740,-0.11368760821992174
13741,13741,-0.047086659286868164
13742,13742,-0.05069474141579549
13743,13743,-0.03572023824541855
13744,13744,-0.034916031544009817
13745,13745,-0.08794660831057315
13746,13746,-0.3639141190733078
13747,13747,-0.15448344342290413
13748,13748,-0.24789909984231753
13749,13749,-0.024299958734001006
13750,13750,-0.12424640319567314
13751,13751,-0.02181376506304503
13752,13752,-0.017399162234476094
13753,13753,-0.09187864086355825
13754,13754,-0.01747577795097745
13755,13755,-0.0176948296390242
13756,13756,-0.07947197367682865
13757,13757,-0.012558498208371738
13758,13758,-0.0007876346302200661
13759,13759,-0.22106566455248397
13760,13760,-0.08744927467631068
13761,13761,-0.04965233957894344
13762,13762,-0.0722709348087896
13763,13763,-0.01322186388629304
13764,13764,-0.0006775784992760694
13765,13765,-0.043387110118352674
13766,13766,-0.14413891929465525
13767,13767,-0.03318091753908907
13768,13768,-0.055062317668822844
13769,13769,-0.025367665531499068
13770,13770,-0.07896490994593702
13771,13771,-0.009030023752332153
13772,13772,-0.017916837015195232
13773,13773,-0.10177441754862716
13774,13774,-0.008409003689317638
13775,13775,-0.0515825154717654
13776,13776,-0.05472323365040031
13777,13777,-0.36458841756058924
13778,13778,-0.07560052886664545
13779,13779,-0.018467741012851313
13780,13780,-0.11617215621070112
13781,13781,-0.01713285000619446
13782,13782,-0.09400039110026102
13783,13783,-0.038158927669282756
13784,13784,-0.0032599933429176223
13785,13785,-0.11988427306872017
13786,13786,-0.27510100747355676
13787,13787,-0.10737502449812514
13788,13788,-0.12410596364017487
13789,13789,-0.014435038336420552
13790,13790,-0.001171811005169745
13791,13791,-0.05734139449643075
13792,13792,-0.1950961123270772
13793,13793,-0.02351273900432178
13794,13794,-0.07310955517705545
13795,13795,-0.11008357457721311
13796,13796,-0.2982276329915624
13797,13797,-0.0026746609719496524
13798,13798,-0.011516356846262106
13799,13799,-0.006863895702828101
13800,13800,-0.017245524871058626
13801,13801,-0.004945049016804901
13802,13802,-0.14194325379119205
13803,13803,-0.036340483097105934
13804,13804,-0.1727806760484144
13805,13805,-0.11204764730096806
13806,13806,-0.005950816872675927
13807,13807,-0.023610762132722868
13808,13808,-0.022814302943697667
13809,13809,-0.020500682386880277
13810,13810,-0.20336929106534962
13811,13811,-0.004256596887736829
13812,13812,-0.002202119162634768
13813,13813,-0.1309949814401693
13814,13814,-0.02668022650846968
13815,13815,-0.014918818286439772
13816,13816,-0.025206881886103455
13817,13817,-0.10002026365677917
13818,13818,-0.4473958336748599
13819,13819,-0.06904872153230834
13820,13820,-0.08500798064573135
13821,13821,-0.05249265395357137
13822,13822,-0.03206470967076255
13823,13823,-0.014629255345637977
13824,13824,-0.3204370842836302
13825,13825,-0.09616029457606332
13826,13826,-0.021305036326351348
13827,13827,-0.07426146549605997
13828,13828,-0.012099710996066703
13829,13829,-0.0007333016473431682
13830,13830,-0.028592962082878932
13831,13831,-0.012932290266903786
13832,13832,-0.09676314905725346
13833,13833,-0.34995848336344765
13834,13834,-0.1531559740596129
13835,13835,-0.04062419297887164
13836,13836,-0.019872407185737788
13837,13837,-0.07169422421583083
13838,13838,-0.22946415517615035
13839,13839,-0.13661269358452185
13840,13840,-0.14318944857302335
13841,13841,-0.00894095678255428
13842,13842,-0.4840559678473537
13843,13843,-0.009831092685547051
13844,13844,-0.018323929331399206
13845,13845,-0.27746695311386743
13846,13846,-0.029702983515592557
13847,13847,-0.01036880450444996
13848,13848,-0.020819000623031384
13849,13849,-0.20434321635375055
13850,13850,-0.11299884848006372
13851,13851,-0.01452897049267506
13852,13852,-0.23533358308041294
13853,13853,-0.04863624098166392
13854,13854,-0.1428565330630165
13855,13855,-0.07701691594205605
13856,13856,-0.22862205677612432
13857,13857,-0.026642265618169673
13858,13858,-0.04640149889299306
13859,13859,-0.15086448731937716
13860,13860,-0.3689148111004439
13861,13861,-0.11800125084397144
13862,13862,-0.051433301912099924
13863,13863,-0.04965604958393914
13864,13864,-0.01713116283678391
13865,13865,-0.10539807255851472
13866,13866,-0.028140944613708432
13867,13867,-0.14443390673501114
13868,13868,-0.10856777537056897
13869,13869,-0.3029420484802793
13870,13870,-0.004821930351644868
13871,13871,-0.17370994985120128
13872,13872,-0.13880381651752238
13873,13873,-0.030919573955399765
13874,13874,-0.05416423754673417
13875,13875,-0.06201487307278964
13876,13876,-0.08062693647672418
13877,13877,-0.1119228101250414
13878,13878,-0.022031055839466577
13879,13879,-0.007310998755717922
13880,13880,-0.006755866403073731
13881,13881,-0.1674503709869563
13882,13882,-0.24940336713378386
13883,13883,-0.05843047129362952
13884,13884,-0.006478491204187042
13885,13885,-0.14238808773671188
13886,13886,-0.11887265921459411
13887,13887,-0.20051555829614193
13888,13888,-0.06900626646029775
13889,13889,-0.06493903408100364
13890,13890,-0.013404206561124652
13891,13891,-0.10309424420615002
13892,13892,-0.05290965043644748
13893,13893,-0.020420296086098313
13894,13894,-0.3009691874352545
13895,13895,-0.10452300489047509
13896,13896,-0.03899720981651735
13897,13897,-0.1821892065136534
13898,13898,-0.03151884645256196
13899,13899,-0.008861709323489775
13900,13900,-0.05084812136708719
13901,13901,-0.45505346939338776
13902,13902,-0.02697788795083115
13903,13903,-0.24439691895356427
13904,13904,-0.02322740034286456
13905,13905,-0.1717532291597485
13906,13906,-0.18111459125381119
13907,13907,-0.09299614095025976
13908,13908,-0.25807906761911115
13909,13909,-0.08481603916938568
13910,13910,-0.2798847136186216
13911,13911,-0.006893945278692651
13912,13912,-0.04069610828381375
13913,13913,-0.07190063621206141
13914,13914,-0.00035818367500929166
13915,13915,-0.2554934621912937
13916,13916,-0.12210365427795834
13917,13917,-0.10256418691679982
13918,13918,-0.026047711524820244
13919,13919,-0.1065575193842116
13920,13920,-0.15290686955235053
13921,13921,-0.015449973933884621
13922,13922,-0.02810410309931509
13923,13923,-0.08851534328977612
13924,13924,-0.11457146889183772
13925,13925,-0.00912934177354899
13926,13926,-0.005981542146695868
13927,13927,-0.2846438773805561
13928,13928,-0.19648986908282998
13929,13929,-0.0535206765351727
13930,13930,-0.026508191453516426
13931,13931,-0.14385462570768268
13932,13932,-0.09360937084575766
13933,13933,-0.05246191895872318
13934,13934,-0.06885291904581538
13935,13935,-0.19557212939321444
13936,13936,-0.03612356359851239
13937,13937,-0.07598216922485768
13938,13938,-0.01744739353307773
13939,13939,-0.1609034894814824
13940,13940,-0.10068647904504623
13941,13941,-0.015312895974311607
13942,13942,-0.1572007899183794
13943,13943,-0.0645204202246077
13944,13944,-0.09029712039218203
13945,13945,-0.04348990189602149
13946,13946,-0.08875595267479586
13947,13947,-0.07607836797832473
13948,13948,-0.09840470870346771
13949,13949,-0.08783037510222624
13950,13950,-0.005935543216949238
13951,13951,-0.04223642991473403
13952,13952,-0.1581833250595614
13953,13953,-0.07345402807317254
13954,13954,-0.0175464932472683
13955,13955,-0.13721351897566586
13956,13956,-0.0383361615419
13957,13957,-0.10446185747752064
13958,13958,-0.07932297439232977
13959,13959,-0.05162476215401198
13960,13960,-0.0069517224356638
13961,13961,-0.2014794692781277
13962,13962,-0.038467593664710614
13963,13963,-0.022583630165629098
13964,13964,-0.09531027017992576
13965,13965,-0.14747101417041694
13966,13966,-0.0010768337167373755
13967,13967,-0.15668154311843152
13968,13968,-0.003090636018048519
13969,13969,-0.012374565891735663
13970,13970,-0.15641001949200417
13971,13971,-0.03872181036884488
13972,13972,-0.06160652429748849
13973,13973,-0.053113975413890804
13974,13974,-0.0445174545982596
13975,13975,-0.05405508042759758
13976,13976,-0.10575562507957398
13977,13977,-0.023352486955560258
13978,13978,-0.03686344476942602
13979,13979,-0.07431646031306167
13980,13980,-0.13410045514471447
13981,13981,-0.0275144372560222
13982,13982,-0.056721598375499054
13983,13983,-0.040483720573034
13984,13984,-0.01690340387297978
13985,13985,-0.13800959966675114
13986,13986,-0.024173493949146724
13987,13987,-0.045144266831286375
13988,13988,-0.25221958635224956
13989,13989,-0.08314424503155635
13990,13990,-0.005418616181542474
13991,13991,-0.0887762790349012
13992,13992,-0.16027754060621288
13993,13993,-0.10014235909829347
13994,13994,-0.010024802937654386
13995,13995,-0.022611444546765416
13996,13996,-0.20689953900252794
13997,13997,-0.23953578435982165
13998,13998,-0.15329954337661422
13999,13999,-0.08182994476143396
14000,14000,-0.0523106445076227
14001,14001,-0.03330808680027628
14002,14002,-0.09369821002311289
14003,14003,-0.07106240914912947
14004,14004,-0.14454517359546493
14005,14005,-0.01812387179299459
14006,14006,-0.02664406477078957
14007,14007,-0.26673253184156537
14008,14008,-0.02378252889032686
14009,14009,-0.21810276752595617
14010,14010,-0.019260868518067582
14011,14011,-0.13347361931091561
14012,14012,-0.10558331315715193
14013,14013,-0.13857037688906745
14014,14014,-0.031443143970241706
14015,14015,-0.02547141741964278
14016,14016,-0.04419657495437594
14017,14017,-0.007838548377104213
14018,14018,-0.006802300394904573
14019,14019,-0.18546659143198607
14020,14020,-0.13979175793553839
14021,14021,-0.12492993016001158
14022,14022,-0.04484863952112185
14023,14023,-0.014045826239004605
14024,14024,-0.012546613404532987
14025,14025,-0.0008637592197800132
14026,14026,-0.007133375865957448
14027,14027,-0.16789533406651613
14028,14028,-0.05027758275913234
14029,14029,-0.06955009024530825
14030,14030,-0.06956278665257644
14031,14031,-0.028472459925461515
14032,14032,-0.21015216582796425
14033,14033,-0.01081895130279494
14034,14034,-0.04905675825284952
14035,14035,-0.071703753333886
14036,14036,-0.00015912925283669487
14037,14037,-0.22833892258422073
14038,14038,-0.028669076770605394
14039,14039,-0.010863991638689932
14040,14040,-0.01949955927454331
14041,14041,-0.09757805782584458
14042,14042,-0.07291450678679738
14043,14043,-0.030791729892810715
14044,14044,-0.08468311755779945
14045,14045,-0.009173563151130267
14046,14046,-0.12609296413644366
14047,14047,-0.31636297978587846
14048,14048,-0.002778090785519137
14049,14049,-0.22959646179381155
14050,14050,-0.022590686773723605
14051,14051,-0.05899098799641822
14052,14052,-0.009338412290037868
14053,14053,-0.12458559470703441
14054,14054,-0.1368028698071344
14055,14055,-0.09018577229827744
14056,14056,-0.09922174132439639
14057,14057,-0.186313840961568
14058,14058,-0.062282888769501124
14059,14059,-0.0891133944827886
14060,14060,-0.03261894972042721
14061,14061,-0.15271367711051312
14062,14062,-0.0312501695242108
14063,14063,-0.003926647387734418
14064,14064,-0.06598535827785992
14065,14065,-0.07919059363056484
14066,14066,-0.03380697250766903
14067,14067,-0.02342193094672349
14068,14068,-0.014145033166888803
14069,14069,-0.058389049737028256
14070,14070,-0.025906373539643937
14071,14071,-0.28499638012816436
14072,14072,-0.16472797343261605
14073,14073,-0.0039030651873064653
14074,14074,-0.004995678439173275
14075,14075,-0.04207489728681741
14076,14076,-0.014539302168163322
14077,14077,-0.1374968240403521
14078,14078,-0.030671085215567842
14079,14079,-0.048304404011816564
14080,14080,-0.02261397751146377
14081,14081,-0.057422900631599036
14082,14082,-0.12527760129162926
14083,14083,-0.11170502439746277
14084,14084,-0.011494682542944723
14085,14085,-0.13379704814509746
14086,14086,-0.03331259122367736
14087,14087,-0.23614060849535978
14088,14088,-0.10036198789820452
14089,14089,-0.05936910234611641
14090,14090,-0.012581496543313853
14091,14091,-0.2477086700233504
14092,14092,-0.00310997882362135
14093,14093,-0.1951645449695383
14094,14094,-0.02244366225014446
14095,14095,-0.21395538417535978
14096,14096,-0.06247578455143842
14097,14097,-0.1270617582386696
14098,14098,-0.08900522586410486
14099,14099,-0.11095552002479024
14100,14100,-0.11784056593198639
14101,14101,-0.08579426164889625
14102,14102,-0.043337982406248005
14103,14103,-0.0933010037773506
14104,14104,-0.03574886597348295
14105,14105,-0.09497509276725478
14106,14106,-0.13630786217764695
14107,14107,-0.08362597110129497
14108,14108,-0.11600613602173371
14109,14109,-0.32345708508668036
14110,14110,-0.1507653645908304
14111,14111,-0.06896324364754884
14112,14112,-0.02189234100486415
14113,14113,-0.033073133631928694
14114,14114,-0.2260602871613421
14115,14115,-0.06993767739036709
14116,14116,-0.0980591106129192
14117,14117,-0.03754063600845826
14118,14118,-0.13647962307291753
14119,14119,-0.10362464113096709
14120,14120,-0.24492949414778545
14121,14121,-0.06844628788538537
14122,14122,-0.0647199088146589
14123,14123,-0.20933311059067497
14124,14124,-0.0006238473107066415
14125,14125,-0.010473912109251292
14126,14126,-0.3075624944236539
14127,14127,-0.10896025085283877
14128,14128,-0.05016478338936313
14129,14129,-0.0848335282367001
14130,14130,-0.01796058779939365
14131,14131,-0.005929295720967812
14132,14132,-0.0510640872929171
14133,14133,-0.09506064292864605
14134,14134,-0.149294732068116
14135,14135,-0.0034544724914842223
14136,14136,-0.03848066724083654
14137,14137,-0.010083340340710106
14138,14138,-0.04391634940695838
14139,14139,-0.024898639860704105
14140,14140,-0.2587004754679966
14141,14141,-0.14838838866846638
14142,14142,-0.02273142045832181
14143,14143,-0.07327157398639961
14144,14144,-0.02080536963181722
14145,14145,-0.027936870743549405
14146,14146,-0.036307300859821874
14147,14147,-0.008030787188762288
14148,14148,-0.03248372986010178
14149,14149,-0.008577072189091199
14150,14150,-0.08851097452217144
14151,14151,-0.006237596237951382
14152,14152,-0.0393400735208557
14153,14153,-0.31795039519522705
14154,14154,-0.16464100225051415
14155,14155,-0.05420386698214732
14156,14156,-0.006753169669333599
14157,14157,-0.07597514515609066
14158,14158,-0.1254015894471368
14159,14159,-0.018737368251135356
14160,14160,-0.0781048632411788
14161,14161,-0.23924109659648035
14162,14162,-0.37542254949710435
14163,14163,-0.04528555979764396
14164,14164,-0.01525893235807998
14165,14165,-0.21843407317095762
14166,14166,-0.05114094592607887
14167,14167,-0.02265058586144396
14168,14168,-0.15039900516773255
14169,14169,-0.029253087721937132
14170,14170,-0.24935213041963789
14171,14171,-0.049791182249009074
14172,14172,-0.06518518655966367
14173,14173,-0.04665426368345252
14174,14174,-0.020906023360693454
14175,14175,-0.06319213029693192
14176,14176,-0.004837360180339389
14177,14177,-0.06174012140634524
14178,14178,-0.017396229079864236
14179,14179,-0.13854924613023908
14180,14180,-0.002707155669813204
14181,14181,-0.24613306233129853
14182,14182,-0.18997016438278388
14183,14183,-0.004419280672145805
14184,14184,-0.005119990631701359
14185,14185,-0.18327660668588416
14186,14186,-0.15214326809269985
14187,14187,-0.0010012695023110636
14188,14188,-0.039950972841438774
14189,14189,-0.014675705039739653
14190,14190,-0.023535292620143745
14191,14191,-0.0022577158296691402
14192,14192,-0.15922093753171268
14193,14193,-0.12230051985649869
14194,14194,-0.060738466497037555
14195,14195,-0.015821645945938545
14196,14196,-0.005447576721926414
14197,14197,-0.03887026892591147
14198,14198,-0.10964162380014406
14199,14199,-0.09404407813137637
14200,14200,-0.07477515663617976
14201,14201,-0.02898468981536835
14202,14202,-0.09676251767070507
14203,14203,-0.1468274809440208
14204,14204,-0.07868630435581916
14205,14205,-0.165427318412266
14206,14206,-0.17481746863535272
14207,14207,-0.1287611794423451
14208,14208,-0.01271314817901416
14209,14209,-0.09080705282922708
14210,14210,-0.010223610023682845
14211,14211,-0.4201471755417466
14212,14212,-0.11180988684250472
14213,14213,-0.49347234843407567
14214,14214,-0.09212819264568546
14215,14215,-0.033320908742961855
14216,14216,-0.5135733218107446
14217,14217,-0.38742704671598366
14218,14218,-0.083790992644617
14219,14219,-0.012021832343535793
14220,14220,-0.10616716317503529
14221,14221,-0.03615056461004762
14222,14222,-0.11883801188271798
14223,14223,-0.04473506951400065
14224,14224,-0.344363585170576
14225,14225,-0.08778612196780931
14226,14226,-0.11622514774472621
14227,14227,-0.056101467304484266
14228,14228,-0.03076266442261714
14229,14229,-0.04748162081231359
14230,14230,-0.07251195058153685
14231,14231,-0.1640107345480522
14232,14232,-0.013226494793342756
14233,14233,-0.21820690049140912
14234,14234,-0.057681797331419093
14235,14235,-0.001691694902417433
14236,14236,-0.16824931883105168
14237,14237,-0.020946359499296824
14238,14238,-0.23497829620452607
14239,14239,-0.10193056752636127
14240,14240,-0.023109875982995836
14241,14241,-0.093820036304125
14242,14242,-0.4030001610251851
14243,14243,-0.003817942232687674
14244,14244,-0.04217954922402776
14245,14245,-0.065790149097214
14246,14246,-0.2816368931543309
14247,14247,-0.029288402221004546
14248,14248,-0.32891927992029824
14249,14249,-0.0014526522323892335
14250,14250,-0.029406342583381324
14251,14251,-0.010629886011874779
14252,14252,-0.03249949745472611
14253,14253,-0.03290753557767171
14254,14254,-0.011693580036195812
14255,14255,-0.21755275392936918
14256,14256,-0.21506946485729783
14257,14257,-0.23050593658233298
14258,14258,-0.18854968408023245
14259,14259,-0.003679043877763909
14260,14260,-0.11014672279499164
14261,14261,-0.04140195160672923
14262,14262,-0.03548466809664234
14263,14263,-0.1785453261284908
14264,14264,-0.07252555206862167
14265,14265,-0.10429951513775322
14266,14266,-0.008989007994413874
14267,14267,-0.2554518688466287
14268,14268,-0.06848639368765816
14269,14269,-0.01862507751169866
14270,14270,-0.12940368442469438
14271,14271,-0.18368670867442843
14272,14272,-0.09600690446391222
14273,14273,-0.23416163632212658
14274,14274,-0.16532596086697227
14275,14275,-0.0239499397577063
14276,14276,-0.18465255032536898
14277,14277,-0.09675091054682931
14278,14278,-0.012051093083606476
14279,14279,-0.09659064559903095
14280,14280,-0.06375424333689608
14281,14281,-0.024824757719445742
14282,14282,-0.05997790039594709
14283,14283,-0.003995214611404536
14284,14284,-0.036013697756555496
14285,14285,-0.12067383285222595
14286,14286,-0.024576956599816575
14287,14287,-0.06664723896902129
14288,14288,-0.22396152815707204
14289,14289,-0.11744503903158907
14290,14290,-0.05014097362261336
14291,14291,-0.07742124358857062
14292,14292,-0.1688920376187708
14293,14293,-0.02307780839401403
14294,14294,-0.012773648338622781
14295,14295,-0.06104420053322168
14296,14296,-0.14620046806777434
14297,14297,-0.03737485865858965
14298,14298,-0.006473218366276273
14299,14299,-0.01394382646503385
14300,14300,-0.310562528715193
14301,14301,-0.28793909422021613
14302,14302,-0.058615980150642816
14303,14303,-0.10329928335517585
14304,14304,-0.14603972668942025
14305,14305,-0.05441648891687744
14306,14306,-0.02686109164403422
14307,14307,-0.03555498455535984
14308,14308,-0.015855510124382154
14309,14309,-0.01960166079437196
14310,14310,-0.005156068779344031
14311,14311,-0.03195227493153958
14312,14312,-0.037786101848504595
14313,14313,-0.00546072559060617
14314,14314,-0.00682456000055796
14315,14315,-0.058762045304355325
14316,14316,-0.04774307709968022
14317,14317,-0.013308833530980583
14318,14318,-0.07378021941226479
14319,14319,-0.010663395529154053
14320,14320,-0.437811342198646
14321,14321,-0.05813571495632761
14322,14322,-0.018185194400324678
14323,14323,-0.18050487154460895
14324,14324,-0.11379103015199932
14325,14325,-0.07338572772683748
14326,14326,-0.164312134842312
14327,14327,-0.06335083293797673
14328,14328,-0.0348859641414215
14329,14329,-0.1942233827209815
14330,14330,-0.05607404085968497
14331,14331,-0.009678610771671344
14332,14332,-0.13545529331724152
14333,14333,-0.16343172993710964
14334,14334,-0.0408789189175142
14335,14335,-0.17895682400293483
14336,14336,-0.01850886632307797
14337,14337,-0.011023025080369512
14338,14338,-0.1568034632514962
14339,14339,-0.08712772438340959
14340,14340,-0.019153200662131664
14341,14341,-0.04693630236750028
14342,14342,-0.06163623658199163
14343,14343,-0.23930942859925292
14344,14344,-0.14281832049264293
14345,14345,-0.04492679724743417
14346,14346,-0.2304326958711962
14347,14347,-0.07165894531072761
14348,14348,-0.15439105244950707
14349,14349,-0.05423981601605049
14350,14350,-0.029357642615904792
14351,14351,-0.13416491810087824
14352,14352,-0.3133816253979042
14353,14353,-0.058780335447383446
14354,14354,-0.03515012106602872
14355,14355,-0.09175608929970748
14356,14356,-0.0024882244977994616
14357,14357,-0.024266813470704918
14358,14358,-0.0159233358504648
14359,14359,-0.09965236516964347
14360,14360,-0.08127705083514372
14361,14361,-0.29901850651017603
14362,14362,-0.14376372648089228
14363,14363,-0.0412991443441282
14364,14364,-0.015382881291142333
14365,14365,-0.16611808141445505
14366,14366,-0.34166874450487444
14367,14367,-0.19868490242635778
14368,14368,-0.05221979015147843
14369,14369,-0.1569057207598047
14370,14370,-0.09742678961790058
14371,14371,-0.03498514029298269
14372,14372,-0.012836934649697125
14373,14373,-0.08098136326881977
14374,14374,-0.10252659189041156
14375,14375,-0.05626920792502356
14376,14376,-0.17687828640217623
14377,14377,-0.04691999519925621
14378,14378,-0.17315244445794914
14379,14379,-0.08604954349700855
14380,14380,-0.003419457467965554
14381,14381,-0.18008524243385549
14382,14382,-0.19237186514762383
14383,14383,-0.13560426931248173
14384,14384,-0.12927209915924734
14385,14385,-0.1455680467205701
14386,14386,-0.19199180367714477
14387,14387,-0.023006860055139897
14388,14388,-0.1205383314765935
14389,14389,-0.0011827291523270446
14390,14390,-0.05264184580511412
14391,14391,-0.010279366402693923
14392,14392,-0.026676362184692808
14393,14393,-0.061512972905053434
14394,14394,-0.167171572385018
14395,14395,-0.05240216411723758
14396,14396,-0.08579204532492653
14397,14397,-0.0021289131981380876
14398,14398,-0.1759921191175531
14399,14399,-0.19532596455306564
14400,14400,-0.11018875831847766
14401,14401,-0.11391289674922397
14402,14402,-0.01671052100733709
14403,14403,-0.1058885652399844
14404,14404,-0.07203949379032996
14405,14405,-0.12675306152918087
14406,14406,-0.001405186802673422
14407,14407,-0.15128707985946463
14408,14408,-0.06507611637722625
14409,14409,-0.10738084184618511
14410,14410,-0.10954083509599556
14411,14411,-0.14415988475052693
14412,14412,-0.031194188375281193
14413,14413,-0.07284435150831478
14414,14414,-0.01773356470125681
14415,14415,-0.3046140929650852
14416,14416,-0.06842667808761074
14417,14417,-0.30331924210242045
14418,14418,-0.01866735863381598
14419,14419,-0.026876987653012527
14420,14420,-0.058644777196240866
14421,14421,-0.04194460613086311
14422,14422,-0.030176984253961373
14423,14423,-0.17770897150425907
14424,14424,-0.11673983979188461
14425,14425,-0.04452339441841465
14426,14426,-0.03481548328032952
14427,14427,-0.0634883243293249
14428,14428,-0.22458155867262464
14429,14429,-0.22078071021557644
14430,14430,-0.025558399807205937
14431,14431,-0.058127300103062114
14432,14432,-0.004001419044104506
14433,14433,-0.06754909565059146
14434,14434,-0.32693971289695384
14435,14435,-0.1505602967503093
14436,14436,-0.1028186764125183
14437,14437,-0.02222450037758121
14438,14438,-0.11946148407102872
14439,14439,-0.06761074797308084
14440,14440,-0.01442843838808293
14441,14441,-0.07342788935482016
14442,14442,-0.024901177765955122
14443,14443,-0.24693111736412596
14444,14444,-0.30406613035503466
14445,14445,-0.18021819817623075
14446,14446,-0.10686621441389513
14447,14447,-0.13733891287890576
14448,14448,-0.007905482053715225
14449,14449,-0.028456426607055663
14450,14450,-0.056660877053561674
14451,14451,-0.29108083017574055
14452,14452,-0.04501059192519088
14453,14453,-0.11490371015467091
14454,14454,-0.013655981723318368
14455,14455,-0.11696385457158377
14456,14456,-0.41019196759546067
14457,14457,-0.03910395237710183
14458,14458,-0.004712274682021187
14459,14459,-0.06059990995695394
14460,14460,-0.026492388563439613
14461,14461,-0.06800499320233779
14462,14462,-0.0137580343519512
14463,14463,-0.009774375199796367
14464,14464,-0.10874797275591344
14465,14465,-0.16133229153908307
14466,14466,-0.041987330965240974
14467,14467,-0.0507766279445055
14468,14468,-0.07610732076786018
14469,14469,-0.3340853453158925
14470,14470,-0.15889696409509643
14471,14471,-0.04433826571680744
14472,14472,-0.20540443156451754
14473,14473,-0.01992564771241397
14474,14474,-0.0791381966152874
14475,14475,-0.1194801401450047
14476,14476,-0.1966035437280262
14477,14477,-0.014834370165277336
14478,14478,-0.1663796048713999
14479,14479,-0.0821265021157243
14480,14480,-0.05018212277289398
14481,14481,-0.09165652767360717
14482,14482,-0.16192387276192088
14483,14483,-0.306509500359073
14484,14484,-0.17701488496588286
14485,14485,-0.0028090382126565836
14486,14486,-0.06129372391489147
14487,14487,-0.21124026327889445
14488,14488,-0.04543382621394575
14489,14489,-0.034068375989762305
14490,14490,-0.11760642842367452
14491,14491,-0.031791834130991924
14492,14492,-0.12749246418315002
14493,14493,-0.06609719066188717
14494,14494,-0.02141013746152321
14495,14495,-0.05452193090336864
14496,14496,-0.10560880128687114
14497,14497,-0.10372828942263994
14498,14498,-0.00815180415087395
14499,14499,-0.148682880144193
14500,14500,-0.08306064476950828
14501,14501,-0.0200172195972043
14502,14502,-0.07856255250347802
14503,14503,-0.15125326619934135
14504,14504,-0.20217776938559776
14505,14505,-0.00011176925719714797
14506,14506,-0.002890641401426123
14507,14507,-0.014264142748935903
14508,14508,-0.26160465492209883
14509,14509,-0.07276238606510976
14510,14510,-0.040845424802609914
14511,14511,-0.028398810808389078
14512,14512,-0.032494577114589515
14513,14513,-0.24669061349539986
14514,14514,-0.008001840976125559
14515,14515,-0.34752092870439644
14516,14516,-0.08748268775552791
14517,14517,-0.021664906372704285
14518,14518,-0.0034803375064996617
14519,14519,-0.03205375779026869
14520,14520,-0.16642730842956624
14521,14521,-0.16609174829749787
14522,14522,-0.05891945942974331
14523,14523,-0.32242126544946575
14524,14524,-0.020904714895497858
14525,14525,-0.031959341414851225
14526,14526,-0.009364889334385102
14527,14527,-0.025704657292832122
14528,14528,-0.2841305516072387
14529,14529,-0.21004605530017567
14530,14530,-0.10357125084834197
14531,14531,-0.07679682797216227
14532,14532,-0.15560202037360416
14533,14533,-0.013123578595332117
14534,14534,-0.014679122150254246
14535,14535,-0.10234559418631947
14536,14536,-0.06279615581271414
14537,14537,-0.16558274736473685
14538,14538,-0.0200513629914984
14539,14539,-0.0688807379739015
14540,14540,-0.01104937230954597
14541,14541,-0.1468061813293199
14542,14542,-0.16627657212548935
14543,14543,-0.08986826608962012
14544,14544,-0.050035133089633504
14545,14545,-0.03620963458231009
14546,14546,-0.16595935118581095
14547,14547,-0.203397945243848
14548,14548,-0.43902345596053577
14549,14549,-0.14078114803242492
14550,14550,-0.007454287065459704
14551,14551,-0.003742595409387613
14552,14552,-0.08662196171588395
14553,14553,-0.02810285898684914
14554,14554,-0.17550401379471214
14555,14555,-0.019593494032290708
14556,14556,-0.05239996294016331
14557,14557,-0.0218578911643668
14558,14558,-0.014110380229496452
14559,14559,-0.07401351171540055
14560,14560,-0.1183680866306874
14561,14561,-0.03480129147666973
14562,14562,-0.037979182596934224
14563,14563,-0.04357343290360505
14564,14564,-0.21896712242671748
14565,14565,-0.0003136164657811456
14566,14566,-0.35505495178090096
14567,14567,-0.12006419451175056
14568,14568,-0.04958040633391417
14569,14569,-0.09753343334770985
14570,14570,-0.16922919842463777
14571,14571,-0.017165409134346242
14572,14572,-0.03735147101737048
14573,14573,-0.10346473679645776
14574,14574,-0.26419791452644936
14575,14575,-0.10513779813888602
14576,14576,-0.08963588536781211
14577,14577,-0.04622434404438324
14578,14578,-0.044341178215891314
14579,14579,-0.004605075428764037
14580,14580,-0.07332257756861894
14581,14581,-0.05808013258503029
14582,14582,-0.14163702044063767
14583,14583,-0.01012528282550417
14584,14584,-0.012781064016927045
14585,14585,-0.004573069067552189
14586,14586,-0.1764970318413722
14587,14587,-0.016369890152726885
14588,14588,-0.16945282892089492
14589,14589,-0.10388824842346307
14590,14590,-0.01296986574526349
14591,14591,-0.027799357726785854
14592,14592,-0.0004897251846346728
14593,14593,-0.01562292897893196
14594,14594,-0.03436849637382291
14595,14595,-0.019859075496230463
14596,14596,-0.11921901029892736
14597,14597,-0.014115585299720318
14598,14598,-0.012196223968251086
14599,14599,-0.14641125165939287
14600,14600,-0.05519019591834246
14601,14601,-0.08525406963760897
14602,14602,-0.0383788359675499
14603,14603,-0.07281766858768009
14604,14604,-0.05678019245580801
14605,14605,-0.05323439168248784
14606,14606,-0.051552774964068265
14607,14607,-0.028966871839311105
14608,14608,-0.10470742183553114
14609,14609,-0.03272197833129041
14610,14610,-0.009015263108303594
14611,14611,-0.10826141762853426
14612,14612,-0.0805304484146944
14613,14613,-0.08178067780921211
14614,14614,-0.0031103445678574058
14615,14615,-0.12351781713760075
14616,14616,-0.027237760788683275
14617,14617,-0.19320871235793008
14618,14618,-0.06120389027208171
14619,14619,-0.10439006428755336
14620,14620,-0.022077038162162076
14621,14621,-0.12652108624547218
14622,14622,-0.06182776368677766
14623,14623,-0.13914316938168422
14624,14624,-0.1837087073955641
14625,14625,-0.016443955727850654
14626,14626,-0.04759570962744684
14627,14627,-0.00838952151833951
14628,14628,-0.03705484975892424
14629,14629,-0.028294465339133733
14630,14630,-0.0058441771622809915
14631,14631,-0.27648054548452383
14632,14632,-0.10237907872343029
14633,14633,-0.04874871247205736
14634,14634,-0.01944210285512454
14635,14635,-0.20097789681126474
14636,14636,-0.04413834692534258
14637,14637,-0.06886732735647183
14638,14638,-0.04952989046941504
14639,14639,-0.07821652985934012
14640,14640,-0.040287574083615545
14641,14641,-0.03268236715919138
14642,14642,-0.024897303902997103
14643,14643,-0.18067288810073381
14644,14644,-0.07762807753667827
14645,14645,-0.017401541266874546
14646,14646,-0.057662500533429015
14647,14647,-0.07468251866372944
14648,14648,-0.035467714119664775
14649,14649,-0.08252283029883886
14650,14650,-0.028470173974619536
14651,14651,-0.045281233582454554
14652,14652,-0.01521341932666689
14653,14653,-0.205127943464971
14654,14654,-0.043462313181026474
14655,14655,-0.03631955357247936
14656,14656,-0.054685783978735525
14657,14657,-0.019374175114792287
14658,14658,-0.07253674942412626
14659,14659,-0.00850846407245914
14660,14660,-0.19637755037280635
14661,14661,-0.0016922388291303234
14662,14662,-0.1851617312943857
14663,14663,-0.05451060531848686
14664,14664,-0.17835674500059062
14665,14665,-0.054376673239863095
14666,14666,-0.028723947319655878
14667,14667,-0.06832115623185381
14668,14668,-0.006505507108765863
14669,14669,-0.04257834513010636
14670,14670,-0.08303148125595713
14671,14671,-0.0800301607747608
14672,14672,-0.004579057301437507
14673,14673,-0.05091384082107245
14674,14674,-0.08850614013950997
14675,14675,-0.21419633726492793
14676,14676,-0.03345643361200118
14677,14677,-0.08563470705973054
14678,14678,-0.048956824240564585
14679,14679,-0.15526554294041622
14680,14680,-0.016265534664186548
14681,14681,-0.0659954276817628
14682,14682,-0.14046339658952958
14683,14683,-0.00153757479736312
14684,14684,-0.04933555452976525
14685,14685,-0.028206005536381428
14686,14686,-0.1299905787865123
14687,14687,-0.07980891805275324
14688,14688,-0.11122955641441912
14689,14689,-0.009820080139988627
14690,14690,-0.18362920758713325
14691,14691,-0.09187979478291788
14692,14692,-0.027203055151612233
14693,14693,-0.09564214397128477
14694,14694,-0.06142008193341547
14695,14695,-0.04874941858169379
14696,14696,-0.053103743728626335
14697,14697,-0.24467365528109894
14698,14698,-0.02194788038265596
14699,14699,-0.09252033441297154
14700,14700,-0.01346157675171807
14701,14701,-0.14089958254482565
14702,14702,-0.06678220677334404
14703,14703,-0.030365682521533023
14704,14704,-0.0016163844502310248
14705,14705,-0.07878006743640639
14706,14706,-0.017120755510881998
14707,14707,-0.017929340077940337
14708,14708,-0.3745937899154866
14709,14709,-0.0359985063090823
14710,14710,-0.28843880121344195
14711,14711,-0.011646525643131837
14712,14712,-0.08637047207556788
14713,14713,-0.12682644120084824
14714,14714,-0.01670453986510865
14715,14715,-0.03954723701055033
14716,14716,-0.012315914690433062
14717,14717,-0.5056515628246743
14718,14718,-0.0026392136419747777
14719,14719,-0.08849127628218752
14720,14720,-0.0713839800030854
14721,14721,-0.17411333404986495
14722,14722,-0.03697251159227278
14723,14723,-0.1277272493095507
14724,14724,-0.08782246269963051
14725,14725,-0.3687196640847453
14726,14726,-0.15157073246342187
14727,14727,-0.016073501219223567
14728,14728,-0.13319384019472819
14729,14729,-0.005582660872824704
14730,14730,-0.14011684388539844
14731,14731,-0.06026116898610902
14732,14732,-0.2905280261952804
14733,14733,-0.11373032685577428
14734,14734,-0.08175774767204103
14735,14735,-0.046882367731089364
14736,14736,-0.3298696901825443
14737,14737,-0.07095977803721
14738,14738,-0.1514574117985621
14739,14739,-0.017700933551294606
14740,14740,-0.09312332784271547
14741,14741,-0.46269627314396533
14742,14742,-0.004006237364837434
14743,14743,-0.17085994263240523
14744,14744,-0.31341844798823515
14745,14745,-0.03190038655783313
14746,14746,-0.007350695814627694
14747,14747,-0.022641292273772817
14748,14748,-0.042107464084333635
14749,14749,-0.10046671251395063
14750,14750,-0.028782156634126192
14751,14751,-0.1429434832489866
14752,14752,-0.025034769400093852
14753,14753,-0.15866227882708295
14754,14754,-0.1841644103276303
14755,14755,-0.1407566889380205
14756,14756,-0.04864596991055942
14757,14757,-0.033923137163998376
14758,14758,-0.021798586082854128
14759,14759,-0.054157065455215224
14760,14760,-0.17917292122687206
14761,14761,-0.1469995262812987
14762,14762,-0.03785928967805207
14763,14763,-0.04033191683795985
14764,14764,-0.008781760981786011
14765,14765,-0.007181835336693742
14766,14766,-0.08103720538239834
14767,14767,-0.05601396427729446
14768,14768,-0.07511714474259187
14769,14769,-0.09588283654386386
14770,14770,-0.16693393931020095
14771,14771,-0.054103315325663266
14772,14772,-0.10832802625069518
14773,14773,-0.36144735395128647
14774,14774,-0.030936294982109647
14775,14775,-0.04714570646945712
14776,14776,-0.301431716625822
14777,14777,-0.14398219391261732
14778,14778,-0.004780824828815816
14779,14779,-0.3407385476887589
14780,14780,-0.07830298894835905
14781,14781,-0.1916404558802928
14782,14782,-0.062176333099292755
14783,14783,-0.020192528061407936
14784,14784,-0.14166564293183928
14785,14785,-0.23514427519621584
14786,14786,-0.02720055252742103
14787,14787,-0.15914573246817315
14788,14788,-0.06642954660823053
14789,14789,-0.049600521751267446
14790,14790,-0.07561344686975262
14791,14791,-0.07094214884667158
14792,14792,-0.034226261423718415
14793,14793,-0.028914942593610105
14794,14794,-0.0415991695665847
14795,14795,-0.28012625014879783
14796,14796,-0.006986680083865053
14797,14797,-0.04117854176054145
14798,14798,-0.02746687003329376
14799,14799,-0.17459636378863813
14800,14800,-0.2573719065762723
14801,14801,-0.09365120001984233
14802,14802,-0.12110037357921052
14803,14803,-0.016012709405986342
14804,14804,-0.19034182231724492
14805,14805,-0.05398657268045401
14806,14806,-0.041838693462575655
14807,14807,-0.007079344768629274
14808,14808,-0.10061869764566214
14809,14809,-0.07268673905164622
14810,14810,-0.01409444143168502
14811,14811,-0.12542898341135036
14812,14812,-0.0029065773614512444
14813,14813,-0.03357040548794328
14814,14814,-0.0919126673443752
14815,14815,-0.08620724881779726
14816,14816,-0.019504850529101107
14817,14817,-0.19881810386986798
14818,14818,-0.010695899309500522
14819,14819,-0.21396652138002836
14820,14820,-0.060708759703697435
14821,14821,-0.03180099592144255
14822,14822,-0.11562553355485458
14823,14823,-0.02359409950890906
14824,14824,-0.490355449835739
14825,14825,-0.09200594094608927
14826,14826,-0.24525254657969567
14827,14827,-0.012894415174159854
14828,14828,-0.08245218050872478
14829,14829,-0.00863991956914338
14830,14830,-0.010678501077508982
14831,14831,-0.12436936831712558
14832,14832,-0.03605308100628336
14833,14833,-0.04150543304295687
14834,14834,-0.022087228646061212
14835,14835,-0.1183632227314508
14836,14836,-0.1292988477468401
14837,14837,-0.004301079195339763
14838,14838,-0.053774720080297746
14839,14839,-0.034648469624360134
14840,14840,-0.03153714791464517
14841,14841,-0.06487410635866757
14842,14842,-0.07884495240124517
14843,14843,-0.05634968362498698
14844,14844,-0.02813943088947933
14845,14845,-0.08115494552537345
14846,14846,-0.0011464455651903562
14847,14847,-0.07240853568131096
14848,14848,-0.029542021744878716
14849,14849,-0.06149297925446517
14850,14850,-0.06966851689719615
14851,14851,-0.004085115815591701
14852,14852,-0.2230141852142587
14853,14853,-0.01554625785815554
14854,14854,-0.00658588990921799
14855,14855,-0.2681704655635055
14856,14856,-0.2638470064647392
14857,14857,-0.05822316739571152
14858,14858,-0.14335135323112985
14859,14859,-0.0019356782967290776
14860,14860,-0.08359956447827263
14861,14861,-0.08686784073797356
14862,14862,-0.027451341505903743
14863,14863,-0.16388225115502483
14864,14864,-0.17447831447640558
14865,14865,-0.01186111888936288
14866,14866,-0.16235807233153782
14867,14867,-0.0014756924294227714
14868,14868,-0.3408476055129598
14869,14869,-0.025919430063227743
14870,14870,-0.07373468151770418
14871,14871,-0.20451945797670956
14872,14872,-0.23088212682589562
14873,14873,-0.058024920084350076
14874,14874,-0.05962747030214084
14875,14875,-0.002023787646593634
14876,14876,-0.20043547678405063
14877,14877,-0.03557239041284226
14878,14878,-0.014580389146578894
14879,14879,-0.2772473303783763
14880,14880,-0.09977225721456663
14881,14881,-0.0014573757794735175
14882,14882,-0.06443802227102596
14883,14883,-0.1887891760811238
14884,14884,-0.051119072200358495
14885,14885,-0.12482639712240748
14886,14886,-0.32881308703380646
14887,14887,-0.05149695101059598
14888,14888,-0.18845011645366308
14889,14889,-0.018738366016119754
14890,14890,-0.14770229722829858
14891,14891,-0.08619303525747457
14892,14892,-0.030633834724916688
14893,14893,-0.11415202737070075
14894,14894,-0.030422744152209132
14895,14895,-0.0008363317229755403
14896,14896,-0.07706069008443436
14897,14897,-0.07174670185415338
14898,14898,-0.032240108326787295
14899,14899,-0.07229426526733651
14900,14900,-0.03137943528132108
14901,14901,-0.08926395260836291
14902,14902,-0.05176085664389045
14903,14903,-0.21359153581050722
14904,14904,-0.07178960953270633
14905,14905,-0.03964091161982425
14906,14906,-0.17055299674806568
14907,14907,-0.212159684433297
14908,14908,-0.030435377770713166
14909,14909,-0.22796815348767585
14910,14910,-0.20879980535719686
14911,14911,-0.1012445648844293
14912,14912,-0.058809351673056155
14913,14913,-0.14312401536046798
14914,14914,-0.1914064882263941
14915,14915,-0.017694012016516835
14916,14916,-0.03272960267473596
14917,14917,-0.009043818732536416
14918,14918,-0.01478059989360624
14919,14919,-0.1492688620156431
14920,14920,-0.04933836302867428
14921,14921,-0.04512843951582927
14922,14922,-0.01611376875575263
14923,14923,-0.19283947923368436
14924,14924,-0.0935137828759961
14925,14925,-0.30401378404981505
14926,14926,-0.07553269180671687
14927,14927,-0.23381046793469834
14928,14928,-0.09182695252965457
14929,14929,-0.028493011523135152
14930,14930,-0.03857889204907394
14931,14931,-0.14058187035721736
14932,14932,-0.06149241498057008
14933,14933,-0.02088109866121764
14934,14934,-0.016692232214207715
14935,14935,-0.2689508328241266
14936,14936,-0.04218517729049663
14937,14937,-0.17207935551843792
14938,14938,-0.0661740778755325
14939,14939,-0.05008654250910455
14940,14940,-0.0031081492743741798
14941,14941,-0.01599157587182704
14942,14942,-0.07389959600675657
14943,14943,-0.0057262499480298665
14944,14944,-0.03431639642272525
14945,14945,-0.07253636179895533
14946,14946,-0.38139602594877975
14947,14947,-0.15981121669388734
14948,14948,-0.059150063801381575
14949,14949,-0.11956006204505912
14950,14950,-0.008426101154015082
14951,14951,-0.023434253613651635
14952,14952,-0.050567398232033996
14953,14953,-0.00815861486268937
14954,14954,-0.024602873581132306
14955,14955,-0.04602358453399386
14956,14956,-0.0708710075123519
14957,14957,-0.25226399188185505
14958,14958,-0.19118417716866629
14959,14959,-0.038996060331030036
14960,14960,-0.03073947899189355
14961,14961,-0.09500263762556624
14962,14962,-0.07993717207559779
14963,14963,-0.04581610962899557
14964,14964,-0.011407850090446989
14965,14965,-0.1312292790589782
14966,14966,-0.019407958660110525
14967,14967,-0.12879555831261175
14968,14968,-0.03398970340569979
14969,14969,-0.17369563647848843
14970,14970,-0.17848357966579778
14971,14971,-0.04150034669893528
14972,14972,-0.0716385042127951
14973,14973,-0.06184541670835662
14974,14974,-0.031225229734333105
14975,14975,-0.09814929066695623
14976,14976,-0.017382760370527574
14977,14977,-0.132270745287923
14978,14978,-0.16403963519236464
14979,14979,-0.05165266594057252
14980,14980,-0.12205371654088833
14981,14981,-0.1305845226718355
14982,14982,-0.21194536978918077
14983,14983,-0.0660323835352067
14984,14984,-0.038041766760318646
14985,14985,-0.012897325846900152
14986,14986,-0.12728619470356975
14987,14987,-0.03285032014107719
14988,14988,-0.07744107025254383
14989,14989,-0.14777549212509647
14990,14990,-0.00511800842077302
14991,14991,-0.001133231316032833
14992,14992,-0.0899668614288959
14993,14993,-0.24664312083866213
14994,14994,-0.1350799886718916
14995,14995,-0.30224080617923355
14996,14996,-0.16133557372429141
14997,14997,-0.08622418086183717
14998,14998,-0.03563658992955879
14999,14999,-0.08359738215968693
15000,15000,-0.044152123503305746
15001,15001,-0.051589618076050246
15002,15002,-0.04649358488927503
15003,15003,-0.0096629534474728
15004,15004,-0.05613046842926734
15005,15005,-0.07654374789110681
15006,15006,-0.14331853292941882
15007,15007,-0.015970932056506532
15008,15008,-0.07103641309231265
15009,15009,-0.04298647325234296
15010,15010,-0.03695827713323856
15011,15011,-0.015761005227881555
15012,15012,-0.12842162487951364
15013,15013,-0.005021310774652458
15014,15014,-0.04928187695742191
15015,15015,-0.09168181214448451
15016,15016,-0.14139245058919692
15017,15017,-0.045389298231546256
15018,15018,-0.15980455716554487
15019,15019,-0.032289935870092365
15020,15020,-0.001876412966902828
15021,15021,-0.20095595229521612
15022,15022,-0.05618011090554085
15023,15023,-0.0015885814065894673
15024,15024,-0.10728618143018447
15025,15025,-0.09179156086558271
15026,15026,-0.027526850985297502
15027,15027,-0.049233379303399376
15028,15028,-0.07037518065224152
15029,15029,-0.06398768959073955
15030,15030,-0.02599149702880587
15031,15031,-0.10673485595723185
15032,15032,-0.20662649236846858
15033,15033,-0.10716436456727849
15034,15034,-0.04237296139421093
15035,15035,-0.12637481501569633
15036,15036,-0.004689623041956803
15037,15037,-0.17022857701534738
15038,15038,-0.2040111414904271
15039,15039,-0.07454345270115904
15040,15040,-0.009316519764688386
15041,15041,-0.3014118653360016
15042,15042,-0.1696079025043858
15043,15043,-0.11019969351581188
15044,15044,-0.15365290078964167
15045,15045,-0.017246222386923412
15046,15046,-0.12809089847287633
15047,15047,-0.09782372597836579
15048,15048,-0.04615458997418635
15049,15049,-0.0020164860874927995
15050,15050,-0.07645024227868356
15051,15051,-0.14233544249969976
15052,15052,-0.020002437550767676
15053,15053,-0.24818746945170816
15054,15054,-0.07104762507352558
15055,15055,-0.037311270836139485
15056,15056,-0.053585905596676614
15057,15057,-0.4579909679955474
15058,15058,-0.0003594636991274114
15059,15059,-0.1585787059359635
15060,15060,-0.04892206322770406
15061,15061,-0.03096040467349773
15062,15062,-0.09311983132114604
15063,15063,-0.05161550900923413
15064,15064,-0.27691564668388485
15065,15065,-0.09364490850707338
15066,15066,-0.14134398195752337
15067,15067,-0.08136551748988807
15068,15068,-0.013940912823438989
15069,15069,-0.002616741620431189
15070,15070,-0.0038998599330380417
15071,15071,-0.26258790574259183
15072,15072,-0.045343667097083325
15073,15073,-0.020013974075102647
15074,15074,-0.07406334352828917
15075,15075,-0.11632431355872697
15076,15076,-0.128450816767701
15077,15077,-0.033975120278791376
15078,15078,-0.11166325790156428
15079,15079,-0.008119752166803273
15080,15080,-0.03153311961245539
15081,15081,-0.3580560554391108
15082,15082,-0.23344729111869147
15083,15083,-0.06816416377225078
15084,15084,-0.07049424711135509
15085,15085,-0.3336014586128868
15086,15086,-0.13259177583018847
15087,15087,-0.05092831153131448
15088,15088,-0.0626318307971647
15089,15089,-0.03844216429458827
15090,15090,-0.034735122979398465
15091,15091,-0.029318982418974085
15092,15092,-0.023739565309393258
15093,15093,-0.014163178186640042
15094,15094,-0.013011916306582267
15095,15095,-0.08709399151036104
15096,15096,-0.024409182538938763
15097,15097,-0.08758043728760462
15098,15098,-0.09247004694818566
15099,15099,-0.3499327305027602
15100,15100,-0.23861552408169653
15101,15101,-0.1269337059672783
15102,15102,-0.050618905357348594
15103,15103,-0.09232859757942509
15104,15104,-0.10454249790443335
15105,15105,-0.13188031061512173
15106,15106,-0.28055750667229895
15107,15107,-0.105613407528473
15108,15108,-0.038548565854009946
15109,15109,-0.0612045023790147
15110,15110,-0.016452837798188506
15111,15111,-0.13234415032200703
15112,15112,-0.09966717156510252
15113,15113,-0.06206280050180789
15114,15114,-0.041316671597777625
15115,15115,-0.035894187305815416
15116,15116,-0.029493584220065684
15117,15117,-0.041231983579983894
15118,15118,-0.01061230992803246
15119,15119,-0.03467547169891306
15120,15120,-0.019048681155991915
15121,15121,-0.1035927336232017
15122,15122,-0.09760142921897
15123,15123,-0.06195589439526128
15124,15124,-0.056680309122423236
15125,15125,-0.021664256982358885
15126,15126,-0.12803710807175375
15127,15127,-0.16435786257482868
15128,15128,-0.03200942696537888
15129,15129,-0.12686932276319632
15130,15130,-0.2138451024309362
15131,15131,-0.045407344499147906
15132,15132,-0.02751411728108807
15133,15133,-0.14525415962320287
15134,15134,-0.29193377922960523
15135,15135,-0.04317512394030493
15136,15136,-0.12581447824375658
15137,15137,-0.18461663924856897
15138,15138,-0.0648702612492198
15139,15139,-0.2799919289265151
15140,15140,-0.010337699401124546
15141,15141,-0.29782149938212565
15142,15142,-0.06170425634275575
15143,15143,-0.016988146754266253
15144,15144,-0.2478915316054558
15145,15145,-0.05406848054281356
15146,15146,-0.008774209002833903
15147,15147,-0.012060040606613793
15148,15148,-0.008105837442807462
15149,15149,-0.050785573883176345
15150,15150,-0.052901189439244836
15151,15151,-0.07354941961446768
15152,15152,-0.3402034621524944
15153,15153,-0.010344442669972599
15154,15154,-0.06647836963924003
15155,15155,-0.06113933870865962
15156,15156,-0.14219355454973923
15157,15157,-0.13994398423881918
15158,15158,-0.08309471886416071
15159,15159,-0.06343973671529576
15160,15160,-0.019358271505730114
15161,15161,-0.0318421412373833
15162,15162,-0.019389220560541615
15163,15163,-0.19973626550026066
15164,15164,-0.01491911624449575
15165,15165,-0.12212625815445788
15166,15166,-0.06418211698216618
15167,15167,-0.009763922772538142
15168,15168,-0.032908811434130394
15169,15169,-0.06500301114562519
15170,15170,-0.02704137906756191
15171,15171,-0.19408504535852103
15172,15172,-0.09908989594940007
15173,15173,-0.058086458138301496
15174,15174,-0.043520434919997915
15175,15175,-0.026721999957242525
15176,15176,-0.020405376007710665
15177,15177,-0.07266821233896563
15178,15178,-0.38523425309068754
15179,15179,-0.07763973162600912
15180,15180,-0.016402697950203014
15181,15181,-0.5290303897429497
15182,15182,-0.06968683791656236
15183,15183,-0.04265937429276993
15184,15184,-0.08138199949347746
15185,15185,-0.010155122700413069
15186,15186,-0.02457609290060809
15187,15187,-0.11414214036603744
15188,15188,-0.10106210150533275
15189,15189,-0.03242301020880168
15190,15190,-0.12965308063070446
15191,15191,-0.04974773954620608
15192,15192,-0.008504933146493907
15193,15193,-0.1960038515135295
15194,15194,-0.13331954568953905
15195,15195,-0.058985071495458716
15196,15196,-0.1729906923153734
15197,15197,-0.12745258940152598
15198,15198,-0.0834419698928375
15199,15199,-0.011013679139075746
15200,15200,-0.03207335168191589
15201,15201,-0.12868947410578818
15202,15202,-0.01670568069153884
15203,15203,-0.3844243687923281
15204,15204,-0.0974278515593723
15205,15205,-0.12541689453815516
15206,15206,-0.0665139757585004
15207,15207,-0.03292120555465873
15208,15208,-0.00031702931396904296
15209,15209,-0.2113852326551392
15210,15210,-0.012491782508348434
15211,15211,-0.051775754493734706
15212,15212,-0.3904343041074981
15213,15213,-0.11134552962553033
15214,15214,-0.26640339854504774
15215,15215,-0.1761002699519872
15216,15216,-0.105691465103253
15217,15217,-0.09400824188744945
15218,15218,-0.059757085439948725
15219,15219,-0.013666525818149236
15220,15220,-0.03788726470353936
15221,15221,-0.019426059506716088
15222,15222,-0.0362859076862293
15223,15223,-0.05185842772265259
15224,15224,-0.0409427500865022
15225,15225,-0.07151232862928676
15226,15226,-0.05675435140523316
15227,15227,-0.11866164027856116
15228,15228,-0.352536130337376
15229,15229,-0.04155612073671571
15230,15230,-0.008596455832120473
15231,15231,-0.046614196327472636
15232,15232,-0.10126542239849406
15233,15233,-0.02399337979755653
15234,15234,-0.030901641935944274
15235,15235,-0.0637401546906042
15236,15236,-0.16561621332137966
15237,15237,-0.10942882897992799
15238,15238,-0.16498439010955365
15239,15239,-0.09244191319140774
15240,15240,-0.08805854664006472
15241,15241,-0.021768174666295523
15242,15242,-0.12759978727679872
15243,15243,-0.2737994166531104
15244,15244,-0.022187747193653126
15245,15245,-0.09714536923073006
15246,15246,-0.0027858545685265457
15247,15247,-0.1547086225920428
15248,15248,-0.10675836385845244
15249,15249,-0.10201703916849618
15250,15250,-0.09006925442077157
15251,15251,-0.06120822120989164
15252,15252,-0.042104476199032424
15253,15253,-0.0552982427482751
15254,15254,-0.0051668456130037005
15255,15255,-0.0863710050005809
15256,15256,-0.07623424078954341
15257,15257,-0.02437375279474495
15258,15258,-0.181626732647656
15259,15259,-0.054599662829221546
15260,15260,-0.03458732055650884
15261,15261,-0.014451081048755593
15262,15262,-0.049340779080693606
15263,15263,-0.14019340083094728
15264,15264,-0.00581582266370446
15265,15265,-0.40746245500318246
15266,15266,-0.021924307586289216
15267,15267,-0.035078765312732
15268,15268,-0.037371919953708185
15269,15269,-0.04398235833177701
15270,15270,-0.019893756911235693
15271,15271,-0.2829665286766066
15272,15272,-0.09003408388553664
15273,15273,-0.0052737487782218975
15274,15274,-0.03407757938386711
15275,15275,-0.017902512093499384
15276,15276,-0.09276669549953637
15277,15277,-0.019128253337455506
15278,15278,-0.01778357944813598
15279,15279,-0.10150829878701138
15280,15280,-0.06391825849594443
15281,15281,-0.17835914932167288
15282,15282,-0.16453572421089727
15283,15283,-0.011675872708051437
15284,15284,-0.3221960702218847
15285,15285,-0.0793826224419047
15286,15286,-0.03575809003937526
15287,15287,-0.01981859768320305
15288,15288,-0.16718174726005552
15289,15289,-0.15856423792997235
15290,15290,-0.140317794036955
15291,15291,-0.053640555366022066
15292,15292,-0.010148579447401178
15293,15293,-0.04422296277197676
15294,15294,-0.057918915803319884
15295,15295,-0.03362408799121212
15296,15296,-0.07934189623002975
15297,15297,-0.0071679735442928974
15298,15298,-0.054867731138309034
15299,15299,-0.0051965822661054865
15300,15300,-0.057738399960272566
15301,15301,-0.005120279830070896
15302,15302,-0.07748468465392322
15303,15303,-0.1286462446208907
15304,15304,-0.36180355482689475
15305,15305,-0.04513184689428056
15306,15306,-0.08063370325206581
15307,15307,-0.08918821336463277
15308,15308,-0.03179547224683591
15309,15309,-0.056865862163572055
15310,15310,-0.07055302021253408
15311,15311,-0.2024783543954662
15312,15312,-0.07772911453767502
15313,15313,-0.009697025557664064
15314,15314,-0.08571095798778006
15315,15315,-0.04888733094768071
15316,15316,-0.2780327702281972
15317,15317,-0.07960062695321843
15318,15318,-0.23796072130832796
15319,15319,-0.36134798316864414
15320,15320,-0.034259259116127844
15321,15321,-0.15108830259574388
15322,15322,-0.04424115465589592
15323,15323,-0.019542839656228526
15324,15324,-0.013362779397418367
15325,15325,-0.17332829825631307
15326,15326,-0.08367932062218125
15327,15327,-0.17242304635867012
15328,15328,-0.17909665911280417
15329,15329,-0.05167596831094516
15330,15330,-0.020431271847096713
15331,15331,-0.008248284437615609
15332,15332,-0.003100386678993757
15333,15333,-0.0826098855240598
15334,15334,-0.018906330901966324
15335,15335,-0.08042504573036298
15336,15336,-0.024277400105945902
15337,15337,-0.066713372526378
15338,15338,-0.00701880690377038
15339,15339,-0.023233684973927908
15340,15340,-0.0916545898675176
15341,15341,-0.005360645291109567
15342,15342,-0.10743273223391894
15343,15343,-0.05829435077895519
15344,15344,-0.008633566396824667
15345,15345,-0.0003563323923096771
15346,15346,-0.009006893044955175
15347,15347,-0.05507831415519555
15348,15348,-0.02552659475269759
15349,15349,-0.0035050588083768326
15350,15350,-0.08934406765768818
15351,15351,-0.017249621134719426
15352,15352,-0.003942702922045358
15353,15353,-0.09191822194000598
15354,15354,-0.08122784725096355
15355,15355,-0.03189853425154811
15356,15356,-0.05089390372329902
15357,15357,-0.03917181075894792
15358,15358,-0.004654942088306266
15359,15359,-0.1117730846957545
15360,15360,-0.17250019248315568
15361,15361,-0.11486729530524988
15362,15362,-0.18784989124658164
15363,15363,-0.1017429795255339
15364,15364,-0.001113716589575432
15365,15365,-0.046425044696508426
15366,15366,-0.1745748556097647
15367,15367,-0.16547673055197437
15368,15368,-0.07442578395793736
15369,15369,-0.12545799285553091
15370,15370,-0.08614840236054086
15371,15371,-0.06362457363534765
15372,15372,-0.02089524870538546
15373,15373,-0.11022380587380193
15374,15374,-0.2688528556767902
15375,15375,-0.21339647126108116
15376,15376,-0.20366194728527443
15377,15377,-0.014681711198950925
15378,15378,-0.05107904066185845
15379,15379,-0.012912503810505363
15380,15380,-0.03729087405349055
15381,15381,-0.2846972750431148
15382,15382,-0.16064349458073607
15383,15383,-0.05890524138013868
15384,15384,-0.20898174196433222
15385,15385,-0.09035191052487815
15386,15386,-0.005549872750034128
15387,15387,-0.037105851602663074
15388,15388,-0.1695192506327553
15389,15389,-0.12556278370117596
15390,15390,-0.17244388496608917
15391,15391,-0.08356339947922034
15392,15392,-0.16430156894671832
15393,15393,-0.2572014149431603
15394,15394,-0.02826772456243
15395,15395,-0.005623345379631817
15396,15396,-0.02370069138671733
15397,15397,-0.08086928305411051
15398,15398,-0.045725101368459975
15399,15399,-0.022664184955584935
15400,15400,-0.06854957531435416
15401,15401,-0.16174927368889902
15402,15402,-0.03263304026753191
15403,15403,-0.11332365788422358
15404,15404,-0.010218275107338661
15405,15405,-0.0501728570292709
15406,15406,-0.1279898654158487
15407,15407,-0.011305204097831555
15408,15408,-0.23174936279737765
15409,15409,-0.14943376376318157
15410,15410,-0.16736552599223053
15411,15411,-0.050804937773249265
15412,15412,-0.013505074518348627
15413,15413,-0.008647690268909608
15414,15414,-0.07380387846791378
15415,15415,-0.05020174454390215
15416,15416,-0.06746847035012332
15417,15417,-0.0811900151977723
15418,15418,-0.23394762725822432
15419,15419,-0.1907373269613782
15420,15420,-0.10494683566984903
15421,15421,-0.17681471179601085
15422,15422,-0.04823925780913613
15423,15423,-0.06943790116670602
15424,15424,-0.12145304316236015
15425,15425,-0.08960943503180982
15426,15426,-0.10515600528394937
15427,15427,-0.734265995574436
15428,15428,-0.4211087386442552
15429,15429,-0.0025917861116218476
15430,15430,-0.006071372818337102
15431,15431,-0.07731575220774788
15432,15432,-0.12612890725187226
15433,15433,-0.042980390860282096
15434,15434,-0.0976805744017938
15435,15435,-0.038979868474490156
15436,15436,-0.20319862362550414
15437,15437,-0.035042735414592685
15438,15438,-0.007448380270497131
15439,15439,-0.00858074321434429
15440,15440,-0.023377135381460027
15441,15441,-0.0402463001073855
15442,15442,-0.09064176941447506
15443,15443,-0.020063194006404068
15444,15444,-0.16798090244982333
15445,15445,-0.07425403578726641
15446,15446,-0.03014558031986566
15447,15447,-0.05821170398857572
15448,15448,-0.0416962797529727
15449,15449,-0.1034478049831531
15450,15450,-0.1876849202937426
15451,15451,-0.03290666478124439
15452,15452,-0.03735927178872459
15453,15453,-0.07008238761518802
15454,15454,-0.04586566732870856
15455,15455,-0.01567922994078406
15456,15456,-0.04322821292443645
15457,15457,-0.0006528834978666513
15458,15458,-0.07130838053922336
15459,15459,-0.00210760231623241
15460,15460,-0.02424253663467606
15461,15461,-0.09428050608974996
15462,15462,-0.022499421523218707
15463,15463,-0.021624009640352305
15464,15464,-0.15294342971313238
15465,15465,-0.00716405535497088
15466,15466,-0.03347001971842357
15467,15467,-0.03486917281321877
15468,15468,-0.04811019934805433
15469,15469,-0.10744556823310406
15470,15470,-0.1273814868791644
15471,15471,-0.029858646329448298
15472,15472,-0.01989424226635252
15473,15473,-0.038938030483282024
15474,15474,-0.08534187528645214
15475,15475,-0.3354995165046934
15476,15476,-0.09966036401304094
15477,15477,-0.000490310226410458
15478,15478,-0.04742128984028192
15479,15479,-0.16693520278221347
15480,15480,-0.36035430118383693
15481,15481,-0.08245421418621786
15482,15482,-0.4083197495528151
15483,15483,-0.46601560451163365
15484,15484,-0.01687682037156419
15485,15485,-0.15181605051592229
15486,15486,-0.3421027126163062
15487,15487,-0.020874586309116927
15488,15488,-0.01898791030372011
15489,15489,-0.13817186564097397
15490,15490,-0.36322800073818784
15491,15491,-0.16345797799454626
15492,15492,-0.15764555507515124
15493,15493,-0.01626289770433186
15494,15494,-0.14992679956682198
15495,15495,-0.006786631101158224
15496,15496,-0.15115302296830202
15497,15497,-0.016414373127522388
15498,15498,-0.00975348115867718
15499,15499,-0.13458228516242624
15500,15500,-0.0019752074908807845
15501,15501,-0.49989797110107825
15502,15502,-0.037319597012406155
15503,15503,-0.01735937591770524
15504,15504,-0.013495326935927787
15505,15505,-0.013882991389629364
15506,15506,-0.032683012557168184
15507,15507,-0.01187048430923535
15508,15508,-0.11442046086418195
15509,15509,-0.021245686579558776
15510,15510,-0.1370448453736697
15511,15511,-0.1682529438758252
15512,15512,-0.19971894078387653
15513,15513,-0.1541448187427517
15514,15514,-0.02726707382188804
15515,15515,-0.16643354617617132
15516,15516,-0.0075218499318581095
15517,15517,-0.11920805007301039
15518,15518,-0.14189003790921598
15519,15519,-0.0005979564477582022
15520,15520,-0.05702686563770836
15521,15521,-0.5702032210059526
15522,15522,-0.014571372816867299
15523,15523,-0.059647052562481
15524,15524,-0.1920614707867016
15525,15525,-0.01490000652572477
15526,15526,-0.10093164099495378
15527,15527,-0.04858523371756924
15528,15528,-0.07790413414155069
15529,15529,-0.1517743919163882
15530,15530,-0.051092753331472965
15531,15531,-0.004854557351069741
15532,15532,-0.004941341909713249
15533,15533,-0.08057307799096508
15534,15534,-0.02926174035944808
15535,15535,-0.5035563704721171
15536,15536,-0.04237222133736102
15537,15537,-0.04372246530939404
15538,15538,-0.1034519174016334
15539,15539,-0.13352427395473251
15540,15540,-0.03978904694221508
15541,15541,-0.3007443138401752
15542,15542,-0.08475928722729631
15543,15543,-0.11747969866611588
15544,15544,-0.07483683480359019
15545,15545,-0.04780750826837719
15546,15546,-0.3380506144476702
15547,15547,-0.041424967482907915
15548,15548,-0.041657090964880295
15549,15549,-0.07718365631186404
15550,15550,-0.035647435704544046
15551,15551,-0.19507503199885076
15552,15552,-0.17881027540907896
15553,15553,-0.04028216144892389
15554,15554,-0.01802043630163623
15555,15555,-0.004988213354393532
15556,15556,-0.00833713688303
15557,15557,-0.1645249286003208
15558,15558,-0.10524251755956408
15559,15559,-0.21743698490580948
15560,15560,-0.46760022913828664
15561,15561,-0.038440263110827454
15562,15562,-0.04868517831534641
15563,15563,-0.05483401130884858
15564,15564,-0.039043325638443996
15565,15565,-0.21671614698098965
15566,15566,-0.05433658595665605
15567,15567,-0.03682379806286803
15568,15568,-0.05113496693959205
15569,15569,-0.010783562202919608
15570,15570,-0.01609053584123646
15571,15571,-0.06729431179484495
15572,15572,-0.02673206188691765
15573,15573,-0.1103227909518396
15574,15574,-0.47951642094845603
15575,15575,-0.0016577132330829112
15576,15576,-0.06927262008753354
15577,15577,-0.17751206123895796
15578,15578,-0.016843043319223695
15579,15579,-0.017237619563658765
15580,15580,-0.08682780286533028
15581,15581,-0.002371567910625505
15582,15582,-0.010523546353062628
15583,15583,-0.013455128846621756
15584,15584,-0.27968952557874915
15585,15585,-0.0779139426813435
15586,15586,-0.13265104912463266
15587,15587,-0.0974785202384836
15588,15588,-0.03156223783071273
15589,15589,-0.0008057693648790764
15590,15590,-0.27472728549633685
15591,15591,-0.15743747362182706
15592,15592,-0.033483806953976195
15593,15593,-0.10426909920223655
15594,15594,-0.04030913854035488
15595,15595,-0.08856364328982443
15596,15596,-0.11412926750764806
15597,15597,-0.052483595169035675
15598,15598,-0.13986419577153092
15599,15599,-0.004210877906381213
15600,15600,-0.015010071538936687
15601,15601,-0.09973893297041056
15602,15602,-0.011748871097123841
15603,15603,-0.06133388240526249
15604,15604,-0.030001610674982776
15605,15605,-0.10646165090486619
15606,15606,-0.036162592749281505
15607,15607,-0.04016404623708559
15608,15608,-0.03290711028543183
15609,15609,-0.24015972150248793
15610,15610,-0.010391975940691871
15611,15611,-0.17323650430629434
15612,15612,-0.03765232538417963
15613,15613,-0.028177575381489108
15614,15614,-0.24565255216476709
15615,15615,-0.053877584420092245
15616,15616,-0.014199253752549443
15617,15617,-0.044611770909975285
15618,15618,-0.024972548624746835
15619,15619,-0.06758680183394361
15620,15620,-0.0683941416257521
15621,15621,-0.0032113165724837384
15622,15622,-0.02355147259185348
15623,15623,-0.43360695460402165
15624,15624,-0.05935407619445084
15625,15625,-0.08368720700785964
15626,15626,-0.011336374717050096
15627,15627,-0.021967503836020703
15628,15628,-0.17207890890409813
15629,15629,-0.024170939937901995
15630,15630,-0.12030765305485643
15631,15631,-0.07460015871925096
15632,15632,-0.28350163498659703
15633,15633,-0.06146991549057243
15634,15634,-0.11735017092465488
15635,15635,-0.08860960017558299
15636,15636,-0.20257069553965817
15637,15637,-0.024622075593514557
15638,15638,-0.012167511089866854
15639,15639,-0.29084995379401213
15640,15640,-0.2367113458048263
15641,15641,-0.10352475109749823
15642,15642,-0.2392555857992027
15643,15643,-0.04551101753487772
15644,15644,-0.009763836623891447
15645,15645,-0.00835125017744793
15646,15646,-0.07966387441112743
15647,15647,-0.12093906064912123
15648,15648,-0.13808571204206593
15649,15649,-0.0018432101905187935
15650,15650,-0.08352636196862831
15651,15651,-0.01144872820382212
15652,15652,-0.09933177813851209
15653,15653,-0.04912454454732222
15654,15654,-0.05202406550320228
15655,15655,-0.15252427853108974
15656,15656,-0.04307133939822362
15657,15657,-0.06446308215910507
15658,15658,-0.03932833191927996
15659,15659,-0.4089964595654578
15660,15660,-0.07343541780373654
15661,15661,-0.0011332322710549954
15662,15662,-0.20515801464424321
15663,15663,-0.03143891254598146
15664,15664,-0.13371508588167577
15665,15665,-0.06693371365502244
15666,15666,-0.30636048530836657
15667,15667,-0.09397684250615097
15668,15668,-0.06551430204167227
15669,15669,-0.05423334130704671
15670,15670,-0.08917599969380287
15671,15671,-0.05179926589213372
15672,15672,-0.02687575988708925
15673,15673,-0.01606503411961461
15674,15674,-0.06108203018534208
15675,15675,-0.08166770094448587
15676,15676,-0.0021590725502607477
15677,15677,-0.021451467254503195
15678,15678,-0.009865458754831477
15679,15679,-0.04945405112159193
15680,15680,-0.059987607599242126
15681,15681,-0.00105965535540189
15682,15682,-0.10040251403578303
15683,15683,-0.09791384005917556
15684,15684,-0.22851063487130777
15685,15685,-0.19038715543479673
15686,15686,-0.034692192273522424
15687,15687,-0.14535212756411528
15688,15688,-0.009165328821318052
15689,15689,-0.014904809244045528
15690,15690,-0.0004734078294080811
15691,15691,-0.1164422627100761
15692,15692,-0.0066198325796054305
15693,15693,-0.1355635550347249
15694,15694,-0.013504876537911738
15695,15695,-0.16202605023285754
15696,15696,-0.13727486604525094
15697,15697,-0.2373204313785612
15698,15698,-0.17404774987533767
15699,15699,-0.04990558175802083
15700,15700,-0.09229635726289231
15701,15701,-0.06358253811468986
15702,15702,-0.011860001708853663
15703,15703,-0.06234349173343358
15704,15704,-0.10558709030153822
15705,15705,-0.01950775265084555
15706,15706,-0.0316211053152253
15707,15707,-0.04124510181260993
15708,15708,-0.08203846313099894
15709,15709,-0.10621422543163535
15710,15710,-0.07704212658317248
15711,15711,-0.08691191989373398
15712,15712,-0.03195904160397675
15713,15713,-0.028321955132328987
15714,15714,-0.1182730478480763
15715,15715,-0.08010459934715022
15716,15716,-0.019115583646153678
15717,15717,-0.0114331356602138
15718,15718,-0.05290575136769475
15719,15719,-0.16068628671424803
15720,15720,-0.040397616492190536
15721,15721,-0.11101941089387658
15722,15722,-0.03990769506127945
15723,15723,-0.0424239521097184
15724,15724,-0.03219199639246667
15725,15725,-0.012376302510059743
15726,15726,-0.0893558158300706
15727,15727,-0.05254839335069125
15728,15728,-0.05490375625200816
15729,15729,-0.14618273247139515
15730,15730,-0.06259356778259921
15731,15731,-0.23979239887963144
15732,15732,-0.1670263745436127
15733,15733,-0.20072018168196812
15734,15734,-0.12103788571163354
15735,15735,-0.13622764657187844
15736,15736,-0.01862638656563854
15737,15737,-0.15258068182094356
15738,15738,-0.0045395959741429985
15739,15739,-0.15042943989546037
15740,15740,-0.11924105301643606
15741,15741,-0.20502550857086305
15742,15742,-0.1285440752961985
15743,15743,-0.0073970286518337085
15744,15744,-0.004546869299358619
15745,15745,-0.2382237306259115
15746,15746,-0.012407189034887125
15747,15747,-0.1679989522782769
15748,15748,-0.0545589488371609
15749,15749,-0.1604433872071523
15750,15750,-0.11572896809333652
15751,15751,-0.016271579039425756
15752,15752,-0.2498018991882671
15753,15753,-0.01639892142478028
15754,15754,-0.0727816765220647
15755,15755,-0.11935817067329449
15756,15756,-0.25339642860733697
15757,15757,-0.1866226438399218
15758,15758,-0.00487555736124263
15759,15759,-0.0366588396228685
15760,15760,-0.18453149665146543
15761,15761,-0.09467864652163427
15762,15762,-0.02270934045220037
15763,15763,-0.00591436877367852
15764,15764,-0.038194292960447546
15765,15765,-0.019248464943088805
15766,15766,-0.008637727025941302
15767,15767,-0.046229326075356715
15768,15768,-0.029913213436742952
15769,15769,-0.015451304798445056
15770,15770,-0.02832541872421898
15771,15771,-0.12221921113533783
15772,15772,-0.07867631079119128
15773,15773,-0.03598242383308171
15774,15774,-0.063623156480529
15775,15775,-0.013377655607516413
15776,15776,-0.0021779126660526706
15777,15777,-0.02718578858139895
15778,15778,-0.05292042164910413
15779,15779,-0.13743744375969685
15780,15780,-0.0037252593516408266
15781,15781,-0.040930093868100176
15782,15782,-0.029339026511876108
15783,15783,-0.12944701680525147
15784,15784,-0.03814920975140553
15785,15785,-0.03345160699409311
15786,15786,-0.06618921987563635
15787,15787,-0.14518354069065284
15788,15788,-0.017625718319370497
15789,15789,-0.16091272898838355
15790,15790,-0.02155955571540416
15791,15791,-0.000385081819850868
15792,15792,-0.018236717404282437
15793,15793,-0.04644882836090677
15794,15794,-0.05564259526736312
15795,15795,-0.06375866336046664
15796,15796,-0.0994949415609506
15797,15797,-0.16996811335516332
15798,15798,-0.055057392650530695
15799,15799,-0.0980706798817636
15800,15800,-0.05468661283166425
15801,15801,-0.0029662275921833532
15802,15802,-0.0007273482330221805
15803,15803,-0.22242547712683364
15804,15804,-0.024109117447607208
15805,15805,-0.12709680825863193
15806,15806,-0.1165316136755201
15807,15807,-0.4994562317178643
15808,15808,-0.04771614822692933
15809,15809,-0.026201576003276515
15810,15810,-0.004510911888799081
15811,15811,-0.020098525550946753
15812,15812,-0.060781618994140967
15813,15813,-0.06518581676212762
15814,15814,-0.13152247000051
15815,15815,-0.18551422798601275
15816,15816,-0.2135295088722343
15817,15817,-0.09315805717530451
15818,15818,-0.2350879216478633
15819,15819,-0.009546974005492651
15820,15820,-0.021361517686764194
15821,15821,-0.5250110736611807
15822,15822,-0.008287468577675913
15823,15823,-0.08799210239384238
15824,15824,-0.1841538238443553
15825,15825,-0.252638839846161
15826,15826,-0.02145985680236823
15827,15827,-0.14634418364082077
15828,15828,-0.015893450624681418
15829,15829,-0.05297684497457046
15830,15830,-0.010182408121324135
15831,15831,-0.10318403517480924
15832,15832,-0.03807727080951914
15833,15833,-0.0578172409520597
15834,15834,-0.028429192502962074
15835,15835,-0.09280795633679113
15836,15836,-0.34680041878971146
15837,15837,-0.013868409719215068
15838,15838,-0.010209711992419386
15839,15839,-0.046130753210560906
15840,15840,-0.0035606827286387907
15841,15841,-0.0005691970409728775
15842,15842,-0.0010046052685788057
15843,15843,-0.2220612172683142
15844,15844,-0.17895216701256755
15845,15845,-0.07690100399303373
15846,15846,-0.0833088714642999
15847,15847,-0.08536900323881688
15848,15848,-0.10916081683504117
15849,15849,-0.1442619672047747
15850,15850,-0.04208563611562702
15851,15851,-0.07577028654254878
15852,15852,-0.030791338037017328
15853,15853,-0.12269916200749406
15854,15854,-0.012546204538179924
15855,15855,-0.09135120176970134
15856,15856,-0.02910531476516435
15857,15857,-0.0659747034271982
15858,15858,-0.04183463431085388
15859,15859,-0.21681504489973566
15860,15860,-0.0075774346514376175
15861,15861,-0.051076713404017746
15862,15862,-0.07687551684388137
15863,15863,-0.005212763704746165
15864,15864,-0.0787082589267966
15865,15865,-0.1118520097655785
15866,15866,-0.1827847314271834
15867,15867,-0.09475560748801803
15868,15868,-0.14971034104909386
15869,15869,-0.03985015219492925
15870,15870,-0.16513589058766684
15871,15871,-0.016661314263471266
15872,15872,-0.007078748634377642
15873,15873,-0.049299518001491016
15874,15874,-0.33912599125061516
15875,15875,-0.05749253270917997
15876,15876,-0.30767389073914103
15877,15877,-0.07145299207715787
15878,15878,-0.04853870735755299
15879,15879,-0.009064118274266298
15880,15880,-0.17111622794362685
15881,15881,-0.05912146367290271
15882,15882,-0.1936921737264322
15883,15883,-0.36238149960150073
15884,15884,-0.07906370571828189
15885,15885,-0.5817415204566859
15886,15886,-0.03427766079280488
15887,15887,-0.04387839101067252
15888,15888,-0.013441633530861176
15889,15889,-0.036325165448136965
15890,15890,-0.055669249199344066
15891,15891,-0.08054307713690585
15892,15892,-0.08825478162950764
15893,15893,-0.059942511566803074
15894,15894,-0.03288862250011349
15895,15895,-0.04117681094193211
15896,15896,-0.03550748238699171
15897,15897,-0.018627384784636023
15898,15898,-0.08913565717218692
15899,15899,-0.04069088483329482
15900,15900,-0.19098356203534594
15901,15901,-0.04507028087825543
15902,15902,-0.06528052606888307
15903,15903,-0.18067436013396523
15904,15904,-0.04881378065776523
15905,15905,-0.05709246181395608
15906,15906,-0.048742492429695444
15907,15907,-0.1624513384020954
15908,15908,-0.12191472819902878
15909,15909,-0.04010739597467211
15910,15910,-0.03790337183371208
15911,15911,-0.012456657547012587
15912,15912,-0.13594971771228512
15913,15913,-0.1936627471695998
15914,15914,-0.1372660614909784
15915,15915,-0.10763327527918438
15916,15916,-0.02028567278687995
15917,15917,-0.014545694568399888
15918,15918,-0.07410650937605925
15919,15919,-0.1908435698719581
15920,15920,-0.32690629943152205
15921,15921,-0.013366258137502514
15922,15922,-0.1108044680518813
15923,15923,-0.22316275255296056
15924,15924,-0.04136606012122078
15925,15925,-0.051059379024112964
15926,15926,-0.002609823244110173
15927,15927,-0.04492525231768567
15928,15928,-0.06708301477621821
15929,15929,-0.10152661274080749
15930,15930,-0.027181996947614397
15931,15931,-0.1255388980446335
15932,15932,-0.10709318159792891
15933,15933,-0.3077995643493946
15934,15934,-0.04744408844018908
15935,15935,-0.07511696698377425
15936,15936,-0.0534655379967378
15937,15937,-0.26294076474547845
15938,15938,-0.2790277260080524
15939,15939,-0.016894033326792186
15940,15940,-0.025831107514304882
15941,15941,-0.0592935602482025
15942,15942,-0.1298872070567877
15943,15943,-0.041557334437495215
15944,15944,-0.03704747804477879
15945,15945,-0.04029437680030174
15946,15946,-0.010864562622892062
15947,15947,-0.18733863546674473
15948,15948,-0.12585230450194274
15949,15949,-0.02521535096754221
15950,15950,-0.12148908215791526
15951,15951,-0.04002232420578225
15952,15952,-0.01083801887034501
15953,15953,-0.023579655317249565
15954,15954,-0.013215796176996723
15955,15955,-0.006057645867776365
15956,15956,-0.023520117023237568
15957,15957,-0.003529328702334815
15958,15958,-0.11315082366325573
15959,15959,-0.08011147156515921
15960,15960,-0.40675762179793984
15961,15961,-0.018587972343547143
15962,15962,-0.10520954131637808
15963,15963,-0.07016825446422739
15964,15964,-0.005468931577711913
15965,15965,-0.017175658622373673
15966,15966,-0.030278788066600955
15967,15967,-0.12243567602005229
15968,15968,-0.28190239156280333
15969,15969,-0.060404612755497356
15970,15970,-0.02562138862360621
15971,15971,-0.0022193517194801977
15972,15972,-0.02611242598932964
15973,15973,-0.06896374383525838
15974,15974,-0.09568775232868992
15975,15975,-0.03857372325627455
15976,15976,-0.01350115687340563
15977,15977,-0.03737801378701496
15978,15978,-0.004608914942743703
15979,15979,-0.16954379268360964
15980,15980,-0.0973721580819639
15981,15981,-0.05738138452666691
15982,15982,-0.18075144859054323
15983,15983,-0.14677996905665167
15984,15984,-0.022309363945092097
15985,15985,-0.010914239867107942
15986,15986,-0.02105594597190018
15987,15987,-0.10974499164135629
15988,15988,-0.03821768312452365
15989,15989,-0.2688853945005507
15990,15990,-0.12097925513542797
15991,15991,-0.06991946554589026
15992,15992,-0.03523756367860001
15993,15993,-0.3375911527369024
15994,15994,-0.04253780204699055
15995,15995,-0.01406970198184756
15996,15996,-0.009458514679582117
15997,15997,-0.08367792457942705
15998,15998,-0.27781006913735756
15999,15999,-0.06215612738319279
16000,16000,-0.027963946532243572
16001,16001,-0.07554204680377823
16002,16002,-0.1133411398567688
16003,16003,-0.02076999700948618
16004,16004,-0.08418667274890462
16005,16005,-0.018004426172495546
16006,16006,-0.0007830764513025211
16007,16007,-0.007698916319684363
16008,16008,-0.08929026893051724
16009,16009,-0.12674770277289935
16010,16010,-0.050661860543111115
16011,16011,-0.14893515559488563
16012,16012,-0.20238201078484153
16013,16013,-0.022122279763430085
16014,16014,-0.09229015432853119
16015,16015,-0.06746840658623061
16016,16016,-0.07540596845958013
16017,16017,-0.002317267026547335
16018,16018,-0.03597155930342916
16019,16019,-0.04647107878490725
16020,16020,-0.1287707202890698
16021,16021,-0.05913667839338549
16022,16022,-0.10729353845775028
16023,16023,-0.009874791946902635
16024,16024,-0.03173788918530656
16025,16025,-0.048615145963860094
16026,16026,-0.10107053215899911
16027,16027,-0.0011828403235441434
16028,16028,-0.04930417953564389
16029,16029,-0.26487859959960375
16030,16030,-0.07500925195220268
16031,16031,-0.2401623657440803
16032,16032,-0.22642597544339305
16033,16033,-0.00839608701793974
16034,16034,-0.0667034064339635
16035,16035,-0.021538268204068164
16036,16036,-0.05242389560179057
16037,16037,-0.16218107062863657
16038,16038,-0.26134476758869923
16039,16039,-0.13123911368868038
16040,16040,-0.017094962415295584
16041,16041,-0.2789304689620109
16042,16042,-0.061704085380468746
16043,16043,-0.026953712364969337
16044,16044,-0.15333379282997375
16045,16045,-0.004306033489434298
16046,16046,-0.07606643575124238
16047,16047,-0.13770388580968212
16048,16048,-0.017500614471495316
16049,16049,-0.1275037375785233
16050,16050,-0.01788728324790643
16051,16051,-0.05851364950998361
16052,16052,-0.019042985496364177
16053,16053,-0.15309717119379446
16054,16054,-0.006166677440562354
16055,16055,-0.10835878720062025
16056,16056,-0.08734686634229963
16057,16057,-0.04300287812852495
16058,16058,-0.1523391681062978
16059,16059,-0.010059171955282949
16060,16060,-0.17085676337821926
16061,16061,-0.07366509612216485
16062,16062,-0.028743451203772263
16063,16063,-0.11909999955583707
16064,16064,-0.017694096922675682
16065,16065,-0.005530110394734353
16066,16066,-0.12272854044009109
16067,16067,-0.007426079063837883
16068,16068,-0.19181694323782758
16069,16069,-0.05573414060970139
16070,16070,-0.05039031685668154
16071,16071,-0.3714252372945736
16072,16072,-0.050973506522188836
16073,16073,-0.11176058323097328
16074,16074,-0.04963332689074498
16075,16075,-0.029524511520096268
16076,16076,-0.0405289401278396
16077,16077,-0.02400313902326604
16078,16078,-0.1917797893150479
16079,16079,-0.06361573899414028
16080,16080,-0.06833299624868938
16081,16081,-0.2267457556013007
16082,16082,-0.15320607240425213
16083,16083,-0.015180954282605644
16084,16084,-0.18262033823479157
16085,16085,-0.117661300960309
16086,16086,-0.017283922284777847
16087,16087,-0.04680769076113195
16088,16088,-0.14045626833863994
16089,16089,-0.054175120190169096
16090,16090,-0.024475348372156158
16091,16091,-0.06978633728292519
16092,16092,-0.014990365257889071
16093,16093,-0.08581756695909393
16094,16094,-0.04760833630650925
16095,16095,-0.1068720161234955
16096,16096,-0.3007681622949183
16097,16097,-0.014547499500788595
16098,16098,-0.01921980756315656
16099,16099,-0.04264125743437014
16100,16100,-0.003894683901068455
16101,16101,-0.05050725602461966
16102,16102,-0.09031155936356183
16103,16103,-0.043062563745697974
16104,16104,-0.1175619165974131
16105,16105,-0.0027444359814810097
16106,16106,-0.024959695930713656
16107,16107,-0.0782706488912961
16108,16108,-0.045563757463893705
16109,16109,-0.06555863446486813
16110,16110,-0.12218169552028514
16111,16111,-0.07897302625413793
16112,16112,-0.2027788551383885
16113,16113,-0.09264080540200596
16114,16114,-0.1378767183844896
16115,16115,-0.017972655244909576
16116,16116,-0.21949478498764124
16117,16117,-0.037213156214206386
16118,16118,-0.08826801013867822
16119,16119,-0.21952279933158664
16120,16120,-0.00796608488826471
16121,16121,-0.0807269336095177
16122,16122,-0.054808570231932224
16123,16123,-0.14561816434062516
16124,16124,-0.028384312772264574
16125,16125,-0.06962375889838872
16126,16126,-0.20916918431668166
16127,16127,-0.07330002624787288
16128,16128,-0.16151310082463463
16129,16129,-0.010600973674922734
16130,16130,-0.09636964758365146
16131,16131,-0.027469453400135544
16132,16132,-0.1468637900412582
16133,16133,-0.018250928030010258
16134,16134,-0.0011313328363315662
16135,16135,-0.057026178802961194
16136,16136,-0.03630031219306132
16137,16137,-0.0271440151626114
16138,16138,-0.018192021629323558
16139,16139,-0.24830955883998496
16140,16140,-0.10489422503040138
16141,16141,-0.4024335009894192
16142,16142,-0.06360695842954843
16143,16143,-0.07065586696450686
16144,16144,-0.06453509228577267
16145,16145,-0.07622612793560868
16146,16146,-0.07321613243434907
16147,16147,-0.03688528524956396
16148,16148,-0.294449052798165
16149,16149,-0.06468963259758857
16150,16150,-0.2326694381205277
16151,16151,-0.0705086614618874
16152,16152,-0.03209000129324517
16153,16153,-0.10177885968212112
16154,16154,-0.05816359517682649
16155,16155,-0.045539422162026555
16156,16156,-0.03381175696637517
16157,16157,-0.15618987140390647
16158,16158,-0.11281092329134003
16159,16159,-0.028936659961142037
16160,16160,-0.09248551673633207
16161,16161,-0.046863076305317
16162,16162,-0.2585462237010754
16163,16163,-0.026567054445594367
16164,16164,-0.08340756409446522
16165,16165,-0.06063682890829656
16166,16166,-0.217841580143045
16167,16167,-0.07332810156036718
16168,16168,-0.052651933114183716
16169,16169,-0.15813613120432773
16170,16170,-0.10238402691950703
16171,16171,-0.011260381558921059
16172,16172,-0.01930843028593854
16173,16173,-0.12822592953574774
16174,16174,-0.021361556179035644
16175,16175,-0.06332043711397461
16176,16176,-0.0002135125273817166
16177,16177,-0.04131258040210459
16178,16178,-0.10339485618428511
16179,16179,-0.1685129365859162
16180,16180,-0.00323760095358421
16181,16181,-0.01674930032202163
16182,16182,-0.21908080350288622
16183,16183,-0.1441499167473586
16184,16184,-0.011729736776050709
16185,16185,-0.1101254502209983
16186,16186,-0.14874866300633438
16187,16187,-0.002155785972661998
16188,16188,-0.060743765705499594
16189,16189,-0.11773334135174546
16190,16190,-0.005368506085767632
16191,16191,-0.015730877306627086
16192,16192,-0.21739017391894666
16193,16193,-0.01719457292316107
16194,16194,-0.3519377312990424
16195,16195,-0.0009079705917236431
16196,16196,-0.07343337954936073
16197,16197,-0.13704478299499923
16198,16198,-0.14678001552537093
16199,16199,-0.09475544466073164
16200,16200,-0.212041474424154
16201,16201,-0.011118680829612688
16202,16202,-0.5089873586711207
16203,16203,-0.10354702298637737
16204,16204,-0.033838235628634396
16205,16205,-0.11296441548271177
16206,16206,-0.036562225369955056
16207,16207,-0.06437168217789527
16208,16208,-0.06024969059387843
16209,16209,-0.045140951464755996
16210,16210,-0.04057897932926577
16211,16211,-0.21418622811569313
16212,16212,-0.09750019628376275
16213,16213,-0.030254763755688984
16214,16214,-0.015501572048985848
16215,16215,-0.13938203102016097
16216,16216,-0.06067663454176956
16217,16217,-0.012909105026882823
16218,16218,-0.04704871676166623
16219,16219,-0.10187897962587496
16220,16220,-0.1415224253083998
16221,16221,-0.023045950507362113
16222,16222,-0.01569148964369494
16223,16223,-0.005918233641265178
16224,16224,-0.08549180200844163
16225,16225,-0.009189493025805
16226,16226,-0.20352207379444368
16227,16227,-0.1583294226251537
16228,16228,-0.15965671253570246
16229,16229,-0.09308644053676872
16230,16230,-0.11153713422597503
16231,16231,-0.19999781203728184
16232,16232,-0.18950047452168606
16233,16233,-0.20642156183513427
16234,16234,-0.015581319649690284
16235,16235,-0.018236166396048623
16236,16236,-0.45719482519408733
16237,16237,-0.07766055409180898
16238,16238,-0.0673783751258242
16239,16239,-0.08087769330362561
16240,16240,-0.06271272781116041
16241,16241,-0.10816885801823228
16242,16242,-0.052243820774690204
16243,16243,-0.0511387524727109
16244,16244,-0.013011520552117978
16245,16245,-0.06323021335273181
16246,16246,-0.03861025570977436
16247,16247,-0.13669767487707302
16248,16248,-0.0668107159710879
16249,16249,-0.0711747342958029
16250,16250,-0.01879231206380281
16251,16251,-0.031035793414466613
16252,16252,-0.004197043027835396
16253,16253,-0.06147975585134492
16254,16254,-0.20060987309074974
16255,16255,-0.3987601334910944
16256,16256,-0.018682313132617555
16257,16257,-0.033208592921028
16258,16258,-0.11326015423956447
16259,16259,-0.062362691248238386
16260,16260,-0.07370300047980423
16261,16261,-0.1893098537007761
16262,16262,-0.31806208528348406
16263,16263,-0.02657793536155648
16264,16264,-0.0882280550301432
16265,16265,-0.021421750639148866
16266,16266,-0.014350952788753653
16267,16267,-0.014265708074829086
16268,16268,-0.06352965008964365
16269,16269,-0.05677737210017402
16270,16270,-0.16524599109684993
16271,16271,-0.005293846383781889
16272,16272,-0.06982067947624156
16273,16273,-0.03144786109504917
16274,16274,-0.0017811869474296345
16275,16275,-0.04688040823008726
16276,16276,-0.04013179102530037
16277,16277,-0.04973483680737337
16278,16278,-0.11569416656250264
16279,16279,-0.060985323502256314
16280,16280,-0.02873896524451858
16281,16281,-0.06834816449646153
16282,16282,-0.05269937633725663
16283,16283,-0.0729752709813892
16284,16284,-0.0201370678717479
16285,16285,-0.14004229907017182
16286,16286,-0.06890601337648795
16287,16287,-0.03845084906197619
16288,16288,-0.07863854158225202
16289,16289,-0.023027650507342845
16290,16290,-0.03355476635719891
16291,16291,-0.08145195262138606
16292,16292,-0.04849701813192948
16293,16293,-0.005907361051522659
16294,16294,-0.01876121386366762
16295,16295,-0.28215527212914737
16296,16296,-0.07555310005525484
16297,16297,-0.13728704424625793
16298,16298,-0.37322739914749997
16299,16299,-0.0070263417021352095
16300,16300,-0.03749137843991194
16301,16301,-0.001380207436072442
16302,16302,-0.24323124490816966
16303,16303,-0.10594052802336411
16304,16304,-0.004213342717048937
16305,16305,-0.023458286300799568
16306,16306,-0.04198202758558773
16307,16307,-0.12208321571555043
16308,16308,-0.06821175970549302
16309,16309,-0.0710472850415238
16310,16310,-0.11996239417778168
16311,16311,-0.025082358616395878
16312,16312,-0.03221369791055381
16313,16313,-0.049782075517279346
16314,16314,-0.009171286915874318
16315,16315,-0.03787113372971037
16316,16316,-0.005637806159608934
16317,16317,-0.03887551530517337
16318,16318,-0.023252402841374482
16319,16319,-0.18352425688095292
16320,16320,-0.12124046823068714
16321,16321,-0.026169567354472185
16322,16322,-0.36848187518252923
16323,16323,-0.10264783368107537
16324,16324,-0.13212090633970797
16325,16325,-0.1310960187683166
16326,16326,-0.14174928893166489
16327,16327,-0.035926940438773036
16328,16328,-0.05846511887903673
16329,16329,-0.10237665750572968
16330,16330,-0.02830352006311874
16331,16331,-0.01879355177207508
16332,16332,-0.04478777190798483
16333,16333,-0.033630159447689364
16334,16334,-0.13327236233295112
16335,16335,-0.020234543398985234
16336,16336,-0.03893515379451643
16337,16337,-0.02147636261832101
16338,16338,-0.13466877428505228
16339,16339,-0.057489931205546116
16340,16340,-0.04848659257775495
16341,16341,-0.02995352472436575
16342,16342,-0.034489038254607286
16343,16343,-0.07159508551572363
16344,16344,-0.08700070792921867
16345,16345,-0.05573761647728234
16346,16346,-0.14215626566403833
16347,16347,-0.12462048488907852
16348,16348,-0.13782812518340104
16349,16349,-0.0354464353242321
16350,16350,-0.31560165611513463
16351,16351,-0.00666678896027326
16352,16352,-0.017054917377070537
16353,16353,-0.04279669891669778
16354,16354,-0.023209850987874026
16355,16355,-0.08764659120830413
16356,16356,-0.03707366495860262
16357,16357,-0.015197323653949218
16358,16358,-0.05132998345666199
16359,16359,-0.07340810546664332
16360,16360,-0.23035694880775243
16361,16361,-0.09264573777910985
16362,16362,-0.20818738129332603
16363,16363,-0.13580366929310028
16364,16364,-0.004706865425054095
16365,16365,-0.12876129459573787
16366,16366,-0.14389001182077316
16367,16367,-0.12817040756579806
16368,16368,-0.10241449229973752
16369,16369,-0.13507941338964
16370,16370,-0.01578155941210456
16371,16371,-0.005598721674797668
16372,16372,-0.07013136029186433
16373,16373,-0.050028798460065915
16374,16374,-0.048837500665064704
16375,16375,-0.02010466949352053
16376,16376,-0.034286352318567054
16377,16377,-0.05909469982212341
16378,16378,-0.03217109965823563
16379,16379,-0.039982701105851344
16380,16380,-0.04944706898427438
16381,16381,-0.18004775408379736
16382,16382,-0.04984080643039157
16383,16383,-0.036520298710722966
16384,16384,-0.18181228890388734
16385,16385,-0.017284398463815832
16386,16386,-0.004567606257031445
16387,16387,-0.11160435742420832
16388,16388,-0.09825187733655735
16389,16389,-0.04297561871419233
16390,16390,-0.010591740322815785
16391,16391,-0.026156449863324778
16392,16392,-0.09697385328090194
16393,16393,-0.1733134015811662
16394,16394,-0.4075969838193807
16395,16395,-0.04403717320071472
16396,16396,-0.09690134349525949
16397,16397,-0.06789000462431063
16398,16398,-0.1762645048332844
16399,16399,-0.04388283437374363
16400,16400,-0.11312966091027149
16401,16401,-0.014967603020017215
16402,16402,-0.02798476633928783
16403,16403,-0.05828797192424325
16404,16404,-0.05817633753961093
16405,16405,-0.05338117066980315
16406,16406,-0.09280391847187654
16407,16407,-0.02816296205640818
16408,16408,-0.031482733208041014
16409,16409,-0.04294887002059616
16410,16410,-0.030979475940708486
16411,16411,-0.06255758133231198
16412,16412,-0.03590961350068922
16413,16413,-0.2754833201824874
16414,16414,-0.007109064402858358
16415,16415,-0.005927219410728161
16416,16416,-0.04189311094856757
16417,16417,-0.08648863999709232
16418,16418,-0.08649812852534852
16419,16419,-0.010564969135870553
16420,16420,-0.006811030091193054
16421,16421,-0.11329523035349258
16422,16422,-0.015710360658842345
16423,16423,-0.039601817449582646
16424,16424,-0.012050305458583498
16425,16425,-0.12796677231085096
16426,16426,-0.03996022897562203
16427,16427,-0.05760348402286626
16428,16428,-0.17257526952057511
16429,16429,-0.24386858075578105
16430,16430,-0.005360549939802161
16431,16431,-0.08063600389379869
16432,16432,-0.0802815002925545
16433,16433,-0.011377322837953523
16434,16434,-0.365543165040029
16435,16435,-0.10276042555131079
16436,16436,-0.086845573346978
16437,16437,-0.028637281466289233
16438,16438,-0.04795551000235952
16439,16439,-6.016768830892989e-05
16440,16440,-0.03821963987142037
16441,16441,-0.06471067145319308
16442,16442,-0.14184862033721102
16443,16443,-0.08096135366360188
16444,16444,-0.2691657296476812
16445,16445,-0.10391819087863843
16446,16446,-0.014384811577339673
16447,16447,-0.026555934334358437
16448,16448,-0.0283368567433626
16449,16449,-0.06018376014297882
16450,16450,-0.042874514873125734
16451,16451,-0.021367604925009314
16452,16452,-0.05177430077294581
16453,16453,-0.11739514668356582
16454,16454,-0.22544232176798823
16455,16455,-0.1263655973376781
16456,16456,-0.029106371532286228
16457,16457,-0.0689154463962828
16458,16458,-0.022589677555206224
16459,16459,-0.039428850605276115
16460,16460,-0.004414717275104262
16461,16461,-0.029134492038197235
16462,16462,-0.07859471544608033
16463,16463,-0.05716480018825058
16464,16464,-0.2681789170772446
16465,16465,-0.008465652520721654
16466,16466,-0.0037596697923458974
16467,16467,-0.09543731322069426
16468,16468,-0.007778125556595747
16469,16469,-0.004708763434785808
16470,16470,-0.11109713444699186
16471,16471,-0.12686536850109084
16472,16472,-0.24881761772626118
16473,16473,-0.0017229058213022435
16474,16474,-0.13811772054354737
16475,16475,-0.034534660258679385
16476,16476,-0.028603765228760944
16477,16477,-0.17241713855270027
16478,16478,-0.016740458695422216
16479,16479,-0.039661682422165195
16480,16480,-0.055977710405055406
16481,16481,-0.04058896955463845
16482,16482,-0.011371815414055905
16483,16483,-0.08003875393647775
16484,16484,-0.006917863854530073
16485,16485,-0.46796948020167634
16486,16486,-0.0421297809770286
16487,16487,-0.06765843600070377
16488,16488,-0.0223258694748504
16489,16489,-0.11624518136426819
16490,16490,-0.045666192644101836
16491,16491,-0.004786349184325663
16492,16492,-0.14292281808521737
16493,16493,-0.026683481584099385
16494,16494,-0.15297051879062165
16495,16495,-0.07041300552008908
16496,16496,-0.32201982652080463
16497,16497,-0.12255430541553579
16498,16498,-0.01467092332934401
16499,16499,-0.14857171883926887
16500,16500,-0.05496111080135375
16501,16501,-0.03455404323603575
16502,16502,-0.17256573796644636
16503,16503,-0.16771643532009556
16504,16504,-0.025883010922058504
16505,16505,-0.31917937132956453
16506,16506,-0.396319316542357
16507,16507,-0.24863000833300555
16508,16508,-0.13095932970997187
16509,16509,-0.05504538612920715
16510,16510,-0.016433079721831934
16511,16511,-0.017390260436779364
16512,16512,-0.06336852339772711
16513,16513,-0.09555265483210675
16514,16514,-0.017934888891290707
16515,16515,-0.050916462988771276
16516,16516,-0.21172545321738073
16517,16517,-0.033772582844029744
16518,16518,-0.08810074140282904
16519,16519,-0.1108693729083463
16520,16520,-0.16096858427110483
16521,16521,-0.028778394256985126
16522,16522,-0.10747869763901097
16523,16523,-0.10147568590808845
16524,16524,-0.10735250669392485
16525,16525,-0.06527629413901247
16526,16526,-0.03444768291598008
16527,16527,-0.0351392652798482
16528,16528,-0.3420695119486225
16529,16529,-0.16143842319765994
16530,16530,-0.06840197271683002
16531,16531,-0.10937047593899626
16532,16532,-0.16115756974505568
16533,16533,-0.13038093666990835
16534,16534,-0.009451043525976475
16535,16535,-0.04407131196461391
16536,16536,-0.03724217600421085
16537,16537,-0.06956147725778437
16538,16538,-0.03536283668401438
16539,16539,-0.1377333877169022
16540,16540,-0.11112044816872077
16541,16541,-0.06232279677700997
16542,16542,-0.03265945435510569
16543,16543,-0.05133491926509281
16544,16544,-0.3029729800350456
16545,16545,-0.1299613329521383
16546,16546,-0.1504296546139041
16547,16547,-0.16295591626803252
16548,16548,-0.02760693055930614
16549,16549,-0.20599940538311232
16550,16550,-0.029577472512047426
16551,16551,-0.038570900932933035
16552,16552,-0.11751848659467556
16553,16553,-0.009003813174646855
16554,16554,-0.10784249028746856
16555,16555,-0.12050610173812754
16556,16556,-0.03097634763785463
16557,16557,-0.051538471878472325
16558,16558,-0.23312938913465983
16559,16559,-0.0638289847666767
16560,16560,-0.11958982560848773
16561,16561,-0.05469838343895909
16562,16562,-0.05655122687189325
16563,16563,-0.005138543948075777
16564,16564,-0.12367390525190315
16565,16565,-0.18798630011185286
16566,16566,-0.017014453605725892
16567,16567,-0.11708965709984251
16568,16568,-0.3269143932702274
16569,16569,-0.06215361186377031
16570,16570,-0.052737443504616524
16571,16571,-0.08208572004317669
16572,16572,-0.04859479911872055
16573,16573,-0.047632060876804494
16574,16574,-0.017146845905798246
16575,16575,-0.01876805118823824
16576,16576,-0.00920449445525571
16577,16577,-0.03787025705533931
16578,16578,-0.05013253856584192
16579,16579,-0.021493065364872634
16580,16580,-0.0339200192292296
16581,16581,-0.15169862781751836
16582,16582,-0.020316274389489093
16583,16583,-0.17060699742970384
16584,16584,-0.07310362299094408
16585,16585,-0.023992260949539074
16586,16586,-0.0015636920508787064
16587,16587,-0.005509906182088571
16588,16588,-0.09503080662559582
16589,16589,-0.15567467003167917
16590,16590,-0.003388417900681827
16591,16591,-0.0363857104488058
16592,16592,-0.003400685425787791
16593,16593,-0.20445121163157326
16594,16594,-0.07170443546405238
16595,16595,-0.16165191628812015
16596,16596,-0.026025565485812734
16597,16597,-0.15602074910272834
16598,16598,-0.10692440650877619
16599,16599,-0.10748802377179405
16600,16600,-0.22270136675169633
16601,16601,-0.09499121213725362
16602,16602,-0.06373637671043175
16603,16603,-0.09783179451826184
16604,16604,-0.020152765044989383
16605,16605,-0.07025094177138366
16606,16606,-0.015634575056885824
16607,16607,-0.040010680646027766
16608,16608,-0.26830556447378184
16609,16609,-0.2929652497978262
16610,16610,-0.06383149432501041
16611,16611,-0.1929312576699319
16612,16612,-0.04897347487096654
16613,16613,-0.08366867449254381
16614,16614,-0.08673708635706598
16615,16615,-0.021271588431985643
16616,16616,-0.15695250663272758
16617,16617,-0.12751654928963754
16618,16618,-0.022297724864019333
16619,16619,-0.004854328908791307
16620,16620,-0.12209964068465065
16621,16621,-0.0984030602041139
16622,16622,-0.05622927535305632
16623,16623,-0.061531636330056955
16624,16624,-0.02257166346408709
16625,16625,-0.12430576620587287
16626,16626,-0.08333443590816249
16627,16627,-0.02254145126369791
16628,16628,-0.3756186166092852
16629,16629,-0.0010889030811410134
16630,16630,-0.27334955675401756
16631,16631,-0.062806617496556
16632,16632,-0.01107305515113504
16633,16633,-0.04143184597274779
16634,16634,-0.11976732866117591
16635,16635,-0.014804124896624098
16636,16636,-0.1850111839788834
16637,16637,-0.1228386248526264
16638,16638,-0.3106889433106018
16639,16639,-0.0010116763364076374
16640,16640,-0.1305962305528959
16641,16641,-0.0712445527070471
16642,16642,-0.039980419378289486
16643,16643,-0.04572224215740539
16644,16644,-0.004100327082765038
16645,16645,-0.08438875769758837
16646,16646,-0.05572617805091851
16647,16647,-0.0002927568961472498
16648,16648,-0.04604066408379405
16649,16649,-0.012207965090666786
16650,16650,-0.08326564563657009
16651,16651,-0.590386658804848
16652,16652,-0.04623340148998981
16653,16653,-0.26429088314192517
16654,16654,-0.006568646710727565
16655,16655,-0.021922356453290645
16656,16656,-0.029065514706446763
16657,16657,-0.04110285549650951
16658,16658,-0.03777010560123014
16659,16659,-0.0584543121757086
16660,16660,-0.0740424943694688
16661,16661,-0.019234352810680328
16662,16662,-0.12429866082705922
16663,16663,-0.05150675083743346
16664,16664,-0.48157035754967686
16665,16665,-0.14189956639075693
16666,16666,-0.06704328269307419
16667,16667,-0.015642812619449498
16668,16668,-0.030748150263471354
16669,16669,-0.00669006078970981
16670,16670,-0.11917488168889859
16671,16671,-0.013077092553641274
16672,16672,-0.07549779890287353
16673,16673,-0.17933911448783618
16674,16674,-0.17372807779476002
16675,16675,-0.06138713716221694
16676,16676,-0.019293682823489967
16677,16677,-0.09841761002953664
16678,16678,-0.17734568295259473
16679,16679,-0.13790520222863017
16680,16680,-0.04004166913179018
16681,16681,-0.19626040271992393
16682,16682,-0.012913722429083611
16683,16683,-0.07899994893025482
16684,16684,-0.18269088508634607
16685,16685,-0.05167597159811068
16686,16686,-0.005295254743630717
16687,16687,-0.036734770887670846
16688,16688,-0.12364987813883713
16689,16689,-0.07342842496831212
16690,16690,-0.04684018837536141
16691,16691,-0.03381901901951433
16692,16692,-0.005587561890701262
16693,16693,-0.006147518906660053
16694,16694,-0.044486078205997204
16695,16695,-0.03370089627832469
16696,16696,-0.013568389841149987
16697,16697,-0.10073822989589219
16698,16698,-0.09941460107112121
16699,16699,-0.05276796385698522
16700,16700,-0.036795721790449216
16701,16701,-0.04034551188876066
16702,16702,-0.04222038298119648
16703,16703,-0.038364568697405316
16704,16704,-0.3807095328787505
16705,16705,-0.09521991203505914
16706,16706,-0.07635576723189609
16707,16707,-0.006159124613151948
16708,16708,-0.05465920494608083
16709,16709,-0.03640064572032497
16710,16710,-0.18223427245389595
16711,16711,-0.0397789465786412
16712,16712,-0.19510254409313313
16713,16713,-0.05996994445150257
16714,16714,-0.03513716175836249
16715,16715,-0.0073813414175296355
16716,16716,-0.055837357422404615
16717,16717,-0.001835811861701917
16718,16718,-0.007328633426110951
16719,16719,-0.03133639227686631
16720,16720,-0.0023728544286458946
16721,16721,-0.28301299129143404
16722,16722,-0.14465670958146606
16723,16723,-0.04334500656112148
16724,16724,-0.07135254484175763
16725,16725,-0.012725617886442366
16726,16726,-0.42449402029222233
16727,16727,-0.030063333622906706
16728,16728,-0.08428336382067866
16729,16729,-0.010196308454280085
16730,16730,-0.04111380236463834
16731,16731,-0.15612569949812133
16732,16732,-0.010210593613528468
16733,16733,-0.016017135832456682
16734,16734,-0.00405198445913703
16735,16735,-0.005462427153190889
16736,16736,-0.0366907432105121
16737,16737,-0.02385249533558891
16738,16738,-0.12437934044944488
16739,16739,-0.057749660655421725
16740,16740,-0.015184190692309064
16741,16741,-0.09873070563703916
16742,16742,-0.05567712404372143
16743,16743,-0.0353768967413384
16744,16744,-0.01694528809199
16745,16745,-0.04375977672263402
16746,16746,-0.08621508594004391
16747,16747,-0.0648366853830719
16748,16748,-0.06507932597532685
16749,16749,-0.04098921707171932
16750,16750,-0.027508626815519004
16751,16751,-0.04502172495010835
16752,16752,-0.21093627785842162
16753,16753,-0.17090213753076627
16754,16754,-0.05833868389807999
16755,16755,-0.07646461773551165
16756,16756,-0.17346330119208098
16757,16757,-0.05434441982893211
16758,16758,-0.13591197106328914
16759,16759,-0.16336331608770022
16760,16760,-0.032614092738752966
16761,16761,-0.07173929203824791
16762,16762,-0.08639178628470072
16763,16763,-0.03761934644377853
16764,16764,-0.03307866235119176
16765,16765,-0.012902134046229767
16766,16766,-0.1370971990009823
16767,16767,-0.07977225484527485
16768,16768,-0.10717535468927283
16769,16769,-0.021839661118936846
16770,16770,-0.0019137105734414457
16771,16771,-0.1414188745140647
16772,16772,-0.04836812899513004
16773,16773,-0.45638210039136823
16774,16774,-0.09955180299961387
16775,16775,-0.023005724751268074
16776,16776,-0.08623806727068212
16777,16777,-0.11122118555200858
16778,16778,-0.06798482884247797
16779,16779,-0.18729712012415325
16780,16780,-0.013979739212078205
16781,16781,-0.014439827844569073
16782,16782,-0.10233194270571443
16783,16783,-0.03850245699179247
16784,16784,-0.03324785180726039
16785,16785,-0.16438434594597598
16786,16786,-0.2721183271346841
16787,16787,-0.07487050731493461
16788,16788,-0.010532849317315358
16789,16789,-0.10314192460036498
16790,16790,-0.11752199803979302
16791,16791,-0.11310118553895869
16792,16792,-0.08823308715146455
16793,16793,-0.030972414194712142
16794,16794,-0.00662175187214077
16795,16795,-0.051752667598304124
16796,16796,-0.10418925114856739
16797,16797,-0.26028282857880125
16798,16798,-0.018091557201582426
16799,16799,-0.046709251114626565
16800,16800,-0.1687579584863736
16801,16801,-0.1148887226629908
16802,16802,-0.06597288880040686
16803,16803,-0.03813576793651245
16804,16804,-0.025933596090381456
16805,16805,-0.01415290216262031
16806,16806,-0.18239774989803603
16807,16807,-0.026775818945624006
16808,16808,-0.14641832688511608
16809,16809,-0.007064194618617759
16810,16810,-0.010815081026857734
16811,16811,-0.011886862888105656
16812,16812,-0.011855281945782222
16813,16813,-0.14451833725199786
16814,16814,-0.39491479325819495
16815,16815,-0.084902120276369
16816,16816,-0.0381147540919483
16817,16817,-0.1260639039475382
16818,16818,-0.051764306503916134
16819,16819,-0.18028243619713477
16820,16820,-0.09754420111731377
16821,16821,-0.12873414800511318
16822,16822,-0.0071630955029507
16823,16823,-0.1352921453364377
16824,16824,-0.0233763456910709
16825,16825,-0.08519245453915188
16826,16826,-0.07800842756358511
16827,16827,-0.04167259522655717
16828,16828,-0.00547212447248382
16829,16829,-0.2365198207275075
16830,16830,-0.07383820847900535
16831,16831,-0.047333797451051186
16832,16832,-0.12351798246088476
16833,16833,-0.05624437093784773
16834,16834,-0.0373112872103282
16835,16835,-0.036305699376025645
16836,16836,-0.4008411894627428
16837,16837,-0.015229667621159147
16838,16838,-0.050336394048888705
16839,16839,-0.004039736602404242
16840,16840,-0.06928301595331553
16841,16841,-0.15774238628154075
16842,16842,-0.10122320497703516
16843,16843,-0.05779118774097869
16844,16844,-0.02507262781004184
16845,16845,-0.00454834178158853
16846,16846,-0.003718829574753102
16847,16847,-0.012036570110275143
16848,16848,-0.04272370764127707
16849,16849,-0.09602525846997442
16850,16850,-0.06110466223702411
16851,16851,-0.0017953924255730395
16852,16852,-0.013812640793116436
16853,16853,-0.050370383105206966
16854,16854,-0.13336583983071595
16855,16855,-0.04573901451115886
16856,16856,-0.02544709800691021
16857,16857,-0.0984249469700527
16858,16858,-0.07064079318917971
16859,16859,-0.05241071147192272
16860,16860,-0.005437109867899742
16861,16861,-0.10318289835552696
16862,16862,-0.18726025797390533
16863,16863,-0.12696108290552535
16864,16864,-0.006241286706938935
16865,16865,-0.028060091447618132
16866,16866,-0.04041866544569262
16867,16867,-0.01370520131251802
16868,16868,-0.08222031033432554
16869,16869,-0.22794489313701174
16870,16870,-0.01612754505624495
16871,16871,-0.0591480678255603
16872,16872,-0.14202345074174547
16873,16873,-0.00784707455033036
16874,16874,-0.17952281097062053
16875,16875,-0.006669137131979055
16876,16876,-1.7735121180005153e-05
16877,16877,-0.1324038401014981
16878,16878,-0.01577971683193317
16879,16879,-0.20963044965029987
16880,16880,-0.0038326388629583304
16881,16881,-0.04438994434422812
16882,16882,-0.11129258612344801
16883,16883,-0.08613681904189079
16884,16884,-0.09198390315413105
16885,16885,-0.030880923901957756
16886,16886,-0.03217191886084382
16887,16887,-0.023477682545225326
16888,16888,-0.12627450298452167
16889,16889,-0.00823754959494492
16890,16890,-0.05356617300993882
16891,16891,-0.002477437550848518
16892,16892,-0.05680270267292681
16893,16893,-0.45516013478857115
16894,16894,-0.10415120351529418
16895,16895,-0.2782649292758802
16896,16896,-0.007466790551396157
16897,16897,-0.017351135699942982
16898,16898,-0.15092886423873306
16899,16899,-0.05286908174036653
16900,16900,-0.06052270980284862
16901,16901,-0.02998698072531792
16902,16902,-0.10589456775575438
16903,16903,-0.010839961189679968
16904,16904,-0.03205568620277857
16905,16905,-0.08038405345855835
16906,16906,-0.09685926852355971
16907,16907,-0.06300146564331213
16908,16908,-0.08585239983588654
16909,16909,-0.1338839731010356
16910,16910,-0.02582040069412262
16911,16911,-0.049366250994474094
16912,16912,-0.21441069750624847
16913,16913,-0.08343557648379618
16914,16914,-0.08127193474263097
16915,16915,-0.35342261317375095
16916,16916,-0.008697026603885067
16917,16917,-0.009716711543246126
16918,16918,-0.10049371829225992
16919,16919,-0.012376834426942233
16920,16920,-0.11426159683109643
16921,16921,-0.021966581971092188
16922,16922,-0.05085962713151513
16923,16923,-0.02336367837243697
16924,16924,-0.005672309344932321
16925,16925,-0.04072217156191515
16926,16926,-0.00647800415131747
16927,16927,-0.0775175480148923
16928,16928,-0.08073188107308817
16929,16929,-0.14349621289910724
16930,16930,-0.17554835247032816
16931,16931,-0.15000023554084163
16932,16932,-0.3866369635379595
16933,16933,-0.02063952319243547
16934,16934,-0.11227533287741068
16935,16935,-0.42556865432336355
16936,16936,-0.11623618661317982
16937,16937,-0.022830843867101002
16938,16938,-0.048836720507171576
16939,16939,-0.11978460779140082
16940,16940,-0.141054468441329
16941,16941,-0.06765022021944088
16942,16942,-0.00034161258190068376
16943,16943,-0.2531988919134518
16944,16944,-0.02935996099836098
16945,16945,-0.21943056422819196
16946,16946,-0.01794539769541442
16947,16947,-0.23726261829089898
16948,16948,-0.22956014386017307
16949,16949,-0.07272342142626304
16950,16950,-0.014330404939043476
16951,16951,-0.015368043260945175
16952,16952,-0.05444704091688894
16953,16953,-0.030841835626407233
16954,16954,-0.07816320430884191
16955,16955,-0.0277874842535955
16956,16956,-0.04214171130033259
16957,16957,-0.007796299419097789
16958,16958,-0.06474979042791369
16959,16959,-0.0003038587420143967
16960,16960,-0.016179496649405406
16961,16961,-0.07676536344570506
16962,16962,-0.12774685022322657
16963,16963,-0.05558085853712774
16964,16964,-0.01592232778319119
16965,16965,-0.15772657747453556
16966,16966,-0.49024608530688146
16967,16967,-0.11925716453916518
16968,16968,-0.24597135620474375
16969,16969,-0.001503828776848072
16970,16970,-0.04941103033049001
16971,16971,-0.14716273092764648
16972,16972,-0.07946705647440197
16973,16973,-0.019566271134458878
16974,16974,-0.0405167307058692
16975,16975,-0.011833782788564087
16976,16976,-0.13222663393480594
16977,16977,-0.09252440957984
16978,16978,-0.056116246077349545
16979,16979,-0.007479124277724209
16980,16980,-0.028991455777483938
16981,16981,-0.22308530439205856
16982,16982,-0.011008691782091658
16983,16983,-0.06163923647067592
16984,16984,-0.04206989899912908
16985,16985,-0.018352360527558093
16986,16986,-0.1129715563731485
16987,16987,-0.08834600591890997
16988,16988,-0.2793350974492333
16989,16989,-0.00036587112384442574
16990,16990,-0.20149142680401427
16991,16991,-0.1006254578481398
16992,16992,-0.05857165151536392
16993,16993,-0.0682516155786975
16994,16994,-0.1171870401218136
16995,16995,-0.06223532421735281
16996,16996,-0.06742849276871217
16997,16997,-0.045354466735185596
16998,16998,-0.05560458698805223
16999,16999,-0.24117256779453938
17000,17000,-0.1136654082263493
17001,17001,-0.061673580165862406
17002,17002,-0.029173862853307093
17003,17003,-0.07654369924882352
17004,17004,-0.23332667332487822
17005,17005,-0.023701672084960452
17006,17006,-0.024708490532124754
17007,17007,-0.041270027895461414
17008,17008,-0.01665270921236499
17009,17009,-0.11981107299298913
17010,17010,-0.04770460221219373
17011,17011,-0.14217494077282206
17012,17012,-0.028902874948218256
17013,17013,-0.05437873647977737
17014,17014,-0.4155067465952953
17015,17015,-0.14047132736400958
17016,17016,-0.04754582949007097
17017,17017,-0.19705486263467292
17018,17018,-0.11822058170256207
17019,17019,-0.14117334023180297
17020,17020,-0.13608160278446846
17021,17021,-0.028699378584036477
17022,17022,-0.015231840042435062
17023,17023,-0.11687850111054035
17024,17024,-0.034397868487764015
17025,17025,-0.3541680552067991
17026,17026,-0.3667614175940774
17027,17027,-0.026405284961958334
17028,17028,-0.048375992091674175
17029,17029,-0.19544128581986986
17030,17030,-0.07417398694876953
17031,17031,-0.07017393736071026
17032,17032,-0.1325157824676529
17033,17033,-0.00945859744456216
17034,17034,-0.08247631128860118
17035,17035,-0.09983216614695753
17036,17036,-0.08126829288521922
17037,17037,-0.06361413453602165
17038,17038,-0.1473851933286663
17039,17039,-0.075002462922662
17040,17040,-0.045743747188220996
17041,17041,-0.037157187164892684
17042,17042,-0.023951219142627263
17043,17043,-0.1685026301721749
17044,17044,-0.2193218134156117
17045,17045,-0.0065763059432184445
17046,17046,-0.20984568017057764
17047,17047,-0.06170956468106817
17048,17048,-0.028894991339374745
17049,17049,-0.011508730012652756
17050,17050,-0.012027899354899459
17051,17051,-0.03528513881025049
17052,17052,-0.13648893806030474
17053,17053,-0.14281090761259513
17054,17054,-0.03891739882942712
17055,17055,-0.13669442826992198
17056,17056,-0.13326480269422025
17057,17057,-0.29950389703087144
17058,17058,-0.017038915623094945
17059,17059,-0.04921296066593367
17060,17060,-0.1068728941549373
17061,17061,-0.09182700257227067
17062,17062,-0.024743081617830308
17063,17063,-0.03932065785845112
17064,17064,-0.15185822706451613
17065,17065,-0.04040306231607686
17066,17066,-0.013965366903023912
17067,17067,-0.10599059706903893
17068,17068,-0.20382519536352883
17069,17069,-0.09737628043642574
17070,17070,-0.03769550977753167
17071,17071,-0.03614929914176821
17072,17072,-0.01287218444186937
17073,17073,-0.04495822563641675
17074,17074,-0.22425031814620655
17075,17075,-0.36798808039712116
17076,17076,-0.06754100061414386
17077,17077,-0.09871481299165823
17078,17078,-0.03601774344937727
17079,17079,-0.08185058468601016
17080,17080,-0.08048949542143215
17081,17081,-0.0847377819741621
17082,17082,-0.17793888486447285
17083,17083,-0.05177592387642018
17084,17084,-0.1721370932672487
17085,17085,-0.1432007144196123
17086,17086,-0.21033986305187571
17087,17087,-0.2455305882486629
17088,17088,-0.028487643588873547
17089,17089,-0.3012457629296375
17090,17090,-0.23513741951747275
17091,17091,-0.12461048580912285
17092,17092,-0.21044439156884376
17093,17093,-0.05027983452286611
17094,17094,-0.4942301557833183
17095,17095,-0.09516077237218079
17096,17096,-0.045811612866926296
17097,17097,-0.1257678939469205
17098,17098,-0.004229699248593014
17099,17099,-0.06289776702610539
17100,17100,-0.14215136809722503
17101,17101,-0.09459774599188439
17102,17102,-0.09082127256979315
17103,17103,-0.11902843397580518
17104,17104,-0.16930391720467736
17105,17105,-0.06888533914501795
17106,17106,-0.04935919375192722
17107,17107,-0.034904038055043704
17108,17108,-0.22567911801348406
17109,17109,-0.026272101894295623
17110,17110,-0.1050004332843
17111,17111,-0.061462575256392704
17112,17112,-0.07707792219120746
17113,17113,-0.05815245115665674
17114,17114,-0.21677928120268697
17115,17115,-0.027123619601766007
17116,17116,-0.026685744481306166
17117,17117,-0.05787649735043514
17118,17118,-0.2970811987161553
17119,17119,-0.0022930834447396323
17120,17120,-0.02801749456938198
17121,17121,-0.24161552183475693
17122,17122,-0.04014833664938424
17123,17123,-0.02025725666048842
17124,17124,-0.031228197720041
17125,17125,-0.0016843953651463203
17126,17126,-0.00028528994059623787
17127,17127,-0.14657477381602335
17128,17128,-0.022668410754877175
17129,17129,-0.013967435543183441
17130,17130,-0.09411172691868465
17131,17131,-0.1529603675875731
17132,17132,-0.00023961597116406842
17133,17133,-0.012679089218124714
17134,17134,-0.02284002752861688
17135,17135,-0.04561689608717885
17136,17136,-0.04622323898677531
17137,17137,-0.029547718104879724
17138,17138,-0.04562012009049425
17139,17139,-0.1335748014812172
17140,17140,-0.029784863239685558
17141,17141,-0.07128485500928823
17142,17142,-0.13065124204941517
17143,17143,-0.09233405874795964
17144,17144,-0.11039707321103906
17145,17145,-0.4668634673343329
17146,17146,-0.0788429165238298
17147,17147,-0.07143922114628622
17148,17148,-0.06674988586315282
17149,17149,-0.07458474801504555
17150,17150,-0.06175259002003963
17151,17151,-0.2120116180912557
17152,17152,-0.09498531504895474
17153,17153,-0.04959729899790474
17154,17154,-0.05221534863453178
17155,17155,-0.04207163180149798
17156,17156,-0.03405540119774291
17157,17157,-0.03323796612496317
17158,17158,-8.990513795061048e-05
17159,17159,-0.0322834946488951
17160,17160,-0.2376665490807594
17161,17161,-0.10976245379288398
17162,17162,-0.21321094863806728
17163,17163,-0.07788330638627401
17164,17164,-0.02739975021279917
17165,17165,-0.004381581209364141
17166,17166,-0.04018237986443805
17167,17167,-0.19215690553447642
17168,17168,-0.16511833231520695
17169,17169,-0.0628900421707776
17170,17170,-0.06870743276224092
17171,17171,-0.01087318841669099
17172,17172,-0.04382795966883007
17173,17173,-0.05957042527251856
17174,17174,-0.44845184755933565
17175,17175,-0.0015964995586394588
17176,17176,-0.029149835432545623
17177,17177,-0.010265986924714289
17178,17178,-0.023067191718986736
17179,17179,-0.037788480176838016
17180,17180,-0.16292695695563877
17181,17181,-0.01656658046107062
17182,17182,-0.15500597916104705
17183,17183,-0.13766101640677736
17184,17184,-0.0060983872601487335
17185,17185,-0.1597425486229095
17186,17186,-0.07822279008064958
17187,17187,-0.000480871140475823
17188,17188,-0.023563408267690874
17189,17189,-0.08480503347840092
17190,17190,-0.1319561918624736
17191,17191,-0.035758427829755655
17192,17192,-0.08412308051263553
17193,17193,-0.19402172585438768
17194,17194,-0.016592527724132913
17195,17195,-0.07791774725487116
17196,17196,-0.024554420008899083
17197,17197,-0.04069055695783293
17198,17198,-0.07973990848739018
17199,17199,-0.019756977394861562
17200,17200,-0.029840611830232983
17201,17201,-0.01508403421038863
17202,17202,-0.2971796980329355
17203,17203,-0.018287480032946446
17204,17204,-0.06685024049478529
17205,17205,-0.10969408674819126
17206,17206,-0.0505201724118806
17207,17207,-0.12265370368954792
17208,17208,-0.07259553966971985
17209,17209,-0.07520068106468385
17210,17210,-0.025080159571850964
17211,17211,-0.45093264882700157
17212,17212,-0.07068093228577342
17213,17213,-0.03254564537558651
17214,17214,-0.09088411209616096
17215,17215,-0.06507652982822112
17216,17216,-0.03665119500510968
17217,17217,-0.3841412817750335
17218,17218,-0.4740316297121848
17219,17219,-0.04299297483348263
17220,17220,-0.17265295563537758
17221,17221,-0.11380504684656162
17222,17222,-0.09113565948287439
17223,17223,-0.06727258810329335
17224,17224,-0.0003834803748507028
17225,17225,-0.023789641735319906
17226,17226,-0.24177674401884874
17227,17227,-0.10883147675315688
17228,17228,-0.1203350246028403
17229,17229,-0.08392212761465875
17230,17230,-0.0077366589239212915
17231,17231,-0.02624875773866192
17232,17232,-0.09297894682428859
17233,17233,-0.11032023363953404
17234,17234,-0.0015191142849071606
17235,17235,-0.020810209173920614
17236,17236,-0.01354702381892756
17237,17237,-0.1178669781338837
17238,17238,-0.04058352244687347
17239,17239,-0.09409013889504156
17240,17240,-0.02835904754471898
17241,17241,-0.004036945586992189
17242,17242,-0.07280360567084494
17243,17243,-0.01108368460648181
17244,17244,-0.11805405011216172
17245,17245,-0.08198348485506933
17246,17246,-0.009200536014355193
17247,17247,-0.018511547616251452
17248,17248,-0.07916848329664039
17249,17249,-0.0898072006477775
17250,17250,-0.04698880015885246
17251,17251,-0.014459528936466487
17252,17252,-0.015525160075723615
17253,17253,-0.32761216660257925
17254,17254,-0.26574497664110014
17255,17255,-0.21333574417757495
17256,17256,-0.11105051444379024
17257,17257,-0.05140587736233351
17258,17258,-0.02474677024355693
17259,17259,-0.027019603164168612
17260,17260,-0.10488415924470136
17261,17261,-0.08001201793902712
17262,17262,-0.13676806154988544
17263,17263,-0.30724345550606
17264,17264,-0.03357907918725541
17265,17265,-0.013623482072124353
17266,17266,-0.16394291814427442
17267,17267,-0.05343958996563232
17268,17268,-0.08858668385264129
17269,17269,-0.06334396864704725
17270,17270,-0.034917982686102106
17271,17271,-0.014756957984472427
17272,17272,-0.011274060820827964
17273,17273,-0.00572222160086482
17274,17274,-0.002919420567462779
17275,17275,-0.008382496492160257
17276,17276,-0.3202733268509997
17277,17277,-0.0060487860299175125
17278,17278,-0.09436333485192094
17279,17279,-0.46131196338142233
17280,17280,-0.09112796342812955
17281,17281,-0.17420366695148928
17282,17282,-0.021236032108036988
17283,17283,-0.07863848622395408
17284,17284,-0.0007648025876112279
17285,17285,-0.06989831838307398
17286,17286,-0.06410640601493026
17287,17287,-0.041647371248032417
17288,17288,-0.010660944273722177
17289,17289,-0.03457962576109046
17290,17290,-0.1457930030021056
17291,17291,-0.015092548184300371
17292,17292,-0.13835132507162345
17293,17293,-0.15583013256796457
17294,17294,-0.14395655182899716
17295,17295,-0.0883059042051954
17296,17296,-0.06177645524814924
17297,17297,-0.3953100567142597
17298,17298,-0.4733756021050256
17299,17299,-0.007117711418519707
17300,17300,-0.016176285888228954
17301,17301,-0.20138669848891702
17302,17302,-0.05976217837793147
17303,17303,-0.13419934436699255
17304,17304,-0.0878393336420662
17305,17305,-0.02848052809861305
17306,17306,-0.049789974157766724
17307,17307,-0.04239912225864355
17308,17308,-0.0011066867331094017
17309,17309,-0.2210913547405579
17310,17310,-0.0033279401475997746
17311,17311,-0.1404811676943448
17312,17312,-0.1093908963156133
17313,17313,-0.08932123376120507
17314,17314,-0.11608230777447388
17315,17315,-0.046188183705134174
17316,17316,-0.036796729128287436
17317,17317,-0.3615571370635375
17318,17318,-0.012476074774963354
17319,17319,-0.14967680278726253
17320,17320,-0.11530762822219418
17321,17321,-0.07569206313756902
17322,17322,-0.04361008255318141
17323,17323,-0.008978253366895924
17324,17324,-0.06873718596385793
17325,17325,-0.09809757559403989
17326,17326,-0.05342146755843487
17327,17327,-0.1141812485732354
17328,17328,-0.007063598852922776
17329,17329,-0.034051704035075375
17330,17330,-0.22655892442263323
17331,17331,-0.030595633622734993
17332,17332,-0.002570053515275769
17333,17333,-3.137455201315399e-05
17334,17334,-0.025148507183374448
17335,17335,-0.03230788287700514
17336,17336,-0.09223170427130171
17337,17337,-0.17005426547244845
17338,17338,-0.06838668426528875
17339,17339,-0.02705937011757592
17340,17340,-0.27096486520310703
17341,17341,-0.12160004797864381
17342,17342,-0.03406500106530052
17343,17343,-0.08569813834412063
17344,17344,-0.05160937536078333
17345,17345,-0.1331640204839684
17346,17346,-0.031900611642184606
17347,17347,-0.00047871446226655813
17348,17348,-0.006898633516249218
17349,17349,-0.11064467018256156
17350,17350,-0.08936076897300156
17351,17351,-0.11553990611244655
17352,17352,-0.049809009675436305
17353,17353,-0.47917615778475736
17354,17354,-0.012392446268572702
17355,17355,-0.04687792158749719
17356,17356,-0.010681883247829165
17357,17357,-0.02931202671134255
17358,17358,-0.0672497676838106
17359,17359,-0.024156279593169867
17360,17360,-0.2870953385017698
17361,17361,-0.25111826046027874
17362,17362,-0.03088682857378457
17363,17363,-0.06195219054497758
17364,17364,-0.026770622922427663
17365,17365,-0.1438644310734648
17366,17366,-0.2321172014408076
17367,17367,-0.40842284099844683
17368,17368,-0.18631046737288728
17369,17369,-0.015418933667104551
17370,17370,-0.05279739817994712
17371,17371,-0.16318961914297303
17372,17372,-0.0578169614770242
17373,17373,-0.048936889942358765
17374,17374,-0.02571069695678654
17375,17375,-0.0254261950950048
17376,17376,-0.0006192559372413903
17377,17377,-0.10001621756824922
17378,17378,-0.06815739393626673
17379,17379,-0.19990857558108782
17380,17380,-0.0720191180330193
17381,17381,-0.0612267258936485
17382,17382,-0.01341412478017889
17383,17383,-0.005324025943536228
17384,17384,-0.031377143399068635
17385,17385,-0.2939165614705014
17386,17386,-0.08717241002115907
17387,17387,-0.09068128860309252
17388,17388,-0.05409187449854437
17389,17389,-0.004415778364491645
17390,17390,-0.00014810533013203322
17391,17391,-0.08389959918258286
17392,17392,-0.03906158568006146
17393,17393,-0.059770788774523534
17394,17394,-0.08794020079089356
17395,17395,-0.15361686372277694
17396,17396,-0.0036238167225550724
17397,17397,-0.027279584794106634
17398,17398,-0.12980017560823273
17399,17399,-0.06510850119793747
17400,17400,-0.10800140068569858
17401,17401,-0.06222420346629217
17402,17402,-0.1865381192146101
17403,17403,-0.07998182904232004
17404,17404,-0.17017115972740682
17405,17405,-0.15954015746545933
17406,17406,-0.25770898426589245
17407,17407,-0.04256688469466649
17408,17408,-0.04779510175347308
17409,17409,-0.21113659006213528
17410,17410,-0.002211456513838127
17411,17411,-0.04757673230471431
17412,17412,-0.20769084700280055
17413,17413,-0.08825529010202285
17414,17414,-0.02875463934464033
17415,17415,-0.08899826677078038
17416,17416,-0.018178783470111936
17417,17417,-0.12408011189979977
17418,17418,-0.00939227717359773
17419,17419,-0.034119263362605304
17420,17420,-0.2795259993125099
17421,17421,-0.05783255245674202
17422,17422,-0.14245601176404693
17423,17423,-0.051062855795833736
17424,17424,-0.10547237020217422
17425,17425,-0.09414765202123587
17426,17426,-0.011816738220555642
17427,17427,-0.09593913426787697
17428,17428,-0.0056135109956440485
17429,17429,-0.13583389460679288
17430,17430,-0.04622783961054208
17431,17431,-0.07745432169961916
17432,17432,-0.08740007449065422
17433,17433,-0.042273364251266585
17434,17434,-0.0027455990282022674
17435,17435,-0.06700789938018224
17436,17436,-0.08531837266572405
17437,17437,-0.08292209646741913
17438,17438,-0.018830991427595666
17439,17439,-0.17449372582952505
17440,17440,-0.13696366655080863
17441,17441,-0.14858271377212215
17442,17442,-0.08746092080911876
17443,17443,-0.07815148553983306
17444,17444,-0.47895981213440797
17445,17445,-0.04963501196002252
17446,17446,-0.1706888137015197
17447,17447,-0.1035133815478901
17448,17448,-0.19380851095666193
17449,17449,-0.001981744936751009
17450,17450,-0.037570813627082054
17451,17451,-0.33104588995250345
17452,17452,-0.11620146283841783
17453,17453,-0.03444349037450234
17454,17454,-0.2818290547104858
17455,17455,-0.011152169898875828
17456,17456,-0.015735161884468905
17457,17457,-0.0184140214062013
17458,17458,-0.040726162372084686
17459,17459,-0.09019335288457532
17460,17460,-0.0924470909350584
17461,17461,-0.15498218337085837
17462,17462,-0.01788938701523678
17463,17463,-0.05350398366311087
17464,17464,-0.0011766900655217503
17465,17465,-0.07773363104820177
17466,17466,-0.33181731290322425
17467,17467,-0.006236374507062593
17468,17468,-0.3173775693982097
17469,17469,-0.02780798456961258
17470,17470,-0.016634983918233027
17471,17471,-0.04611975602906142
17472,17472,-0.468151726549971
17473,17473,-0.0798474124427649
17474,17474,-0.04687530689687483
17475,17475,-0.0015948680372633172
17476,17476,-0.4864227929622349
17477,17477,-0.0004898146311403542
17478,17478,-0.044229779290420226
17479,17479,-0.029274045487899414
17480,17480,-0.12870471012290421
17481,17481,-0.010411145907519409
17482,17482,-0.05047774313169788
17483,17483,-0.05470150622156321
17484,17484,-0.0031262257701353277
17485,17485,-0.11069385499100334
17486,17486,-0.31231772379968253
17487,17487,-0.19094739609772754
17488,17488,-0.12565121489486675
17489,17489,-0.03634974430127983
17490,17490,-0.059716147579058326
17491,17491,-0.12902668107303156
17492,17492,-0.3668137915379799
17493,17493,-0.04641344777007152
17494,17494,-0.0751100456279526
17495,17495,-0.1344009630750801
17496,17496,-0.23979817194231404
17497,17497,-0.025358218309267815
17498,17498,-0.0809163240360357
17499,17499,-0.015351061077261861
17500,17500,-0.07075740266690672
17501,17501,-0.0598989742280432
17502,17502,-0.009758559861065308
17503,17503,-0.040931182025230675
17504,17504,-0.10434617597670232
17505,17505,-0.015636132418856294
17506,17506,-0.02730137927319898
17507,17507,-0.006675817339698847
17508,17508,-0.02770765124633733
17509,17509,-0.07762650766062333
17510,17510,-0.13487378939795833
17511,17511,-0.007027761369088366
17512,17512,-0.009760611397581486
17513,17513,-0.050370852099565294
17514,17514,-0.015763223871170743
17515,17515,-0.1526390942697841
17516,17516,-0.011566569261965566
17517,17517,-0.10217586973014792
17518,17518,-0.3757283220049157
17519,17519,-0.06266081502506635
17520,17520,-0.015153212051086292
17521,17521,-0.020481077929179185
17522,17522,-0.13229773842218154
17523,17523,-0.06664955447811327
17524,17524,-0.07061437118903635
17525,17525,-0.09353097449117358
17526,17526,-0.025937447143801168
17527,17527,-0.1009764726332115
17528,17528,-0.022770465400109727
17529,17529,-0.09590780762711838
17530,17530,-0.21456718661983037
17531,17531,-0.02205701464015196
17532,17532,-0.15858126864469574
17533,17533,-0.03620143576608319
17534,17534,-0.07357376926986259
17535,17535,-0.06925673516607778
17536,17536,-0.13513665541347505
17537,17537,-0.003790598199983632
17538,17538,-0.1496914734265968
17539,17539,-0.39776109904431745
17540,17540,-0.02893112638293055
17541,17541,-0.05834343247828379
17542,17542,-0.08897149923333666
17543,17543,-0.0021538230999768584
17544,17544,-0.06754658054011203
17545,17545,-0.01750725378299416
17546,17546,-0.0665183659394313
17547,17547,-0.3587524421134485
17548,17548,-0.3477919386161833
17549,17549,-0.12600410981837606
17550,17550,-0.0620699839697867
17551,17551,-0.06065800117959469
17552,17552,-0.06222216884162966
17553,17553,-0.01036106958252496
17554,17554,-0.171716390406066
17555,17555,-0.10947689647138287
17556,17556,-0.015809746257159016
17557,17557,-0.007576747324615519
17558,17558,-0.022510323631237353
17559,17559,-0.00023770059408739563
17560,17560,-0.1541231533398108
17561,17561,-0.07146886525167523
17562,17562,-0.25629214795161537
17563,17563,-0.05176968885897634
17564,17564,-0.04804307819477336
17565,17565,-0.017068906778877777
17566,17566,-0.16038967679800967
17567,17567,-0.09261235170755189
17568,17568,-0.009487043555352445
17569,17569,-0.07111926166327519
17570,17570,-0.010221495370046697
17571,17571,-0.1266532821287622
17572,17572,-0.13675641598073096
17573,17573,-0.0923018502342017
17574,17574,-0.03410593991835606
17575,17575,-0.058679961606492054
17576,17576,-0.21845418197246688
17577,17577,-0.09113932657523867
17578,17578,-0.03268757479138888
17579,17579,-0.14917135406798085
17580,17580,-0.04723148613326565
17581,17581,-0.13188642081197624
17582,17582,-0.0621672654627867
17583,17583,-0.03321295374801673
17584,17584,-0.09192568685122937
17585,17585,-0.016641330674535177
17586,17586,-0.00991715671068491
17587,17587,-0.053655415825730635
17588,17588,-0.08719160238214858
17589,17589,-0.12690172689831816
17590,17590,-0.18597954697115254
17591,17591,-0.0752316298813249
17592,17592,-0.09673897981918936
17593,17593,-0.11265713987287586
17594,17594,-0.02464773777275253
17595,17595,-0.13673180900302562
17596,17596,-0.0117521428566407
17597,17597,-0.1515140061967061
17598,17598,-0.06601112181644563
17599,17599,-0.08194989059752308
17600,17600,-0.053942487479109485
17601,17601,-0.005462020381719748
17602,17602,-0.13194975162541905
17603,17603,-0.01940425907335207
17604,17604,-0.014958707992150743
17605,17605,-0.014945281514308151
17606,17606,-0.08794962724243553
17607,17607,-0.10303798160741064
17608,17608,-0.2877116263242871
17609,17609,-0.16993721181759763
17610,17610,-0.025245316055606606
17611,17611,-0.04464816410340176
17612,17612,-0.00147930511550935
17613,17613,-0.00047513244137963994
17614,17614,-0.010140378223953236
17615,17615,-0.002691122688788493
17616,17616,-0.012006665241551228
17617,17617,-0.01674998353084681
17618,17618,-0.2672882814298996
17619,17619,-0.2829435353282421
17620,17620,-0.026270171118740374
17621,17621,-0.07779411322665175
17622,17622,-0.004896953917524934
17623,17623,-0.03930454279932563
17624,17624,-0.16484244526748093
17625,17625,-0.23592669396090812
17626,17626,-0.010580142212542266
17627,17627,-0.06380850205595628
17628,17628,-0.10207229827684357
17629,17629,-0.061491912304251245
17630,17630,-0.006897904051241414
17631,17631,-0.02896102857897149
17632,17632,-0.09119453242367294
17633,17633,-0.0381510969314283
17634,17634,-0.12040153054693858
17635,17635,-0.0407870684923225
17636,17636,-0.0013671777889151303
17637,17637,-0.04300701231905163
17638,17638,-0.012673485852696866
17639,17639,-0.029531600940725395
17640,17640,-0.14996806728159356
17641,17641,-0.15933179730166006
17642,17642,-0.07481167695326435
17643,17643,-0.024796642932939438
17644,17644,-0.28863967423774894
17645,17645,-0.1841120400219037
17646,17646,-0.08367286521528594
17647,17647,-0.10352726064253709
17648,17648,-0.06788977176299907
17649,17649,-0.10333517555495128
17650,17650,-0.028170686025480042
17651,17651,-0.07373613184195603
17652,17652,-0.06777777149976441
17653,17653,-0.007843101547577528
17654,17654,-0.06284275016893251
17655,17655,-0.02930407979239437
17656,17656,-0.029889778821114276
17657,17657,-0.18501936249613232
17658,17658,-0.042675630463638155
17659,17659,-0.08026576419759689
17660,17660,-0.12127342018205418
17661,17661,-0.16669061103787813
17662,17662,-0.19579961432736281
17663,17663,-0.25104062720270653
17664,17664,-0.03100774806828548
17665,17665,-0.06793536013866266
17666,17666,-0.12342542051449126
17667,17667,-2.3129672088964026e-05
17668,17668,-0.03649521503716884
17669,17669,-0.019472372311592052
17670,17670,-0.03166784038984727
17671,17671,-0.36626058208352114
17672,17672,-0.05051790209752735
17673,17673,-0.04441263868877442
17674,17674,-0.10905146325316704
17675,17675,-0.12249656981976731
17676,17676,-0.012703092753832192
17677,17677,-0.04105509657099929
17678,17678,-0.08002518738470632
17679,17679,-0.04813166541105874
17680,17680,-0.16763544805949968
17681,17681,-0.07201874137520341
17682,17682,-0.1307476922054124
17683,17683,-0.09527750671415611
17684,17684,-0.2162273453410022
17685,17685,-0.0802116665613473
17686,17686,-0.0279328293608273
17687,17687,-0.057458976134923574
17688,17688,-0.019503992692344985
17689,17689,-0.059615567955057895
17690,17690,-0.19160105882761094
17691,17691,-0.056616781528532716
17692,17692,-0.2988181850121979
17693,17693,-0.20479691608795225
17694,17694,-0.045502695512210485
17695,17695,-0.016773347043998577
17696,17696,-0.019460902554841387
17697,17697,-0.26324145115983566
17698,17698,-0.1641640402073634
17699,17699,-0.01936705713199093
17700,17700,-0.06978596682349712
17701,17701,-0.2557924359801459
17702,17702,-0.022080756223352562
17703,17703,-0.09998388045062538
17704,17704,-0.07553942631051193
17705,17705,-0.04139301186998877
17706,17706,-0.14404385057702235
17707,17707,-0.052806452081769206
17708,17708,-0.016702968651281565
17709,17709,-0.0711738786906592
17710,17710,-0.0653723375102384
17711,17711,-0.10693127593548284
17712,17712,-0.016533832727296714
17713,17713,-0.05780505501328363
17714,17714,-0.02010984506604671
17715,17715,-0.16759184233296578
17716,17716,-0.0011484156571080436
17717,17717,-0.3153978237811054
17718,17718,-0.03144556070418974
17719,17719,-0.2283884956247839
17720,17720,-0.015303463977656459
17721,17721,-0.09652912728331521
17722,17722,-0.021280255888784953
17723,17723,-0.06465616799637781
17724,17724,-0.10262375765093033
17725,17725,-0.03619625148876098
17726,17726,-0.08481636419910757
17727,17727,-0.014464849047580103
17728,17728,-0.051846643446861546
17729,17729,-0.09490119925001385
17730,17730,-0.001968310676985507
17731,17731,-0.05327796702165043
17732,17732,-0.020011374710361445
17733,17733,-0.02882171090782884
17734,17734,-0.11174165454203491
17735,17735,-0.06523422441622456
17736,17736,-0.08299634077963079
17737,17737,-0.03871123261102494
17738,17738,-0.01854546725023628
17739,17739,-0.04350308915657629
17740,17740,-0.07461539032839291
17741,17741,-0.03139970926605993
17742,17742,-0.07010525770502514
17743,17743,-0.006885084826800154
17744,17744,-0.050576796838054744
17745,17745,-0.14147735279003973
17746,17746,-0.07045052640244287
17747,17747,-0.13121398363236797
17748,17748,-0.0708255435581728
17749,17749,-0.061852718806283534
17750,17750,-0.05398072749082065
17751,17751,-0.06983429612347952
17752,17752,-0.059615565218564315
17753,17753,-0.0698055393653913
17754,17754,-0.02989804806173846
17755,17755,-0.17203117462159434
17756,17756,-0.15515321350990208
17757,17757,-0.3048931852675433
17758,17758,-0.07434732618656727
17759,17759,-0.0037664590558544944
17760,17760,-0.1376931256533581
17761,17761,-0.07536239376095218
17762,17762,-0.18799287616951832
17763,17763,-0.14822689288891727
17764,17764,-0.009782579543653969
17765,17765,-0.29518306008162265
17766,17766,-0.018599321193913013
17767,17767,-0.01709331760419786
17768,17768,-0.025264194005080495
17769,17769,-0.09946039952196152
17770,17770,-0.016175088360374325
17771,17771,-0.032690547734120626
17772,17772,-0.018990499995639325
17773,17773,-0.0684979479523686
17774,17774,-0.03307791422440416
17775,17775,-0.029539463705614822
17776,17776,-0.050294332957729705
17777,17777,-0.07688364488483294
17778,17778,-0.18939624255034607
17779,17779,-0.034985151422558626
17780,17780,-0.048314569312004244
17781,17781,-0.19798165944599896
17782,17782,-0.16066326627378366
17783,17783,-0.049520527690781205
17784,17784,-0.0008939455479548804
17785,17785,-0.052554180061110206
17786,17786,-0.1792122986638052
17787,17787,-0.16379536709264644
17788,17788,-0.3334587995515688
17789,17789,-0.20760959051952266
17790,17790,-0.15062605647858773
17791,17791,-0.08504387278842936
17792,17792,-0.09080055979363592
17793,17793,-0.012542086618566328
17794,17794,-0.04825071628049939
17795,17795,-0.019288815574110635
17796,17796,-0.03277128745557127
17797,17797,-0.03278719375683253
17798,17798,-0.04032613299597186
17799,17799,-0.08796172956072291
17800,17800,-0.03617324646699023
17801,17801,-0.15967662172546568
17802,17802,-0.25212777147140025
17803,17803,-0.05370465837726006
17804,17804,-0.007093010236631189
17805,17805,-0.14806496699215296
17806,17806,-0.021393155607641864
17807,17807,-0.016343158556466775
17808,17808,-0.08592603679966854
17809,17809,-0.030735951417261646
17810,17810,-0.006596869166039606
17811,17811,-0.07825240987281232
17812,17812,-0.08652190665081358
17813,17813,-0.011043800118987724
17814,17814,-0.19324901508522055
17815,17815,-0.031994870591995635
17816,17816,-0.34008429719873956
17817,17817,-0.013865615484714811
17818,17818,-0.12248672944459092
17819,17819,-0.11936881652168346
17820,17820,-0.049174648568209044
17821,17821,-0.08243252240398438
17822,17822,-0.06105262915571512
17823,17823,-0.11532563644729274
17824,17824,-0.26802685845711904
17825,17825,-0.20440124192639933
17826,17826,-0.03398756109355203
17827,17827,-0.18188105258889117
17828,17828,-0.06358723198954516
17829,17829,-0.07400239443751104
17830,17830,-0.008887199424556468
17831,17831,-0.10074582243626204
17832,17832,-0.12587405775823365
17833,17833,-0.02277791185139829
17834,17834,-0.04711467882460341
17835,17835,-0.09920950435405165
17836,17836,-0.019246238002884525
17837,17837,-0.04784699223952746
17838,17838,-0.027073268576016312
17839,17839,-0.011968080231407396
17840,17840,-0.004764490367090033
17841,17841,-0.2454173601832971
17842,17842,-0.18393451226497265
17843,17843,-0.08056624762525809
17844,17844,-0.14469770445281516
17845,17845,-0.0015756334862161436
17846,17846,-0.01959612299660017
17847,17847,-0.3796158063559265
17848,17848,-0.0012118344143058051
17849,17849,-0.21993644712902477
17850,17850,-0.02951893603112192
17851,17851,-0.11344610430000199
17852,17852,-0.05358087549194818
17853,17853,-0.13282726889535787
17854,17854,-0.183433103282085
17855,17855,-0.036229603672209114
17856,17856,-0.15211620432421227
17857,17857,-0.042919379830477514
17858,17858,-0.0422727649115167
17859,17859,-0.09347436962413193
17860,17860,-0.12904372086561067
17861,17861,-0.06820612421953522
17862,17862,-0.09705187073332425
17863,17863,-0.07150826623582411
17864,17864,-0.06798429754799372
17865,17865,-0.19207457982489715
17866,17866,-0.08713875056040361
17867,17867,-0.04963373658306821
17868,17868,-0.0030521182717247516
17869,17869,-0.029123320294428573
17870,17870,-0.18945436254072234
17871,17871,-0.059024699974148415
17872,17872,-0.14152183909952312
17873,17873,-0.3205554720295518
17874,17874,-0.09736333947982319
17875,17875,-0.1609685817693812
17876,17876,-0.005364202513724238
17877,17877,-0.11083380633871891
17878,17878,-0.1385392847271112
17879,17879,-0.03289345266578087
17880,17880,-0.2331426797060538
17881,17881,-0.06270184662075493
17882,17882,-0.06337936215174647
17883,17883,-0.02762900582369359
17884,17884,-0.09245301861237669
17885,17885,-0.033140585265803435
17886,17886,-0.04480217945402096
17887,17887,-0.03861408958278493
17888,17888,-0.24245621671674564
17889,17889,-0.028966087507595654
17890,17890,-0.0959040908921798
17891,17891,-0.2639145271827574
17892,17892,-0.3008802604331599
17893,17893,-0.15836373523473357
17894,17894,-0.027706774192386298
17895,17895,-0.07192021930388194
17896,17896,-0.11411877475752148
17897,17897,-0.07953550132993749
17898,17898,-0.11097198845225512
17899,17899,-0.11798571378581967
17900,17900,-0.1644882782930117
17901,17901,-0.13896297349250775
17902,17902,-0.07443556978798802
17903,17903,-0.05489146487510661
17904,17904,-0.004468117369990694
17905,17905,-0.09977376927675885
17906,17906,-0.21903980562862907
17907,17907,-0.004698973541625923
17908,17908,-0.07077844916030476
17909,17909,-0.06476766810563583
17910,17910,-0.16645139714692522
17911,17911,-0.01234698380179164
17912,17912,-0.032671058000223796
17913,17913,-0.16001799019099408
17914,17914,-0.04489095235635469
17915,17915,-0.04114939299483804
17916,17916,-0.11180111311657073
17917,17917,-0.25884941247005944
17918,17918,-0.004142980778289978
17919,17919,-0.3024874382028979
17920,17920,-0.15239221260537297
17921,17921,-0.03863331435992101
17922,17922,-0.003641680200160077
17923,17923,-0.08237126980182133
17924,17924,-0.027299382800957343
17925,17925,-0.022911906201864174
17926,17926,-0.018049220364131008
17927,17927,-0.26704918774291264
17928,17928,-0.04066899707183993
17929,17929,-0.052683530285739306
17930,17930,-0.005110146907136218
17931,17931,-0.0376886490157264
17932,17932,-0.00347930121554478
17933,17933,-0.11619987042160432
17934,17934,-0.08800591461588805
17935,17935,-0.047970339722626806
17936,17936,-0.009672032883879227
17937,17937,-0.08843145659992646
17938,17938,-0.014271728190477449
17939,17939,-0.026210760563164553
17940,17940,-0.2321563979503387
17941,17941,-0.0817518237681163
17942,17942,-0.09485568111523963
17943,17943,-0.03501103660410968
17944,17944,-0.16055617528461766
17945,17945,-0.014279494141173807
17946,17946,-0.06371602396137716
17947,17947,-0.23607133488836707
17948,17948,-0.005902906882474733
17949,17949,-0.07340965196243965
17950,17950,-0.01305306032139892
17951,17951,-0.18098296201170955
17952,17952,-0.009842498807663653
17953,17953,-0.20775144200508713
17954,17954,-0.16517831937818556
17955,17955,-0.31053600747328536
17956,17956,-0.1335187187664207
17957,17957,-0.13322012785136295
17958,17958,-0.26221990356274694
17959,17959,-0.00011017198029903059
17960,17960,-0.3858420580663968
17961,17961,-0.2119609744916225
17962,17962,-0.02200724928549015
17963,17963,-0.013330747845732228
17964,17964,-0.11534904755662112
17965,17965,-0.2024211213776263
17966,17966,-0.03348232477596349
17967,17967,-0.0011544995241148754
17968,17968,-0.014712754957489646
17969,17969,-0.10308732290373127
17970,17970,-0.3537390040704963
17971,17971,-0.32855318861236515
17972,17972,-0.04076177607404379
17973,17973,-0.09115943653633067
17974,17974,-0.134405943441185
17975,17975,-0.07050599395824489
17976,17976,-0.016360866160906384
17977,17977,-0.11646547964540442
17978,17978,-0.07675299312030007
17979,17979,-0.15181104012262697
17980,17980,-0.02265946354760583
17981,17981,-0.1971628487409921
17982,17982,-0.020981960750515484
17983,17983,-0.05063740698664939
17984,17984,-0.016306641941792814
17985,17985,-0.0662508429210768
17986,17986,-0.013928541694501478
17987,17987,-0.0031529062689153405
17988,17988,-0.006646811891483757
17989,17989,-0.08108902592056491
17990,17990,-0.06655514231758707
17991,17991,-0.05478334937683588
17992,17992,-0.0019067873787125822
17993,17993,-0.018947051881487886
17994,17994,-0.030535756570047222
17995,17995,-0.23586991072842733
17996,17996,-0.014434699167086439
17997,17997,-0.1682167009875369
17998,17998,-0.01213168755833872
17999,17999,-0.1299832597951565
18000,18000,-0.03443787787005067
18001,18001,-0.06874336564151685
18002,18002,-0.017743873221680525
18003,18003,-0.935490257747655
18004,18004,-0.019566271392221262
18005,18005,-0.009510229103769327
18006,18006,-0.10091441798937263
18007,18007,-0.19893972334358745
18008,18008,-0.04058264521042628
18009,18009,-0.04896541205826572
18010,18010,-0.04622161495939455
18011,18011,-0.0366189920663117
18012,18012,-0.19606340113322904
18013,18013,-0.34802748633177605
18014,18014,-0.03189383756016282
18015,18015,-0.14163356807043437
18016,18016,-0.01871100868189421
18017,18017,-0.01528322739996365
18018,18018,-0.061069220140425096
18019,18019,-0.07135138451885892
18020,18020,-0.08176247239120824
18021,18021,-0.046870108169573405
18022,18022,-0.005300945584241248
18023,18023,-0.04479993572773338
18024,18024,-0.011889005751494479
18025,18025,-0.014456167656720347
18026,18026,-0.03981539961530608
18027,18027,-0.0716807154363289
18028,18028,-0.10299360179078555
18029,18029,-0.20815633306487677
18030,18030,-0.03641992424800399
18031,18031,-0.15203505705491224
18032,18032,-0.19555719629686563
18033,18033,-0.0218682960121826
18034,18034,-0.24647852672220227
18035,18035,-0.01570258504211723
18036,18036,-0.029465917275539315
18037,18037,-0.011423840116845274
18038,18038,-0.11858895174656564
18039,18039,-0.06543920813445489
18040,18040,-0.05001347910553881
18041,18041,-0.019889369015624648
18042,18042,-0.13580923397907563
18043,18043,-0.13025152089818132
18044,18044,-0.0031174788266690335
18045,18045,-0.08607586474539314
18046,18046,-0.1082497143223026
18047,18047,-0.04376652638651799
18048,18048,-0.05836572427053904
18049,18049,-0.027194902614948155
18050,18050,-0.041193695118848454
18051,18051,-0.16912476812337207
18052,18052,-0.04076416364717482
18053,18053,-0.008784031466459761
18054,18054,-0.0068926043754818055
18055,18055,-0.03105073775205204
18056,18056,-0.21777994960084335
18057,18057,-0.3557474189940303
18058,18058,-0.08669610529530605
18059,18059,-0.045124131737743656
18060,18060,-0.06438459176654443
18061,18061,-0.0006595270386059263
18062,18062,-0.40581895063593876
18063,18063,-0.019410521660264576
18064,18064,-0.023303387813590003
18065,18065,-0.050128307425841
18066,18066,-0.06808079184734142
18067,18067,-0.1500232924982487
18068,18068,-0.10486583339130814
18069,18069,-0.07746145864452068
18070,18070,-0.04586696932006609
18071,18071,-0.0893315333774693
18072,18072,-0.012370054637366975
18073,18073,-0.20198237659724724
18074,18074,-0.0002446614904776269
18075,18075,-0.18480959330507413
18076,18076,-0.0036522171765209837
18077,18077,-0.02339053639788792
18078,18078,-0.1725433250251308
18079,18079,-0.19831326857192286
18080,18080,-0.2197520855472655
18081,18081,-0.03279888320030194
18082,18082,-0.0830129116234878
18083,18083,-0.1074217427236842
18084,18084,-0.0022939397688955575
18085,18085,-0.21772641844590582
18086,18086,-0.1720764917134327
18087,18087,-0.048992498080712654
18088,18088,-0.02807377511816518
18089,18089,-0.11187640908509511
18090,18090,-0.002298694865615829
18091,18091,-0.02678022615704214
18092,18092,-0.0848578612165255
18093,18093,-0.14493944428711183
18094,18094,-0.0546190152400674
18095,18095,-0.18062108514288835
18096,18096,-0.08544383697204162
18097,18097,-0.022150019936973315
18098,18098,-0.0026580148604579646
18099,18099,-0.08690941805041047
18100,18100,-0.06137729712124986
18101,18101,-0.0036795461176073177
18102,18102,-0.07363989894843853
18103,18103,-0.09404551588457519
18104,18104,-0.054477665273321096
18105,18105,-0.004602097648589798
18106,18106,-0.04135581091722293
18107,18107,-0.010281323400244716
18108,18108,-0.026829348983376168
18109,18109,-0.017938080221020572
18110,18110,-0.13393710879611048
18111,18111,-0.22425332844132811
18112,18112,-0.17745962533357298
18113,18113,-0.07026204165577947
18114,18114,-0.04289188355326656
18115,18115,-0.07897389256396231
18116,18116,-0.08386732355769468
18117,18117,-0.03160376993504248
18118,18118,-0.053172839463331865
18119,18119,-0.04202437326066976
18120,18120,-0.10909180890231501
18121,18121,-0.05258821794273136
18122,18122,-0.035540127337507756
18123,18123,-0.011102595206998625
18124,18124,-0.14446969078820157
18125,18125,-0.06315721574882181
18126,18126,-0.06636168378460354
18127,18127,-0.09479776387730326
18128,18128,-0.023241077349400653
18129,18129,-0.058560696036131954
18130,18130,-0.1045183564713959
18131,18131,-0.12482536502611986
18132,18132,-0.0829614733911681
18133,18133,-0.14793988955876702
18134,18134,-0.08557277974341956
18135,18135,-0.05483961141121781
18136,18136,-0.013291396130126247
18137,18137,-0.028533125642375194
18138,18138,-0.18462344514283707
18139,18139,-0.0041252828024104975
18140,18140,-0.06812318496883298
18141,18141,-0.10453651653755544
18142,18142,-0.026215377663148538
18143,18143,-0.02206865705308027
18144,18144,-0.18035552900895752
18145,18145,-0.01773352851442511
18146,18146,-0.06988584934906203
18147,18147,-0.14829054762984673
18148,18148,-0.06858921752682597
18149,18149,-0.07079388200917829
18150,18150,-0.1280883433144761
18151,18151,-0.11007787576960655
18152,18152,-0.07753917033646016
18153,18153,-0.08181582618304349
18154,18154,-0.020490674526080783
18155,18155,-0.014801438199992812
18156,18156,-0.0012277452642868896
18157,18157,-0.04056981993717597
18158,18158,-0.020983743551050885
18159,18159,-0.021497781016841744
18160,18160,-0.01992468750833598
18161,18161,-0.010786374556086005
18162,18162,-0.3007986155124791
18163,18163,-0.07563525765317002
18164,18164,-0.013040836953454154
18165,18165,-0.06738201097440509
18166,18166,-0.01727076480158347
18167,18167,-0.04171372809431879
18168,18168,-0.04741688184113067
18169,18169,-0.004640574282515348
18170,18170,-0.14164358801465982
18171,18171,-0.1434925866601716
18172,18172,-0.006105612492873905
18173,18173,-0.12790270373707113
18174,18174,-0.05953084231069979
18175,18175,-0.07168207725113876
18176,18176,-0.009816070397864004
18177,18177,-0.10600014108439115
18178,18178,-0.20539089835034594
18179,18179,-0.4671195217666989
18180,18180,-0.08501130583532056
18181,18181,-0.011994289861417977
18182,18182,-0.18746285541774324
18183,18183,-0.08149030455710746
18184,18184,-0.04499107949712175
18185,18185,-0.09226345594268939
18186,18186,-0.030360331625424914
18187,18187,-0.1222402903180932
18188,18188,-0.07175192191524847
18189,18189,-0.1239827376269908
18190,18190,-0.10522617897673635
18191,18191,-0.038905836138690024
18192,18192,-0.005102605964735177
18193,18193,-0.0050726478903900755
18194,18194,-0.47788961955026166
18195,18195,-0.21573268798055906
18196,18196,-0.004824820673401784
18197,18197,-0.04853833036237605
18198,18198,-0.04709449488489303
18199,18199,-0.028320653383775832
18200,18200,-0.045650350743917635
18201,18201,-0.02127093104972824
18202,18202,-0.025046544200749872
18203,18203,-0.04030042444823631
18204,18204,-0.024313485308508267
18205,18205,-0.037184123549886455
18206,18206,-0.014362206543706488
18207,18207,-0.06293387247558234
18208,18208,-0.06321909520281503
18209,18209,-0.03784381022825392
18210,18210,-0.07635972165359074
18211,18211,-0.012901506009927385
18212,18212,-0.0193411490757922
18213,18213,-0.061229591459978784
18214,18214,-0.15655754776874467
18215,18215,-0.013906123617922029
18216,18216,-0.1366713735595214
18217,18217,-0.05229888014771208
18218,18218,-0.07842306850365663
18219,18219,-5.052749636696594
18220,18220,-0.051093063199427025
18221,18221,-0.00880585302820842
18222,18222,-0.007701224454485537
18223,18223,-0.265768502710562
18224,18224,-0.06614346408538992
18225,18225,-0.0475116058231749
18226,18226,-0.010842365154545095
18227,18227,-0.1939585326160166
18228,18228,-0.08442232114081091
18229,18229,-0.16153751601081326
18230,18230,-0.11038515275536637
18231,18231,-0.038782447294612124
18232,18232,-0.020162468866354522
18233,18233,-0.0597478176958383
18234,18234,-0.21593708093777045
18235,18235,-0.0646084917115293
18236,18236,-0.05216527965514038
18237,18237,-0.027916056949323975
18238,18238,-0.034947207824402485
18239,18239,-0.05734669724271034
18240,18240,-0.1998576300554435
18241,18241,-0.013409289463710231
18242,18242,-0.08277284701905302
18243,18243,-0.03508722107120768
18244,18244,-0.011314561995022579
18245,18245,-0.03418149409671782
18246,18246,-0.04461609114214834
18247,18247,-0.014365991168472701
18248,18248,-0.21944267381339969
18249,18249,-0.0076469471323047005
18250,18250,-0.06455636623325979
18251,18251,-0.010329624608851779
18252,18252,-0.054955080822038926
18253,18253,-0.020122905820004935
18254,18254,-0.058363424162836845
18255,18255,-0.0026779739337043926
18256,18256,-0.09856389534512
18257,18257,-0.3281036995373542
18258,18258,-0.03779006853758919
18259,18259,-0.10583505276529882
18260,18260,-0.10201398599404712
18261,18261,-0.00025447572083236433
18262,18262,-0.25860782852971914
18263,18263,-0.026359041116490723
18264,18264,-0.16755759926606392
18265,18265,-0.01236181458651022
18266,18266,-0.20442675724189885
18267,18267,-0.03326027804623574
18268,18268,-0.09633768517147893
18269,18269,-0.17495099366676703
18270,18270,-0.17728636171499607
18271,18271,-0.0506554868835874
18272,18272,-0.055755802462467495
18273,18273,-0.07440594916013388
18274,18274,-0.07251569577833987
18275,18275,-0.00312543124685824
18276,18276,-0.02722065669401399
18277,18277,-0.1865215530472898
18278,18278,-0.1619560716638477
18279,18279,-0.028371536487010483
18280,18280,-0.1137174342973837
18281,18281,-0.050822192346078376
18282,18282,-0.01667360545974872
18283,18283,-0.07216528229980336
18284,18284,-0.05047858355310926
18285,18285,-0.1250107283233427
18286,18286,-0.19361190534736475
18287,18287,-0.07267152852868507
18288,18288,-0.008293903671759058
18289,18289,-0.04841953033464598
18290,18290,-0.028591902453601416
18291,18291,-0.01667769611349471
18292,18292,-0.0972200204803495
18293,18293,-0.09068770647493475
18294,18294,-0.06139784414015456
18295,18295,-0.09641489983641545
18296,18296,-0.008039771833687811
18297,18297,-0.15048504169586688
18298,18298,-0.0013156787579506198
18299,18299,-0.16163675374865746
18300,18300,-0.016782148877432675
18301,18301,-0.035881822662664355
18302,18302,-0.0836316373375539
18303,18303,-0.03419811059903668
18304,18304,-0.017950112760270004
18305,18305,-0.09022257219874656
18306,18306,-0.09857617694575307
18307,18307,-0.012233704939255872
18308,18308,-0.14819294616220735
18309,18309,-0.038333017289584964
18310,18310,-0.0767276630098825
18311,18311,-0.09478920320361695
18312,18312,-0.020377104973842812
18313,18313,-0.08164007735844882
18314,18314,-0.017627555917268344
18315,18315,-0.0022721054840476778
18316,18316,-0.04409670740277602
18317,18317,-0.21234211230071764
18318,18318,-0.2692872952301755
18319,18319,-0.08030433148820398
18320,18320,-0.1713273368958568
18321,18321,-0.12948682309117354
18322,18322,-0.45270244437757445
18323,18323,-0.054452725891977555
18324,18324,-0.03144329680844995
18325,18325,-0.10304757936379885
18326,18326,-0.015188164453796484
18327,18327,-0.016057484594659034
18328,18328,-0.035958260151978325
18329,18329,-0.015181846282210424
18330,18330,-0.14225876417548583
18331,18331,-0.11825803309471629
18332,18332,-0.2830338247271953
18333,18333,-0.04273632766664143
18334,18334,-0.12213119677931367
18335,18335,-0.21992944238918988
18336,18336,-0.04488023047235154
18337,18337,-0.06256805354557339
18338,18338,-0.002174306492039992
18339,18339,-0.016582941968342105
18340,18340,-0.1728286118130789
18341,18341,-0.052073300683481046
18342,18342,-0.165338579112892
18343,18343,-0.14305498146286386
18344,18344,-0.13460751068476626
18345,18345,-0.004811149746828248
18346,18346,-0.22683871131231909
18347,18347,-0.7089582793921186
18348,18348,-0.056807856530483286
18349,18349,-0.10594469190478306
18350,18350,-0.19916471446440215
18351,18351,-0.11930863422677705
18352,18352,-0.18466573742587022
18353,18353,-0.08399778988969683
18354,18354,-0.05521966703942414
18355,18355,-0.052261965477568964
18356,18356,-0.07592722125141518
18357,18357,-0.056526715594940394
18358,18358,-0.006595076693216704
18359,18359,-0.01596813836753692
18360,18360,-0.1125803352097724
18361,18361,-0.00591466744668028
18362,18362,-0.09440356444660082
18363,18363,-0.006207869215444767
18364,18364,-0.04064979149243258
18365,18365,-0.03939684078045272
18366,18366,-0.006804883971091592
18367,18367,-0.30432462727070275
18368,18368,-0.016869288179217616
18369,18369,-0.11081233326903647
18370,18370,-0.06290394004152138
18371,18371,-0.07079799088190056
18372,18372,-0.17650343004528643
18373,18373,-0.09474745451707556
18374,18374,-0.0682766752541461
18375,18375,-0.030556551272867122
18376,18376,-0.07137218393967382
18377,18377,-0.23744614826669666
18378,18378,-0.07326269704430555
18379,18379,-0.2966171582138169
18380,18380,-0.1568142143456348
18381,18381,-0.08144473546803171
18382,18382,-0.24504032031801812
18383,18383,-0.17778508564400675
18384,18384,-0.06601858254701465
18385,18385,-0.00783074639978817
18386,18386,-0.13155425387278702
18387,18387,-0.2597400386904186
18388,18388,-0.13418433787286174
18389,18389,-0.11452076283449507
18390,18390,-0.09089169743255382
18391,18391,-0.02889327367179177
18392,18392,-0.0075829032405211804
18393,18393,-0.08162963579200001
18394,18394,-0.13452342015699695
18395,18395,-0.06692427697516887
18396,18396,-0.2048701102599815
18397,18397,-0.030486547079420407
18398,18398,-0.02181125532579963
18399,18399,-0.10528076428390423
18400,18400,-0.16589175831529146
18401,18401,-0.07067967831172373
18402,18402,-0.20115512420347667
18403,18403,-0.29356906442845343
18404,18404,-0.02130281898665889
18405,18405,-0.03748961889903964
18406,18406,-0.060769488511485614
18407,18407,-0.045058162305442934
18408,18408,-0.31408268245699356
18409,18409,-0.0791640513826894
18410,18410,-0.007719610584700094
18411,18411,-0.02920776744370316
18412,18412,-0.016269599469133655
18413,18413,-0.20669664833741502
18414,18414,-0.004587266364672338
18415,18415,-0.24957221727377138
18416,18416,-0.20994453298897742
18417,18417,-0.09216650839536077
18418,18418,-0.023132455105701485
18419,18419,-0.3257564655680235
18420,18420,-0.26651986509962755
18421,18421,-0.017942036197986688
18422,18422,-0.16853742122556017
18423,18423,-0.18093022803506623
18424,18424,-0.06209244857587426
18425,18425,-0.13744111983386448
18426,18426,-0.00594603876544025
18427,18427,-0.051419085949267265
18428,18428,-0.03834312085604332
18429,18429,-0.09164848265416253
18430,18430,-0.04974206627667879
18431,18431,-0.1520975456691201
18432,18432,-0.05068882146228075
18433,18433,-0.005096705062482329
18434,18434,-0.019450728182979472
18435,18435,-0.028157056516267924
18436,18436,-0.08621918976086998
18437,18437,-0.38122388713523925
18438,18438,-0.018738952531233723
18439,18439,-0.09565759434254095
18440,18440,-0.19433393757064973
18441,18441,-0.016380873580141595
18442,18442,-0.04403722693507502
18443,18443,-0.09859961740291583
18444,18444,-0.16833889902007365
18445,18445,-0.03152593833678061
18446,18446,-0.0119504472404753
18447,18447,-0.010644508529820336
18448,18448,-0.02371037219303316
18449,18449,-0.1039977170881994
18450,18450,-0.25599107049712005
18451,18451,-0.02626666157719002
18452,18452,-0.1134191316388487
18453,18453,-0.053073728768954234
18454,18454,-0.02370790130852107
18455,18455,-0.0005035330148465249
18456,18456,-0.06934975319277499
18457,18457,-0.11197592330791717
18458,18458,-0.030398046612986042
18459,18459,-0.09942319084858786
18460,18460,-0.04698165633771094
18461,18461,-0.10406374452223613
18462,18462,-0.010575614715491932
18463,18463,-0.005670891240219811
18464,18464,-0.14612263250837615
18465,18465,-0.01588692694799819
18466,18466,-0.10943456158386503
18467,18467,-0.020811278034595947
18468,18468,-0.017807470827874563
18469,18469,-0.1523239693552779
18470,18470,-0.007471827756421894
18471,18471,-0.14360904752391715
18472,18472,-0.23537007705261256
18473,18473,-0.021752277369742855
18474,18474,-0.14228405184912862
18475,18475,-0.4737687131681144
18476,18476,-0.11310525421353339
18477,18477,-0.0011612253821265297
18478,18478,-0.07254049345582672
18479,18479,-0.15448563231746734
18480,18480,-0.12313703435989225
18481,18481,-0.13459867285921148
18482,18482,-0.04483219029562742
18483,18483,-0.04006340768538995
18484,18484,-0.005241200037190781
18485,18485,-0.02117408549539178
18486,18486,-0.1363125974470467
18487,18487,-0.12054860269002309
18488,18488,-0.02226940565761896
18489,18489,-0.16765433550017952
18490,18490,-0.19516069967121338
18491,18491,-0.10608608879283088
18492,18492,-0.0031196263733012965
18493,18493,-0.006544623983812834
18494,18494,-0.06078613610975396
18495,18495,-0.0037354821621467466
18496,18496,-0.043454674776400054
18497,18497,-0.009806403051455189
18498,18498,-0.041816440990100595
18499,18499,-0.025328307969101363
18500,18500,-0.06254132350352151
18501,18501,-0.039930783420547344
18502,18502,-0.04236164193198949
18503,18503,-0.17821289533986906
18504,18504,-0.033089850073900265
18505,18505,-0.18484195543440846
18506,18506,-0.08801524312178807
18507,18507,-0.058473726022827216
18508,18508,-0.07967176241857706
18509,18509,-0.0005527883192607576
18510,18510,-0.0414612532509464
18511,18511,-0.15565724803503395
18512,18512,-0.005298478027139477
18513,18513,-0.01711250433937287
18514,18514,-0.03309401391631081
18515,18515,-0.04245083343885228
18516,18516,-0.00517408474202929
18517,18517,-0.0005347691231335866
18518,18518,-0.004671854486134975
18519,18519,-0.05227432222474973
18520,18520,-0.17129519151784817
18521,18521,-0.34976167936007635
18522,18522,-0.036292452392467596
18523,18523,-0.09647726837837078
18524,18524,-0.007148705971216638
18525,18525,-0.13562835948308682
18526,18526,-0.030368053432659012
18527,18527,-0.043476827977274896
18528,18528,-0.01496828219376045
18529,18529,-0.10574865419287117
18530,18530,-0.03589400979762611
18531,18531,-0.10135825891864839
18532,18532,-0.03460099764339422
18533,18533,-0.08107144091309049
18534,18534,-0.13877228430519017
18535,18535,-0.10806288547661247
18536,18536,-0.0023756754981435453
18537,18537,-0.14371228383396456
18538,18538,-0.2741382267122877
18539,18539,-0.05097467470008593
18540,18540,-0.15754525518738716
18541,18541,-0.10001367702552087
18542,18542,-0.06254612406265284
18543,18543,-0.0330453319790572
18544,18544,-0.09137683535122176
18545,18545,-0.33795918690376037
18546,18546,-0.06204149710611293
18547,18547,-0.006222708902333436
18548,18548,-0.023874041781181108
18549,18549,-0.2379661350415892
18550,18550,-0.09942995600951973
18551,18551,-0.014182357224309963
18552,18552,-0.0029310356678516614
18553,18553,-0.000158375528173588
18554,18554,-0.04615041180357745
18555,18555,-0.0705659974512178
18556,18556,-0.009423909460840782
18557,18557,-0.3701081767747224
18558,18558,-0.19790306900795518
18559,18559,-0.21699341958704832
18560,18560,-0.1960875100485498
18561,18561,-0.14439394548031648
18562,18562,-0.028343122127681065
18563,18563,-0.04199648993618396
18564,18564,-0.07028498159127727
18565,18565,-0.08418892222315114
18566,18566,-0.18240976496806366
18567,18567,-0.14303850253640044
18568,18568,-0.1679492770854014
18569,18569,-0.019498226048439635
18570,18570,-0.09518587662576761
18571,18571,-0.09340807429918349
18572,18572,-0.07198715869544157
18573,18573,-0.049261818253847775
18574,18574,-0.1498649826836463
18575,18575,-0.19779353908977548
18576,18576,-0.031207569065052728
18577,18577,-0.10593198341573176
18578,18578,-0.12689782558240084
18579,18579,-0.2588756519308849
18580,18580,-0.11117840727957007
18581,18581,-0.16944972968664304
18582,18582,-0.004632580270955145
18583,18583,-0.17837942519224592
18584,18584,-0.009137594354258862
18585,18585,-0.13069205157348315
18586,18586,-0.14070451305988646
18587,18587,-0.021686351878031918
18588,18588,-0.011298642220905934
18589,18589,-0.031918842501338175
18590,18590,-0.05736482400313516
18591,18591,-0.02084790816069366
18592,18592,-0.06586772014932986
18593,18593,-0.02141004810857648
18594,18594,-0.027388317189661233
18595,18595,-0.026111002612668497
18596,18596,-0.005426031063731834
18597,18597,-0.0013423212832191587
18598,18598,-0.03361528879848617
18599,18599,-0.07545205612471033
18600,18600,-0.31588738682595735
18601,18601,-0.003413243239416367
18602,18602,-0.016010523374793306
18603,18603,-0.037413512342041315
18604,18604,-0.0003480857705109555
18605,18605,-0.2164851245115183
18606,18606,-0.08760797718180424
18607,18607,-0.12247872009253157
18608,18608,-0.022178320057623494
18609,18609,-0.05403939805499818
18610,18610,-0.19486910667559615
18611,18611,-0.0017599898660195
18612,18612,-0.15460530340813192
18613,18613,-0.2935941349986267
18614,18614,-0.07422625914941905
18615,18615,-0.02467823609189826
18616,18616,-0.12800389383306543
18617,18617,-0.01321448170836528
18618,18618,-0.33176469492120253
18619,18619,-0.015960384032716914
18620,18620,-0.03666495626145213
18621,18621,-0.23778358990443987
18622,18622,-0.28932279033081115
18623,18623,-0.1440721127711708
18624,18624,-0.014477818549314993
18625,18625,-0.0038928917980266715
18626,18626,-0.017690532948185053
18627,18627,-0.07514614015452784
18628,18628,-0.04991475686414826
18629,18629,-0.00936351748454522
18630,18630,-0.03460655628827173
18631,18631,-0.0231462988716499
18632,18632,-0.02235999234044783
18633,18633,-0.16854152938153918
18634,18634,-0.015793988131941713
18635,18635,-0.13230940585011636
18636,18636,-0.1616968124299887
18637,18637,-0.0065694769605142735
18638,18638,-0.261400380623877
18639,18639,-0.041727372359432344
18640,18640,-0.007258411671526141
18641,18641,-0.4550681724396119
18642,18642,-0.023800849304223555
18643,18643,-0.12260448247082611
18644,18644,-0.20133756560794086
18645,18645,-0.029168954563055873
18646,18646,-0.02239975912078897
18647,18647,-0.09403069053296476
18648,18648,-0.033470888028849066
18649,18649,-0.0069241392796596975
18650,18650,-0.16876082366905099
18651,18651,-0.01845748835209956
18652,18652,-0.05487285324639174
18653,18653,-0.044178373749376366
18654,18654,-0.1170019590825881
18655,18655,-0.30064207556174494
18656,18656,-0.02242798757287348
18657,18657,-0.2741573198044647
18658,18658,-0.11726606478391638
18659,18659,-0.005195075412758397
18660,18660,-0.11218910932492547
18661,18661,-0.028061901771713853
18662,18662,-0.15147031167357344
18663,18663,-0.10037443209661187
18664,18664,-0.0324049428222448
18665,18665,-0.09462392990516852
18666,18666,-0.0019139420161123533
18667,18667,-0.014249415629814102
18668,18668,-0.09614342442697504
18669,18669,-0.0139830914418475
18670,18670,-0.11918051649673542
18671,18671,-0.1276561628277389
18672,18672,-0.042715393841727886
18673,18673,-0.16780257845630056
18674,18674,-0.017695115639921023
18675,18675,-0.036561459092342326
18676,18676,-0.20515404473297202
18677,18677,-0.05804483488476866
18678,18678,-0.04568863399133155
18679,18679,-0.13518704815669036
18680,18680,-0.08921752073246768
18681,18681,-0.047235861270900195
18682,18682,-0.10944618292539642
18683,18683,-0.014243859463583902
18684,18684,-0.1217721137390482
18685,18685,-0.03843060672800741
18686,18686,-0.10113741137173476
18687,18687,-0.0366548501249223
18688,18688,-0.06808673595987427
18689,18689,-0.150357258006046
18690,18690,-0.09443516078001672
18691,18691,-0.40006742020713126
18692,18692,-0.04550005091555444
18693,18693,-0.05837383174847249
18694,18694,-0.005104851376871099
18695,18695,-0.002612957140412075
18696,18696,-0.034298811567899705
18697,18697,-0.1743248586070899
18698,18698,-0.0010846013803678194
18699,18699,-0.08234426657017377
18700,18700,-0.12438279343014678
18701,18701,-0.3844650584319854
18702,18702,-0.009782787942375613
18703,18703,-0.061668518099415266
18704,18704,-0.014369040764487561
18705,18705,-0.01657611134846892
18706,18706,-0.0018697447234839843
18707,18707,-0.1062493514343158
18708,18708,-0.0020213406427868823
18709,18709,-0.05322069772786321
18710,18710,-0.0413384276549089
18711,18711,-0.26145498144504026
18712,18712,-0.11589489850254005
18713,18713,-0.0600460336826827
18714,18714,-0.11042649102688062
18715,18715,-0.13306541633937188
18716,18716,-0.013643938990840241
18717,18717,-0.458443870522993
18718,18718,-0.035418335200913656
18719,18719,-0.021477582453323586
18720,18720,-0.02125342309785104
18721,18721,-0.2617660047118302
18722,18722,-0.1895776296085896
18723,18723,-0.036828374568106136
18724,18724,-0.011521882042389766
18725,18725,-0.057889416754366464
18726,18726,-0.16238874863493474
18727,18727,-0.06615021787275516
18728,18728,-0.49139018074332785
18729,18729,-0.03744982051342224
18730,18730,-0.0049206091032641015
18731,18731,-0.0883921083901349
18732,18732,-0.17363161173276592
18733,18733,-0.24500940641450672
18734,18734,-0.17028928221749476
18735,18735,-0.02427110923361971
18736,18736,-0.013300061576982774
18737,18737,-0.006925643006479297
18738,18738,-0.05260509044633824
18739,18739,-0.13234383877343936
18740,18740,-0.006456634181263591
18741,18741,-0.04887301034083766
18742,18742,-0.09146333788013476
18743,18743,-0.1999033888680437
18744,18744,-0.06741892070547381
18745,18745,-0.20972445016033747
18746,18746,-0.07631352787333326
18747,18747,-0.19231951096301597
18748,18748,-0.004978766923830643
18749,18749,-0.012188110493951675
18750,18750,-0.0014109944676619231
18751,18751,-0.0885554830924993
18752,18752,-0.08305608040500446
18753,18753,-0.23365054796623588
18754,18754,-0.09763630302850837
18755,18755,-0.14666711400444296
18756,18756,-0.18819263004824652
18757,18757,-0.06258038285664409
18758,18758,-0.18048926515904565
18759,18759,-0.08027160750647068
18760,18760,-0.15168657601721552
18761,18761,-0.05216092410233088
18762,18762,-0.03946835103382353
18763,18763,-0.06923829787565644
18764,18764,-0.19037139899700942
18765,18765,-0.1830684850556857
18766,18766,-0.05284401657135271
18767,18767,-0.1376930080248098
18768,18768,-0.12488780839865092
18769,18769,-0.28928439562445885
18770,18770,-0.009711888373342763
18771,18771,-0.007784125315874035
18772,18772,-0.2695553158153141
18773,18773,-0.13801223168031623
18774,18774,-0.002987433749968566
18775,18775,-0.05767780139846289
18776,18776,-0.014687902786473687
18777,18777,-0.10652857734733709
18778,18778,-0.014781527843185628
18779,18779,-0.016067328656463268
18780,18780,-0.02497787494396574
18781,18781,-0.09389422593520919
18782,18782,-0.05128155300429787
18783,18783,-0.048747107024677785
18784,18784,-0.00518758556655006
18785,18785,-0.03504113069684979
18786,18786,-0.23766007861238614
18787,18787,-0.06919517700530457
18788,18788,-0.0031806345652487145
18789,18789,-0.1133810118810923
18790,18790,-0.04929452603764351
18791,18791,-0.20639190077843383
18792,18792,-0.3119910343003664
18793,18793,-0.04384430078556038
18794,18794,-0.09007935331507522
18795,18795,-0.25858844696950845
18796,18796,-0.2628998771540572
18797,18797,-0.056811703586293255
18798,18798,-0.02000068339241528
18799,18799,-0.0978362664760397
18800,18800,-0.3043949375821049
18801,18801,-0.016458610261672967
18802,18802,-0.0660318399112407
18803,18803,-0.03851965300333694
18804,18804,-0.022487001090559986
18805,18805,-0.03234391323917948
18806,18806,-0.008308074510558507
18807,18807,-0.04004949337974966
18808,18808,-0.1274761579081662
18809,18809,-0.0922765988175402
18810,18810,-0.04063802787542681
18811,18811,-0.06747430848001933
18812,18812,-0.10890782523351919
18813,18813,-0.009905586240052408
18814,18814,-0.12657442802284882
18815,18815,-0.19417508152350682
18816,18816,-0.05948687422423555
18817,18817,-0.006853923314482575
18818,18818,-0.016830723305259827
18819,18819,-0.10175569281870783
18820,18820,-0.12013356286864361
18821,18821,-0.3257757112284501
18822,18822,-0.0331207157400912
18823,18823,-0.09278047951643836
18824,18824,-0.059629068800647805
18825,18825,-0.05912391748111089
18826,18826,-0.28014762965233875
18827,18827,-0.16210124588660607
18828,18828,-0.014846466264334255
18829,18829,-0.03269060315573947
18830,18830,-0.24040145083842065
18831,18831,-0.09733378381177966
18832,18832,-0.01057886695477208
18833,18833,-0.0228544980221995
18834,18834,-0.38711123453971424
18835,18835,-0.07355503223477014
18836,18836,-0.02662041469840478
18837,18837,-0.008199595599894763
18838,18838,-0.14172381700745923
18839,18839,-0.010984247046491265
18840,18840,-0.0020735427521038925
18841,18841,-0.4438299586224744
18842,18842,-0.22962750596304496
18843,18843,-0.2836871456424575
18844,18844,-0.015376160059439108
18845,18845,-0.20245828824123027
18846,18846,-0.09863642714230715
18847,18847,-0.023257108210296244
18848,18848,-0.002239636687562639
18849,18849,-0.02889664767571001
18850,18850,-0.032585075492435646
18851,18851,-0.17396195337519998
18852,18852,-0.051103761932230506
18853,18853,-0.08637082164820674
18854,18854,-0.047033276481713446
18855,18855,-0.06073322356802527
18856,18856,-0.23979265244316417
18857,18857,-0.027116341045783064
18858,18858,-0.11236149066813651
18859,18859,-0.025894469273452406
18860,18860,-0.08467066693244125
18861,18861,-0.0557126180751968
18862,18862,-0.0890344389822811
18863,18863,-0.04320168138863527
18864,18864,-0.11869379186866602
18865,18865,-0.1551351499533951
18866,18866,-0.08621755414638528
18867,18867,-0.10400101551166933
18868,18868,-0.16699394829606068
18869,18869,-0.07407815507788879
18870,18870,-0.036737077686000756
18871,18871,-0.0078304341112161
18872,18872,-0.02844103445563439
18873,18873,-0.12241693037600218
18874,18874,-0.1535586567068163
18875,18875,-0.19515132232541949
18876,18876,-0.00616257635582225
18877,18877,-0.04067886834830512
18878,18878,-0.05676460652691768
18879,18879,-0.19176277278989243
18880,18880,-0.013488588566581963
18881,18881,-0.1926069944644885
18882,18882,-0.16909073136809308
18883,18883,-0.1722046868952475
18884,18884,-0.147730418106526
18885,18885,-0.04201739462569892
18886,18886,-0.00326423335166641
18887,18887,-0.0012368906984176289
18888,18888,-0.005290026737304681
18889,18889,-0.17112085456720427
18890,18890,-0.10666306421278637
18891,18891,-0.11165415070844457
18892,18892,-0.040107357958426064
18893,18893,-0.13303425263903706
18894,18894,-0.10121579371185442
18895,18895,-0.03240849003479222
18896,18896,-0.17676527221100805
18897,18897,-0.02250030186937927
18898,18898,-0.015179556933543843
18899,18899,-0.04119978111521839
18900,18900,-0.03431302068024049
18901,18901,-0.0018431201410795972
18902,18902,-0.01593518124265865
18903,18903,-0.07657860812344292
18904,18904,-0.033612596243401606
18905,18905,-0.02745861524787333
18906,18906,-0.08828679293844635
18907,18907,-0.16320013269341715
18908,18908,-0.019135184898357974
18909,18909,-0.1217385532421536
18910,18910,-0.10937313369566047
18911,18911,-0.00235247384765988
18912,18912,-0.006637899984512578
18913,18913,-0.024544175749312037
18914,18914,-0.0011371067537613926
18915,18915,-0.019033097457879282
18916,18916,-0.1564096415314925
18917,18917,-0.2344699947985303
18918,18918,-0.02788447713730217
18919,18919,-0.07506399074439565
18920,18920,-0.06924206905092489
18921,18921,-0.017885812463503847
18922,18922,-0.07329280526237339
18923,18923,-0.052153982531585506
18924,18924,-0.13991258268370338
18925,18925,-0.029157864027036406
18926,18926,-0.5754729295132734
18927,18927,-0.05394293866195321
18928,18928,-0.24024738659409037
18929,18929,-0.058638684533859606
18930,18930,-0.00036007687629769475
18931,18931,-0.013873679004396726
18932,18932,-0.2422056457698684
18933,18933,-0.008119156822850946
18934,18934,-0.09810923265127902
18935,18935,-0.014305631181282938
18936,18936,-0.09083385564234889
18937,18937,-0.002102223463548804
18938,18938,-0.028950689065933177
18939,18939,-0.1340587405515504
18940,18940,-0.09661611151964677
18941,18941,-0.07273046086017212
18942,18942,-0.029391169173940263
18943,18943,-0.027685938514605164
18944,18944,-0.054800479213528944
18945,18945,-0.0028107951420901847
18946,18946,-0.012987493628939506
18947,18947,-0.06107011711337773
18948,18948,-0.2618734309559811
18949,18949,-0.046962822300047745
18950,18950,-0.12910297013569905
18951,18951,-0.0046930734483320155
18952,18952,-0.05814618601796811
18953,18953,-0.05343611467775674
18954,18954,-0.02792824650065203
18955,18955,-0.17579869990305963
18956,18956,-0.17592799570897955
18957,18957,-0.10510381744764427
18958,18958,-0.030371684773175294
18959,18959,-0.045166576215546775
18960,18960,-0.09982963933602654
18961,18961,-0.016588476191814194
18962,18962,-0.26416847868104504
18963,18963,-0.23569097697280839
18964,18964,-0.0836736304490775
18965,18965,-0.14400638657447876
18966,18966,-0.12523650027910743
18967,18967,-0.017749793742433136
18968,18968,-0.19620198593908386
18969,18969,-0.004711810566990284
18970,18970,-0.26795108588043914
18971,18971,-0.02501655529914012
18972,18972,-0.11881913316254814
18973,18973,-0.04908757040007654
18974,18974,-0.17279501108467601
18975,18975,-0.03994147171272599
18976,18976,-0.05798207392194829
18977,18977,-0.02880659453944707
18978,18978,-0.2504283150179507
18979,18979,-0.1560020151620822
18980,18980,-0.02761728006227421
18981,18981,-0.005252011307116345
18982,18982,-0.08500755823875832
18983,18983,-0.037015610796747665
18984,18984,-0.19419009106864682
18985,18985,-0.06792002131210197
18986,18986,-0.01462986432660548
18987,18987,-0.11483961690440332
18988,18988,-0.02074786337304738
18989,18989,-0.019469624122894068
18990,18990,-0.08244941558460957
18991,18991,-0.05547334316885417
18992,18992,-0.04418189824189373
18993,18993,-0.36109735820953076
18994,18994,-0.48888355892518875
18995,18995,-0.06375121678340027
18996,18996,-0.043192234846609986
18997,18997,-9.170369259189929e-05
18998,18998,-0.009189956888929738
18999,18999,-0.049575343180326685
19000,19000,-0.23221993654519807
19001,19001,-0.028186224059084577
19002,19002,-0.24448766958097662
19003,19003,-0.24962812357025344
19004,19004,-0.05000852273427092
19005,19005,-0.19781801782672284
19006,19006,-0.0035060747461966254
19007,19007,-0.040946308577973975
19008,19008,-0.12744031176252865
19009,19009,-0.01829598183880487
19010,19010,-0.10781396251047477
19011,19011,-0.299338715509394
19012,19012,-0.24347376154693562
19013,19013,-0.045224458201015144
19014,19014,-0.04648952348636211
19015,19015,-0.024137960452315317
19016,19016,-0.06591766954121075
19017,19017,-0.11754394446726737
19018,19018,-0.09376198033892688
19019,19019,-0.02341378464705434
19020,19020,-0.5224816050863442
19021,19021,-0.009752454325053351
19022,19022,-0.3087458139593986
19023,19023,-0.11395033278973035
19024,19024,-0.1441693144129359
19025,19025,-0.02216317347742381
19026,19026,-0.014347678129483916
19027,19027,-0.15168058552947117
19028,19028,-0.05469147194654559
19029,19029,-0.030617539199469527
19030,19030,-0.042687820310892334
19031,19031,-0.03302583690110874
19032,19032,-0.11808978113694794
19033,19033,-0.023777339804453478
19034,19034,-0.161279213979943
19035,19035,-0.2901464851580169
19036,19036,-0.015912575985049165
19037,19037,-0.10396053411113612
19038,19038,-0.17115986515102502
19039,19039,-0.017861320744260105
19040,19040,-0.26678012937752027
19041,19041,-0.043050819495555746
19042,19042,-0.18705074695694004
19043,19043,-0.07179989985446655
19044,19044,-0.08777097166487599
19045,19045,-0.03981029488512972
19046,19046,-0.3828154738985792
19047,19047,-0.2579733839984905
19048,19048,-0.06456566489319372
19049,19049,-0.01675999488741504
19050,19050,-0.26649927372754734
19051,19051,-0.15535836666474168
19052,19052,-0.002887788620030301
19053,19053,-0.09306904871765867
19054,19054,-0.0005061998814540777
19055,19055,-0.006338678154880042
19056,19056,-0.02391397332821381
19057,19057,-0.04822228330076852
19058,19058,-0.055952743539951964
19059,19059,-0.06702416077437658
19060,19060,-0.05913093950337393
19061,19061,-0.1327592131180193
19062,19062,-0.009492415078860976
19063,19063,-0.059696726753411006
19064,19064,-0.10438757611754101
19065,19065,-0.0017090858289882194
19066,19066,-0.020709850118261642
19067,19067,-0.10296980511814698
19068,19068,-0.019629430080764614
19069,19069,-0.058112779073481585
19070,19070,-0.027569554633206435
19071,19071,-0.20386831749778433
19072,19072,-0.0874665556542224
19073,19073,-0.0017061034588896772
19074,19074,-0.050366314595632185
19075,19075,-0.14650344689561542
19076,19076,-0.05236427871455734
19077,19077,-0.20908842199794297
19078,19078,-0.032850970138094675
19079,19079,-0.03836212423402736
19080,19080,-0.02203573065435293
19081,19081,-0.1858833460376968
19082,19082,-0.04237239563376115
19083,19083,-0.0395403770716489
19084,19084,-0.057017882119462494
19085,19085,-0.07135840608486846
19086,19086,-0.00034255629867329784
19087,19087,-0.36407209870874374
19088,19088,-0.024595696765268682
19089,19089,-0.02546275420753375
19090,19090,-0.21225615018000113
19091,19091,-0.17425948185314125
19092,19092,-0.09173643255986758
19093,19093,-0.01659407073209159
19094,19094,-0.030996972941743015
19095,19095,-0.012965812397412853
19096,19096,-0.15759296970311537
19097,19097,-0.01878974173198682
19098,19098,-0.06204453596767047
19099,19099,-0.0035413162749839684
19100,19100,-0.050787976433756384
19101,19101,-0.0556524719910661
19102,19102,-0.06732041104126843
19103,19103,-0.01926316002342101
19104,19104,-0.1987512391634381
19105,19105,-0.035991787512871735
19106,19106,-0.10593690738512279
19107,19107,-0.08033830939291965
19108,19108,-0.0036053211638803605
19109,19109,-0.03314291451449752
19110,19110,-0.0673022944070416
19111,19111,-0.02409502536700513
19112,19112,-0.07487636528332356
19113,19113,-0.0670557676481289
19114,19114,-0.017382057077839946
19115,19115,-0.01605819143080204
19116,19116,-0.055667977822234184
19117,19117,-0.11553794162394335
19118,19118,-0.07049329137302743
19119,19119,-0.0981469622297981
19120,19120,-0.3412271966208601
19121,19121,-0.001050227849797007
19122,19122,-0.054711217336411926
19123,19123,-0.0369122301641376
19124,19124,-0.05035926662100655
19125,19125,-0.029226541618490542
19126,19126,-0.369805401757051
19127,19127,-0.20442435195422975
19128,19128,-0.07719601595943883
19129,19129,-0.10200359857216588
19130,19130,-0.016895745498538246
19131,19131,-0.07149259145477722
19132,19132,-0.14162234760834227
19133,19133,-0.05703551730505059
19134,19134,-0.0485493138233055
19135,19135,-0.016218088706310124
19136,19136,-0.07663834062431543
19137,19137,-0.16684513469010495
19138,19138,-0.09952983352221
19139,19139,-0.46810391919618766
19140,19140,-0.061234380200185304
19141,19141,-0.10239514431446854
19142,19142,-0.21158970165500923
19143,19143,-0.12016461803936297
19144,19144,-0.033719213281747665
19145,19145,-0.07047664081577619
19146,19146,-0.014032087461737648
19147,19147,-0.1861458676710676
19148,19148,-0.04918485024993067
19149,19149,-0.32970154506495486
19150,19150,-0.003881214517431157
19151,19151,-0.23462571733226312
19152,19152,-0.03605640679458644
19153,19153,-0.21205410646334
19154,19154,-0.02194207918247713
19155,19155,-0.11964931923858096
19156,19156,-0.08735900665971798
19157,19157,-0.11332853061562256
19158,19158,-0.055168059390987484
19159,19159,-0.04176150854167677
19160,19160,-0.23848233896089943
19161,19161,-0.13927086347937037
19162,19162,-0.04887272160640246
19163,19163,-0.01754377092416669
19164,19164,-0.09792444815489415
19165,19165,-0.016222665790950715
19166,19166,-0.10380814840560505
19167,19167,-0.05643206510680718
19168,19168,-0.12428432680544685
19169,19169,-0.1885805843577502
19170,19170,-0.09421941626612351
19171,19171,-0.07745429548922274
19172,19172,-0.037678944929993984
19173,19173,-0.041766529718275124
19174,19174,-0.12224857585481742
19175,19175,-0.0011095557460679192
19176,19176,-0.43977295495977464
19177,19177,-0.05232129039749384
19178,19178,-0.0716706727724802
19179,19179,-0.11248516293320435
19180,19180,-0.06922102486650022
19181,19181,-0.22782445030434145
19182,19182,-0.04232043312755391
19183,19183,-0.04034264092329305
19184,19184,-0.2601102600957119
19185,19185,-0.052000102227125145
19186,19186,-0.014243836406678909
19187,19187,-0.07622346435372217
19188,19188,-0.034234523547500284
19189,19189,-0.03571573046162355
19190,19190,-0.3625457037449495
19191,19191,-0.281586761394268
19192,19192,-0.1238100612263475
19193,19193,-0.020421088693213508
19194,19194,-0.012601920926673752
19195,19195,-0.03695585431089873
19196,19196,-0.07044460960043637
19197,19197,-0.019170644923244304
19198,19198,-0.07143696753280182
19199,19199,-0.11311184595182101
19200,19200,-0.1226538942595447
19201,19201,-0.20111577609450787
19202,19202,-0.01327986821235574
19203,19203,-0.30249448454262884
19204,19204,-0.03666858150364213
19205,19205,-0.5208482716388617
19206,19206,-0.0025245017860249467
19207,19207,-0.09224716722284193
19208,19208,-0.052091515646772134
19209,19209,-0.061907444784628896
19210,19210,-0.002714924865278927
19211,19211,-0.12898330604408317
19212,19212,-0.10248333745814604
19213,19213,-0.03664847920319877
19214,19214,-0.1061939815343792
19215,19215,-0.3105407678556719
19216,19216,-0.18767133888077508
19217,19217,-0.007101385852848353
19218,19218,-0.21205051163765232
19219,19219,-0.001302768020018705
19220,19220,-0.14102018500650848
19221,19221,-0.07303647509725322
19222,19222,-0.21804895026564686
19223,19223,-0.11705806978210113
19224,19224,-0.060536647527816186
19225,19225,-0.04003840120644182
19226,19226,-0.13547466394861366
19227,19227,-0.00786655571471874
19228,19228,-0.09793299687085719
19229,19229,-0.02885648397109449
19230,19230,-0.24168723189970448
19231,19231,-0.06206479678981937
19232,19232,-0.06318242526924576
19233,19233,-0.06610395483783238
19234,19234,-0.29295974946814207
19235,19235,-0.01866036633709064
19236,19236,-0.19313145559388684
19237,19237,-0.07130322214665658
19238,19238,-0.054628743454492326
19239,19239,-0.07779404972060569
19240,19240,-0.013503015704612127
19241,19241,-0.008687143800385832
19242,19242,-0.04195547807531621
19243,19243,-0.17142285810365054
19244,19244,-0.33301921651667654
19245,19245,-0.060879156283733325
19246,19246,-0.002231978959660156
19247,19247,-0.188045588262692
19248,19248,-0.03946727741161849
19249,19249,-0.18162733978261952
19250,19250,-0.07853650565997812
19251,19251,-0.0046088780289552074
19252,19252,-0.024647671575872034
19253,19253,-0.13581105148690634
19254,19254,-0.014681530853454961
19255,19255,-0.01475142271355128
19256,19256,-0.045551526818171525
19257,19257,-0.066024813391424
19258,19258,-0.07158884869954729
19259,19259,-0.007903595682556126
19260,19260,-0.054634987851723285
19261,19261,-0.017646964597029666
19262,19262,-0.09222547519794262
19263,19263,-0.00017680131595372662
19264,19264,-0.14217847875155729
19265,19265,-0.043247454770084987
19266,19266,-0.04274387233084823
19267,19267,-0.03402113709571342
19268,19268,-0.12992389563089296
19269,19269,-0.13999894422102133
19270,19270,-0.08380876945039709
19271,19271,-0.016777698279218597
19272,19272,-0.26073217581867
19273,19273,-0.011531544565126547
19274,19274,-0.06467981241518478
19275,19275,-0.07746700670846103
19276,19276,-0.18607278168207053
19277,19277,-0.03273959110163678
19278,19278,-0.231788236076432
19279,19279,-0.11038870836818279
19280,19280,-0.049481792338530284
19281,19281,-0.040198580697560514
19282,19282,-0.009476177902869844
19283,19283,-0.08107149742371264
19284,19284,-0.07679875773996654
19285,19285,-0.09018935173401786
19286,19286,-0.026944632189357148
19287,19287,-0.018117184312655046
19288,19288,-0.020019822741417517
19289,19289,-0.13786229739918468
19290,19290,-0.04320484233220523
19291,19291,-0.25870645609599235
19292,19292,-0.03915082572004222
19293,19293,-0.04469260811653228
19294,19294,-0.06319074264083964
19295,19295,-0.03266466506998755
19296,19296,-0.05131962711719452
19297,19297,-0.005778267839451436
19298,19298,-0.0368944966600538
19299,19299,-0.13112598492289637
19300,19300,-0.10097536179487002
19301,19301,-0.07677782656493813
19302,19302,-0.07121977690661152
19303,19303,-0.09021426329777328
19304,19304,-0.00021421101211150918
19305,19305,-0.11468371685237858
19306,19306,-0.1105956533429548
19307,19307,-0.017933904290943024
19308,19308,-0.022458312227676632
19309,19309,-0.0471022831047055
19310,19310,-0.033661700311904
19311,19311,-0.009726787538164833
19312,19312,-0.013996578540556947
19313,19313,-0.15412650396697544
19314,19314,-0.07198254306474365
19315,19315,-0.21352857636086175
19316,19316,-0.04472126974179551
19317,19317,-0.03853892209808641
19318,19318,-0.4108822555528928
19319,19319,-0.015971863158104036
19320,19320,-0.04842775748286082
19321,19321,-0.08826228409519223
19322,19322,-0.10402847082914013
19323,19323,-0.2278652953505245
19324,19324,-0.1361714942219054
19325,19325,-0.027273202051661026
19326,19326,-0.06624384320617507
19327,19327,-0.022927041855143646
19328,19328,-0.040725823196483525
19329,19329,-0.0718997072561271
19330,19330,-0.22318421817119832
19331,19331,-0.1681108558168801
19332,19332,-0.04202996143505765
19333,19333,-0.18772999434318605
19334,19334,-0.10064178783029498
19335,19335,-0.0158722076805494
19336,19336,-0.1239344812880517
19337,19337,-0.10779941314808279
19338,19338,-0.020087575687943768
19339,19339,-0.1451608653328997
19340,19340,-0.027875608822340178
19341,19341,-0.09862639471408341
19342,19342,-0.13180315254316927
19343,19343,-0.13647018294670626
19344,19344,-0.006759210555905693
19345,19345,-0.024850958789494813
19346,19346,-0.07431656594890157
19347,19347,-0.03209697683716657
19348,19348,-0.106193736205145
19349,19349,-0.44165940942560367
19350,19350,-0.019428883076863603
19351,19351,-0.10391063937836917
19352,19352,-0.08703838900262459
19353,19353,-0.11109478240344348
19354,19354,-0.006603638600174477
19355,19355,-0.08768085687221348
19356,19356,-0.03877173961692297
19357,19357,-0.07307397520458604
19358,19358,-0.07235948390044775
19359,19359,-0.12953289021106026
19360,19360,-0.0991223378368078
19361,19361,-0.04723697289220491
19362,19362,-0.043885823794188705
19363,19363,-0.03194616342421138
19364,19364,-0.1661882133208844
19365,19365,-0.06509994751539837
19366,19366,-0.012439185289645802
19367,19367,-0.036433448277701244
19368,19368,-0.04963685389828039
19369,19369,-0.04884295927376502
19370,19370,-0.04996049283366439
19371,19371,-0.003292832488493866
19372,19372,-0.0425644662640081
19373,19373,-0.00624346045670329
19374,19374,-0.09273290047890624
19375,19375,-0.0038369192548013274
19376,19376,-0.15368729064875464
19377,19377,-0.1387707927596986
19378,19378,-0.02974030664452825
19379,19379,-0.04257770475424731
19380,19380,-0.021280980652019707
19381,19381,-0.011188555140544693
19382,19382,-0.12188256331612908
19383,19383,-0.1489055653772641
19384,19384,-0.17506554299056254
19385,19385,-0.025899131271892195
19386,19386,-0.013682983471727644
19387,19387,-0.07294353239712863
19388,19388,-0.06904582052257885
19389,19389,-0.11799387124886233
19390,19390,-0.0344042025866345
19391,19391,-0.15091490818237446
19392,19392,-0.006681529003595193
19393,19393,-0.07607251730963709
19394,19394,-0.23810241539131258
19395,19395,-0.05543101486998238
19396,19396,-0.0641573914381689
19397,19397,-0.08148806558795374
19398,19398,-0.24405844533273396
19399,19399,-0.08038248706445442
19400,19400,-0.030309119179313625
19401,19401,-0.02061210885086634
19402,19402,-0.13287483152323085
19403,19403,-0.05562509661425857
19404,19404,-0.027630634474380623
19405,19405,-0.06366365383385487
19406,19406,-0.196966740496535
19407,19407,-0.022564174016706136
19408,19408,-0.09050839729747215
19409,19409,-0.009244690054164683
19410,19410,-0.1492370404770416
19411,19411,-0.005500855424367535
19412,19412,-0.10380348519151596
19413,19413,-0.08289551441055687
19414,19414,-0.0009165243997024906
19415,19415,-0.06637031231492632
19416,19416,-0.044041583473531376
19417,19417,-0.009268796123748957
19418,19418,-0.24446987371796888
19419,19419,-0.054067414792856205
19420,19420,-0.1796584209360501
19421,19421,-0.18007051566869492
19422,19422,-0.0256388657473901
19423,19423,-0.06282695758613865
19424,19424,-0.0038620882309622737
19425,19425,-0.06246087731640382
19426,19426,-0.03161743624551543
19427,19427,-0.00766141904625262
19428,19428,-0.00175671328958302
19429,19429,-0.31801536756640775
19430,19430,-0.11837574849939521
19431,19431,-0.05050187932095228
19432,19432,-0.11083250771857722
19433,19433,-0.09993862195722973
19434,19434,-0.1395062339417911
19435,19435,-0.07914595172838444
19436,19436,-0.027240105860794228
19437,19437,-0.1507241979658276
19438,19438,-0.09149692916996224
19439,19439,-0.23520521546307754
19440,19440,-0.053641356212781585
19441,19441,-0.22305842106060586
19442,19442,-0.08988127185297846
19443,19443,-0.05088499803898078
19444,19444,-0.03738054023407487
19445,19445,-0.0184913709229021
19446,19446,-0.04308355659786351
19447,19447,-0.05887230890439751
19448,19448,-0.1898105754631216
19449,19449,-0.05711915061458125
19450,19450,-0.03167951324239056
19451,19451,-0.014602876968145927
19452,19452,-0.1903973517633196
19453,19453,-0.061185620087511966
19454,19454,-0.11597972609668517
19455,19455,-0.015352724790508832
19456,19456,-0.06325843971592719
19457,19457,-0.05870224641893153
19458,19458,-0.0518404247383303
19459,19459,-0.04819445620185876
19460,19460,-0.06377454535549879
19461,19461,-0.110505967088264
19462,19462,-0.025251846422382002
19463,19463,-0.017311334465891247
19464,19464,-0.11749322227929604
19465,19465,-0.057768210939158335
19466,19466,-0.1339947941360074
19467,19467,-0.22043520740314693
19468,19468,-0.015164248042907528
19469,19469,-0.10875706080222769
19470,19470,-0.05673522727295513
19471,19471,-0.023651867432344383
19472,19472,-0.024024631227884508
19473,19473,-0.004719460105354813
19474,19474,-0.2926002405661313
19475,19475,-0.043591145404620266
19476,19476,-0.005749828343786631
19477,19477,-0.07683704358568337
19478,19478,-0.0090401974308755
19479,19479,-0.005302956850840321
19480,19480,-0.07299704164797137
19481,19481,-0.07694648516034687
19482,19482,-0.17877370306500046
19483,19483,-0.20868612101914774
19484,19484,-0.01800820030698018
19485,19485,-0.10016480072548722
19486,19486,-0.002429447684256806
19487,19487,-0.03936451023825367
19488,19488,-0.16937618980183258
19489,19489,-0.022293007876613376
19490,19490,-0.07438072945935577
19491,19491,-0.10426580952441075
19492,19492,-0.0077910995801882856
19493,19493,-0.009743482558376296
19494,19494,-0.053694971461764676
19495,19495,-0.08532326433219299
19496,19496,-0.17616293890533818
19497,19497,-0.12040764712244922
19498,19498,-0.5225855196807769
19499,19499,-0.04729730453448683
19500,19500,-0.2309097137751668
19501,19501,-0.06566123196217469
19502,19502,-0.0007606632357166744
19503,19503,-0.006907151653275925
19504,19504,-0.009260694108719526
19505,19505,-0.2162165729591299
19506,19506,-0.19115818766750137
19507,19507,-0.0014513158304481815
19508,19508,-0.08689365256658539
19509,19509,-0.021348879439121816
19510,19510,-0.08857560362811613
19511,19511,-0.01923312126779431
19512,19512,-0.2169566748279739
19513,19513,-0.018105845811581193
19514,19514,-0.08992467472896618
19515,19515,-0.4194649546253586
19516,19516,-0.0827090657353815
19517,19517,-0.18022498624870043
19518,19518,-0.028260752940899556
19519,19519,-0.005651403117161743
19520,19520,-0.04796148512692494
19521,19521,-0.001114729038552857
19522,19522,-0.06153621696234491
19523,19523,-0.11284393506842287
19524,19524,-0.041993909569043676
19525,19525,-0.03393122814280573
19526,19526,-0.009346384735972407
19527,19527,-0.09399198472677164
19528,19528,-0.21272995198288744
19529,19529,-0.12896979911942286
19530,19530,-0.11032597562764063
19531,19531,-0.030233735641049305
19532,19532,-0.008699729306663778
19533,19533,-0.07595770947957182
19534,19534,-0.10118679660809649
19535,19535,-0.05137392147134301
19536,19536,-0.04017134242157378
19537,19537,-0.17908070296292958
19538,19538,-0.04089733225823609
19539,19539,-0.011038538682287378
19540,19540,-0.16731150004604495
19541,19541,-0.008971400029133627
19542,19542,-0.01562093614892265
19543,19543,-0.0491002889071557
19544,19544,-0.14122993196748784
19545,19545,-0.04353505366074657
19546,19546,-0.006554335752907644
19547,19547,-0.03230323445030922
19548,19548,-0.008099242520600547
19549,19549,-0.029848365981986417
19550,19550,-0.15476188963912707
19551,19551,-0.009655098822204472
19552,19552,-0.10650641284519662
19553,19553,-0.041941262605240906
19554,19554,-0.003996485914255808
19555,19555,-0.05963431426710272
19556,19556,-0.13175489842784563
19557,19557,-0.04010897419772942
19558,19558,-0.05845638545738448
19559,19559,-0.11968904820292571
19560,19560,-0.07247443730243693
19561,19561,-0.09713503531020454
19562,19562,-0.07115684446134661
19563,19563,-0.009744414397406132
19564,19564,-0.09575670184923984
19565,19565,-0.1731215745758078
19566,19566,-0.027071828536786063
19567,19567,-0.31455596904796657
19568,19568,-0.062375924415929596
19569,19569,-0.047997703951473375
19570,19570,-0.04873978386928497
19571,19571,-0.044467139746440135
19572,19572,-0.06255369304510046
19573,19573,-0.010868071158168928
19574,19574,-0.20143252750545884
19575,19575,-0.036906306634413376
19576,19576,-0.0028448596243314654
19577,19577,-0.2526840855258768
19578,19578,-0.0344910105795585
19579,19579,-0.02058933960665452
19580,19580,-0.14873648058420702
19581,19581,-0.19371646173092608
19582,19582,-0.053956718174427695
19583,19583,-0.17083790218532735
19584,19584,-0.024138514930383242
19585,19585,-0.10520269144038555
19586,19586,-0.0008862745961752945
19587,19587,-0.10600066565676518
19588,19588,-0.03182919863150252
19589,19589,-0.14988758191273516
19590,19590,-0.04789984942510557
19591,19591,-0.06259419639717301
19592,19592,-0.0710178062262645
19593,19593,-0.15049876358169462
19594,19594,-0.15957301603366408
19595,19595,-0.12672056521343833
19596,19596,-0.14525860680340882
19597,19597,-0.07073747238068849
19598,19598,-0.001643622674656062
19599,19599,-0.12838717589529425
19600,19600,-0.08065937396394221
19601,19601,-0.07772428922218091
19602,19602,-0.0017604270761347766
19603,19603,-0.00011840912520338161
19604,19604,-0.06968355683740446
19605,19605,-0.009643059830523179
19606,19606,-0.34462701688786734
19607,19607,-0.02173801552837288
19608,19608,-0.3711486775105959
19609,19609,-0.19633882091774071
19610,19610,-0.2521171025993998
19611,19611,-0.02749810944710603
19612,19612,-0.09719498828473949
19613,19613,-0.08392449564605206
19614,19614,-0.06268720854872255
19615,19615,-0.09827947720371569
19616,19616,-0.013986420137006936
19617,19617,-0.02386314104207468
19618,19618,-0.010310126492248044
19619,19619,-0.03735066107428467
19620,19620,-0.0639879406601956
19621,19621,-0.006775385485133778
19622,19622,-0.06285519759824598
19623,19623,-0.04391248281067108
19624,19624,-0.06844425347210426
19625,19625,-0.021623388975812254
19626,19626,-0.566263530493077
19627,19627,-0.19467408829420518
19628,19628,-0.03352558433566298
19629,19629,-0.030362532835830368
19630,19630,-0.025650041341844114
19631,19631,-0.07934051377721654
19632,19632,-0.017524140427402374
19633,19633,-0.3889010094892037
19634,19634,-0.025089405865351404
19635,19635,-0.06540760536910285
19636,19636,-0.05001592554173999
19637,19637,-0.13505766804284514
19638,19638,-0.03419954919007675
19639,19639,-0.016285887415551877
19640,19640,-0.0019630358440970923
19641,19641,-0.12779110351813744
19642,19642,-0.07988965980850832
19643,19643,-0.2028334070752049
19644,19644,-0.19392228268501363
19645,19645,-0.0812627980308356
19646,19646,-0.02989819178440208
19647,19647,-0.08525641230877962
19648,19648,-0.03155531793907135
19649,19649,-0.054237716952735826
19650,19650,-0.0006447927465582325
19651,19651,-0.09789682141975041
19652,19652,-0.03841758993718057
19653,19653,-0.1111580441528562
19654,19654,-0.17318300204276746
19655,19655,-0.1437717779071436
19656,19656,-0.029011562186391563
19657,19657,-0.006219170089548793
19658,19658,-0.09606907716123755
19659,19659,-0.03187745178378501
19660,19660,-0.16965834282143893
19661,19661,-0.11926415349141939
19662,19662,-0.1470673337924423
19663,19663,-0.24691695582469936
19664,19664,-0.09248707320493493
19665,19665,-0.003327963347877635
19666,19666,-0.1964572519044132
19667,19667,-0.12984759878676777
19668,19668,-0.10739359763481128
19669,19669,-0.03562338869852283
19670,19670,-0.025128033152967008
19671,19671,-0.05406288021600178
19672,19672,-0.20856637984994245
19673,19673,-0.017170288661616153
19674,19674,-0.033301316872649124
19675,19675,-0.3474474685019913
19676,19676,-0.05993267486410065
19677,19677,-0.10050757771058054
19678,19678,-0.024432241766739034
19679,19679,-0.2294418706164468
19680,19680,-0.024865511346731265
19681,19681,-0.09772889302364748
19682,19682,-0.02205787339554789
19683,19683,-0.06047523775772668
19684,19684,-0.14014051733419475
19685,19685,-0.037970701374893015
19686,19686,-0.09742666866397975
19687,19687,-0.1252935424557251
19688,19688,-0.03109474078922473
19689,19689,-0.03820260947149394
19690,19690,-0.0490400112834124
19691,19691,-0.19844818114238755
19692,19692,-0.04974687844940006
19693,19693,-0.09702267983908669
19694,19694,-0.049152890413230066
19695,19695,-0.22818578983102117
19696,19696,-0.004198269741207873
19697,19697,-0.003401680244081452
19698,19698,-0.02296198749069543
19699,19699,-0.10347877277034692
19700,19700,-0.13073222857004005
19701,19701,-0.0699580321822467
19702,19702,-0.09136778776025754
19703,19703,-0.008199347217713164
19704,19704,-0.13038439749781922
19705,19705,-0.07367416773111227
19706,19706,-0.34702217251877615
19707,19707,-0.11078456462404576
19708,19708,-0.10920486361821904
19709,19709,-0.02617017795285062
19710,19710,-0.1482716469087578
19711,19711,-0.1778580870210415
19712,19712,-0.02681022138956307
19713,19713,-0.27464480417974485
19714,19714,-0.006193502215348534
19715,19715,-0.13862682639822393
19716,19716,-0.04970066813934842
19717,19717,-0.13785183827535813
19718,19718,-0.1252410378505947
19719,19719,-0.1021530389972347
19720,19720,-0.0463118303188982
19721,19721,-0.0015124235480772099
19722,19722,-0.19237600946317068
19723,19723,-0.05321060053682194
19724,19724,-0.011882833508479414
19725,19725,-0.15257097795269486
19726,19726,-0.017751425890801687
19727,19727,-0.05458882639297292
19728,19728,-0.04010436366544215
19729,19729,-0.1249470963447695
19730,19730,-0.07527534605666698
19731,19731,-0.11147664263716203
19732,19732,-0.06391274638584395
19733,19733,-0.09646517468110288
19734,19734,-0.05143997783511437
19735,19735,-0.24818554615467506
19736,19736,-0.2292606145426401
19737,19737,-0.17318715743518906
19738,19738,-0.05972865196556415
19739,19739,-0.07266601916596287
19740,19740,-0.05477679838025756
19741,19741,-0.12874982616536945
19742,19742,-0.10202190984979737
19743,19743,-0.03108532433033273
19744,19744,-0.05236609136581653
19745,19745,-0.08962592106064707
19746,19746,-0.016480477977207277
19747,19747,-0.11129561264598829
19748,19748,-0.05401416107470749
19749,19749,-0.01667796901325416
19750,19750,-0.05620126960322049
19751,19751,-0.03737939438374387
19752,19752,-0.07440037008186813
19753,19753,-0.00816929200511244
19754,19754,-0.02619045074700788
19755,19755,-0.12827781707426145
19756,19756,-0.10944580073630485
19757,19757,-0.021696283074326878
19758,19758,-0.2157292592469889
19759,19759,-0.039067224510124336
19760,19760,-0.03611886193066928
19761,19761,-0.0006233757322953424
19762,19762,-0.08786992432182558
19763,19763,-0.03616548306084084
19764,19764,-0.17935021810582022
19765,19765,-0.025597403498631516
19766,19766,-0.019581013154709438
19767,19767,-0.04015591299334355
19768,19768,-0.0826041158376883
19769,19769,-0.05418985522628176
19770,19770,-0.10523297215583789
19771,19771,-0.10377507538309078
19772,19772,-0.09600802670316597
19773,19773,-0.014824472684758363
19774,19774,-0.05795012270801676
19775,19775,-0.024487311499993718
19776,19776,-0.042119361249539355
19777,19777,-0.027623475932664024
19778,19778,-0.048610611770292335
19779,19779,-0.09145375512882986
19780,19780,-0.07486964721258643
19781,19781,-0.08685969073151405
19782,19782,-0.08402708303989015
19783,19783,-0.03832845028081996
19784,19784,-0.024761095238257938
19785,19785,-0.13114810683562744
19786,19786,-0.048754709379738255
19787,19787,-0.3075181777809675
19788,19788,-0.3040723100183585
19789,19789,-0.06519058250435109
19790,19790,-0.11261979017888389
19791,19791,-0.3497266473832926
19792,19792,-0.23365531978340986
19793,19793,-0.24829937941666694
19794,19794,-0.12807916598247743
19795,19795,-0.13061900833934587
19796,19796,-5.851346806140981e-05
19797,19797,-0.046500802563606086
19798,19798,-0.010968692081922457
19799,19799,-0.05312318535977916
19800,19800,-0.14725018043271532
19801,19801,-0.029063181156761514
19802,19802,-0.2282426794902303
19803,19803,-0.03893906144311317
19804,19804,-0.02619764746727743
19805,19805,-0.03925076778860413
19806,19806,-0.029088115327045146
19807,19807,-0.10145881988459193
19808,19808,-0.47382637275682415
19809,19809,-0.09381610176391544
19810,19810,-0.10701462127008061
19811,19811,-0.14840529109223924
19812,19812,-0.02792462176795045
19813,19813,-0.05269483858231691
19814,19814,-0.16864766240246323
19815,19815,-0.08144408864836862
19816,19816,-0.30425974927854155
19817,19817,-0.22764188869164798
19818,19818,-0.07999431433459658
19819,19819,-0.047500193144743345
19820,19820,-0.18667072377375762
19821,19821,-0.09155916357127752
19822,19822,-0.34582212740093227
19823,19823,-0.009337032584048353
19824,19824,-0.02764894728810534
19825,19825,-0.051106968496252604
19826,19826,-0.049833491600005705
19827,19827,-0.42422799134491507
19828,19828,-0.17957880576802235
19829,19829,-0.05160190699711009
19830,19830,-0.011763079526129417
19831,19831,-0.0294967356494473
19832,19832,-0.06775020557675894
19833,19833,-0.09666242324284459
19834,19834,-0.05294934467579739
19835,19835,-0.011087907817287858
19836,19836,-0.1316794072257259
19837,19837,-0.024280890697428458
19838,19838,-0.1992804576973178
19839,19839,-0.07918231004121602
19840,19840,-0.019619353471021297
19841,19841,-0.007820402849577298
19842,19842,-0.035252770722401044
19843,19843,-0.04400771425790343
19844,19844,-0.032419045237954885
19845,19845,-0.18753656537247818
19846,19846,-0.007659110222949581
19847,19847,-0.016721655785535163
19848,19848,-0.08543075748664816
19849,19849,-0.07767352180856127
19850,19850,-0.2758077006498128
19851,19851,-0.12474026789087247
19852,19852,-0.2550493166052177
19853,19853,-0.35997718504661774
19854,19854,-0.0358304269566069
19855,19855,-0.10473049137409846
19856,19856,-0.2744940848114927
19857,19857,-0.06208695778823888
19858,19858,-0.04819607878176622
19859,19859,-0.09789263773079122
19860,19860,-0.11655394363136123
19861,19861,-0.06559288515588152
19862,19862,-0.3042336381679389
19863,19863,-0.15463547777097728
19864,19864,-0.24603370678748787
19865,19865,-0.13660838074159998
19866,19866,-0.4315513846675626
19867,19867,-0.10714786732659991
19868,19868,-0.016327791425655807
19869,19869,-0.1402354283686011
19870,19870,-0.03184400646369536
19871,19871,-0.27388149973433934
19872,19872,-0.22213536155345934
19873,19873,-0.04499694598948155
19874,19874,-0.15874570613091302
19875,19875,-0.1660890472882386
19876,19876,-0.04566870957310948
19877,19877,-0.25727305131461464
19878,19878,-0.060744866038495195
19879,19879,-0.10619789415001697
19880,19880,-0.20840625949505773
19881,19881,-0.2996514551466811
19882,19882,-0.18203829226315074
19883,19883,-0.022810717551582597
19884,19884,-0.0963003455171279
19885,19885,-0.17620445904446289
19886,19886,-0.15342924143514752
19887,19887,-0.020757878214451356
19888,19888,-0.009710833409660414
19889,19889,-0.2040870371428447
19890,19890,-0.013359861640453913
19891,19891,-0.03271862735460232
19892,19892,-0.24077324372864764
19893,19893,-0.03783449506896283
19894,19894,-0.12293248233440836
19895,19895,-0.14296043041784356
19896,19896,-0.0036381866611893098
19897,19897,-0.014911464020518078
19898,19898,-0.26655309160231155
19899,19899,-0.05179774279010753
19900,19900,-0.09470463047796515
19901,19901,-0.08964628043803799
19902,19902,-0.03841560343358664
19903,19903,-0.09269228231420483
19904,19904,-0.08800076890282196
19905,19905,-0.1419098636661458
19906,19906,-0.03909728139321584
19907,19907,-0.09990852674663973
19908,19908,-0.3748109148273304
19909,19909,-0.043026169575623
19910,19910,-0.04642734846171948
19911,19911,-0.0003792169207315939
19912,19912,-0.2671153097293994
19913,19913,-0.002423597164313124
19914,19914,-0.29141757669066093
19915,19915,-0.03988018251705403
19916,19916,-0.024947548725345124
19917,19917,-0.18939549232535188
19918,19918,-0.05552984586410088
19919,19919,-0.04717708334453541
19920,19920,-0.011410597680226122
19921,19921,-0.23014547957591075
19922,19922,-0.12534684889041528
19923,19923,-0.09773144318536228
19924,19924,-0.07941140089394207
19925,19925,-0.17837853910550253
19926,19926,-0.0193853192798455
19927,19927,-0.2144887970908758
19928,19928,-0.055805653028217446
19929,19929,-0.043039131371084755
19930,19930,-0.046208781331469176
19931,19931,-0.08625332520482548
19932,19932,-0.26534358686282467
19933,19933,-0.1511333250210952
19934,19934,-0.1676522070573772
19935,19935,-0.01077201664899686
19936,19936,-0.041060507298459864
19937,19937,-0.045581447273267156
19938,19938,-0.19465538336210775
19939,19939,-0.02059235998532478
19940,19940,-0.07785522647786347
19941,19941,-0.08014855662102435
19942,19942,-0.2824830754803796
19943,19943,-0.12916390055152482
19944,19944,-0.03785673183642162
19945,19945,-0.024258213995619657
19946,19946,-0.04189124616763377
19947,19947,-0.13528968562585839
19948,19948,-0.36032250054406156
19949,19949,-0.2889939832055864
19950,19950,-0.0012646163759207222
19951,19951,-0.02167880388172582
19952,19952,-0.075523491714962
19953,19953,-0.13170799154504528
19954,19954,-0.11699224498304624
19955,19955,-0.041340952876993436
19956,19956,-0.2703087321331734
19957,19957,-0.13624556787954495
19958,19958,-0.19013430564175482
19959,19959,-0.022811278458082875
19960,19960,-0.20968384403034435
19961,19961,-0.12337335232147315
19962,19962,-0.06450529059563023
19963,19963,-0.014734369378713393
19964,19964,-0.04528579369346614
19965,19965,-0.005488929204068188
19966,19966,-0.038896418442687763
19967,19967,-0.12940403967666084
19968,19968,-0.11848760611754544
19969,19969,-0.12001785989872563
19970,19970,-0.05767497044212913
19971,19971,-0.022779677684317143
19972,19972,-0.06903199897747023
19973,19973,-0.07966768067991241
19974,19974,-0.23678758354958152
19975,19975,-0.12601437126774506
19976,19976,-0.03573433299177666
19977,19977,-0.19251615313172926
19978,19978,-0.3495442336712441
19979,19979,-0.02472375273837756
19980,19980,-0.16943175450928039
19981,19981,-0.05314475201764246
19982,19982,-0.20025565557853786
19983,19983,-0.023426007874431845
19984,19984,-0.116482869739925
19985,19985,-0.07766131151079685
19986,19986,-0.023096373956024253
19987,19987,-0.2360743813529164
19988,19988,-0.11280568306253619
19989,19989,-0.2915761208521553
19990,19990,-0.007105215323961248
19991,19991,-0.04686669666825229
19992,19992,-0.0266525142384217
19993,19993,-0.01997965725664634
19994,19994,-0.013672132599802501
19995,19995,-0.0234045729273913
19996,19996,-0.09425368377091503
19997,19997,-0.024680368892027058
19998,19998,-0.040981553819952304
19999,19999,-0.011054081583468172
